"fid4","adm1_id","adm1_name","CNTR_CODE","NAME_LATN","CNTR_NAME","CNTR_CODE_Eurostat","CNTR_CODE_iso2","CNTR_CODE_iso3","agr","coa.oil.gas","pro","ely.elc","ser","air.wtp.tran"
"AL011","0","0","AL","Dib├â┬½r","Albania","AL","AL","ALB",762.04691334,7.06714733905875,93.8940966226955,59.8379442978723,1705.19864865883,265.243315852122
"AL012","0","0","AL","Durr├â┬½s","Albania","AL","AL","ALB",360.7970922,268.459013817211,941.995627648868,111.988254262351,4203.15521639641,593.203873866801
"AL013","0","0","AL","Kuk├â┬½s","Albania","AL","AL","ALB",824.39299602,3.64336069060239,54.531403455915,35.8675365947009,1020.33257561019,195.338655849298
"AL014","0","0","AL","Lezh├â┬½","Albania","AL","AL","ALB",2085.87770712,27.8802095918754,162.471691574576,60.8237831267805,1908.33378787165,427.017739011828
"AL015","0","0","AL","Shkod├â┬½r","Albania","AL","AL","ALB",367.38053508,65.0477032960717,311.417201184867,96.9077441270523,2944.20349304734,382.445378271592
"AL021","0","0","AL","Elbasan","Albania","AL","AL","ALB",524.6357373,200.724439133009,739.941357054865,133.193697405735,4064.36861927687,571.715017815976
"AL022","0","0","AL","Tiran├â┬½","Albania","AL","AL","ALB",964.9294314,471.370650076065,1813.68367215406,338.434029894651,11116.4106670508,1484.2765463418
"AL031","0","0","AL","Berat","Albania","AL","AL","ALB",641.6439882,35.1263306145658,191.924869300418,64.4297627622764,2101.18979508357,306.057466142012
"AL032","0","0","AL","Fier","Albania","AL","AL","ALB",859.74854226,57.1248200464504,362.443006877994,140.898157458362,4552.07100207526,602.971199662044
"AL033","0","0","AL","Gjirokast├â┬½r","Albania","AL","AL","ALB",1348.1827002,24.9493047835432,138.084737474952,31.8894612595479,1457.2637128869,301.336724145631
"AL034","0","0","AL","Korc├â┬½","Albania","AL","AL","ALB",844.15598994,49.8808075659543,285.878114493313,99.6182303035409,3277.41583984694,459.755081263648
"AL035","0","0","AL","Vlor├â┬½","Albania","AL","AL","ALB",604.57475658,43.6628039408055,293.885166257691,79.5699491284144,3660.3098060254,471.443314825218
"68","AND-20200925-1","Andorra la Vella","AND","Andorra la Vella","Andorra","AD","AD","AND",6.37752842310789,22.5514469834259,758.570598495781,179.947547795067,2246.82149176942,332.298598751365
"69","AND-20200925-2","Canillo","AND","Canillo","Andorra","AD","AD","AND",10.2920625300982,2.56119772528699,143.566179263251,41.9190949573985,812.280740721874,103.594517700669
"70","AND-20200925-3","Encamp","AND","Encamp","Andorra","AD","AD","AND",16.1841489,5.09109653611982,280.746376702237,91.9291034751267,1312.87364084912,176.236438826761
"71","AND-20200925-4","Escaldes-Engordany","AND","Escaldes-Engordany","Andorra","AD","AD","AND",9.99536927362068,1.54268807559202,138.686143331401,35.7559598750034,1220.22520849723,142.780774214304
"72","AND-20200925-5","La Massana","AND","La Massana","Andorra","AD","AD","AND",38.4711825,5.45587555967672,217.436189800617,51.9258625418142,979.467224669263,132.412794024097
"73","AND-20200925-6","Ordino","AND","Ordino","Andorra","AD","AD","AND",12.8054857953555,1.58318321020843,72.4380197033647,20.883587948719,317.225141069104,43.7552476810251
"74","AND-20200925-7","Sant Juli├â┬á de L├â┬▓ria","AND","Sant Juli├â┬á de L├â┬▓ria","Andorra","AD","AD","AND",22.4921535,5.16531069204557,174.934670145124,28.9919112268726,840.920180800416,109.002002191603
"AT111","0","0","AT","Mittelburgenland","Austria","AT","AT","AUT",984.341517211603,16.7308408547359,1106.19457847084,146.029702199736,4504.61881408276,358.504645323507
"AT112","0","0","AT","Nordburgenland","Austria","AT","AT","AUT",3459.84485336318,78.2603697356207,5482.30945322184,826.378187102637,24776.9495712559,1921.34323696219
"AT113","0","0","AT","S├╝dburgenland","Austria","AT","AT","AUT",1755.81439413943,41.5636179108429,2858.63451804629,414.974511088731,12510.0364757969,975.050111932449
"AT121","0","0","AT","Mostviertel-Eisenwurzen","Austria","AT","AT","AUT",7286.5363085725,220.334403978043,12644.4350783551,1062.46076819552,35660.7739835509,3042.33509389546
"AT122","0","0","AT","Nieder├Âsterreich-S├╝d","Austria","AT","AT","AUT",3555.77672337351,188.596861815773,11305.8356973447,1136.44026169591,36297.8892437318,2976.66105335809
"AT123","0","0","AT","Sankt P├Âlten","Austria","AT","AT","AUT",2387.41335192528,89.2734388661199,6565.88112740917,1088.96624955601,32003.2931602553,2434.63933362473
"AT124","0","0","AT","Waldviertel","Austria","AT","AT","AUT",6680.98447613603,114.319407864903,7508.49826868934,975.16563131993,30168.8091015836,2407.21312140381
"AT125","0","0","AT","Weinviertel","Austria","AT","AT","AUT",3584.60934110605,46.8371424286023,3170.35648301966,440.103985893806,13540.7001008157,1075.15215781641
"AT126","0","0","AT","Wiener Umland/Nordteil","Austria","AT","AT","AUT",5087.46778539192,171.154644233891,11080.2564030185,1399.76813998041,43006.4855309314,3410.5067286654
"AT127","0","0","AT","Wiener Umland/S├╝dteil","Austria","AT","AT","AUT",1362.81188281088,335.807501193446,21477.9714726561,2650.34426029763,80845.6263564855,6369.77909010037
"AT130","0","0","AT","Wien","Austria","AT","AT","AUT",837.745605174389,710.470286927431,71447.9316433687,17455.6980350274,487818.331826462,35240.5864328923
"AT211","0","0","AT","Klagenfurt-Villach","Austria","AT","AT","AUT",1696.08585803555,255.040198952777,15850.9699233128,1801.10405367251,55808.5157719473,4459.21917618312
"AT212","0","0","AT","Oberk├ñrnten","Austria","AT","AT","AUT",2317.40126365781,58.3902983140373,3939.67350663498,548.649130338659,16639.5710726686,1304.13037718589
"AT213","0","0","AT","Unterk├ñrnten","Austria","AT","AT","AUT",3038.44083163181,145.586434190334,8114.34027187777,597.271300509743,20561.5058570269,1787.62208083828
"AT221","0","0","AT","Graz","Austria","AT","AT","AUT",1882.64478990716,450.839321834756,28322.295260023,3324.47016096039,102291.304625689,8122.59388204341
"AT222","0","0","AT","Liezen","Austria","AT","AT","AUT",2059.24465804764,52.7160525326145,3464.89604475341,453.559132480101,13901.238890114,1099.98903042631
"AT223","0","0","AT","├ûstliche Obersteiermark","Austria","AT","AT","AUT",2549.7754401995,216.774026876634,11586.3596901126,668.904918554473,24497.3246064426,2222.98014929587
"AT224","0","0","AT","Oststeiermark","Austria","AT","AT","AUT",7654.93867675677,169.939858044718,10583.2822899613,1192.35158657107,37709.0453259108,3066.78538904229
"AT225","0","0","AT","West- und S├╝dsteiermark","Austria","AT","AT","AUT",3621.14582005324,144.775616360197,8404.14226545519,744.883935773466,24552.4684306541,2065.45129188353
"AT226","0","0","AT","Westliche Obersteiermark","Austria","AT","AT","AUT",2687.5464819206,82.8887989327644,4764.90080034127,403.535248412816,13512.2215183937,1150.67954731307
"AT311","0","0","AT","Innviertel","Austria","AT","AT","AUT",7350.54452530591,363.075572908864,19711.3429486872,1251.11912006286,44874.0623497083,4015.68608846906
"AT312","0","0","AT","Linz-Wels","Austria","AT","AT","AUT",3120.10192739728,697.629465896257,42746.1061442727,4651.99537186827,145137.566238918,11666.6784414147
"AT313","0","0","AT","M├╝hlviertel","Austria","AT","AT","AUT",4638.97747035384,139.456788191471,8292.33577616659,804.116210234474,26096.1875816697,2168.25682713885
"AT314","0","0","AT","Steyr-Kirchdorf","Austria","AT","AT","AUT",3184.24060012816,247.499222045762,13102.2030017774,705.42784474312,26440.6454797348,2435.42160594384
"AT315","0","0","AT","Traunviertel","Austria","AT","AT","AUT",3844.63172973576,306.964289976619,16842.826987247,1145.07098675628,40009.6196624319,3515.83012317066
"AT321","0","0","AT","Lungau","Austria","AT","AT","AUT",320.205687101642,9.64422639227558,706.67972690055,116.274829730201,3427.73605038163,261.548829414805
"AT322","0","0","AT","Pinzgau-Pongau","Austria","AT","AT","AUT",2061.99670523231,89.2885381152327,6875.46035314154,1230.49333936986,35753.8574457508,2689.60941694891
"AT323","0","0","AT","Salzburg und Umgebung","Austria","AT","AT","AUT",2367.90664743704,330.634167023192,22293.4242485757,3128.77354826005,93607.7438231991,7244.24028736284
"AT331","0","0","AT","Au├ƒerfern","Austria","AT","AT","AUT",245.725163396425,39.6615626805086,2295.56203083585,202.981867937119,6613.75741375331,551.289002670812
"AT332","0","0","AT","Innsbruck","Austria","AT","AT","AUT",1211.81721301338,178.727358854031,13313.9562385045,2266.62675387971,65986.0608114168,4973.29499229474
"AT333","0","0","AT","Osttirol","Austria","AT","AT","AUT",382.858875877331,37.5069672766814,2245.47970280304,225.532727762219,7169.68134918947,585.648445222071
"AT334","0","0","AT","Tiroler Oberland","Austria","AT","AT","AUT",609.648402175646,44.9044398078125,3960.38520634893,848.859538755181,24087.6436870315,1768.65206827384
"AT335","0","0","AT","Tiroler Unterland","Austria","AT","AT","AUT",2571.4680379853,267.721636330643,16205.2536113471,1690.96144045564,53329.0936215483,4326.8524999628
"AT341","0","0","AT","Bludenz-Bregenzer Wald","Austria","AT","AT","AUT",858.406263292447,111.243643490001,6595.29522083325,640.209255954226,20465.772194841,1679.52079903482
"AT342","0","0","AT","Rheintal-Bodenseegebiet","Austria","AT","AT","AUT",1150.2826838741,356.250564894004,20647.5010439376,1838.89508645945,59707.1591135647,4962.8475540078
"BE100","0","0","BE","Arr. de Bruxelles-Capitale / Arr. van Brussel-Hoofdstad","Belgium","BE","BE","BEL",46.9551952291509,79.8051214048769,32835.0795358112,7662.81201540091,268539.782552217,31953.9135924055
"BE211","0","0","BE","Arr. Antwerpen","Belgium","BE","BE","BEL",851.629508322438,167.826291400585,39429.0746854927,4001.43227098454,153584.644214882,19318.3420839616
"BE212","0","0","BE","Arr. Mechelen","Belgium","BE","BE","BEL",652.453306088575,53.2711971156111,12424.8321983178,1230.22136961486,47527.1686206118,6000.09493929469
"BE213","0","0","BE","Arr. Turnhout","Belgium","BE","BE","BEL",2424.31756454403,162.517060182107,31702.8388166292,1214.78303162397,58933.5583922247,8290.42581558259
"BE221","0","0","BE","Arr. Hasselt","Belgium","BE","BE","BEL",618.935375354856,58.0393567270157,13503.783919654,1327.46360431848,51312.2977761147,6479.96044440447
"BE222","0","0","BE","Arr. Maaseik","Belgium","BE","BE","BEL",567.380607005438,25.8133566375137,5727.94196439728,474.619247900969,18990.0949853986,2443.75580574234
"BE223","0","0","BE","Arr. Tongeren","Belgium","BE","BE","BEL",623.380813260604,11.7953902437148,3015.70973493267,376.986369835459,14241.091409719,1774.9901041608
"BE231","0","0","BE","Arr. Aalst","Belgium","BE","BE","BEL",154.243587045399,17.0739580975207,4548.6076346264,626.184991764126,23089.6434417968,2836.9115687311
"BE232","0","0","BE","Arr. Dendermonde","Belgium","BE","BE","BEL",293.919864047144,21.6220128669082,4852.23923385691,421.11662090148,16644.2793617461,2127.85235512635
"BE233","0","0","BE","Arr. Eeklo","Belgium","BE","BE","BEL",304.710569660436,9.63354493496782,2133.88164622003,174.889739359518,7043.18695311618,909.479842648094
"BE234","0","0","BE","Arr. Gent","Belgium","BE","BE","BEL",1077.42470960438,96.1585196846491,21943.7571313965,2023.55696945013,79061.8043736895,10043.9484990434
"BE235","0","0","BE","Arr. Oudenaarde","Belgium","BE","BE","BEL",226.026302213534,17.0474842811007,3685.70346062874,274.858281159212,11179.4438891335,1451.08723151678
"BE236","0","0","BE","Arr. Sint-Niklaas","Belgium","BE","BE","BEL",411.335193398985,35.3665348711173,7949.80314518973,694.690613749911,27400.3838685825,3499.01889536459
"BE241","0","0","BE","Arr. Halle-Vilvoorde","Belgium","BE","BE","BEL",344.347268463602,41.4841198075447,14035.0005900914,2741.07541669268,97513.2368623455,11716.7470059157
"BE242","0","0","BE","Arr. Leuven","Belgium","BE","BE","BEL",807.208186471243,45.2355375134046,11863.3215146919,1579.32413040131,58604.7401217303,7227.90392766057
"BE251","0","0","BE","Arr. Brugge","Belgium","BE","BE","BEL",642.803710625607,23.8699700281585,6472.55546387425,918.625688694002,33894.7425843161,4166.09800165547
"BE252","0","0","BE","Arr. Diksmuide","Belgium","BE","BE","BEL",532.316310793609,3.58771873445042,910.061693478723,109.174638410195,4263.46268393995,541.482046684218
"BE253","0","0","BE","Arr. Ieper","Belgium","BE","BE","BEL",734.898040128349,16.088080035498,3490.13688713073,260.362470557402,10763.4192266163,1408.76690970222
"BE254","0","0","BE","Arr. Kortrijk","Belgium","BE","BE","BEL",414.555807731951,54.8006420034701,11878.5019434101,898.333557610492,36331.4601628633,4701.88669391824
"BE255","0","0","BE","Arr. Oostende","Belgium","BE","BE","BEL",250.922502294251,19.2328826512962,4319.16795208042,375.921562728703,14846.9191127073,1897.30655115215
"BE256","0","0","BE","Arr. Roeselare","Belgium","BE","BE","BEL",623.063968380757,25.7357386714021,5659.38041405963,451.781828593289,18225.6437059446,2355.59453254893
"BE257","0","0","BE","Arr. Tielt","Belgium","BE","BE","BEL",848.358262406082,25.183810161483,5022.36003578438,229.553602183281,10698.6278459687,1480.31824806786
"BE258","0","0","BE","Arr. Veurne","Belgium","BE","BE","BEL",295.482786680038,4.30506213308873,1212.24386923188,182.692259519081,6752.91822196773,830.916199579485
"BE310","0","0","BE","Arr. Nivelles","Belgium","BE","BE","BEL",422.700667134551,145.300369270596,29034.1848519263,1381.03083398724,62104.9517224362,8460.46868042974
"BE321","0","0","BE","Arr. Ath","Belgium","BE","BE","BEL",155.576770268269,3.90290946758048,1090.5164951619,162.991500034336,5993.83954962,735.229061608167
"BE322","0","0","BE","Arr. Charleroi","Belgium","BE","BE","BEL",197.194443207494,35.4442823809389,8480.75024818165,907.691238149944,34568.720588274,4328.85844748724
"BE323","0","0","BE","Arr. Mons","Belgium","BE","BE","BEL",108.543289788184,10.4027453850867,3277.16630568468,588.156202914653,21091.075377452,2547.09643655174
"BE324","0","0","BE","Arr. Mouscron","Belgium","BE","BE","BEL",98.1600659711324,14.7297733757957,2993.4289633978,160.068057463611,6996.49249521605,940.842438293662
"BE325","0","0","BE","Arr. Soignies","Belgium","BE","BE","BEL",161.828223429308,10.8005951247773,2686.38818759884,317.581244065308,11961.055173962,1488.20566218638
"BE326","0","0","BE","Arr. Thuin","Belgium","BE","BE","BEL",258.96986678735,3.57609343880155,1181.90937119629,223.158860297453,8039.16512994283,973.668375369421
"BE327","0","0","BE","Arr. Tournai","Belgium","BE","BE","BEL",242.785977732578,12.395678688376,3017.5169511171,337.241936226145,12822.0182958952,1604.08279731804
"BE331","0","0","BE","Arr. Huy","Belgium","BE","BE","BEL",241.25500271067,13.0057989474649,2789.21864305295,199.919104498687,8220.75672309124,1073.06320373351
"BE332","0","0","BE","Arr. Li├¿ge","Belgium","BE","BE","BEL",193.497126694648,59.5401563410189,14276.5128355111,1538.18798935818,58477.8099166157,7315.4731590465
"BE334","0","0","BE","Arr. Waremme","Belgium","BE","BE","BEL",249.171208225582,3.80635446478585,969.684049551308,119.873552026577,4551.72104965934,569.012752690411
"BE335","0","0","BE","Arr. Verviers - communes francophones","Belgium","BE","BE","BEL",274.000177020578,19.5568194402853,4465.5206633431,412.198676636522,16120.5438253983,2049.03726573024
"BE336","0","0","BE","Bezirk Verviers - Deutschsprachige Gemeinschaft","Belgium","BE","BE","BEL",195.929179309,9.42882488755522,2031.31466634511,148.544856877015,6089.65420570097,793.652234823362
"BE341","0","0","BE","Arr. Arlon","Belgium","BE","BE","BEL",36.5531217281915,4.3371869638727,1067.62445590578,123.186054707876,4645.81045443344,578.490755320001
"BE342","0","0","BE","Arr. Bastogne","Belgium","BE","BE","BEL",188.956647081506,3.87260074315742,889.138824847725,82.6191609827071,3272.50865298833,418.855482555614
"BE343","0","0","BE","Arr. Marche-en-Famenne","Belgium","BE","BE","BEL",165.812937999195,2.93481505079213,864.621148877458,140.42994674007,5130.80340056642,626.882743985107
"BE344","0","0","BE","Arr. Neufch├óteau","Belgium","BE","BE","BEL",256.426630149425,3.46695920909586,972.314832979719,145.381969639506,5385.41364228192,663.5104733368
"BE345","0","0","BE","Arr. Virton","Belgium","BE","BE","BEL",82.9000381614909,3.78857634943639,841.099873986597,69.8337706395923,2792.94813548272,359.331660188684
"BE351","0","0","BE","Arr. Dinant","Belgium","BE","BE","BEL",397.229883677498,3.48958049800116,1130.91191894901,207.528977541579,7547.09699234634,919.464547725526
"BE352","0","0","BE","Arr. Namur","Belgium","BE","BE","BEL",357.578359852665,19.2620194860219,5393.90105713648,812.313685958051,29708.11550092,3631.92466155722
"BE353","0","0","BE","Arr. Philippeville","Belgium","BE","BE","BEL",157.206774710623,1.4932296922708,532.362073421465,108.695093203756,3900.64676313836,471.287375549211
"BG311","0","0","BG","Vidin","Bulgaria","BG","BG","BGR",137.283953444715,22.1998256400125,235.793749978241,83.0357802252697,1303.16788736519,28.7908365044146
"BG312","0","0","BG","Montana","Bulgaria","BG","BG","BGR",223.572338194592,77.3275622518987,656.536301432378,114.661486052302,2060.21511837511,48.0701757687747
"BG313","0","0","BG","Vratsa","Bulgaria","BG","BG","BGR",222.48652044583,248.337906591716,1895.04311042117,151.495823208692,3370.78213452192,84.1999025484428
"BG314","0","0","BG","Pleven","Bulgaria","BG","BG","BGR",244.603817641577,125.800655186634,1121.37839929412,254.358554229964,4110.86867034414,91.9865108779489
"BG315","0","0","BG","Lovech","Bulgaria","BG","BG","BGR",153.102978761372,97.3070844824017,797.328486441249,118.456895858583,2141.02749334477,50.0636955118748
"BG321","0","0","BG","Veliko Tarnovo","Bulgaria","BG","BG","BGR",212.690813209093,139.349519401334,1226.45243152765,267.040538935956,4310.27134445269,96.3955399878424
"BG322","0","0","BG","Gabrovo","Bulgaria","BG","BG","BGR",82.1812324455121,155.918767625898,1209.66835457482,121.140176760937,2396.61980761999,57.8017378151569
"BG323","0","0","BG","Ruse","Bulgaria","BG","BG","BGR",203.333048527911,212.045353704144,1723.96052190119,249.978016815154,4439.0458209112,103.125186809125
"BG324","0","0","BG","Razgrad","Bulgaria","BG","BG","BGR",200.45312578354,72.2953670696187,608.39952847876,101.478500866796,1844.68805453418,43.2239801519925
"BG325","0","0","BG","Silistra","Bulgaria","BG","BG","BGR",202.185389633068,27.513500514559,274.736858538801,81.0431559225528,1364.34563799044,31.0480726607461
"BG331","0","0","BG","Varna","Bulgaria","BG","BG","BGR",245.882476596154,315.698462086643,2997.11920653222,868.904198436495,12932.1506104456,278.808450422166
"BG332","0","0","BG","Dobrich","Bulgaria","BG","BG","BGR",281.477417382433,73.6047068798659,679.262190494623,167.562607651521,2775.17932358438,62.7366820631938
"BG333","0","0","BG","Shumen","Bulgaria","BG","BG","BGR",234.66250437572,111.694972038862,933.120265879162,153.168081024581,2733.44300067412,63.618748060313
"BG334","0","0","BG","Targovishte","Bulgaria","BG","BG","BGR",161.796995556845,64.5090648360653,556.336024160371,106.946947384175,1840.54468845089,42.2511419391926
"BG341","0","0","BG","Burgas","Bulgaria","BG","BG","BGR",256.440016122448,213.780814895699,2028.1179461587,581.673814618492,8755.07850612102,189.764448112239
"BG342","0","0","BG","Sliven","Bulgaria","BG","BG","BGR",148.725610691808,78.1325308528947,678.906166574642,138.022302504681,2294.04241956301,51.9352220224361
"BG343","0","0","BG","Yambol","Bulgaria","BG","BG","BGR",162.442103201183,68.6260410897785,579.898690487723,100.625710279734,1780.19711027176,41.2985395706528
"BG344","0","0","BG","Stara Zagora","Bulgaria","BG","BG","BGR",225.454719032495,586.099566882142,4413.87489156551,307.270340541094,7029.79593882249,176.933405163075
"BG411","0","0","BG","Sofia (stolitsa)","Bulgaria","BG","BG","BGR",89.1064559274512,1089.78178919133,13578.485945928,6748.53052453999,92056.7696522362,1898.0831653176
"BG412","0","0","BG","Sofia","Bulgaria","BG","BG","BGR",210.540230712706,491.645238031617,3685.23963376584,236.700220364408,5646.69597039252,143.677168268328
"BG413","0","0","BG","Blagoevgrad","Bulgaria","BG","BG","BGR",307.654917669748,155.238496272165,1392.94041334304,324.048164503244,5208.79606308988,116.284267247918
"BG414","0","0","BG","Pernik","Bulgaria","BG","BG","BGR",73.363601213717,68.8508050218924,587.052025971843,112.036260636433,1844.46829860278,41.5938383551042
"BG415","0","0","BG","Kyustendil","Bulgaria","BG","BG","BGR",126.522028010936,64.2246969058033,553.334757891737,107.796658496442,1817.06901546562,41.3718945060953
"BG421","0","0","BG","Plovdiv","Bulgaria","BG","BG","BGR",399.331121726724,730.191297722537,6002.59860815322,953.503879283777,16194.5883641707,369.837878137489
"BG422","0","0","BG","Haskovo","Bulgaria","BG","BG","BGR",229.437455474611,112.477463941678,989.159512614782,211.385218065232,3479.70640098345,78.4660760773698
"BG423","0","0","BG","Pazardzhik","Bulgaria","BG","BG","BGR",238.869400643888,222.575783767664,1770.03557308519,215.623500341451,4082.93095118194,97.0506754457601
"BG424","0","0","BG","Smolyan","Bulgaria","BG","BG","BGR",116.037963514353,102.043827879678,818.901786383633,106.969812770798,1982.14196412603,46.7630125004506
"BG425","0","0","BG","Kardzhali","Bulgaria","BG","BG","BGR",215.246981688798,128.541795478964,1022.30845935104,120.255162113076,2375.42360587147,57.2618743986489
"263","BIH-20201109-1","Brcko district of Bosnia and Herzegowina","BIH","Brcko district of Bosnia and Herzegowina","Bosnia and Herzegovina","BA","BA","BIH",142.6172187,31.890448337936,153.891391838983,16.5815679016371,1313.36030844747,166.509915615702
"264","BIH-20201109-2","Entity Federation of Bosnia and Herzegovina","BIH","Entity Federation of Bosnia and Herzegovina","Bosnia and Herzegovina","BA","BA","BIH",1958.57776752,1028.89913428988,4217.84313749831,1078.21807032491,30866.2736003474,3958.92656852787
"265","BIH-20201109-3","Republika Srpska","BIH","Republika Srpska","Bosnia and Herzegovina","BA","BA","BIH",2400.92521152,466.718159037072,2028.27550260819,662.093247447459,17043.3901170346,2287.12544295339
"CH011","0","0","CH","Vaud","Switzerland","CH","CH","CHE",5474.22525107417,222.239391523688,38811.1677423925,8528.8434776148,226939.998740763,8567.67469063587
"CH012","0","0","CH","Valais","Switzerland","CH","CH","CHE",3166.72081568532,101.47375390648,16388.9403466278,2633.06988795122,73652.5429639955,2872.35150256731
"CH013","0","0","CH","Gen├¿ve","Switzerland","CH","CH","CHE",1087.79126948464,157.890891279291,29899.9034855462,8282.24455996401,213640.142630567,7893.38642524479
"CH021","0","0","CH","Bern","Switzerland","CH","CH","CHE",5813.79788027899,375.637252419595,62327.2091102474,11380.5756112659,310189.139274181,11898.8722801754
"CH022","0","0","CH","Freiburg","Switzerland","CH","CH","CHE",3092.48812543637,115.221968400672,18092.2447795878,2509.70915588491,72032.384591779,2853.66122364243
"CH023","0","0","CH","Solothurn","Switzerland","CH","CH","CHE",814.147532371478,107.53811638233,16957.0825046032,2435.32436084283,68927.9913143319,2707.71125340884
"CH024","0","0","CH","Neuch├ótel","Switzerland","CH","CH","CHE",934.740268067132,163.686313605123,23574.9084805445,1607.83881987612,54683.8168987744,2368.59538735056
"CH025","0","0","CH","Jura","Switzerland","CH","CH","CHE",715.870918048432,49.4895198680282,7151.67172377037,503.234274655099,17051.51090816,737.29875061961
"CH031","0","0","CH","Basel-Stadt","Switzerland","CH","CH","CHE",35.0895855039789,395.609305450429,56836.480257737,3780.98492052676,129095.059519156,5601.68540086507
"CH032","0","0","CH","Basel-Landschaft","Switzerland","CH","CH","CHE",717.011951402378,101.166337198231,16546.3004236629,2850.24463867272,78194.089659812,3012.19632603782
"CH033","0","0","CH","Aargau","Switzerland","CH","CH","CHE",2800.8747171897,241.891412344015,38632.9702285459,5927.09202249663,166021.270841969,6480.1501508291
"CH040","0","0","CH","Z├╝rich","Switzerland","CH","CH","CHE",3397.5090503567,424.340871473572,82122.8114831023,23913.1611700767,613815.757685032,22599.0330337616
"CH051","0","0","CH","Glarus","Switzerland","CH","CH","CHE",118.354489009589,22.1411230017998,3315.94294375213,337.094537561657,10252.8691208885,419.867923576279
"CH052","0","0","CH","Schaffhausen","Switzerland","CH","CH","CHE",661.572703379223,63.5633722245221,9368.37793964668,821.589994715672,26023.1023427663,1088.79550680182
"CH053","0","0","CH","Appenzell Ausserrhoden","Switzerland","CH","CH","CHE",347.414974411296,24.7625411245539,3707.55867845078,373.400714592783,11434.8679457833,470.009896738906
"CH054","0","0","CH","Appenzell Innerrhoden","Switzerland","CH","CH","CHE",210.07335879816,7.72867744659439,1163.7793704757,121.487959562792,3712.75354320426,152.436431984655
"CH055","0","0","CH","St. Gallen","Switzerland","CH","CH","CHE",2907.24206537658,275.640454661336,41823.4674491688,4688.85290185301,139765.132255648,5659.88774735308
"CH056","0","0","CH","Graub├╝nden","Switzerland","CH","CH","CHE",1053.26281199583,70.0000621978437,11536.1416127511,2047.2781216593,56040.0536875352,2155.67172018635
"CH057","0","0","CH","Thurgau","Switzerland","CH","CH","CHE",3820.40915270721,127.11971322246,19182.36679527,2031.98628297858,61965.803680426,2541.20154986638
"CH061","0","0","CH","Luzern","Switzerland","CH","CH","CHE",3809.34853828609,164.381590787508,25863.8190815051,3637.36968970022,103972.535051046,4108.93689550171
"CH062","0","0","CH","Uri","Switzerland","CH","CH","CHE",75.8224172351748,13.1102190082081,2013.93793224691,247.023346420349,7205.55172738286,288.196572657079
"CH063","0","0","CH","Schwyz","Switzerland","CH","CH","CHE",581.112786893942,55.8142868335324,8856.29251574505,1313.96260371252,37009.2624486997,1449.5090600986
"CH064","0","0","CH","Obwalden","Switzerland","CH","CH","CHE",384.111349459785,21.9398481202821,3238.97792079835,286.664143012974,9095.13971661813,380.865592328926
"CH065","0","0","CH","Nidwalden","Switzerland","CH","CH","CHE",180.663708375425,20.5639099263158,3147.85703157316,376.268965119202,11050.2105849018,443.708798115744
"CH066","0","0","CH","Zug","Switzerland","CH","CH","CHE",393.405321200269,102.226712584153,16654.2273826732,2822.64722324633,77556.8787534042,2990.62122705255
"CH070","0","0","CH","Ticino","Switzerland","CH","CH","CHE",811.767127384003,154.55061825142,25109.7014683681,4199.92870619985,115696.317444561,4468.62528961371
"CY000","0","0","CY","K├¢pros","Cyprus","CY","CY","CYP",3004.79936181751,503.242531820155,12727.4515698518,3487.28898429461,80144.3955497963,1750.80847997746
"CZ010","0","0","CZ","Hlavn├¡ m─østo Praha","Czechia","CZ","CZ","CZE",1636.56185657815,3828.588324994,45131.6354997157,24789.838197782,302622.911543816,30167.2439486004
"CZ020","0","0","CZ","St┼Öedo─ìesk├¢ kraj","Czechia","CZ","CZ","CZE",4572.48322971385,6240.86799286284,57615.3033924437,6986.34679120271,103812.383703542,13019.7852575011
"CZ031","0","0","CZ","Jiho─ìesk├¢ kraj","Czechia","CZ","CZ","CZE",3289.70148918252,2231.55386555002,20935.7583341066,3144.72310133902,45141.2488755503,5473.45059808852
"CZ032","0","0","CZ","Plze┼êsk├¢ kraj","Czechia","CZ","CZ","CZE",2573.78493308946,2338.52669560341,21818.5183589065,3070.39640504451,44427.7106064596,5430.26441976734
"CZ041","0","0","CZ","Karlovarsk├¢ kraj","Czechia","CZ","CZ","CZE",668.540069264345,632.584728200578,6100.77896031186,1247.08851262679,16870.7247466628,1919.21850626838
"CZ042","0","0","CZ","├Üsteck├¢ kraj","Czechia","CZ","CZ","CZE",1587.88682695352,2577.41172387844,24064.7282485116,3459.92893493027,49492.9428794987,5979.89293868413
"CZ051","0","0","CZ","Libereck├¢ kraj","Czechia","CZ","CZ","CZE",826.563022429417,1625.45680434787,15073.1982973499,1971.43443349359,28705.2796903529,3530.35949390313
"CZ052","0","0","CZ","Kr├ílov├®hradeck├¢ kraj","Czechia","CZ","CZ","CZE",2107.55315070242,2515.73875136976,23206.9479382361,2769.83600987475,41381.854983089,5216.49634561339
"CZ053","0","0","CZ","Pardubick├¢ kraj","Czechia","CZ","CZ","CZE",2074.95609795647,2010.67247908531,18681.1873629315,2480.24675725178,36295.9325792333,4485.91158010121
"CZ063","0","0","CZ","Vyso─ìina","Czechia","CZ","CZ","CZE",3606.89284372295,2041.06579744291,18900.3614042005,2338.09784846664,35179.2617540982,4463.78857207682
"CZ064","0","0","CZ","Jihomoravsk├¢ kraj","Czechia","CZ","CZ","CZE",4562.43608067551,3639.41464746444,35536.3303790996,8066.21527993169,107669.515893754,12059.7339288459
"CZ071","0","0","CZ","Olomouck├¢ kraj","Czechia","CZ","CZ","CZE",2221.68442668176,1993.06115526202,18848.8333542607,3146.12686876719,44049.4583885706,5204.72741681099
"CZ072","0","0","CZ","Zl├¡nsk├¢ kraj","Czechia","CZ","CZ","CZE",1742.03870703026,2586.30785613154,23779.9083926021,2697.79134347012,40673.2668699743,5170.500739672
"CZ080","0","0","CZ","Moravskoslezsk├¢ kraj","Czechia","CZ","CZ","CZE",2173.84471356481,4098.69021429108,38384.8503936205,5756.38809009122,81571.95538912,9760.91938876374
"DE111","0","0","DE","Stuttgart, Stadtkreis","Germany","DE","DE","DEU",301.022655045207,866.237742848069,55195.8451223577,6342.10312214244,229905.277571086,9606.76694075308
"DE112","0","0","DE","B├Âblingen","Germany","DE","DE","DEU",375.510046923194,692.705715576968,40842.8411820453,1848.10081617112,91559.4660034676,4357.79644578049
"DE113","0","0","DE","Esslingen","Germany","DE","DE","DEU",538.652764842451,365.876776631135,23076.9893920646,2443.42938947751,90449.9009997195,3820.09754423196
"DE114","0","0","DE","G├Âppingen","Germany","DE","DE","DEU",531.764416326236,126.798407323688,8086.39276683172,930.060842356039,33800.3834014,1414.21714983117
"DE115","0","0","DE","Ludwigsburg","Germany","DE","DE","DEU",1064.83738931407,465.676945353636,28634.4459603201,2385.21060254461,94443.4939358692,4119.1481901381
"DE116","0","0","DE","Rems-Murr-Kreis","Germany","DE","DE","DEU",815.574080578717,224.582750020637,14356.9016886186,1682.29084675709,60843.0900527991,2539.32110804152
"DE117","0","0","DE","Heilbronn, Stadtkreis","Germany","DE","DE","DEU",218.954813292697,64.9072488992966,4626.50838294433,952.902203777769,30946.6355429365,1215.24746833028
"DE118","0","0","DE","Heilbronn, Landkreis","Germany","DE","DE","DEU",1492.98541636445,438.510850097394,26432.4508591895,1721.30664625631,74004.2897887685,3343.63431853982
"DE119","0","0","DE","Hohenlohekreis","Germany","DE","DE","DEU",1165.1598649842,114.748402678484,7011.52341627193,535.038980442329,21944.259100521,972.147469385825
"DE11A","0","0","DE","Schw├ñbisch Hall","Germany","DE","DE","DEU",2044.47304982248,140.343029619817,8917.37653109505,982.262260026922,36353.6618841096,1535.21969405929
"DE11B","0","0","DE","Main-Tauber-Kreis","Germany","DE","DE","DEU",1020.35189713564,83.0085820279867,5252.97550086054,562.032929833126,20921.5061956348,886.075453785991
"DE11C","0","0","DE","Heidenheim","Germany","DE","DE","DEU",532.002397946579,89.0030024308313,5502.79090212764,481.806585835155,18859.3292418984,818.226539181115
"DE11D","0","0","DE","Ostalbkreis","Germany","DE","DE","DEU",1364.71577321553,297.684901132171,18026.7050482469,1245.95436912087,52526.5067499605,2354.22818953922
"DE121","0","0","DE","Baden-Baden, Stadtkreis","Germany","DE","DE","DEU",142.19790797433,29.2135811731159,2054.14093142303,400.894204053882,13135.7156509145,518.63667818505
"DE122","0","0","DE","Karlsruhe, Stadtkreis","Germany","DE","DE","DEU",163.393727912092,193.943491627829,13671.5853152684,2703.30171922254,88246.7171380616,3476.33959841895
"DE123","0","0","DE","Karlsruhe, Landkreis","Germany","DE","DE","DEU",921.538554278759,248.236546173369,15930.9057209972,1919.77311266457,68982.1662910119,2869.24555166544
"DE124","0","0","DE","Rastatt","Germany","DE","DE","DEU",530.000526921718,251.244909256138,14965.7965069048,814.899748013277,37428.8435950362,1734.80137867879
"DE125","0","0","DE","Heidelberg, Stadtkreis","Germany","DE","DE","DEU",170.415611867162,62.1356566063204,4816.15460629007,1291.17256979696,40470.1749227017,1553.8869050312
"DE126","0","0","DE","Mannheim, Stadtkreis","Germany","DE","DE","DEU",81.811928637658,301.282272742727,19336.1941187912,2341.73037873264,83850.041425159,3481.23579503773
"DE127","0","0","DE","Neckar-Odenwald-Kreis","Germany","DE","DE","DEU",839.683964714125,66.782610778111,4267.74029443647,492.629138961144,17994.3668357357,754.858551757738
"DE128","0","0","DE","Rhein-Neckar-Kreis","Germany","DE","DE","DEU",1027.11804414399,198.988001699272,13822.4110543248,2564.51435072433,84726.6323475991,3361.96986330552
"DE129","0","0","DE","Pforzheim, Stadtkreis","Germany","DE","DE","DEU",109.346258890747,69.548408804375,4531.60539793761,606.124719440811,21251.7041705285,872.412763126504
"DE12A","0","0","DE","Calw","Germany","DE","DE","DEU",430.376564591739,63.123891889444,4105.40684204198,539.282440057389,19044.4387390077,784.853571364945
"DE12B","0","0","DE","Enzkreis","Germany","DE","DE","DEU",346.978871351205,121.528655387572,7428.14043995624,578.106175706323,23390.4026060693,1030.08399350771
"DE12C","0","0","DE","Freudenstadt","Germany","DE","DE","DEU",363.030540346306,98.181501927413,5968.04187261545,433.865642890975,17963.2563055031,799.011872965087
"DE131","0","0","DE","Freiburg im Breisgau, Stadtkreis","Germany","DE","DE","DEU",215.674158019383,90.0244141823545,6845.56149217898,1741.71565661982,54934.5152549298,2117.83842282487
"DE132","0","0","DE","Breisgau-Hochschwarzwald","Germany","DE","DE","DEU",1894.90216961242,100.090967949252,6605.64530232621,936.402679518404,32769.7271115081,1343.85481652794
"DE133","0","0","DE","Emmendingen","Germany","DE","DE","DEU",821.025592452745,94.4070649782154,5887.39060224479,557.757791986759,21393.4184792533,919.369110118066
"DE134","0","0","DE","Ortenaukreis","Germany","DE","DE","DEU",2346.07852819662,273.694684508002,17394.8277086278,1936.79269793527,71173.2687174035,2994.88816105288
"DE135","0","0","DE","Rottweil","Germany","DE","DE","DEU",655.396941913361,137.191157811355,8243.63453769748,511.21144798818,22408.4911159638,1020.301728793
"DE136","0","0","DE","Schwarzwald-Baar-Kreis","Germany","DE","DE","DEU",692.210788299417,143.11558464455,8934.89850633502,860.984518955701,32762.6588615809,1402.60660090518
"DE137","0","0","DE","Tuttlingen","Germany","DE","DE","DEU",386.685955097087,187.255114517264,11037.5214556248,493.420313918629,24631.5362889347,1175.29576741131
"DE138","0","0","DE","Konstanz","Germany","DE","DE","DEU",1111.04730654739,131.676372263801,8634.41035147703,1191.69490514727,41681.2866261773,1708.80506556299
"DE139","0","0","DE","L├Ârrach","Germany","DE","DE","DEU",639.806485104256,120.723081939154,7669.8000790617,855.619829871737,31352.0794058205,1317.33130521375
"DE13A","0","0","DE","Waldshut","Germany","DE","DE","DEU",709.69547875372,75.7986758558439,4867.02043376092,584.249545629519,21093.9334759258,879.575002148009
"DE141","0","0","DE","Reutlingen","Germany","DE","DE","DEU",617.852814098459,199.518378551896,12473.1917420074,1220.51022840167,46183.4530898152,1971.8010884732
"DE142","0","0","DE","T├╝bingen, Landkreis","Germany","DE","DE","DEU",254.273776311729,81.7751218579015,5598.21771183261,975.301227049213,32534.1073940552,1298.3734571367
"DE143","0","0","DE","Zollernalbkreis","Germany","DE","DE","DEU",477.651757029822,124.903529721371,7704.02708164733,660.958250151793,25977.3115804733,1129.16051745097
"DE144","0","0","DE","Ulm, Stadtkreis","Germany","DE","DE","DEU",130.419858493509,119.050153548739,7927.15285828671,1204.46173187403,41146.7921802795,1664.87560187785
"DE145","0","0","DE","Alb-Donau-Kreis","Germany","DE","DE","DEU",1272.44563324264,131.754600836914,8032.26312208427,597.02433277046,24687.6073232519,1097.52793886804
"DE146","0","0","DE","Biberach","Germany","DE","DE","DEU",1381.28003631819,259.30255995703,15471.1728897828,857.238316556033,39261.1567574412,1817.80822858919
"DE147","0","0","DE","Bodenseekreis","Germany","DE","DE","DEU",1117.49197362326,241.063663400402,14498.0837425667,911.222360423918,39738.8997807486,1805.74069444532
"DE148","0","0","DE","Ravensburg","Germany","DE","DE","DEU",1884.92656077004,174.559924261471,11429.1771126821,1558.68240060663,54733.9613885985,2248.78906487081
"DE149","0","0","DE","Sigmaringen","Germany","DE","DE","DEU",906.063342353775,78.2413585865034,4936.66074690764,516.024742648353,19315.5500614631,820.30906648319
"DE211","0","0","DE","Ingolstadt, Kreisfreie Stadt","Germany","DE","DE","DEU",144.129816047205,633.769439756286,36455.7852158018,801.201842327563,58250.7503076005,3066.48359909693
"DE212","0","0","DE","M├╝nchen, Kreisfreie Stadt","Germany","DE","DE","DEU",316.61721078901,1133.16868953638,79779.6616342573,15703.2680631786,512856.472628187,20208.8959252886
"DE213","0","0","DE","Rosenheim, Kreisfreie Stadt","Germany","DE","DE","DEU",127.410873296286,21.5215052102086,1690.44046831275,468.310240193754,14635.2870371484,560.84978642001
"DE214","0","0","DE","Alt├Âtting","Germany","DE","DE","DEU",741.479710374349,122.824883988993,7359.74432523092,435.897950095252,19469.2960740726,892.958900924009
"DE215","0","0","DE","Berchtesgadener Land","Germany","DE","DE","DEU",599.292047047174,29.7372797028468,2178.27223797256,488.732176023499,15772.3968408846,616.956996311341
"DE216","0","0","DE","Bad T├Âlz-Wolfratshausen","Germany","DE","DE","DEU",859.964322282827,42.4699759123589,2873.88935054681,466.186320297394,15887.8887029316,641.981314572281
"DE217","0","0","DE","Dachau","Germany","DE","DE","DEU",762.257051672013,37.0265046903932,2716.22688318707,612.289437720281,19749.41996582,772.269654225056
"DE218","0","0","DE","Ebersberg","Germany","DE","DE","DEU",691.757359786003,32.5966105027207,2471.88796633765,617.652904881769,19642.2617600896,761.261494904452
"DE219","0","0","DE","Eichst├ñtt","Germany","DE","DE","DEU",1072.6434554203,52.8888915586844,3589.57887830918,590.952216802858,20083.7319303068,810.227066159758
"DE21A","0","0","DE","Erding","Germany","DE","DE","DEU",1430.75781444664,24.9758270124262,2035.24194060601,602.028645211731,18919.3264120143,727.663296207041
"DE21B","0","0","DE","Freising","Germany","DE","DE","DEU",930.332225618491,62.1988251537329,4806.48983529324,1270.38289672477,40031.2177156112,1542.35875764712
"DE21C","0","0","DE","F├╝rstenfeldbruck","Germany","DE","DE","DEU",441.075249452172,39.7213245233821,3090.12688885394,833.027709657688,26156.4149500889,1005.45520264797
"DE21D","0","0","DE","Garmisch-Partenkirchen","Germany","DE","DE","DEU",415.486369356081,11.2389519192085,1052.92301465103,407.289682857771,12373.3724675458,465.253869273352
"DE21E","0","0","DE","Landsberg a. Lech","Germany","DE","DE","DEU",757.32494394666,58.265163790942,3780.41692730178,485.254288208564,17292.4963225488,716.121243562767
"DE21F","0","0","DE","Miesbach","Germany","DE","DE","DEU",635.221318312246,39.5390392015944,2731.67487467156,490.591383848617,16378.4511073928,653.945331779123
"DE21G","0","0","DE","M├╝hldorf a. Inn","Germany","DE","DE","DEU",1081.73580300628,64.6220929714141,4082.69740830314,427.978371721671,16071.3108896327,683.609200189751
"DE21H","0","0","DE","M├╝nchen, Landkreis","Germany","DE","DE","DEU",421.287303309948,274.903601554738,21157.5331507612,5568.93779136325,174872.662119361,6722.43246507348
"DE21I","0","0","DE","Neuburg-Schrobenhausen","Germany","DE","DE","DEU",992.501358545877,47.5457196035391,3111.58828770518,418.185866570759,14822.4171206853,612.066808138322
"DE21J","0","0","DE","Pfaffenhofen a. d. Ilm","Germany","DE","DE","DEU",917.869483254182,65.0020429177718,4194.61802582823,518.209896922311,18643.5869001132,775.964848370399
"DE21K","0","0","DE","Rosenheim, Landkreis","Germany","DE","DE","DEU",1986.41125790555,100.326130005124,6755.68414198594,1069.2160331784,36604.8139567537,1482.89746166002
"DE21L","0","0","DE","Starnberg","Germany","DE","DE","DEU",275.696691755537,67.2911040996237,4604.6223116529,799.874646067365,26708.252623652,1066.48727802788
"DE21M","0","0","DE","Traunstein","Germany","DE","DE","DEU",1667.13991697034,134.220657345236,8285.94740042487,705.394747541446,28007.8661695352,1223.0969018774
"DE21N","0","0","DE","Weilheim-Schongau","Germany","DE","DE","DEU",994.262512637672,114.807669621357,6983.30054295107,505.957967908124,21080.3309953482,940.167774307571
"DE221","0","0","DE","Landshut, Kreisfreie Stadt","Germany","DE","DE","DEU",143.007333269595,63.5485597966035,4074.23892004927,488.44168855184,17554.2448110292,730.224439131752
"DE222","0","0","DE","Passau, Kreisfreie Stadt","Germany","DE","DE","DEU",74.94294247767,29.8868621605392,2168.37816654792,476.265593231949,15318.1864047961,597.927905234506
"DE223","0","0","DE","Straubing, Kreisfreie Stadt","Germany","DE","DE","DEU",133.872597750007,30.222520801748,2039.04508241755,330.759339837318,11181.6376298603,449.724097009928
"DE224","0","0","DE","Deggendorf","Germany","DE","DE","DEU",1093.815277494,51.803577135886,3548.1630692815,609.902909819804,20570.3027254218,826.219317077192
"DE225","0","0","DE","Freyung-Grafenau","Germany","DE","DE","DEU",675.413351217993,29.3584082920021,1951.6262866406,287.1867843645,9994.65530378165,408.625297959517
"DE226","0","0","DE","Kelheim","Germany","DE","DE","DEU",1449.14060058934,57.5337213732809,3685.46517979605,425.468044903072,15678.8007207554,660.679082782658
"DE227","0","0","DE","Landshut, Landkreis","Germany","DE","DE","DEU",2635.44326294002,110.114182067989,6784.23164068624,552.347329323358,22477.8538810894,992.41206858178
"DE228","0","0","DE","Passau, Landkreis","Germany","DE","DE","DEU",2241.85623622265,81.4697779516124,5279.43192083802,659.840311435283,23882.7125479935,997.157882386565
"DE229","0","0","DE","Regen","Germany","DE","DE","DEU",684.461355538631,36.7081793969361,2380.53096385122,302.394962111147,10841.1146996792,450.386399403087
"DE22A","0","0","DE","Rottal-Inn","Germany","DE","DE","DEU",2024.04164893079,46.2836621236623,3119.18853688983,484.312104921347,16853.4999084852,689.011136272052
"DE22B","0","0","DE","Straubing-Bogen","Germany","DE","DE","DEU",1704.17251709999,39.343014347518,2557.68567948487,320.195543611619,11702.7462023499,491.075079112582
"DE22C","0","0","DE","Dingolfing-Landau","Germany","DE","DE","DEU",1724.96166569643,184.95199737495,10768.2795919021,342.93934969799,20463.0755963079,1028.97243104123
"DE231","0","0","DE","Amberg, Kreisfreie Stadt","Germany","DE","DE","DEU",117.104210926898,47.6141824099086,2946.11785794906,261.711542152878,10168.8775174216,439.674885633384
"DE232","0","0","DE","Regensburg, Kreisfreie Stadt","Germany","DE","DE","DEU",512.203162251603,213.375834680688,13409.9594512163,1375.69306604012,51377.7324538123,2179.51099852331
"DE233","0","0","DE","Weiden i. d. Opf, Kreisfreie Stadt","Germany","DE","DE","DEU",60.1416220439521,16.7642455540579,1284.33822218363,333.485271787922,10495.7618916227,404.072784438478
"DE234","0","0","DE","Amberg-Sulzbach","Germany","DE","DE","DEU",1048.6413028002,38.943732223208,2533.72752804595,325.508868628652,11700.779293613,486.779555400396
"DE235","0","0","DE","Cham","Germany","DE","DE","DEU",1237.75478624303,76.6782345739676,4860.44357485681,524.001777382129,19523.7393690795,827.254829787282
"DE236","0","0","DE","Neumarkt i. d. OPf.","Germany","DE","DE","DEU",801.698335371319,68.2587829228165,4471.9296341558,611.504937235255,21473.3210630629,882.248760513338
"DE237","0","0","DE","Neustadt a. d. Waldnaab","Germany","DE","DE","DEU",950.892058452578,60.282440387373,3688.53994448585,282.533423927716,11638.0966927723,516.536983895076
"DE238","0","0","DE","Regensburg, Landkreis","Germany","DE","DE","DEU",1325.76286521337,60.6694505173236,4026.65289481807,587.939309072603,20481.4567748862,837.823514217662
"DE239","0","0","DE","Schwandorf","Germany","DE","DE","DEU",1307.54336540596,89.4287725933412,5606.92056677627,552.175581652062,21054.3522249446,902.240747941451
"DE23A","0","0","DE","Tirschenreuth","Germany","DE","DE","DEU",1017.42640218179,60.3630797934207,3666.46011122431,255.824979471018,10891.0819952188,490.111839421547
"DE241","0","0","DE","Bamberg, Kreisfreie Stadt","Germany","DE","DE","DEU",32.2663553665169,56.8772332528788,3815.46361548551,603.321496942089,20450.6185614952,823.792763337613
"DE242","0","0","DE","Bayreuth, Kreisfreie Stadt","Germany","DE","DE","DEU",113.033845050796,46.1982220976922,3230.26216149832,617.388703051255,20275.3270084503,801.630181959502
"DE243","0","0","DE","Coburg, Kreisfreie Stadt","Germany","DE","DE","DEU",92.9676662336213,42.4067663037153,2927.77317124921,530.28303862682,17565.6705048538,698.105519781632
"DE244","0","0","DE","Hof, Kreisfreie Stadt","Germany","DE","DE","DEU",36.5678175133384,13.3425248379492,1033.94933837776,277.027765158038,8683.69873716616,333.433375950557
"DE245","0","0","DE","Bamberg, Landkreis","Germany","DE","DE","DEU",798.568217778129,55.2316081746652,3575.32540554296,451.073562391654,16153.0566878022,670.666321332886
"DE246","0","0","DE","Bayreuth, Landkreis","Germany","DE","DE","DEU",977.206869566184,28.1946094825792,1877.14265765169,275.216932160146,9647.80525314603,396.01717536669
"DE247","0","0","DE","Coburg, Landkreis","Germany","DE","DE","DEU",529.801455595518,42.1027160790109,2615.52493414381,237.199292179324,9243.15050413293,400.188410086483
"DE248","0","0","DE","Forchheim","Germany","DE","DE","DEU",445.610094020956,82.0654531344105,4974.22971537209,347.308201342174,14603.9510628892,653.843531540879
"DE249","0","0","DE","Hof, Landkreis","Germany","DE","DE","DEU",785.230001864371,58.0979630946449,3619.89634379521,337.220949592891,13049.342736453,563.138145907
"DE24A","0","0","DE","Kronach","Germany","DE","DE","DEU",500.39675373702,39.4825467018387,2448.88142583687,218.615169384503,8559.16878111235,371.384779439494
"DE24B","0","0","DE","Kulmbach","Germany","DE","DE","DEU",445.818018131644,38.9736805525149,2481.40012509058,278.945579294086,10247.6383208138,431.143407657025
"DE24C","0","0","DE","Lichtenfels","Germany","DE","DE","DEU",291.750778691776,25.8689745380757,1760.34595655407,295.968400664584,9974.71955579786,400.467373639849
"DE24D","0","0","DE","Wunsiedel i. Fichtelgebirge","Germany","DE","DE","DEU",372.936452506081,42.9012715135159,2706.4625781629,283.832838046937,10591.5520159289,449.124797462361
"DE251","0","0","DE","Ansbach, Kreisfreie Stadt","Germany","DE","DE","DEU",86.9339267747823,28.727348367211,1921.94138162192,298.948032061422,10177.9389634548,411.020607781119
"DE252","0","0","DE","Erlangen, Kreisfreie Stadt","Germany","DE","DE","DEU",132.428241015027,265.91699270841,15882.5164133687,908.724311808346,40852.5117286116,1878.34846976579
"DE253","0","0","DE","F├╝rth, Kreisfreie Stadt","Germany","DE","DE","DEU",120.171764629358,53.1385640050991,3601.90268080571,599.138122402737,20140.4018921985,807.396573194907
"DE254","0","0","DE","N├╝rnberg, Kreisfreie Stadt","Germany","DE","DE","DEU",421.305398869428,291.821564869036,20717.0400509312,4208.28591949199,136847.228268222,5378.17697104796
"DE255","0","0","DE","Schwabach, Kreisfreie Stadt","Germany","DE","DE","DEU",22.0022234790035,18.2582908757882,1215.75459639063,184.699188180845,6310.22830876479,255.335941239625
"DE256","0","0","DE","Ansbach, Landkreis","Germany","DE","DE","DEU",2135.89602821187,95.0473844342615,5979.31791855659,598.818668334183,22869.566924309,980.784009328128
"DE257","0","0","DE","Erlangen-H├Âchstadt","Germany","DE","DE","DEU",321.16601701791,72.356233618128,4679.11085467976,593.793856773259,21097.4764921379,872.307872830439
"DE258","0","0","DE","F├╝rth, Landkreis","Germany","DE","DE","DEU",288.87910780693,29.1357019510578,1998.34401082045,349.105758464935,11677.7498257351,466.795979796355
"DE259","0","0","DE","N├╝rnberger Land","Germany","DE","DE","DEU",396.281395815013,81.502590080587,5208.2575431022,607.561220315298,22015.9677615347,919.769615945758
"DE25A","0","0","DE","Neustadt a. d. Aisch-Bad Windsheim","Germany","DE","DE","DEU",1379.88675220197,37.5252877940174,2496.95363366846,364.099716427491,12793.6675406693,525.819517592033
"DE25B","0","0","DE","Roth","Germany","DE","DE","DEU",749.832067112663,48.2178627048087,3190.69706877307,461.092168720149,16039.7736009465,655.615508031854
"DE25C","0","0","DE","Wei├ƒenburg-Gunzenhausen","Germany","DE","DE","DEU",882.452611101419,45.2491654908332,2884.74809899424,323.795038251084,11969.2256627213,505.154927578023
"DE261","0","0","DE","Aschaffenburg, Kreisfreie Stadt","Germany","DE","DE","DEU",76.5897836281749,74.4814247062502,4808.04196304209,605.554104152791,21503.3496424273,888.824918567957
"DE262","0","0","DE","Schweinfurt, Kreisfreie Stadt","Germany","DE","DE","DEU",98.0904658684751,139.995178568947,8267.83837765498,386.505522195555,18881.0250511825,894.410369750902
"DE263","0","0","DE","W├╝rzburg, Kreisfreie Stadt","Germany","DE","DE","DEU",122.768615928578,45.3508925226806,3803.22436280273,1224.0323161337,37603.5237823158,1424.73055656051
"DE264","0","0","DE","Aschaffenburg, Landkreis","Germany","DE","DE","DEU",507.24045237468,79.1049001380315,5157.35190552123,688.446871065795,24221.285435646,996.181767454605
"DE265","0","0","DE","Bad Kissingen","Germany","DE","DE","DEU",906.592839187785,24.9541110370006,1881.79304254126,458.627858631013,14705.8508537727,572.926590737352
"DE266","0","0","DE","Rh├Ân-Grabfeld","Germany","DE","DE","DEU",822.992822907108,49.2949037951424,3145.55891225377,356.998626071632,13133.3553578568,552.943186803189
"DE267","0","0","DE","Ha├ƒberge","Germany","DE","DE","DEU",739.756035714977,52.4088824559903,3216.2174083529,255.762575045164,10390.6794478779,458.41557131351
"DE268","0","0","DE","Kitzingen","Germany","DE","DE","DEU",1311.10840982504,47.4141748108771,3050.30003354098,362.198623593334,13275.8122000653,557.898781200105
"DE269","0","0","DE","Miltenberg","Germany","DE","DE","DEU",521.969681046165,72.649203922228,4563.34463898616,462.429103559101,17392.0922621084,740.356395389971
"DE26A","0","0","DE","Main-Spessart","Germany","DE","DE","DEU",1079.90804660481,104.08466630614,6271.13661912181,398.266012941397,17416.5649289106,792.274345224214
"DE26B","0","0","DE","Schweinfurt, Landkreis","Germany","DE","DE","DEU",855.873888033204,20.1551545271105,1495.8925785063,345.674244659441,11193.6992796835,438.781687252979
"DE26C","0","0","DE","W├╝rzburg, Landkreis","Germany","DE","DE","DEU",1333.44276266693,38.8785325693089,2831.98386757011,617.739275964634,20123.5179310616,791.724314931918
"DE271","0","0","DE","Augsburg, Kreisfreie Stadt","Germany","DE","DE","DEU",234.463728466172,186.193570235035,12289.2574407028,1777.13077888701,61305.4418289193,2494.20695052144
"DE272","0","0","DE","Kaufbeuren, Kreisfreie Stadt","Germany","DE","DE","DEU",39.353379839247,12.0374442401801,911.264708023903,228.79578884834,7230.32217677985,279.092134104436
"DE273","0","0","DE","Kempten (Allg├ñu), Kreisfreie Stadt","Germany","DE","DE","DEU",71.6686427048097,28.0683018734713,2084.39049264236,494.155538715138,15728.6463065177,609.924368048477
"DE274","0","0","DE","Memmingen, Kreisfreie Stadt","Germany","DE","DE","DEU",355.121951115213,39.7728360760564,2541.26862014289,294.485748716709,10718.9183562346,448.842743851173
"DE275","0","0","DE","Aichach-Friedberg","Germany","DE","DE","DEU",1095.99270207275,39.4602910284032,2705.88150495475,464.932021929885,15731.9386669731,633.072506201893
"DE276","0","0","DE","Augsburg, Landkreis","Germany","DE","DE","DEU",1239.35728412821,97.8231000507576,6462.20737409939,927.622699835127,32260.137401398,1318.4186622273
"DE277","0","0","DE","Dillingen a.d. Donau","Germany","DE","DE","DEU",1001.8859045013,54.5404790378297,3442.17099028832,356.779792559411,13455.06170989,573.523830246372
"DE278","0","0","DE","G├╝nzburg","Germany","DE","DE","DEU",841.500949308847,96.475332350731,6071.02100508721,623.380460072096,23392.0001344189,994.646867066521
"DE279","0","0","DE","Neu-Ulm","Germany","DE","DE","DEU",498.554696787146,120.016793954496,7453.58228032419,684.51881117764,26384.255927561,1136.4827527997
"DE27A","0","0","DE","Lindau (Bodensee)","Germany","DE","DE","DEU",478.445214231058,56.0856310317715,3482.66327752139,316.849083353562,12292.1802680051,531.095276313274
"DE27B","0","0","DE","Ostallg├ñu","Germany","DE","DE","DEU",1476.57903486658,95.6625822391991,5909.95099931537,504.009647652013,20055.945452896,876.710690216995
"DE27C","0","0","DE","Unterallg├ñu","Germany","DE","DE","DEU",1691.7485895494,111.615252132112,6820.50182924908,515.063428303537,21303.7545680606,947.194222454785
"DE27D","0","0","DE","Donau-Ries","Germany","DE","DE","DEU",1586.4218310144,147.297344961709,8878.44175564223,566.654521915871,24746.1694866507,1125.08215613572
"DE27E","0","0","DE","Oberallg├ñu","Germany","DE","DE","DEU",1410.3775668614,67.8520533918498,4432.71090545466,589.218031631776,20934.8975731185,865.585795378675
"DE300","0","0","DE","Berlin","Germany","DE","DE","DEU",208.66317631615,748.311361235606,65859.6258427124,23251.2039810313,707575.101306917,26636.9121445092
"DE401","0","0","DE","Brandenburg an der Havel, Kreisfreie Stadt","Germany","DE","DE","DEU",38.482929098557,27.5111956567579,1856.29014936867,302.11775696978,10191.2731172556,409.378413718663
"DE402","0","0","DE","Cottbus, Kreisfreie Stadt","Germany","DE","DE","DEU",48.2401849462037,14.6142938532132,1380.89212679388,546.190881006444,16465.2808018753,615.810413189541
"DE403","0","0","DE","Frankfurt (Oder), Kreisfreie Stadt","Germany","DE","DE","DEU",108.146906294809,6.95050605949051,746.389189921791,346.52401190285,10332.5862336411,383.486132549531
"DE404","0","0","DE","Potsdam, Kreisfreie Stadt","Germany","DE","DE","DEU",107.002596152017,18.4130664464618,2324.64762986972,1259.43840203743,37114.9342783739,1365.94237816894
"DE405","0","0","DE","Barnim","Germany","DE","DE","DEU",656.922159817779,22.9501954375067,1925.33866490084,613.943214815487,18992.0791786731,722.926237566084
"DE406","0","0","DE","Dahme-Spreewald","Germany","DE","DE","DEU",1108.97056810373,29.4183627406766,2516.62531500484,831.782478016198,25681.6725458769,976.315270708037
"DE407","0","0","DE","Elbe-Elster","Germany","DE","DE","DEU",1166.64962737244,28.6185125550307,1952.55038538783,323.676659174563,11097.3375767183,449.935765970728
"DE408","0","0","DE","Havelland","Germany","DE","DE","DEU",1005.2946824142,30.9681501518774,2227.99598570673,465.479480933441,15256.6822922739,602.492778986832
"DE409","0","0","DE","M├ñrkisch-Oderland","Germany","DE","DE","DEU",1463.96283527254,27.3089250860613,2177.88160476722,612.886246280718,19366.8175846344,747.529106274094
"DE40A","0","0","DE","Oberhavel","Germany","DE","DE","DEU",792.47052525548,64.3372468939349,4345.67827657951,703.739298741962,23894.6457120882,963.455995082238
"DE40B","0","0","DE","Oberspreewald-Lausitz","Germany","DE","DE","DEU",527.71279689032,42.8184890962434,2786.55132827508,365.080964316506,12944.9184735592,534.644551061473
"DE40C","0","0","DE","Oder-Spree","Germany","DE","DE","DEU",1012.66655191815,50.273650598804,3464.85704800849,613.399141328789,20568.9429239925,823.388652442462
"DE40D","0","0","DE","Ostprignitz-Ruppin","Germany","DE","DE","DEU",1483.28144532308,31.30960372584,2127.8200309238,343.821626474623,11887.7641050567,484.266995051442
"DE40E","0","0","DE","Potsdam-Mittelmark","Germany","DE","DE","DEU",1667.30480630108,30.3058932347833,2575.788281067,835.054640858905,25937.1337471412,989.95306923507
"DE40F","0","0","DE","Prignitz","Germany","DE","DE","DEU",1425.70392209983,25.2409084904207,1684.45990682581,244.561380541721,8695.71540718697,359.68049875957
"DE40G","0","0","DE","Spree-Nei├ƒe","Germany","DE","DE","DEU",769.317628064461,109.206695966262,6456.84540011096,301.480369289818,14867.3642689754,706.527300705314
"DE40H","0","0","DE","Teltow-Fl├ñming","Germany","DE","DE","DEU",1130.35000767489,106.93190698967,6727.67046229649,687.566034456056,25870.3333127817,1101.48784796679
"DE40I","0","0","DE","Uckermark","Germany","DE","DE","DEU",1766.73268005984,50.8312024023134,3294.07766001691,407.976981377716,14868.7173736229,623.017629719342
"DE501","0","0","DE","Bremen, Kreisfreie Stadt","Germany","DE","DE","DEU",112.95864008849,333.630974934594,22355.5314565478,3515.07398821008,119259.757204586,4806.58099354268
"DE502","0","0","DE","Bremerhaven, Kreisfreie Stadt","Germany","DE","DE","DEU",147.885884540112,26.139482953462,2046.27559661471,562.131709536606,17583.3621590035,674.227956312371
"DE600","0","0","DE","Hamburg","Germany","DE","DE","DEU",1121.49129398752,836.353565185841,64368.9971901723,16944.6519647938,532048.745603086,20452.0069111053
"DE711","0","0","DE","Darmstadt, Kreisfreie Stadt","Germany","DE","DE","DEU",118.480395976628,193.357219554469,12336.5764698103,1430.80136939396,51762.4651499298,2160.66044412063
"DE712","0","0","DE","Frankfurt am Main, Kreisfreie Stadt","Germany","DE","DE","DEU",95.2492559317399,377.740083588357,31969.5435009488,10489.8348579663,321458.49709449,12159.0503263478
"DE713","0","0","DE","Offenbach am Main, Kreisfreie Stadt","Germany","DE","DE","DEU",12.3376885465628,23.3939818155855,2014.06212826475,682.963956814366,20863.7302502832,787.484240590647
"DE714","0","0","DE","Wiesbaden, Kreisfreie Stadt","Germany","DE","DE","DEU",190.046364939559,115.93863994732,9118.69935737362,2539.82218041021,79228.4038785529,3032.54772574753
"DE715","0","0","DE","Bergstra├ƒe","Germany","DE","DE","DEU",675.350479369242,89.3583519936941,6024.904737138,971.241597274485,32924.668990594,1326.33710706577
"DE716","0","0","DE","Darmstadt-Dieburg","Germany","DE","DE","DEU",962.534828295622,82.0798883400201,5758.72501507636,1108.13706183018,36497.8173571982,1445.55823295956
"DE717","0","0","DE","Gro├ƒ-Gerau","Germany","DE","DE","DEU",447.375403528834,237.506983246262,14618.6680114368,1231.56611806151,48580.27178616,2115.17547966192
"DE718","0","0","DE","Hochtaunuskreis","Germany","DE","DE","DEU",238.791305184153,67.7661821548902,5461.11865188029,1611.50899391987,49971.3114349329,1905.18253189107
"DE719","0","0","DE","Main-Kinzig-Kreis","Germany","DE","DE","DEU",943.426848082995,166.897852026016,11393.2254077446,1954.47341229436,65452.9139011704,2618.11346242262
"DE71A","0","0","DE","Main-Taunus-Kreis","Germany","DE","DE","DEU",195.280040220072,51.2144973707994,4946.38836165887,2018.58669433983,60699.3868520082,2266.22608948986
"DE71B","0","0","DE","Odenwaldkreis","Germany","DE","DE","DEU",475.582287202317,38.4262542026048,2454.9559826807,282.876386419874,10335.7297572529,433.646354492755
"DE71C","0","0","DE","Offenbach, Landkreis","Germany","DE","DE","DEU",169.495201997854,92.4569413708569,7257.67924590745,2011.38918103066,62783.6830353649,2404.10240946404
"DE71D","0","0","DE","Rheingau-Taunus-Kreis","Germany","DE","DE","DEU",493.517864507769,42.0513861515479,3006.70462280552,622.839879394389,20277.1846170075,797.469075762569
"DE71E","0","0","DE","Wetteraukreis","Germany","DE","DE","DEU",846.064204013597,84.1999528609974,5967.25998766832,1196.67871733758,39128.0922270824,1542.91977481168
"DE721","0","0","DE","Gie├ƒen, Landkreis","Germany","DE","DE","DEU",484.474510487717,88.8975207611761,6343.15263819103,1309.6905750329,42553.3021836647,1671.50343256605
"DE722","0","0","DE","Lahn-Dill-Kreis","Germany","DE","DE","DEU",477.685485829414,137.941310007963,8746.46617943974,963.416543603654,35364.9900893942,1487.29203889238
"DE723","0","0","DE","Limburg-Weilburg","Germany","DE","DE","DEU",513.353809067722,47.1178360370619,3385.51572550248,714.477868463471,23187.5619819063,910.169664642541
"DE724","0","0","DE","Marburg-Biedenkopf","Germany","DE","DE","DEU",706.05039080047,181.550189741883,11195.4632288816,958.133010196637,37686.9598845377,1638.74384122752
"DE725","0","0","DE","Vogelsbergkreis","Germany","DE","DE","DEU",1158.83137204569,34.8692321843031,2324.93402770848,344.216649875244,12031.9238300045,493.10232871362
"DE731","0","0","DE","Kassel, Kreisfreie Stadt","Germany","DE","DE","DEU",331.939703776628,91.1505895181499,6555.51302436433,1395.03425604064,45092.137895038,1765.5744061776
"DE732","0","0","DE","Fulda","Germany","DE","DE","DEU",1060.62820698974,84.0354496192244,5826.74153408828,1066.11980679239,35423.0914707715,1410.36007098994
"DE733","0","0","DE","Hersfeld-Rotenburg","Germany","DE","DE","DEU",839.542169545312,49.8492328656789,3390.92515562349,566.241616897759,19159.9588059061,771.020240845738
"DE734","0","0","DE","Kassel, Landkreis","Germany","DE","DE","DEU",912.053488942808,141.77955776329,8688.50107499755,691.256388180562,27871.7614988625,1225.56053631084
"DE735","0","0","DE","Schwalm-Eder-Kreis","Germany","DE","DE","DEU",1485.79454010956,71.261810860415,4738.67323076925,700.128663139527,24316.1861595443,993.032483524462
"DE736","0","0","DE","Waldeck-Frankenberg","Germany","DE","DE","DEU",1533.92350110824,88.8970221146743,5684.58603267759,654.993342550747,24014.8602152534,1009.34592878549
"DE737","0","0","DE","Werra-Mei├ƒner-Kreis","Germany","DE","DE","DEU",731.242580622597,22.3499516944294,1597.5219589394,325.674265883342,10718.0152993263,424.30373633815
"DE801","0","0","DE","Greifswald, Kreisfreie Stadt","Germany","DE","DE","DEU",13.5734850828914,14.6523075592468,1116.05386287843,285.536699822334,8995.65970630695,346.544834628594
"DE802","0","0","DE","Neubrandenburg, Kreisfreie Stadt","Germany","DE","DE","DEU",20.3724477751244,20.0325838838268,1485.85976204305,351.254256262376,11178.5577872993,433.441037317479
"DE803","0","0","DE","Rostock, Kreisfreie Stadt","Germany","DE","DE","DEU",53.4216055332933,58.0538150759824,4412.85511502527,1122.47424965319,35388.1545638335,1363.90774676311
"DE804","0","0","DE","Schwerin, Kreisfreie Stadt","Germany","DE","DE","DEU",31.6915994618833,23.7922658058316,1922.79230951664,571.638079959077,17701.5805899117,674.265552015872
"DE805","0","0","DE","Stralsund, Kreisfreie Stadt","Germany","DE","DE","DEU",2.53512656047418,11.190259609467,910.81243398618,275.305375500157,8507.72575174565,323.62175568654
"DE806","0","0","DE","Wismar, Kreisfreie Stadt","Germany","DE","DE","DEU",6.60898530782781,25.5106770257878,1603.83639712644,165.671052869533,6164.54027305523,261.029887786094
"DE807","0","0","DE","Bad Doberan","Germany","DE","DE","DEU",1394.06283447723,22.8995550771715,1737.48051018632,425.431863296981,13738.8962722181,537.64104879931
"DE808","0","0","DE","Demmin","Germany","DE","DE","DEU",1550.08381473435,20.9358993876538,1432.56796333809,233.657637399973,8168.85330672078,334.815661816215
"DE809","0","0","DE","G├╝strow","Germany","DE","DE","DEU",1994.1083848707,23.3776810756356,1679.10463986476,335.863716759208,11321.1496888173,454.56793431562
"DE80A","0","0","DE","Ludwigslust","Germany","DE","DE","DEU",2134.17805817225,48.3419798970483,3109.47285878201,360.525374015631,13445.156630603,569.955328471726
"DE80B","0","0","DE","Mecklenburg-Strelitz","Germany","DE","DE","DEU",1093.33550310471,5.30343288982205,527.557598722742,212.920052437775,6612.92557884118,252.386652718509
"DE80C","0","0","DE","M├╝ritz","Germany","DE","DE","DEU",1186.41546777694,15.0076089823617,1074.80982419429,213.538712657577,7189.52078260541,288.479901437217
"DE80D","0","0","DE","Nordvorpommern","Germany","DE","DE","DEU",1655.74041648098,9.81567938736498,915.504264746992,338.336798084275,10569.0079234436,404.911220127484
"DE80E","0","0","DE","Nordwestmecklenburg","Germany","DE","DE","DEU",1857.85260355097,26.1407818612868,1797.30532694903,300.945124985788,10447.5115106589,426.554500121639
"DE80F","0","0","DE","Ostvorpommern","Germany","DE","DE","DEU",1486.42668916873,13.8874247116016,1116.18918874784,312.465140535857,10020.6498600825,390.431895853624
"DE80G","0","0","DE","Parchim","Germany","DE","DE","DEU",1769.68461233561,13.7646488399481,1079.26420787437,280.181027270502,9146.24353070823,360.301772051648
"DE80H","0","0","DE","R├╝gen","Germany","DE","DE","DEU",1570.06974426374,6.87096968665227,649.505449435864,241.039203352433,7601.39906331079,293.022458105274
"DE80I","0","0","DE","Uecker-Randow","Germany","DE","DE","DEU",1046.84135406662,7.57773212639792,704.735939573393,261.602405206467,8124.35311946119,310.057088527959
"DE911","0","0","DE","Braunschweig, Kreisfreie Stadt","Germany","DE","DE","DEU",122.08529070145,161.624254389113,11611.3537034211,2466.12907136185,79647.1878669238,3116.96123864641
"DE912","0","0","DE","Salzgitter, Kreisfreie Stadt","Germany","DE","DE","DEU",173.122993199764,167.887876331326,9764.55833453731,315.733605119031,18421.8632521924,920.834484205158
"DE913","0","0","DE","Wolfsburg, Kreisfreie Stadt","Germany","DE","DE","DEU",121.148877773448,874.84484338234,49959.7183777855,751.6398588668,70245.3304400357,3866.31708410287
"DE914","0","0","DE","Gifhorn","Germany","DE","DE","DEU",1726.81895110316,24.6501831743761,1886.72569879247,471.66477965431,15227.3412984169,595.776194971197
"DE915","0","0","DE","G├Âttingen","Germany","DE","DE","DEU",1303.02552038886,87.6623350567828,6189.76570487293,1219.15321441133,40056.4018582507,1584.16964335561
"DE916","0","0","DE","Goslar","Germany","DE","DE","DEU",644.055862001805,43.5918987271185,2943.93230937121,475.227371556105,16165.8133225504,652.515836696741
"DE917","0","0","DE","Helmstedt","Germany","DE","DE","DEU",714.480211756434,16.5202655526145,1178.14819308948,236.30351441206,7830.70405794567,311.286759871192
"DE918","0","0","DE","Northeim","Germany","DE","DE","DEU",2209.68854173018,51.1007769007566,3302.99039339719,397.285450996665,14666.6653387139,618.591980238879
"DE919","0","0","DE","Osterode am Harz","Germany","DE","DE","DEU",335.401047030565,32.5286313885142,2100.25945258791,261.750841037174,9374.24693118067,389.233125088609
"DE91A","0","0","DE","Peine","Germany","DE","DE","DEU",687.237918497413,35.4942761963262,2358.62498215337,347.678872256683,12070.9720098172,492.861819213149
"DE91B","0","0","DE","Wolfenb├╝ttel","Germany","DE","DE","DEU",832.311767080232,27.7056790908863,1872.12664386942,298.690178468065,10263.6744572942,416.662023344616
"DE922","0","0","DE","Diepholz","Germany","DE","DE","DEU",4676.6031820384,77.5884768780181,5217.16295322186,787.110989258342,27801.4517378431,1145.85815990119
"DE923","0","0","DE","Hameln-Pyrmont","Germany","DE","DE","DEU",856.14319395995,82.6030012197216,5241.5968989303,574.903858861586,21234.4932679066,895.828019611634
"DE925","0","0","DE","Hildesheim","Germany","DE","DE","DEU",1159.75075987092,91.2291493327878,6166.6355366908,1001.95197983173,34005.7741124782,1370.81539935406
"DE926","0","0","DE","Holzminden","Germany","DE","DE","DEU",559.391651731426,47.4646810440152,2876.01418931312,196.812244688721,8390.93207949515,377.826348308982
"DE927","0","0","DE","Nienburg (Weser)","Germany","DE","DE","DEU",2210.01886906798,44.998461126967,3010.93495854024,447.199283030861,15756.528954018,648.551979190772
"DE928","0","0","DE","Schaumburg","Germany","DE","DE","DEU",754.170041784413,48.8966064305835,3273.17611628385,504.373065957662,17317.929022387,702.727216263905
"DE929","0","0","DE","Region Hannover","Germany","DE","DE","DEU",2273.34675657963,499.735495398548,35624.2356848613,7334.14960677657,238312.922514142,9361.42699322753
"DE931","0","0","DE","Celle","Germany","DE","DE","DEU",1468.9058008715,72.3891211556694,4738.54156218242,638.205495944704,22602.1448529873,932.901846679154
"DE932","0","0","DE","Cuxhaven","Germany","DE","DE","DEU",4308.38676445487,41.4484224738219,2997.59726845974,607.58155123469,20574.2876556285,828.29429090459
"DE933","0","0","DE","Harburg","Germany","DE","DE","DEU",1614.53939341406,30.3205482876501,2670.647485564,927.536040466003,28575.8662295796,1084.75861825884
"DE934","0","0","DE","L├╝chow-Dannenberg","Germany","DE","DE","DEU",1246.63702442668,14.5881617000833,977.786745530588,141.116373640146,5104.22003367318,213.03819975432
"DE935","0","0","DE","L├╝neburg, Landkreis","Germany","DE","DE","DEU",1411.32068628131,41.1309263051176,3081.61403853702,737.171744776931,23684.9344379599,923.90892006806
"DE936","0","0","DE","Osterholz","Germany","DE","DE","DEU",912.927769659227,17.8265905740482,1344.81627333362,325.384620810491,10494.5031179749,410.351610262679
"DE937","0","0","DE","Rotenburg (W├╝mme)","Germany","DE","DE","DEU",3478.81662121847,43.9786684403035,3215.58158648079,690.197017859219,22914.1838451673,911.886191762601
"DE938","0","0","DE","Soltau-Fallingbostel","Germany","DE","DE","DEU",1750.16245413681,40.181669506526,2941.38927420813,648.751811405247,21168.0605912639,833.645927712347
"DE939","0","0","DE","Stade","Germany","DE","DE","DEU",2937.97249703305,80.9590474784912,5359.28891127265,758.781428486801,26827.8909964841,1106.33357364115
"DE93A","0","0","DE","Uelzen","Germany","DE","DE","DEU",1998.30466119887,18.2129894672705,1401.3688100473,348.195233843892,11387.6771733474,449.108660493735
"DE93B","0","0","DE","Verden","Germany","DE","DE","DEU",1304.92528517526,64.5008815491962,4148.77744889301,496.934769468224,18084.2872258729,757.183305259073
"DE941","0","0","DE","Delmenhorst, Kreisfreie Stadt","Germany","DE","DE","DEU",91.4195249562183,17.1856972428135,1227.29157035159,254.221222604193,8255.50584235283,324.171270969199
"DE942","0","0","DE","Emden, Kreisfreie Stadt","Germany","DE","DE","DEU",123.564222111981,94.8437020981245,5625.94562593022,285.371107764791,13476.6133923056,630.943971372248
"DE943","0","0","DE","Oldenburg (Oldenburg), Kreisfreie Stadt","Germany","DE","DE","DEU",64.6116609489923,35.1537984270127,3216.06264911936,1211.13005692037,36654.7347905696,1374.66767143868
"DE944","0","0","DE","Osnabr├╝ck, Kreisfreie Stadt","Germany","DE","DE","DEU",90.7546852790764,69.7192717774489,5111.37399242769,1163.74500771533,37226.9174297368,1448.16195001427
"DE945","0","0","DE","Wilhelmshaven, Kreisfreie Stadt","Germany","DE","DE","DEU",99.9492561006487,32.0012993141727,2237.00286477927,426.866135110421,14026.1812407124,554.740398766376
"DE946","0","0","DE","Ammerland","Germany","DE","DE","DEU",2186.07464348596,39.3997134125885,2744.31782164419,494.553017589995,16796.2197351701,677.338614519741
"DE947","0","0","DE","Aurich","Germany","DE","DE","DEU",1992.2710078069,37.4570372410564,2828.3554435124,685.511195304711,22117.8576912086,865.045893609239
"DE948","0","0","DE","Cloppenburg","Germany","DE","DE","DEU",5881.83825356548,86.5979523962902,5554.2508233441,608.931902564854,23442.6601684647,1009.20224109677
"DE949","0","0","DE","Emsland","Germany","DE","DE","DEU",7495.64181827194,241.020436250099,15075.8402607693,1412.4112069531,55373.2560261728,2404.16249392169
"DE94A","0","0","DE","Friesland (D)","Germany","DE","DE","DEU",1158.47385699045,27.6489583429965,1914.98068295611,340.32798405177,11518.595718181,463.589529796506
"DE94B","0","0","DE","Grafschaft Bentheim","Germany","DE","DE","DEU",2590.75904504766,55.7404160088732,3692.52382083645,519.128198101846,18490.9955964295,765.563713741918
"DE94C","0","0","DE","Leer","Germany","DE","DE","DEU",1764.60712152879,26.9777714102983,2170.63091565508,620.888394095194,19638.0518387067,758.454692382902
"DE94D","0","0","DE","Oldenburg, Landkreis","Germany","DE","DE","DEU",2332.07456621399,35.2878855691173,2414.69529120202,396.811476290803,13797.5510596662,563.827915480796
"DE94E","0","0","DE","Osnabr├╝ck, Landkreis","Germany","DE","DE","DEU",4483.55485442031,159.786444975124,10288.1554259468,1228.34920374679,44974.2862734576,1888.93895627079
"DE94F","0","0","DE","Vechta","Germany","DE","DE","DEU",4449.72950124758,95.3048314305136,6105.00928463079,683.592934797451,25777.3077239532,1098.7050792283
"DE94G","0","0","DE","Wesermarsch","Germany","DE","DE","DEU",1334.32497498336,56.1259666128418,3453.17222169547,276.937446942473,11323.6366355561,500.980431130529
"DE94H","0","0","DE","Wittmund","Germany","DE","DE","DEU",1020.18023003886,10.8825222262217,836.771066846252,209.297346162485,6804.9956968039,267.415148935271
"DEA11","0","0","DE","D├╝sseldorf, Kreisfreie Stadt","Germany","DE","DE","DEU",348.652601674703,272.756443816409,23204.4639320505,7688.9366359129,235452.253396349,8901.45437611154
"DEA12","0","0","DE","Duisburg, Kreisfreie Stadt","Germany","DE","DE","DEU",70.2276291298234,197.266744993365,13363.2273451147,2220.11277887166,74575.1097838619,2988.30427785371
"DEA13","0","0","DE","Essen, Kreisfreie Stadt","Germany","DE","DE","DEU",173.052995283112,208.078025614089,15350.4819208109,3567.61389764016,113788.067330561,4418.21840641046
"DEA14","0","0","DE","Krefeld, Kreisfreie Stadt","Germany","DE","DE","DEU",308.932391386305,144.562883845133,9185.33795627087,1030.23989470146,37613.3236606073,1577.47142801703
"DEA15","0","0","DE","M├Ânchengladbach, Kreisfreie Stadt","Germany","DE","DE","DEU",251.221795333613,75.8996885457546,5515.19269389555,1217.14015696978,39132.3780397728,1527.13026602134
"DEA16","0","0","DE","M├╝lheim an der Ruhr,Kreisfreie Stadt","Germany","DE","DE","DEU",32.1694131402817,63.3527147786626,4357.97551470489,777.754850532929,25806.5538762757,1026.64716253025
"DEA17","0","0","DE","Oberhausen, Kreisfreie Stadt","Germany","DE","DE","DEU",15.2397531397761,49.364051258405,3566.97831997429,773.568752530244,24904.6351528111,972.715868355173
"DEA18","0","0","DE","Remscheid, Kreisfreie Stadt","Germany","DE","DE","DEU",55.3507742590619,77.5390114542324,4788.64860042187,418.735354941225,16319.044784642,706.580690037681
"DEA19","0","0","DE","Solingen, Kreisfreie Stadt","Germany","DE","DE","DEU",34.1434603597304,61.1735500245776,4089.49491619514,635.040683631878,21598.5271098176,871.717156776821
"DEA1A","0","0","DE","Wuppertal, Kreisfreie Stadt","Germany","DE","DE","DEU",69.7730185417391,175.180037435116,11443.742212782,1557.62843871389,54373.0421666012,2226.71987190687
"DEA1B","0","0","DE","Kleve","Germany","DE","DE","DEU",6739.13952702267,89.0783967337481,6338.74687256526,1230.67833063843,41559.1586662645,1670.4569329837
"DEA1C","0","0","DE","Mettmann","Germany","DE","DE","DEU",297.267410911541,238.770500509788,16008.5581146064,2522.51251156475,85591.2454787521,3449.79016495303
"DEA1D","0","0","DE","Rhein-Kreis Neuss","Germany","DE","DE","DEU",1233.6399480013,287.524535092346,18218.4720347475,1993.3205832472,73338.0858029053,3087.85083392566
"DEA1E","0","0","DE","Viersen","Germany","DE","DE","DEU",2343.1636208126,78.8474429809964,5650.00459803368,1165.24004119876,38231.0572978854,1510.69047172937
"DEA1F","0","0","DE","Wesel","Germany","DE","DE","DEU",2038.79329264281,154.188617642942,10429.0807172328,1699.15847904814,57654.0611080252,2323.77051960812
"DEA22","0","0","DE","Bonn, Kreisfreie Stadt","Germany","DE","DE","DEU",70.834553872025,55.1845226541962,7391.24674853397,4191.89514450322,123135.753905557,4521.19492666469
"DEA23","0","0","DE","K├Âln, Kreisfreie Stadt","Germany","DE","DE","DEU",262.920748015836,426.45530090738,33574.9295820605,9379.70945509888,292411.396040268,11187.7220656245
"DEA24","0","0","DE","Leverkusen, Kreisfreie Stadt","Germany","DE","DE","DEU",44.3638729667231,176.058805746419,10686.3088642291,769.067657932258,31833.5949630979,1415.81831479255
"DEA26","0","0","DE","D├╝ren","Germany","DE","DE","DEU",1272.38783396005,86.199006900179,5895.34856941928,1012.06922241932,34038.1979901565,1364.93072757202
"DEA27","0","0","DE","Rhein-Erft-Kreis","Germany","DE","DE","DEU",1212.20868407106,226.39134407698,14828.5100804224,2039.83958896381,71263.2533451571,2919.70911428485
"DEA28","0","0","DE","Euskirchen","Germany","DE","DE","DEU",1078.71014638731,56.0612548515442,3869.79142765463,690.456003967718,23111.1762889335,924.179986806991
"DEA29","0","0","DE","Heinsberg","Germany","DE","DE","DEU",1381.92767337964,70.4318151095937,4853.70234532686,859.289870328729,28807.2352834454,1153.00700867213
"DEA2A","0","0","DE","Oberbergischer Kreis","Germany","DE","DE","DEU",783.068682548722,178.202829719395,11073.8640551663,1022.45965194225,39358.3617099359,1694.28282381938
"DEA2B","0","0","DE","Rheinisch-Bergischer Kreis","Germany","DE","DE","DEU",345.84818532502,79.5496273219671,5561.26790589375,1060.56599433474,34870.5206594167,1379.66480994631
"DEA2C","0","0","DE","Rhein-Sieg-Kreis","Germany","DE","DE","DEU",1950.05511782531,146.219443311396,10608.665446644,2313.72426634494,74792.910822649,2928.64023973951
"DEA2D","0","0","DE","St├ñdteregion Aachen","Germany","DE","DE","DEU",665.817086140826,268.644418100196,17826.4379234856,2653.77914729532,91087.5175170909,3695.43156478611
"DEA31","0","0","DE","Bottrop, Kreisfreie Stadt","Germany","DE","DE","DEU",239.164149555867,25.5540688099456,1827.25978818959,379.242962901238,12331.4736138595,484.611364828703
"DEA32","0","0","DE","Gelsenkirchen, Kreisfreie Stadt","Germany","DE","DE","DEU",32.993483251446,98.8797936578383,6605.17517858604,1021.80099173755,34773.3365894859,1403.92845897343
"DEA33","0","0","DE","M├╝nster, Kreisfreie Stadt","Germany","DE","DE","DEU",479.505753068361,80.3467683220031,7269.24559061321,2685.19491642213,81468.8236935102,3060.5669967174
"DEA34","0","0","DE","Borken","Germany","DE","DE","DEU",4585.25599494186,210.471271162107,13495.4806792727,1576.79775164037,57795.0038036754,2428.76004086345
"DEA35","0","0","DE","Coesfeld","Germany","DE","DE","DEU",3054.77258932895,67.4147987880325,4640.19051851501,799.07381070848,27251.4183533583,1101.57402624605
"DEA36","0","0","DE","Recklinghausen","Germany","DE","DE","DEU",964.972244752004,188.220842450677,12697.3940186777,2057.14732383903,69584.549609433,2799.62723561778
"DEA37","0","0","DE","Steinfurt","Germany","DE","DE","DEU",3902.99658228166,191.243012214411,12608.251643186,1773.4434545307,62219.0962045271,2555.06306427539
"DEA38","0","0","DE","Warendorf","Germany","DE","DE","DEU",3392.57823713201,136.919509696431,8708.08335591836,951.878935105008,35564.2397845104,1508.98887988878
"DEA41","0","0","DE","Bielefeld, Kreisfreie Stadt","Germany","DE","DE","DEU",203.819757811047,134.573139885177,9439.80952163694,1829.26218591998,59918.9800055999,2365.32956560412
"DEA42","0","0","DE","G├╝tersloh","Germany","DE","DE","DEU",1919.68137966059,338.941907459442,20866.1995958438,1748.35013855942,69322.4935737804,3025.39578691877
"DEA43","0","0","DE","Herford","Germany","DE","DE","DEU",492.846389612844,142.246562478499,8949.47854008316,925.07415073035,34509.6060515428,1463.12418165774
"DEA44","0","0","DE","H├Âxter","Germany","DE","DE","DEU",1512.65756356708,42.1110353343255,2891.22829619528,496.111220802137,16856.2529743453,679.923962897389
"DEA45","0","0","DE","Lippe","Germany","DE","DE","DEU",1055.09951196019,156.544287336885,10080.7784913108,1239.32705414275,44418.3272662423,1845.05206671565
"DEA46","0","0","DE","Minden-L├╝bbecke","Germany","DE","DE","DEU",1810.63544170017,182.209534500788,11806.5767117363,1507.91626207076,53690.9308248457,2222.4691540331
"DEA47","0","0","DE","Paderborn","Germany","DE","DE","DEU",1879.18206113199,141.585209375205,9348.64020184022,1337.32193166879,46557.9417167454,1903.86599558907
"DEA51","0","0","DE","Bochum, Kreisfreie Stadt","Germany","DE","DE","DEU",33.3690857973932,79.9802375612962,6328.2674256883,1790.00008480792,55721.555149179,2129.86647289658
"DEA52","0","0","DE","Dortmund, Kreisfreie Stadt","Germany","DE","DE","DEU",125.878973106267,171.675093498773,13033.7391048983,3304.20414494114,104208.660709505,4017.27224547809
"DEA53","0","0","DE","Hagen, Kreisfreie Stadt","Germany","DE","DE","DEU",42.7263176246461,76.3657778084476,5107.72404128961,795.309173044607,27035.733728759,1090.84620383784
"DEA54","0","0","DE","Hamm, Kreisfreie Stadt","Germany","DE","DE","DEU",314.836086493716,56.3655711283291,3876.74571968016,688.435722100415,22916.5475397396,913.41868877238
"DEA55","0","0","DE","Herne, Kreisfreie Stadt","Germany","DE","DE","DEU",16.2313981369969,43.2462317438422,2964.8262887229,521.156963135098,17335.5974725278,690.67341571035
"DEA56","0","0","DE","Ennepe-Ruhr-Kreis","Germany","DE","DE","DEU",293.467820822955,161.935978897631,10225.6721715305,1092.48445281328,40359.8168925462,1702.84794909202
"DEA57","0","0","DE","Hochsauerlandkreis","Germany","DE","DE","DEU",2235.37414485095,160.962092575003,10136.5191383089,1038.75111861954,39157.520817821,1668.75345277444
"DEA58","0","0","DE","M├ñrkischer Kreis","Germany","DE","DE","DEU",837.833153149787,326.97505357691,19762.7643784476,1338.58946087502,56703.7516495194,2546.5154493304
"DEA59","0","0","DE","Olpe","Germany","DE","DE","DEU",514.307364095657,123.891695057171,7447.92944247452,465.822153375812,20339.9500075691,924.703408268043
"DEA5A","0","0","DE","Siegen-Wittgenstein","Germany","DE","DE","DEU",434.098042271556,190.699951170229,11948.1938411539,1193.89729708627,44893.4753966035,1910.85570638218
"DEA5B","0","0","DE","Soest","Germany","DE","DE","DEU",2044.66861392371,183.304981052189,11522.1801130264,1167.23030665665,44042.2416122649,1877.78642258195
"DEA5C","0","0","DE","Unna","Germany","DE","DE","DEU",793.573644332068,152.050536984182,10064.8072579794,1473.44609059231,50820.40659814,2067.42241276195
"DEB11","0","0","DE","Koblenz, Kreisfreie Stadt","Germany","DE","DE","DEU",137.259321027397,43.8192797428925,3646.21347704977,1154.572202731,35531.9501342344,1347.83446766278
"DEB12","0","0","DE","Ahrweiler","Germany","DE","DE","DEU",485.246773722143,32.7173145566929,2320.21300607683,464.86842260007,15231.8974747336,601.400100207036
"DEB13","0","0","DE","Altenkirchen (Westerwald)","Germany","DE","DE","DEU",418.426591158323,58.4956277535677,3685.0799856102,382.886756631074,14305.4709175162,606.980401293612
"DEB14","0","0","DE","Bad Kreuznach","Germany","DE","DE","DEU",916.398521097923,54.9352576940723,3688.90292721954,577.185119702674,19771.9254443769,801.252851565474
"DEB15","0","0","DE","Birkenfeld","Germany","DE","DE","DEU",328.63146272659,29.5482832762702,1969.03021848378,297.355060940582,10226.6481587125,415.3611090016
"DEB16","0","0","DE","Cochem-Zell","Germany","DE","DE","DEU",519.228634119328,12.9460676154964,1020.20512802409,280.386580099496,8854.94573460962,341.660654901339
"DEB17","0","0","DE","Mayen-Koblenz","Germany","DE","DE","DEU",648.112839100397,97.7233425918897,6290.32314136577,771.182872608376,27655.4005892994,1149.09568214914
"DEB18","0","0","DE","Neuwied","Germany","DE","DE","DEU",531.960471277592,99.9425677983222,6304.12028509936,663.881640605841,24682.6000136316,1044.73000923408
"DEB19","0","0","DE","Rhein-Hunsr├╝ck-Kreis","Germany","DE","DE","DEU",795.893724748337,46.5157917108693,3072.65063401335,438.769647701601,15315.0177505067,627.159680559706
"DEB1A","0","0","DE","Rhein-Lahn-Kreis","Germany","DE","DE","DEU",485.414356676968,38.3952443534504,2592.18633319661,418.644729473198,14224.1924199313,573.755584583013
"DEB1B","0","0","DE","Westerwaldkreis","Germany","DE","DE","DEU",679.334924957686,87.2504472025782,5760.6651509629,828.735682425629,28726.9772306814,1171.89927885541
"DEB21","0","0","DE","Trier, Kreisfreie Stadt","Germany","DE","DE","DEU",110.451579396502,42.6543871033041,3070.93555240117,656.455111130387,21196.3584632276,829.394351489183
"DEB22","0","0","DE","Bernkastel-Wittlich","Germany","DE","DE","DEU",872.700127930689,55.59266123782,3536.16764939511,392.175336848769,14501.3099299342,612.11315900565
"DEB23","0","0","DE","Bitburg-Pr├╝m","Germany","DE","DE","DEU",1349.27994898687,49.072681068575,3075.26877385401,295.04483684664,11452.6199867438,494.949496611595
"DEB24","0","0","DE","Daun","Germany","DE","DE","DEU",530.634135083301,28.1062286829331,1819.96945324063,228.802882141108,8223.79320657951,342.111803343335
"DEB25","0","0","DE","Trier-Saarburg","Germany","DE","DE","DEU",765.978147430094,35.8512214980022,2404.29483272558,371.891841428685,12800.1091109069,520.111665785366
"DEB31","0","0","DE","Frankenthal (Pfalz), Kreisfreie Stadt","Germany","DE","DE","DEU",295.863326747887,25.0047470559102,1612.59206013026,198.979194038003,7149.81148607188,297.38939648712
"DEB32","0","0","DE","Kaiserslautern, Kreisfreie Stadt","Germany","DE","DE","DEU",102.861572064991,53.2222842286095,3619.51519695271,611.934341417784,20508.0439834056,820.675066665205
"DEB33","0","0","DE","Landau in der Pfalz, Kreisfreie Stadt","Germany","DE","DE","DEU",266.717331143141,13.0169686257137,1023.29235721105,282.12191362416,8857.7784230741,340.478192774829
"DEB34","0","0","DE","Ludwigshafen am Rhein, Kreisfreie Stadt","Germany","DE","DE","DEU",271.963187575391,400.877049404768,23430.5271659212,867.834803142708,47221.6349863813,2314.49862944366
"DEB35","0","0","DE","Mainz, Kreisfreie Stadt","Germany","DE","DE","DEU",277.297937636708,69.9370420343286,5751.03581729227,1775.2183548123,54788.2937957689,2082.26396048049
"DEB36","0","0","DE","Neustadt an der Weinstra├ƒe, Kreisfreie Stadt","Germany","DE","DE","DEU",537.329069825243,6.88415593270705,646.360802152691,247.933113961871,7591.75298901561,286.999077061016
"DEB37","0","0","DE","Pirmasens, Kreisfreie Stadt","Germany","DE","DE","DEU",56.2055662085374,16.3060669470782,1113.65372926263,191.840038715619,6412.95105751518,256.247336627203
"DEB38","0","0","DE","Speyer, Kreisfreie Stadt","Germany","DE","DE","DEU",29.0358743889962,38.0380276762211,2464.82412266096,318.488936944409,11244.157163504,463.322068125034
"DEB39","0","0","DE","Worms, Kreisfreie Stadt","Germany","DE","DE","DEU",539.551725233927,56.3772975567049,3522.06345420092,338.703421478313,12946.5877392451,555.455747152144
"DEB3A","0","0","DE","Zweibr├╝cken, Kreisfreie Stadt","Germany","DE","DE","DEU",69.8304843152,33.1099784282685,2021.76225798484,155.799342149824,6318.86776387366,278.56922765302
"DEB3B","0","0","DE","Alzey-Worms","Germany","DE","DE","DEU",2829.29766327981,34.3887872520816,2349.81376848597,377.654931827014,13298.9430935528,547.233618297731
"DEB3C","0","0","DE","Bad D├╝rkheim","Germany","DE","DE","DEU",1874.89851434214,22.094936056866,1650.29344536721,379.444001774302,12473.8392509199,493.485152543776
"DEB3D","0","0","DE","Donnersbergkreis","Germany","DE","DE","DEU",640.545581663336,40.3689926660566,2489.04167570197,207.698601047827,8324.07599347926,365.039689042001
"DEB3E","0","0","DE","Germersheim","Germany","DE","DE","DEU",1070.2334028495,131.182396887786,7766.31281380219,370.561979468879,18129.5113922633,859.249803484768
"DEB3F","0","0","DE","Kaiserslautern, Landkreis","Germany","DE","DE","DEU",435.610214321149,16.7763442949132,1258.63856157897,303.806826522248,9722.04041342172,378.284706885895
"DEB3G","0","0","DE","Kusel","Germany","DE","DE","DEU",410.33937013793,10.3295400233782,755.729310853253,166.77789956918,5433.80575357654,213.803675744754
"DEB3H","0","0","DE","S├╝dliche Weinstra├ƒe","Germany","DE","DE","DEU",2174.68835157161,39.5564910561622,2590.78720319758,335.950968572572,12260.5202039406,514.092576488082
"DEB3I","0","0","DE","Rhein-Pfalz-Kreis","Germany","DE","DE","DEU",2174.33128164347,18.4647762170518,1488.22773957817,417.450725791195,13420.4904509125,523.706433051498
"DEB3J","0","0","DE","Mainz-Bingen","Germany","DE","DE","DEU",2371.93398294112,97.9613723172783,6459.58579076028,905.731801562193,31868.8110442602,1310.77660589401
"DEB3K","0","0","DE","S├╝dwestpfalz","Germany","DE","DE","DEU",509.827400604636,14.692536845887,1034.82164038429,198.76893752452,6612.85285072142,263.490088821955
"DEC01","0","0","DE","Stadtverband Saarbr├╝cken","Germany","DE","DE","DEU",152.268517159186,152.343034072907,10440.6973895588,1831.5026008004,60961.8656888215,2429.73100569904
"DEC02","0","0","DE","Merzig-Wadern","Germany","DE","DE","DEU",167.151695255325,26.7195263501749,1868.29293704313,356.039026520976,11717.326584152,463.864373272776
"DEC03","0","0","DE","Neunkirchen","Germany","DE","DE","DEU",79.0043278137742,37.9545988241014,2556.44780892815,412.13511827501,13931.4603080597,560.294606031344
"DEC04","0","0","DE","Saarlouis","Germany","DE","DE","DEU",150.443075149664,97.4676668437459,6140.76139894789,644.169080270546,23903.5339384858,1010.78005895461
"DEC05","0","0","DE","Saarpfalz-Kreis","Germany","DE","DE","DEU",109.040800844092,88.2476843171365,5572.62751643551,595.983468636927,22002.0392389779,927.974062802635
"DEC06","0","0","DE","St. Wendel","Germany","DE","DE","DEU",143.130377963837,36.8981173051344,2376.44172233197,293.561022919463,10489.7670440946,435.031387076478
"DED21","0","0","DE","Dresden, Kreisfreie Stadt","Germany","DE","DE","DEU",184.396459515934,200.985509641628,14485.7907765027,3111.99923084977,100347.421293339,3923.19045666415
"DED2C","0","0","DE","Bautzen","Germany","DE","DE","DEU",1532.14300348734,109.835368014682,7163.08159772492,949.486655520952,33613.8244073311,1387.13347970182
"DED2D","0","0","DE","G├Ârlitz","Germany","DE","DE","DEU",1268.53910103332,123.438315747754,7721.9104170235,750.797385209229,28627.7646513593,1226.78368419867
"DED2E","0","0","DE","Mei├ƒen","Germany","DE","DE","DEU",1685.02765992304,89.4090725367058,5857.10623478169,793.948096826677,28053.2318681878,1156.46409669531
"DED2F","0","0","DE","S├ñchsische Schweiz-Osterzgebirge","Germany","DE","DE","DEU",1493.67693139221,71.4419666328,4753.37813014607,704.520201305314,24453.5673434068,998.300688771028
"DED41","0","0","DE","Chemnitz, Kreisfreie Stadt","Germany","DE","DE","DEU",134.851328682299,84.3828795566875,6000.21085644799,1226.20205156806,39840.6672792119,1564.95051372272
"DED42","0","0","DE","Erzgebirgskreis","Germany","DE","DE","DEU",1610.6058805857,109.221887391792,7123.38217845771,943.58505480421,33426.452445206,1379.87922562518
"DED43","0","0","DE","Mittelsachsen","Germany","DE","DE","DEU",2666.05167452976,112.160343694527,7331.78194013811,974.872514051626,34698.4193793853,1436.01270100799
"DED44","0","0","DE","Vogtlandkreis","Germany","DE","DE","DEU",1159.81558839617,74.2455840024455,4910.69932527574,707.667226166174,24632.5660503506,1007.18597836799
"DED45","0","0","DE","Zwichau","Germany","DE","DE","DEU",1077.16990174526,173.21611984048,10813.6215199085,1039.10822330967,39616.7658326306,1697.60738269597
"DED51","0","0","DE","Leipzig, Kreisfreie Stadt","Germany","DE","DE","DEU",151.142810908326,162.937101641451,12415.9047663479,3180.2423122746,100177.286971156,3858.82918732093
"DED52","0","0","DE","Leipzig","Germany","DE","DE","DEU",1303.8469573917,88.4549615091228,5831.35687121987,825.169005420336,28817.5441697124,1180.44449042209
"DED53","0","0","DE","Nordhausen","Germany","DE","DE","DEU",1689.9717981831,57.4127555989303,3978.36596343052,715.983297421695,24040.4679178862,963.095831676109
"DEE01","0","0","DE","Dessau-Ro├ƒlau, Kreisfreie Stadt","Germany","DE","DE","DEU",122.124354302206,21.9353983994594,1562.99749319703,321.016162232511,10438.9703720807,410.25770683887
"DEE02","0","0","DE","Halle (Saale), Kreisfreie Stadt","Germany","DE","DE","DEU",20.5803154044281,32.5502955633929,3018.33667282056,1161.39292193746,35076.5600159609,1313.59079022035
"DEE03","0","0","DE","Magdeburg, Kreisfreie Stadt","Germany","DE","DE","DEU",114.061464655006,42.7192433908014,3695.53328168289,1263.50074845432,38585.6096818879,1456.05241266246
"DEE04","0","0","DE","Altmarkkreis Salzwedel","Germany","DE","DE","DEU",1791.2921708017,23.6052187911019,1589.11043348516,237.471437138161,8475.18983868521,351.255799447944
"DEE05","0","0","DE","Anhalt-Bitterfeld","Germany","DE","DE","DEU",1641.29110685718,96.1560898205443,5904.03489540097,469.391635998035,19125.1485957192,844.835198755289
"DEE06","0","0","DE","Jerichower Land","Germany","DE","DE","DEU",1412.04548632636,29.0470112864238,1935.64807766522,281.055987884864,9949.97304117701,410.603106635406
"DEE07","0","0","DE","B├Ârde","Germany","DE","DE","DEU",2549.73051612636,85.3971695570791,5350.97854092302,510.708837995014,19892.3569933895,861.074139288837
"DEE08","0","0","DE","Burgenland (D)","Germany","DE","DE","DEU",1237.47762402478,62.0662743414618,4060.84004076302,545.492334497586,19325.8204778708,797.829754178335
"DEE09","0","0","DE","Harz","Germany","DE","DE","DEU",1524.81161499792,67.9777304927732,4482.71042952882,630.007427569436,22133.0694499379,909.579120258802
"DEE0A","0","0","DE","Mansfeld-S├╝dharz","Germany","DE","DE","DEU",1075.77701434351,36.4655264326432,2422.7975751178,353.004716197766,12355.7408634696,506.746822365933
"DEE0B","0","0","DE","Saalekreis","Germany","DE","DE","DEU",1478.39962889068,124.855344420116,7687.08693282079,636.683299217397,25480.8038328822,1116.71719794197
"DEE0C","0","0","DE","Salzland","Germany","DE","DE","DEU",1455.49988664027,77.4968527369979,4931.87934633308,546.58734830065,20259.9385208923,856.230130313266
"DEE0D","0","0","DE","Stendal","Germany","DE","DE","DEU",1769.75273695304,33.6220674077974,2283.93495343009,366.365461485066,12719.7468233993,519.351511561181
"DEE0E","0","0","DE","Wittenberg","Germany","DE","DE","DEU",1278.15534169317,44.7503788722588,2905.15378070872,367.066579195263,13260.3219765824,553.09494297622
"DEF01","0","0","DE","Flensburg, Kreisfreie Stadt","Germany","DE","DE","DEU",5.17074291599352,35.9091531535577,2547.65677154041,516.744977158224,16798.6269867589,660.071543080899
"DEF02","0","0","DE","Kiel, Kreisfreie Stadt","Germany","DE","DE","DEU",32.2985672375201,83.0190407504062,6420.76291760922,1713.39503310502,53696.6250866346,2061.5379126498
"DEF03","0","0","DE","L├╝beck, Kreisfreie Stadt","Germany","DE","DE","DEU",143.995640486002,88.8271614616786,6339.7160203348,1313.72380698306,42596.379493138,1671.07030946134
"DEF04","0","0","DE","Neum├╝nster, Kreisfreie Stadt","Germany","DE","DE","DEU",143.90802979122,32.3940685856407,2314.73093197934,480.812202404263,15601.8267146532,612.352981826604
"DEF05","0","0","DE","Dithmarschen","Germany","DE","DE","DEU",2693.60483594511,70.9079304835703,4520.34311859416,493.621891398539,18625.4713248058,794.11619135594
"DEF06","0","0","DE","Herzogtum Lauenburg","Germany","DE","DE","DEU",1217.47293729684,46.3407301564187,3247.46114389717,614.934202797221,20435.2049851176,813.699432802167
"DEF07","0","0","DE","Nordfriesland","Germany","DE","DE","DEU",3057.16841262547,40.1472064156118,3125.87685383301,817.480611216217,26261.293085552,1024.31245217594
"DEF08","0","0","DE","Ostholstein","Germany","DE","DE","DEU",1392.28719963451,35.5324482063864,2822.95170095284,792.236951780393,24946.4738733268,960.716315483374
"DEF09","0","0","DE","Pinneberg","Germany","DE","DE","DEU",1591.33644295878,119.140713218909,7902.51363919791,1160.26804521811,40180.1599741305,1638.24325186037
"DEF0A","0","0","DE","Pl├Ân","Germany","DE","DE","DEU",1334.30670997973,18.9983816949314,1470.59308509297,379.574889759388,12196.4494253204,475.784958000232
"DEF0B","0","0","DE","Rendsburg-Eckernf├Ârde","Germany","DE","DE","DEU",2720.93161728527,52.4344629612519,4181.824084241,1177.88415592047,37198.9996048708,1435.29220252585
"DEF0C","0","0","DE","Schleswig-Flensburg","Germany","DE","DE","DEU",3001.56684354075,38.620214862018,2965.62655194143,745.325144586912,24098.6814021469,943.756704797814
"DEF0D","0","0","DE","Segeberg","Germany","DE","DE","DEU",1583.16603830825,100.704980977724,6835.81328929699,1130.90509031782,38311.4448527089,1542.74175314716
"DEF0E","0","0","DE","Steinburg","Germany","DE","DE","DEU",1597.31853422668,72.4501647138774,4600.17099208436,498.240005096588,18622.971734049,790.332587222914
"DEF0F","0","0","DE","Stormarn","Germany","DE","DE","DEU",880.811372366252,98.670534369343,6648.23219168421,1066.62110523945,36215.8734978898,1460.26021306648
"DEG01","0","0","DE","Erfurt, Kreisfreie Stadt","Germany","DE","DE","DEU",301.553916250059,44.0256500193657,3788.33453126697,1280.47368013049,39182.1343417999,1480.5725364888
"DEG02","0","0","DE","Gera, Kreisfreie Stadt","Germany","DE","DE","DEU",76.3917208981107,16.622598901232,1336.60778623312,392.205662706733,12172.8151715617,464.370971085687
"DEG03","0","0","DE","Jena, Kreisfreie Stadt","Germany","DE","DE","DEU",6.7016304754918,59.2115638829675,3970.02467063505,626.374999635241,21235.6255828227,855.497099929962
"DEG04","0","0","DE","Suhl, Kreisfreie Stadt","Germany","DE","DE","DEU",11.2129196177112,9.86768124400352,722.962117891702,164.263956029075,5255.78869110464,204.483718014176
"DEG05","0","0","DE","Weimar, Kreisfreie Stadt","Germany","DE","DE","DEU",21.4472508513845,11.9500459104625,969.281220727329,290.506356954252,8989.1563342035,342.231285579115
"DEG06","0","0","DE","Eichsfeld","Germany","DE","DE","DEU",641.634233436945,36.4239287802325,2358.05735080853,296.492229245277,10647.6293063633,442.74520141919
"DEG07","0","0","DE","Nordhausen","Germany","DE","DE","DEU",589.476566961772,28.001852496743,1848.1831081161,261.51481695931,9166.64677879977,376.24835878127
"DEG09","0","0","DE","Unstrut-Hainich-Kreis","Germany","DE","DE","DEU",904.001449100445,27.3671335378747,1877.71801287999,322.024551837108,10927.5191237364,440.459416980386
"DEG0A","0","0","DE","Kyffh├ñuserkreis","Germany","DE","DE","DEU",911.731886633998,20.7226049702625,1376.31837160348,196.998908728382,6978.67629509361,288.087120754079
"DEG0B","0","0","DE","Schmalkalden-Meiningen","Germany","DE","DE","DEU",627.550976970878,54.0209646990844,3422.4741273231,369.956956147515,13728.1948604811,580.507704263601
"DEG0C","0","0","DE","Gotha","Germany","DE","DE","DEU",922.647642899678,57.3556642595739,3674.5000191154,429.987147692992,15692.367651519,657.992449176404
"DEG0D","0","0","DE","S├Âmmerda","Germany","DE","DE","DEU",736.977592732996,32.3919814733071,2013.15939988451,179.949821365059,7104.78379306101,309.470149211678
"DEG0E","0","0","DE","Hildburghausen","Germany","DE","DE","DEU",570.778770694617,23.8859262795787,1501.4279775623,148.953909799957,5710.20357889726,245.32930399307
"DEG0F","0","0","DE","Ilm-Kreis","Germany","DE","DE","DEU",656.577675824624,59.992050518636,3704.8393980343,317.47924211578,12563.5082336345,547.813519148973
"DEG0G","0","0","DE","Weimarer Land","Germany","DE","DE","DEU",875.930889970333,21.649668713067,1474.56734018432,242.462749396342,8325.09300758562,337.815764621513
"DEG0H","0","0","DE","Sonneberg","Germany","DE","DE","DEU",351.72652029118,32.9465052079159,2001.35075808187,141.911177514072,5968.7556573475,267.259959364661
"DEG0I","0","0","DE","Saalfeld-Rudolstadt","Germany","DE","DE","DEU",474.363775314174,48.0855268635912,3014.60672711522,299.061429981254,11336.6493538347,484.439523279831
"DEG0J","0","0","DE","Saale-Holzland-Kreis","Germany","DE","DE","DEU",661.900364420946,24.6122846595349,1628.72060863588,232.531546910288,8162.51293500773,335.297367496672
"DEG0K","0","0","DE","Saale-Orla-Kreis","Germany","DE","DE","DEU",938.881473770556,42.0410885431706,2624.41481983203,245.042668764569,9546.65979559187,413.286135174202
"DEG0L","0","0","DE","Greiz","Germany","DE","DE","DEU",838.197901856513,30.6233938956232,2014.69607935117,277.625051932941,9823.98794684379,405.303829140743
"DEG0M","0","0","DE","Altenburger Land","Germany","DE","DE","DEU",521.825350939063,26.3331938472169,1726.00295186511,234.491591240241,8286.24756998838,341.608467258124
"DEG0N","0","0","DE","Eisenach, Kreisfreie Stadt","Germany","DE","DE","DEU",52.8592809122383,27.8598519569722,1747.54167241897,176.483202335311,6615.57953683284,281.156464399338
"DEG0P","0","0","DE","Wartburgkreis","Germany","DE","DE","DEU",748.148837158356,65.3380559077791,4017.25990391532,328.099185185291,13183.6404277539,578.818129314543
"DK011","0","0","DK","Byen K├©benhavn","Denmark","DK","DK","DNK",54.5732949585403,1927.36124022236,15246.8456079756,16603.6756281825,193628.593224485,8230.22213938804
"DK012","0","0","DK","K├©benhavns omegn","Denmark","DK","DK","DNK",130.322364666474,9853.57290956242,41031.3914788548,9969.83358739222,139851.228274375,6551.32399922143
"DK013","0","0","DK","Nordsj├ªlland","Denmark","DK","DK","DNK",500.034801349244,3868.25418772832,16447.4386367262,4592.45421527713,62700.4187079626,2900.40245991515
"DK014","0","0","DK","Bornholm","Denmark","DK","DK","DNK",831.86412549215,131.542896559195,669.366054574614,360.284062814796,4628.25151521388,207.704946000461
"DK021","0","0","DK","├ÿstsj├ªlland","Denmark","DK","DK","DNK",674.421787184136,923.70743680281,4578.21933240999,2404.06026413546,29929.6880267658,1320.90701909404
"DK022","0","0","DK","Vest- og Sydsj├ªlland","Denmark","DK","DK","DNK",6280.94112503925,3819.07355478855,16414.5323247584,4755.04057320892,65689.5605027323,3055.5852864431
"DK031","0","0","DK","Fyn","Denmark","DK","DK","DNK",4322.25057444562,2256.54219186814,10739.8424607881,4907.98588555122,62758.2182246063,2809.65720890389
"DK032","0","0","DK","Sydjylland","Denmark","DK","DK","DNK",8966.89220605,6293.1816291235,27268.4215823682,8314.75123038928,113377.420835506,5241.476276144
"DK041","0","0","DK","Vestjylland","Denmark","DK","DK","DNK",8614.47792512193,4178.86196798091,17701.5162786387,4635.46817522421,65823.4411142333,3100.60412795149
"DK042","0","0","DK","├ÿstjylland","Denmark","DK","DK","DNK",4430.77498695959,4520.58725907736,21883.1870647353,10678.4830535042,134392.021493086,5966.13469555441
"DK050","0","0","DK","Nordjylland","Denmark","DK","DK","DNK",8430.54956474718,3710.79770001387,16651.1266140767,5989.83509845584,79881.8840862644,3653.4908456654
"EE001","0","0","EE","P├Áhja-Eesti","Estonia","EE","EE","EST",335.411855044555,795.836083810893,13532.3019878119,6770.83648744901,55120.9408066727,3047.4155963958
"EE004","0","0","EE","L├ñ├ñne-Eesti","Estonia","EE","EE","EST",647.000595780476,133.569437643556,2053.98681217339,530.244056922442,4859.90956529284,293.919203630546
"EE006","0","0","EE","Kesk-Eesti","Estonia","EE","EE","EST",1775.2327734449,144.788336176124,2150.20286389445,331.130708137177,3712.08034639985,252.438897706793
"EE007","0","0","EE","Kirde-Eesti","Estonia","EE","EE","EST",82.5734321678987,236.803289788428,3410.11101319404,354.457910392731,3964.64453892567,269.31282927399
"EE008","0","0","EE","L├Áuna-Eesti","Estonia","EE","EE","EST",1687.60320905754,295.817589981019,4672.85322010886,1499.02279207227,13258.3565880567,782.00459827062
"EL111","0","0","EL","Evros","Greece","EL","GR","GRC",562.324274889759,155.556442114971,808.47395336537,370.266430572956,8937.93138296608,235.483284833974
"EL112","0","0","EL","Xanthi","Greece","EL","GR","GRC",383.221055498473,148.061416392752,632.552798277684,201.923913674586,5159.6056001809,140.878542460129
"EL113","0","0","EL","Rodopi","Greece","EL","GR","GRC",456.122723765457,255.373197959082,940.704281351552,184.806367899342,5233.79359021147,151.27322730749
"EL114","0","0","EL","Drama","Greece","EL","GR","GRC",462.402107341782,174.802188148265,689.651058569226,172.329775835034,4678.56617693434,132.245531787976
"EL115","0","0","EL","Kavala","Greece","EL","GR","GRC",577.360198121326,244.862378416495,1065.38487355252,358.588112536512,9021.2031380026,244.000919625953
"EL121","0","0","EL","Imathia","Greece","EL","GR","GRC",1164.7155439736,218.705428693496,916.770752391596,251.384987534614,7055.02102571267,202.96329172278
"EL122","0","0","EL","Thessaloniki","Greece","EL","GR","GRC",1317.44079348986,2075.98804257651,9005.38757337786,3168.47470743281,76603.0931630382,2020.27925962254
"EL123","0","0","EL","Kilkis","Greece","EL","GR","GRC",380.873099375817,164.020267402362,635.927652431842,151.219215551673,4125.56572300331,116.924199434835
"EL124","0","0","EL","Pella","Greece","EL","GR","GRC",1419.82456914375,199.908103576089,877.704499293943,259.565443014021,7351.00184765883,212.467258074223
"EL125","0","0","EL","Pieria","Greece","EL","GR","GRC",569.685147135001,109.273973735709,604.308651780197,294.089260054664,7138.14756944559,188.741857537332
"EL126","0","0","EL","Serres","Greece","EL","GR","GRC",986.565432701148,167.333169562622,814.474868127967,317.892977495156,8167.50267864687,223.736656319528
"EL127","0","0","EL","Chalkidiki","Greece","EL","GR","GRC",455.67904513779,87.1937491378805,555.370967863577,318.636533967784,7501.87170292451,194.362152071808
"EL131","0","0","EL","Grevena","Greece","EL","GR","GRC",201.766494315736,7.87115048293123,80.2950125543762,56.2370537380132,1386.30904099396,37.0229926323534
"EL132","0","0","EL","Kastoria","Greece","EL","GR","GRC",214.51533561127,63.5858375734015,271.330469395346,84.1205227661812,2196.82544729522,60.7571611794382
"EL133","0","0","EL","Kozani","Greece","EL","GR","GRC",569.646907315465,813.021500649034,2649.91549727793,231.57459886034,8341.40557628626,267.412202718268
"EL134","0","0","EL","Florina","Greece","EL","GR","GRC",376.840305845516,238.364225767853,805.392969982033,91.2468175094158,3102.3703023221,97.3173977182087
"EL141","0","0","EL","Karditsa","Greece","EL","GR","GRC",663.214454154784,107.819867746947,523.979318867565,202.661659700205,5236.31424530697,143.919511075098
"EL142","0","0","EL","Larisa","Greece","EL","GR","GRC",2665.64272907374,500.148679738127,2201.55533615169,695.392276026746,18726.1727735408,526.963397185766
"EL143","0","0","EL","Magnisia","Greece","EL","GR","GRC",593.939599525294,371.326684598887,1575.3200006153,510.058878104228,12747.561641108,343.389237847171
"EL144","0","0","EL","Trikala","Greece","EL","GR","GRC",581.074659696717,186.292442400263,828.420842542914,287.015343933207,7273.24226226829,197.597547833465
"EL211","0","0","EL","Arta","Greece","EL","GR","GRC",390.383040662605,75.4462533003162,361.066059030917,138.682862887519,3542.4688688024,96.7046112279701
"EL212","0","0","EL","Thesprotia","Greece","EL","GR","GRC",241.310956298905,26.2831559473082,190.818264736508,118.296383120233,2816.29681072459,73.5193479539955
"EL213","0","0","EL","Ioannina","Greece","EL","GR","GRC",472.468762091798,212.451148429239,1002.0283896373,401.572426791164,9750.62368336006,257.881793161477
"EL214","0","0","EL","Preveza","Greece","EL","GR","GRC",416.756536216841,57.8896872904612,300.030081154694,127.579755636504,3259.67370903687,88.9980869663372
"EL221","0","0","EL","Zakynthos","Greece","EL","GR","GRC",96.5401398387476,25.0156338681309,216.867205307199,159.004380691841,3580.09408572412,89.8527591981233
"EL222","0","0","EL","Kerkyra","Greece","EL","GR","GRC",200.118107517927,49.4887865257489,451.42838933849,339.871727083203,7633.43502996347,191.230023985773
"EL223","0","0","EL","Kefallinia","Greece","EL","GR","GRC",226.213082761836,26.6209089801001,190.114362029116,117.003723634887,2778.59395408747,72.4134652714077
"EL224","0","0","EL","Lefkada","Greece","EL","GR","GRC",23.4849029250966,5.44869184299871,77.0861655150084,68.7998709327982,1516.13299753632,37.44009940302
"EL231","0","0","EL","Aitoloakarnania","Greece","EL","GR","GRC",906.090748533325,319.593045434925,1356.64726339961,422.31631173005,10904.2023651125,299.579666149749
"EL232","0","0","EL","Achaia","Greece","EL","GR","GRC",872.402476653376,355.848366266839,1801.34476639954,810.226530331187,19350.0506644823,506.201584094512
"EL233","0","0","EL","Ileia","Greece","EL","GR","GRC",1638.7499760564,149.75108841787,758.551845037313,284.853651561854,7874.57789947533,224.757503220709
"EL241","0","0","EL","Voiotia","Greece","EL","GR","GRC",945.34239900171,1420.68145987244,4490.97345381398,246.684861244922,11142.8009294467,383.414230160298
"EL242","0","0","EL","Evvoia","Greece","EL","GR","GRC",675.950996146231,769.351835325414,2746.65955896113,487.565007076053,13765.1393123589,397.222871992794
"EL243","0","0","EL","Evrytania","Greece","EL","GR","GRC",33.0296473658287,20.6228036079514,99.5187632405468,42.1378566846699,1004.90429946832,26.2632523764314
"EL244","0","0","EL","Fthiotida","Greece","EL","GR","GRC",1046.74785639918,453.286477422641,1710.7741241442,364.572194802934,10250.4441300194,295.172279692136
"EL245","0","0","EL","Fokida","Greece","EL","GR","GRC",213.675124031591,75.9913731087043,310.423579098224,86.5393022385418,2293.10830016596,63.9501086377736
"EL251","0","0","EL","Argolida","Greece","EL","GR","GRC",741.433011443136,285.015391241159,1099.60553435757,252.981489081105,7017.1704815547,200.643248390444
"EL252","0","0","EL","Arkadia","Greece","EL","GR","GRC",426.404943751009,478.456292130005,1603.56620229905,182.870596094759,5977.72156112072,184.564805315773
"EL253","0","0","EL","Korinthia","Greece","EL","GR","GRC",497.611298225714,473.856797739907,1730.23783256358,340.912936012774,9411.25508166733,268.420384715835
"EL254","0","0","EL","Lakonia","Greece","EL","GR","GRC",841.329969285715,131.035962893778,586.967912405299,187.499109119561,5125.7413272622,145.429696449974
"EL255","0","0","EL","Messinia","Greece","EL","GR","GRC",1038.02165422062,226.486961955498,1045.15888080868,377.794656853626,9707.35687856259,265.932079092629
"EL300","0","0","EL","Attiki","Greece","EL","GR","GRC",1385.22347964084,7118.41882539865,37537.1617823067,18649.7609421812,427728.025726667,10880.1674841916
"EL411","0","0","EL","Lesvos","Greece","EL","GR","GRC",343.163893314224,81.7214328483797,500.586587931951,279.49492839765,6557.59688081381,169.493709190078
"EL412","0","0","EL","Samos","Greece","EL","GR","GRC",62.1452079181098,36.0200325427043,215.307715424075,121.039032787191,2778.36174800711,70.7165073619192
"EL413","0","0","EL","Chios","Greece","EL","GR","GRC",140.110324084306,41.1026766330821,249.691802095757,139.630486813799,3253.94798589133,83.7106984697101
"EL421","0","0","EL","Dodekanisos","Greece","EL","GR","GRC",320.418892563122,196.922364920433,1226.65776585821,719.500296958812,16417.2290498717,416.069640317825
"EL422","0","0","EL","Kyklades","Greece","EL","GR","GRC",234.959044903198,115.032729845412,881.961907890733,608.102477041606,13662.9153942644,342.372983713236
"EL431","0","0","EL","Irakleio","Greece","EL","GR","GRC",961.301670695083,335.253538770864,1802.54223131924,878.209307086523,20802.5967135469,541.206820984082
"EL432","0","0","EL","Lasithi","Greece","EL","GR","GRC",647.577808087426,134.815227783817,609.124906183148,208.627972952507,5450.7593735492,150.788899125334
"EL433","0","0","EL","Rethymni","Greece","EL","GR","GRC",314.856609541494,65.2128434493739,426.498488023272,252.250544710548,5891.25362547148,151.787478064118
"EL434","0","0","EL","Chania","Greece","EL","GR","GRC",618.722285395683,163.296590347911,929.260220482808,479.927668442976,11365.0888299083,295.62111830922
"ES111","0","0","ES","A Coru├▒a","Spain","ES","ES","ESP",3565.23691792069,1116.7181054107,33250.9425721169,5349.40779747703,117811.152236366,6081.52471830016
"ES112","0","0","ES","Lugo","Spain","ES","ES","ESP",2658.43968930426,289.619306264771,8823.29309680129,1441.44860216811,33004.6967916232,1750.82678660528
"ES113","0","0","ES","Ourense","Spain","ES","ES","ESP",1899.44912219053,327.128305932525,9128.18951126272,1288.41097647424,29801.6082014172,1591.73598129322
"ES114","0","0","ES","Pontevedra","Spain","ES","ES","ESP",2975.25439969815,1120.6507113635,30152.6095822218,3998.0479174958,91178.0188778251,4823.67088080989
"ES120","0","0","ES","Asturias","Spain","ES","ES","ESP",1143.41573741624,1151.18229408643,31819.7528237323,4505.20195617576,99834.7246110641,5176.58766644485
"ES130","0","0","ES","Cantabria","Spain","ES","ES","ESP",568.776708861899,724.761897138772,19648.6354733715,2674.00177306439,59584.028445023,3101.73295966159
"ES211","0","0","ES","├ülava","Spain","ES","ES","ESP",814.95428901718,911.217590594909,21353.5648132688,1921.09408500514,47063.6400754331,2607.27754230034
"ES212","0","0","ES","Guip├║zcoa","Spain","ES","ES","ESP",441.364553627286,1579.4502902305,39386.3078031081,4367.14223385421,100898.242983761,5384.95368376747
"ES213","0","0","ES","Vizcaya","Spain","ES","ES","ESP",302.023431309706,1788.86454491274,49677.9860444346,7127.46293758193,156399.570607997,8052.178716387
"ES220","0","0","ES","Navarra","Spain","ES","ES","ESP",2406.29562621905,1547.24541152895,36671.1022586,3420.63976337306,83815.7381087282,4643.83394863887
"ES230","0","0","ES","La Rioja","Spain","ES","ES","ESP",1703.98845714486,560.489774754086,13880.3318871517,1480.02233883024,35704.9853389789,1959.4259145943
"ES241","0","0","ES","Huesca","Spain","ES","ES","ESP",3015.96849496656,235.939761145191,6988.3011933876,1072.98222491868,25611.3401518129,1396.15276075059
"ES242","0","0","ES","Teruel","Spain","ES","ES","ESP",725.414709150812,135.292668294883,4060.91158746908,656.683357736604,14676.9368790333,765.664506255885
"ES243","0","0","ES","Zaragoza","Spain","ES","ES","ESP",3869.67989128036,1688.17738373887,43132.6070342709,5050.24026344368,118005.790521012,6345.22538005884
"ES300","0","0","ES","Madrid","Spain","ES","ES","ESP",507.568543701706,6074.77473772875,232914.576090339,51797.1402128491,1065577.35286698,52195.5155165278
"ES411","0","0","ES","├üvila","Spain","ES","ES","ESP",377.572187335379,80.0709698979275,3152.64470608667,711.442925109927,14901.7231750014,740.577415685696
"ES412","0","0","ES","Burgos","Spain","ES","ES","ESP",1530.44561391472,861.890299922116,19918.5688266414,1683.34048834706,42537.3493941159,2400.16858869527
"ES413","0","0","ES","Le├│n","Spain","ES","ES","ESP",1322.01475387196,354.731722716048,11425.1712242611,2066.43798712555,44694.0342161766,2276.65148250603
"ES414","0","0","ES","Palencia","Spain","ES","ES","ESP",833.773120951259,344.152462981711,8038.41390692654,704.571673288261,17793.5538928618,1003.65219457046
"ES415","0","0","ES","Salamanca","Spain","ES","ES","ESP",1293.04183906813,157.286381229794,6494.04813766892,1516.81244114428,32030.4396273945,1602.03860580748
"ES416","0","0","ES","Segovia","Spain","ES","ES","ESP",700.249571701356,100.50701054522,3536.41642927396,708.099114729348,15303.3896517757,779.085467566826
"ES417","0","0","ES","Soria","Spain","ES","ES","ESP",539.471903603427,174.13874688128,4220.28586516489,420.039903957058,10330.0393194348,573.609974344166
"ES418","0","0","ES","Valladolid","Spain","ES","ES","ESP",1553.43268050791,829.684831944517,21445.5067611368,2594.59506887507,59896.3326437626,3194.92689550846
"ES419","0","0","ES","Zamora","Spain","ES","ES","ESP",937.981964850234,71.123507503561,3040.22638713901,723.964827768583,15507.651655769,784.20186138736
"ES421","0","0","ES","Albacete","Spain","ES","ES","ESP",2845.03124179156,342.691707641047,10067.0375461999,1550.81340119524,35809.3802252522,1910.41969495394
"ES422","0","0","ES","Ciudad Real","Spain","ES","ES","ESP",3105.49889032515,482.284510250412,13527.9883126708,1924.12875613455,44660.5986176696,2390.87185597186
"ES423","0","0","ES","Cuenca","Spain","ES","ES","ESP",2500.63818075811,133.884118164129,4460.99159121416,807.271313132057,19017.4364672097,1028.0192428963
"ES424","0","0","ES","Guadalajara","Spain","ES","ES","ESP",661.973511613402,388.645100372909,9395.18197522588,937.176938053888,22611.0892746487,1240.92610187758
"ES425","0","0","ES","Toledo","Spain","ES","ES","ESP",2520.11489195136,730.565951587199,19120.5684954903,2365.39628060026,55238.2056778666,2969.03736179974
"ES431","0","0","ES","Badajoz","Spain","ES","ES","ESP",3487.87087050715,364.940265386585,12717.9819191977,2501.10466469791,54974.0272501559,2833.76093024805
"ES432","0","0","ES","C├íceres","Spain","ES","ES","ESP",2010.73286227359,335.452960029586,9885.47280474601,1545.56194291465,34960.1002135487,1839.14586788616
"ES511","0","0","ES","Barcelona","Spain","ES","ES","ESP",3045.7403769724,8313.13426111363,233321.402545023,34149.1309373424,748043.371929953,38464.0098590895
"ES512","0","0","ES","Girona","Spain","ES","ES","ESP",2200.37087055596,668.575697055114,22703.6005332777,4402.67094349645,93847.9175861196,4728.11043822884
"ES513","0","0","ES","Lleida","Spain","ES","ES","ESP",2212.43354759915,330.443588363336,12164.946882733,2560.82433933599,54753.2915132749,2764.93091210857
"ES514","0","0","ES","Tarragona","Spain","ES","ES","ESP",955.140633610044,1525.10132364727,38398.7249087295,4365.14719043713,100728.410188338,5371.4790203092
"ES521","0","0","ES","Alicante / Alacant","Spain","ES","ES","ESP",2015.65396930692,911.599976066836,35735.9454422669,8074.17710787938,167313.571927434,8244.03529688571
"ES522","0","0","ES","Castell├│n / Castell├│","Spain","ES","ES","ESP",1276.57353657721,1360.85597418652,30989.3190630975,2480.88406967706,62810.6745539185,3547.99178347795
"ES523","0","0","ES","Valencia / Val├¿ncia","Spain","ES","ES","ESP",4055.30058134696,3020.12677569457,82996.6107911668,11592.8322077156,258378.119760008,13452.4023528874
"ES531","0","0","ES","Eivissa y Formentera","Spain","ES","ES","ESP",46.588417313329,37.5539745455523,2820.21448296105,912.352894022593,18100.9939741969,859.903827849485
"ES532","0","0","ES","Mallorca","Spain","ES","ES","ESP",433.694323430715,334.168979407058,18772.9674629447,5402.28927265568,108433.027779542,5203.18202939208
"ES533","0","0","ES","Menorca","Spain","ES","ES","ESP",66.3205942485724,48.3872765690559,1791.58325179067,384.100243098948,7985.94004282102,394.547749832037
"ES611","0","0","ES","Almer├¡a","Spain","ES","ES","ESP",8342.8995682856,299.853858258843,12210.0116037756,2711.03446903187,62314.9389276624,3314.32699761431
"ES612","0","0","ES","C├ídiz","Spain","ES","ES","ESP",2279.54143454812,853.393991821096,26713.7907415765,4656.06441875983,100682.761009127,5127.83502689924
"ES613","0","0","ES","C├│rdoba","Spain","ES","ES","ESP",2999.41439959183,390.098832279005,13922.3146781341,2827.56465355381,61160.3670235306,3115.58618713594
"ES614","0","0","ES","Granada","Spain","ES","ES","ESP",3787.37206918195,360.538255685136,15172.7391222923,3585.0498473133,76183.805106083,3829.08062257882
"ES615","0","0","ES","Huelva","Spain","ES","ES","ESP",2435.7673540684,537.574482173501,14421.9248372855,1881.27534399432,43844.408971436,2353.51009207839
"ES616","0","0","ES","Ja├®n","Spain","ES","ES","ESP",3160.30843868835,361.360275598592,11831.185540094,2154.59378652733,47956.1506224358,2494.42910216764
"ES617","0","0","ES","M├ílaga","Spain","ES","ES","ESP",2676.81815764552,386.131816187782,24146.9376232901,7257.03976844088,146723.236426717,7084.12960058945
"ES618","0","0","ES","Sevilla","Spain","ES","ES","ESP",6158.46570083441,1516.52755689356,46812.4768965816,7952.3036962557,174385.599843289,8973.91827911683
"ES620","0","0","ES","Murcia","Spain","ES","ES","ESP",5754.97310200052,1473.57891038066,41641.4451030901,6079.50557716842,137323.871923776,7217.18666447429
"ES630","0","0","ES","Ceuta","Spain","ES","ES","ESP",48.6287832129746,10.989867701961,607.374255289722,160.900575712141,3792.33045135084,181.571111045904
"ES640","0","0","ES","Melilla","Spain","ES","ES","ESP",100.102576133602,22.6226937144552,1250.28272587967,331.214582516381,7806.52985018221,373.764975519395
"ES703","0","0","ES","El Hierro","Spain","ES","ES","ESP",0.698979155542853,0.15796587819608,8.73026047560259,2.31274856385105,54.5101020688794,2.60986217389009
"ES704","0","0","ES","Fuerteventura","Spain","ES","ES","ESP",12.5433194196129,2.8347289785405,156.666253769554,41.5027311524114,978.194580515979,46.8344937451595
"ES705","0","0","ES","Gran Canaria","Spain","ES","ES","ESP",1316.22199465066,297.459747743851,16439.6330933404,4355.05194067384,102645.972637037,4914.53567540657
"ES706","0","0","ES","La Gomera","Spain","ES","ES","ESP",1.34185642530538,0.303253003978058,16.7598075291369,4.43986991015363,104.645081509435,5.01025001879497
"ES707","0","0","ES","La Palma","Spain","ES","ES","ESP",13.4004134723148,3.02842805190779,167.371371758896,44.3386426724512,1045.03532093709,50.0347284443983
"ES708","0","0","ES","Lanzarote","Spain","ES","ES","ESP",94.0419787315883,21.2530282767806,1174.58577048727,311.16156973848,7333.89231820087,351.135797259553
"ES709","0","0","ES","Tenerife","Spain","ES","ES","ESP",547.28451299284,123.683629236248,6835.59204133932,1810.82863688417,42680.1492253193,2043.46172198307
"FI193","0","0","FI","Keski-Suomi","Finland","FI","FI","FIN",2153.65216860636,500.61708783603,5156.97648688148,1470.56104788873,26515.3406336661,434.560929354387
"FI194","0","0","FI","Etel├ñ-Pohjanmaa","Finland","FI","FI","FIN",1899.21366043377,335.044801527283,3433.9001061862,934.172907204568,17181.7287853728,285.040176858796
"FI195","0","0","FI","Pohjanmaa","Finland","FI","FI","FIN",1680.98108090465,550.075372820643,5276.02584977454,928.810658608479,18530.5806572362,321.898856059358
"FI196","0","0","FI","Satakunta","Finland","FI","FI","FIN",1296.31589469385,544.963183892221,5307.12495112033,1081.28829607473,20628.0273234657,349.621679859893
"FI197","0","0","FI","Pirkanmaa","Finland","FI","FI","FIN",1738.35837105722,1074.59968994439,11008.9949684689,3159.3550131695,55775.5708242918,901.963353574003
"FI1B1","0","0","FI","Helsinki-Uusimaa","Finland","FI","FI","FIN",1202.65663554299,3450.95422410505,38420.1714613211,15926.1635180606,264177.595054497,4095.06262404523
"FI1C1","0","0","FI","Varsinais-Suomi","Finland","FI","FI","FIN",1886.801779385,1134.19963673087,11333.0517044545,2808.49171671437,50985.2279603088,839.129650199058
"FI1C2","0","0","FI","Kanta-H├ñme","Finland","FI","FI","FIN",895.996840344113,286.67336736453,2979.04944199697,902.879149033925,15958.8087519527,258.275703088577
"FI1C3","0","0","FI","P├ñij├ñt-H├ñme","Finland","FI","FI","FIN",839.879617658448,367.538484723978,3715.93535276581,980.548883160181,17674.0763368757,289.600183950957
"FI1C4","0","0","FI","Kymenlaakso","Finland","FI","FI","FIN",834.253208148737,347.992915494898,3596.28792526726,1069.45470802376,18869.6293370631,305.035577302858
"FI1C5","0","0","FI","Etel├ñ-Karjala","Finland","FI","FI","FIN",836.258845099827,325.14886931072,3185.95247018609,678.311183449352,12831.6993768219,216.435005068686
"FI1D1","0","0","FI","Etel├ñ-Savo","Finland","FI","FI","FIN",2531.17738389641,180.575911417123,1977.48257195217,675.833659879852,12467.7280782449,207.211283145285
"FI1D2","0","0","FI","Pohjois-Savo","Finland","FI","FI","FIN",2292.94839618819,404.220208182261,4263.86465369063,1348.24709338442,24053.6135677224,391.59981348197
"FI1D3","0","0","FI","Pohjois-Karjala","Finland","FI","FI","FIN",1554.80892801055,283.189532552084,2899.43503205701,786.099825842169,14449.3759290415,239.621888239381
"FI1D4","0","0","FI","Kainuu","Finland","FI","FI","FIN",1031.80867449579,101.377721917695,1104.65435198042,384.657305644673,6918.74388746851,113.218865915158
"FI1D5","0","0","FI","Keski-Pohjanmaa","Finland","FI","FI","FIN",627.135649009677,149.200593394446,1496.93343910704,365.668275739441,6805.40221025473,113.698802527225
"FI1D6","0","0","FI","Pohjois-Pohjanmaa","Finland","FI","FI","FIN",2357.24972137813,696.652807446877,7275.0861333186,2252.15722021751,39727.8384459724,642.11745525842
"FI1D7","0","0","FI","Lappi","Finland","FI","FI","FIN",1364.12764961259,405.92506581406,4056.39508988763,978.612073928052,18130.9020822071,302.105605194825
"FI200","0","0","FI","├àland","Finland","FI","FI","FIN",136.543641187174,27.9666243433721,356.532459409543,206.685370196248,3359.17495727398,51.3029520951537
"FR101","0","0","FR","Paris","France","FR","FR","FRA",2.21753591214043,3738.2201352138,76839.6733102583,21442.5298099837,1289894.8299287,18117.8998950847
"FR102","0","0","FR","Seine-et-Marne","France","FR","FR","FRA",1855.61234005047,2216.30146404777,23810.7056158185,3210.21838985557,206585.889084193,3045.44058005732
"FR103","0","0","FR","Yvelines","France","FR","FR","FRA",621.785108652626,3649.25502776124,37440.1341984354,4543.07624686369,295278.656899689,4382.04803500137
"FR104","0","0","FR","Essonne","France","FR","FR","FRA",528.981342016175,1905.68558185056,25018.3188085716,4753.82002005145,294399.854005426,4225.07899779884
"FR105","0","0","FR","Hauts-de-Seine","France","FR","FR","FRA",225.503303749568,7122.80401725364,87077.4648984853,14982.8510863716,935649.675954376,13508.5474230784
"FR106","0","0","FR","Seine-Saint-Denis","France","FR","FR","FRA",293.101561342358,2330.9572748563,29036.7813714646,5139.65175835284,320070.50074287,4611.90044986442
"FR107","0","0","FR","Val-de-Marne","France","FR","FR","FRA",15.835895100339,1505.63650835168,21768.3167993537,4633.44724097796,284025.461164134,4045.93277644679
"FR108","0","0","FR","Val-d'Oise","France","FR","FR","FRA",450.398162521772,1483.88715318924,18210.3865811484,3147.23182171373,196640.501526395,2840.06805946705
"FR211","0","0","FR","Ardennes","France","FR","FR","FRA",2261.69107173053,551.08300922727,5068.62800503558,406.733085081179,29207.9776079185,460.831010340904
"FR212","0","0","FR","Aube","France","FR","FR","FRA",4366.99619461,519.817450823527,5273.10534839399,573.357090529188,39794.2361408379,615.530569232084
"FR213","0","0","FR","Marne","France","FR","FR","FRA",10510.6260320953,1356.46770595688,13272.7272828278,1293.46670817583,91488.1280292718,1430.97369548641
"FR214","0","0","FR","Haute-Marne","France","FR","FR","FRA",1886.23037105562,339.574659263982,3222.46598287824,288.402564586447,20459.0496461901,320.546732947677
"FR221","0","0","FR","Aisne","France","FR","FR","FRA",4207.41400468153,833.553396242598,8229.06954260217,851.690238159704,58473.0331139237,898.54146943507
"FR222","0","0","FR","Oise","France","FR","FR","FRA",2367.61964637284,1569.35617541859,15339.3912381496,1598.25894223501,107088.12373775,1620.91269952471
"FR223","0","0","FR","Somme","France","FR","FR","FRA",4792.74039745633,1135.83041700104,11072.7281382531,1109.74210547225,76232.7673979497,1171.85415493807
"FR231","0","0","FR","Eure","France","FR","FR","FRA",2643.2866845911,1406.80553245214,12770.0843372671,999.393263123753,70755.1599760207,1107.2966183802
"FR232","0","0","FR","Seine-Maritime","France","FR","FR","FRA",4597.67509313391,2746.56552707919,26890.8511254772,2811.73559222988,188495.617588195,2854.08371107822
"FR241","0","0","FR","Cher","France","FR","FR","FRA",2473.84675955614,612.082747966377,5838.66160512357,543.303941947715,37808.6166301527,585.744225399479
"FR242","0","0","FR","Eure-et-Loir","France","FR","FR","FRA",4019.73863295888,880.582849457059,8410.7129354357,781.228758021738,54593.5274958273,847.881615411224
"FR243","0","0","FR","Indre","France","FR","FR","FRA",2154.88328974543,364.44949728277,3602.38198064937,370.805787011146,25626.0797519807,395.363261393768
"FR244","0","0","FR","Indre-et-Loire","France","FR","FR","FRA",2609.04886444485,1142.76571022522,11769.9056288326,1415.65155167942,93224.3328923024,1395.46816453196
"FR245","0","0","FR","Loir-et-Cher","France","FR","FR","FRA",2523.82198672318,688.555638022456,6518.61125015709,592.471225747195,41305.8680232811,640.622900354342
"FR246","0","0","FR","Loiret","France","FR","FR","FRA",3372.79356972161,1703.1933494971,16349.9192546871,1595.84325232855,108449.007162158,1656.096629812
"FR251","0","0","FR","Calvados","France","FR","FR","FRA",2389.41543629483,1060.33668068122,11519.4273007293,1574.85552088915,101858.701072088,1506.68964176567
"FR252","0","0","FR","Manche","France","FR","FR","FRA",4290.55431434183,1057.2360358979,9982.26089073342,893.45089326454,62667.8273471851,975.412972942451
"FR253","0","0","FR","Orne","France","FR","FR","FRA",2406.9132414621,572.546700981148,5344.67370543549,456.225247482971,32353.0340539739,506.796851654404
"FR261","0","0","FR","C├┤te-d'Or","France","FR","FR","FRA",5219.78439081476,885.375602372372,9989.86477255821,1440.97970571066,94026.6489029734,1399.04208784132
"FR262","0","0","FR","Ni├¿vre","France","FR","FR","FRA",2523.37096753275,257.337315047034,2790.60573379143,358.367377637021,24260.0178639442,369.584319401003
"FR263","0","0","FR","Sa├┤ne-et-Loire","France","FR","FR","FRA",4646.58135714447,1172.53985386986,11123.8236911385,1015.19537119173,70878.0626004689,1100.19272102552
"FR264","0","0","FR","Yonne","France","FR","FR","FRA",3346.76308945795,574.099953177719,5696.67815260796,594.243914173946,40940.4571300821,630.454274321292
"FR301","0","0","FR","Nord","France","FR","FR","FRA",6328.69574627513,4443.42227307503,47881.7277147839,6469.91323402397,417433.592631559,6164.45723985946
"FR302","0","0","FR","Pas-de-Calais","France","FR","FR","FRA",6607.08580474679,2380.35192968838,23675.869032867,2569.21434128076,172422.203123743,2612.48049667701
"FR411","0","0","FR","Meurthe-et-Moselle","France","FR","FR","FRA",1091.10916176518,1138.60842355262,11961.0264754941,1529.28873459156,99142.5298505531,1468.80429671599
"FR412","0","0","FR","Meuse","France","FR","FR","FRA",1725.31261237815,295.82077241323,2875.15070845254,279.933868085779,19550.7435605909,303.533356009787
"FR413","0","0","FR","Moselle","France","FR","FR","FRA",1377.47647607897,1800.65369934335,17778.382746176,1926.4219130966,127670.27114316,1918.98454988702
"FR414","0","0","FR","Vosges","France","FR","FR","FRA",1680.50006753904,778.230649640942,7227.86519339553,621.754227345988,43300.4247513626,671.124383527089
"FR421","0","0","FR","Bas-Rhin","France","FR","FR","FRA",3453.90169882279,3044.53414782846,29234.6401774124,2884.96495356691,194510.815073545,2955.74984727203
"FR422","0","0","FR","Haut-Rhin","France","FR","FR","FRA",2874.97522779015,1941.33094271454,17945.3642943469,1528.64153129969,106061.311361566,1640.21413683119
"FR431","0","0","FR","Doubs","France","FR","FR","FRA",2045.28301102849,1239.57243809436,11747.844652897,1099.93280948915,75111.1104528379,1150.42827189155
"FR432","0","0","FR","Jura","France","FR","FR","FRA",1408.84086437716,657.828845260388,5956.54104690047,458.940515014905,32676.1794995691,513.040654201607
"FR433","0","0","FR","Haute-Sa├┤ne","France","FR","FR","FRA",1553.11510904818,443.994904942721,4109.8153041713,342.086221890125,24248.4030282817,379.746083180546
"FR434","0","0","FR","Territoire de Belfort","France","FR","FR","FRA",140.862956400763,258.339005567032,2581.41526739256,290.426168178606,19115.4856152755,286.042474173409
"FR511","0","0","FR","Loire-Atlantique","France","FR","FR","FRA",3558.68415097604,2994.67140869509,31589.8745819652,4071.66014606263,263999.804879966,3911.54818657381
"FR512","0","0","FR","Maine-et-Loire","France","FR","FR","FRA",4719.13010457525,1671.84806877989,16374.4656116883,1692.71173117602,114562.823618847,1745.02912213681
"FR513","0","0","FR","Mayenne","France","FR","FR","FRA",3748.47386114357,795.171814850174,7379.96106924711,610.40222217191,43763.6117891412,689.857256144169
"FR514","0","0","FR","Sarthe","France","FR","FR","FRA",2755.14591227145,1065.98503578086,10439.1208835325,1081.50877920041,73053.8850697818,1111.4089587259
"FR515","0","0","FR","Vend├®e","France","FR","FR","FRA",4539.12138978467,1778.86739665321,16425.8302221614,1371.78632339586,96406.8177174723,1502.27335756241
"FR521","0","0","FR","C├┤tes-d'Armor","France","FR","FR","FRA",7188.08890465508,1066.76807590802,10718.6201995523,1151.53709594368,79328.7362588738,1221.54666252942
"FR522","0","0","FR","Finist├¿re","France","FR","FR","FRA",7387.54390981446,1618.17835615972,16672.27235378,1966.0587218769,131530.840604237,1988.95887178863
"FR523","0","0","FR","Ille-et-Vilaine","France","FR","FR","FRA",5127.36777811539,2144.41908328189,22950.2324247777,3030.56957129134,197057.146722277,2925.23602746377
"FR524","0","0","FR","Morbihan","France","FR","FR","FRA",5530.16864756375,1473.35095952896,14457.9464435033,1488.51908565404,101436.307318294,1551.65883713732
"FR531","0","0","FR","Charente","France","FR","FR","FRA",3955.14891051989,1096.44717065759,9741.48006007115,665.668659539012,49401.748854245,793.732652447207
"FR532","0","0","FR","Charente-Maritime","France","FR","FR","FRA",5492.64480030304,727.675189797585,8575.81361392214,1330.22747415039,86446.2221805673,1282.77323039366
"FR533","0","0","FR","Deux-S├¿vres","France","FR","FR","FRA",4750.41788378715,706.789338205852,7244.01069194762,825.16465879415,56213.6392130662,859.725016819715
"FR534","0","0","FR","Vienne","France","FR","FR","FRA",3323.21231504076,764.863725067541,7835.72946401019,911.661238053499,61051.3575805731,923.775748969748
"FR611","0","0","FR","Dordogne","France","FR","FR","FRA",2765.57249843386,495.751201633111,5373.61164781739,712.65314318972,47030.4513092929,704.973721163334
"FR612","0","0","FR","Gironde","France","FR","FR","FRA",7281.69592791289,2580.95593043493,29746.8749151806,4561.58507138097,291488.452051475,4276.49639834742
"FR613","0","0","FR","Landes","France","FR","FR","FRA",3503.05269565295,672.98844856566,6864.83939428835,782.77652138597,52858.6190840736,804.010843224444
"FR614","0","0","FR","Lot-et-Garonne","France","FR","FR","FRA",3051.44088802068,466.778671462803,4961.39821705954,623.220250522478,41687.5610847069,630.322349425229
"FR615","0","0","FR","Pyr├®n├®es-Atlantiques","France","FR","FR","FRA",2920.75329849207,1224.64385065514,12921.9915207833,1650.33393083897,107803.85920911,1605.18140743296
"FR621","0","0","FR","Ari├¿ge","France","FR","FR","FRA",495.491807921022,204.271813607932,2097.74285299218,250.043893011952,16501.2632693237,247.349465017199
"FR622","0","0","FR","Aveyron","France","FR","FR","FRA",2841.32916503478,495.371984538541,4927.64318086307,518.575826455465,35646.1829524156,548.170534604544
"FR623","0","0","FR","Haute-Garonne","France","FR","FR","FRA",1462.2421000291,3631.24485305192,37001.183536943,4400.44234525431,287157.844539925,4272.88461698782
"FR624","0","0","FR","Gers","France","FR","FR","FRA",2194.58529694209,212.608339925821,2360.15351254653,318.661912220096,21425.187659793,325.004730399784
"FR625","0","0","FR","Lot","France","FR","FR","FRA",989.111777697005,376.586262747661,3521.67281785118,309.420640098058,21541.6004768549,333.81262553528
"FR626","0","0","FR","Hautes-Pyr├®n├®es","France","FR","FR","FRA",799.612276435604,303.752005935087,3271.90296438041,437.638337587498,28440.3845966167,422.026123321346
"FR627","0","0","FR","Tarn","France","FR","FR","FRA",1681.30584563992,612.819582133236,6185.09482653944,700.800654677737,46695.9856521342,704.314173786991
"FR628","0","0","FR","Tarn-et-Garonne","France","FR","FR","FRA",1674.12038327642,313.062090742811,3418.26966960305,461.689168955452,30349.952552654,453.785018069191
"FR631","0","0","FR","Corr├¿ze","France","FR","FR","FRA",1303.26770507946,393.370267888412,4007.87652550249,463.769982597019,30902.0779428345,466.095129820093
"FR632","0","0","FR","Creuse","France","FR","FR","FRA",1092.29823821769,111.556434278857,1264.9343633847,179.439709227451,11933.0882258709,179.761048424644
"FR633","0","0","FR","Haute-Vienne","France","FR","FR","FRA",1050.56555125064,516.868351541653,5657.83906234269,787.526157290048,50764.3265531983,749.203181027777
"FR711","0","0","FR","Ain","France","FR","FR","FRA",1801.90662898961,1591.37134942904,14568.6767087169,1197.45599242894,83400.5987884095,1292.71131555049
"FR712","0","0","FR","Ard├¿che","France","FR","FR","FRA",909.472388532476,643.487993995801,5991.30635168306,525.929291974353,36266.4033332113,558.779732733504
"FR713","0","0","FR","Dr├┤me","France","FR","FR","FRA",2047.07435875929,1392.53034011683,13065.6354550923,1180.95948412676,81039.8488663276,1244.95350082412
"FR714","0","0","FR","Is├¿re","France","FR","FR","FRA",1427.5326705404,3366.92003923899,32232.2844208797,3174.32894306571,212999.277419402,3226.97741006069
"FR715","0","0","FR","Loire","France","FR","FR","FRA",1563.95153087919,1649.61350727509,15921.2783050167,1601.95280773543,107524.948885408,1629.33800475122
"FR716","0","0","FR","Rh├┤ne","France","FR","FR","FRA",1491.08060684141,5571.71351609424,57668.628289994,7150.45381234695,463689.528480146,6870.89817250566
"FR717","0","0","FR","Savoie","France","FR","FR","FRA",625.787031296474,835.669377834942,9044.00553399468,1240.04940527661,79601.0992404816,1171.47310710853
"FR718","0","0","FR","Haute-Savoie","France","FR","FR","FRA",1066.17338846188,1811.71250789613,17742.563792815,1878.58280076011,124788.780565492,1878.47173278408
"FR721","0","0","FR","Allier","France","FR","FR","FRA",1264.03752861091,634.810396235022,6082.18079740194,589.609694391053,40118.9253250176,613.12461689033
"FR722","0","0","FR","Cantal","France","FR","FR","FRA",1057.72302120142,169.874615858483,1891.55307689617,264.874171024895,17385.2710295613,259.679623800817
"FR723","0","0","FR","Haute-Loire","France","FR","FR","FRA",924.495869326402,480.334773754611,4425.60844067157,369.516970914566,25833.2911845937,401.311524416362
"FR724","0","0","FR","Puy-de-D├┤me","France","FR","FR","FRA",1516.42743407788,1672.14396454387,15975.8056259684,1553.55717754888,104825.649941661,1593.68512810632
"FR811","0","0","FR","Aude","France","FR","FR","FRA",3160.91650731315,273.425857185496,3664.63970211487,680.470911728796,43641.4371293555,641.869517373362
"FR812","0","0","FR","Gard","France","FR","FR","FRA",3040.65668874629,1007.8962246919,10795.7393304993,1421.26900273935,92740.4882856034,1379.9050362031
"FR813","0","0","FR","H├®rault","France","FR","FR","FRA",3561.26174917807,1025.78824158593,14594.8770663918,3014.30372532317,186851.364216077,2683.44383122723
"FR814","0","0","FR","Loz├¿re","France","FR","FR","FRA",1108.44398591041,86.5357809203899,993.793159923074,141.768289965259,9534.71041080173,144.66278065022
"FR815","0","0","FR","Pyr├®n├®es-Orientales","France","FR","FR","FRA",1477.19210588817,306.885486986373,4521.9409150503,965.050404929773,59821.7701764851,859.12329742236
"FR821","0","0","FR","Alpes-de-Haute-Provence","France","FR","FR","FRA",1241.03269247904,233.614687536795,2484.19274083565,315.573482542588,20940.6589721517,315.011901422856
"FR822","0","0","FR","Hautes-Alpes","France","FR","FR","FRA",943.186307274868,90.9871297495923,1435.39465795964,321.797396403215,20080.0004747539,289.746780299384
"FR823","0","0","FR","Alpes-Maritimes","France","FR","FR","FRA",467.850317196963,1371.67557044125,17333.5168628753,3126.77012197617,194593.535509259,2802.61002463009
"FR824","0","0","FR","Bouches-du-Rh├┤ne","France","FR","FR","FRA",5041.60385743507,3673.56273247905,40989.0029213492,5962.90400175917,381138.181072441,5592.81818378262
"FR825","0","0","FR","Var","France","FR","FR","FRA",4868.16323896144,896.547803992159,12129.538350318,2341.8155894384,146939.693802929,2128.63063522842
"FR826","0","0","FR","Vaucluse","France","FR","FR","FRA",6346.4977198718,805.865713091051,9191.93045012773,1337.07582656355,87856.4609390293,1313.23153534209
"FR831","0","0","FR","Corse-du-Sud","France","FR","FR","FRA",219.767885176376,112.681013448598,1776.98860809124,408.791825102916,25012.0792826427,355.810080326116
"FR832","0","0","FR","Haute-Corse","France","FR","FR","FRA",743.087614989127,141.181846940502,1881.23535205231,356.460052551349,22403.2433400273,324.919067886911
"HR041","0","0","HR","Grad Zagreb","Croatia","HR","HR","HRV",119.049204260841,204.948170642381,20986.6643365266,4043.5170120209,86934.1019767096,7685.43920516403
"HR042","0","0","HR","Zagreba─ìka ┼¥upanija","Croatia","HR","HR","HRV",428.241119529519,65.8088340823335,5351.896157875,568.461404127734,13875.2432179885,1330.24152203683
"HR043","0","0","HR","Krapinsko-zagorska ┼¥upanija","Croatia","HR","HR","HRV",98.8972560516537,35.3443772904378,2578.14747883641,155.160333419787,4356.38033411369,449.062221040911
"HR044","0","0","HR","Vara┼¥dinska ┼¥upanija","Croatia","HR","HR","HRV",187.936347332683,64.692192323911,4702.61589748184,275.371488826135,7810.03984747727,808.838317922875
"HR045","0","0","HR","Koprivni─ìko-kri┼¥eva─ìka ┼¥upanija","Croatia","HR","HR","HRV",435.868307054938,25.1069217182064,1923.21821196458,148.040997402046,4201.29744941166,435.225520911332
"HR046","0","0","HR","Me─æimurska ┼¥upanija","Croatia","HR","HR","HRV",269.725258294429,42.9092360550057,3062.79553120908,149.514953775383,4668.14828618896,503.760973578482
"HR047","0","0","HR","Bjelovarsko-bilogorska ┼¥upanija","Croatia","HR","HR","HRV",581.078765453956,15.7930052667827,1321.88722127115,143.04949265116,3930.94882532901,401.111049167799
"HR048","0","0","HR","Viroviti─ìko-podravska ┼¥upanija","Croatia","HR","HR","HRV",216.417014638635,10.4468537312685,863.355208372029,93.3981060940824,2410.92575399889,238.380946757754
"HR049","0","0","HR","Po┼¥e┼íko-slavonska ┼¥upanija","Croatia","HR","HR","HRV",167.876582640817,9.38368441366003,790.80636879929,92.548678691182,2310.53439461795,224.360341120122
"HR04A","0","0","HR","Brodsko-posavska ┼¥upanija","Croatia","HR","HR","HRV",296.610127918056,25.1085475295058,1972.68378460382,177.38348877944,4644.26031971841,462.614305503271
"HR04B","0","0","HR","Osje─ìko-baranjska ┼¥upanija","Croatia","HR","HR","HRV",879.8135150696,45.0773346013248,3859.48860094314,474.058822959625,11753.8416343556,1136.94807566967
"HR04C","0","0","HR","Vukovarsko-srijemska ┼¥upanija","Croatia","HR","HR","HRV",474.585738210209,18.4860730786979,1651.17974549768,226.846309213282,5572.97348273341,536.277218882997
"HR04D","0","0","HR","Karlova─ìka ┼¥upanija","Croatia","HR","HR","HRV",152.102370075716,24.4379607267976,1925.0090839069,178.910755781259,4509.7544638346,440.239135357018
"HR04E","0","0","HR","Sisa─ìko-moslava─ìka ┼¥upanija","Croatia","HR","HR","HRV",313.592571164508,32.8138730933938,2553.84544659458,221.243978240912,5787.75732576739,576.267909479029
"HR031","0","0","HR","Primorsko-goranska ┼¥upanija","Croatia","HR","HR","HRV",133.706713803341,70.97832781769,6071.23855616555,776.990601053998,17880.6848704752,1654.40563089541
"HR032","0","0","HR","Li─ìko-senjska ┼¥upanija","Croatia","HR","HR","HRV",177.253977127436,4.34383706635753,454.446148592076,86.0119204429592,2020.43533138922,189.343856646623
"HR033","0","0","HR","Zadarska ┼¥upanija","Croatia","HR","HR","HRV",306.758802057916,17.9963303942848,1907.05535853221,380.426438223153,8426.13309023624,760.396731361624
"HR034","0","0","HR","┼áibensko-kninska ┼¥upanija","Croatia","HR","HR","HRV",48.4490718425165,13.1764999792503,1269.69052283961,217.588799232586,4791.91960461286,430.763622989799
"HR035","0","0","HR","Splitsko-dalmatinska ┼¥upanija","Croatia","HR","HR","HRV",184.925760971402,45.2328043780437,4814.38719402639,982.858709188788,21129.6592829734,1867.88489612249
"HR036","0","0","HR","Istarska ┼¥upanija","Croatia","HR","HR","HRV",119.498790298163,47.9977193206667,4205.87020653115,576.680201036921,13132.8309456358,1207.0248316424
"HR037","0","0","HR","Dubrova─ìko-neretvanska ┼¥upanija","Croatia","HR","HR","HRV",92.8016994123302,6.71711742895622,1131.27652747837,360.170017134286,7434.76314481792,637.928799107116
"HU101","0","0","HU","Budapest","Hungary","HU","HU","HUN",830.293860288991,806.212485949287,48183.0551841698,10807.1951469758,296520.165687151,15606.5315389916
"HU102","0","0","HU","Pest","Hungary","HU","HU","HUN",3195.79556799639,496.930717091862,25428.6781367992,2610.17613783023,77671.5958679626,4518.49743648721
"HU211","0","0","HU","Fej├®r","Hungary","HU","HU","HUN",2509.63506431324,343.409194249892,16465.7350755934,758.61890897632,26460.3208199736,1794.0169408455
"HU212","0","0","HU","Kom├írom-Esztergom","Hungary","HU","HU","HUN",1919.388279937,263.981964595663,12553.8319442072,485.890063237743,17797.7617178642,1254.23082092327
"HU213","0","0","HU","Veszpr├®m","Hungary","HU","HU","HUN",1669.55038389914,159.000487374156,7856.11641032418,563.346874630742,17921.1342702887,1118.4192668311
"HU221","0","0","HU","Gy┼ær-Moson-Sopron","Hungary","HU","HU","HUN",3057.14692843388,486.178742142558,23144.5903984053,923.599938192405,33405.1983972096,2331.44823872847
"HU222","0","0","HU","Vas","Hungary","HU","HU","HUN",1846.12802592438,171.599451661749,8264.56748207234,406.067306616032,14079.7897812667,949.934595396672
"HU223","0","0","HU","Zala","Hungary","HU","HU","HUN",1861.96616198368,90.3659008333331,4613.37117771823,448.132829397147,13762.6311586726,828.649417050758
"HU231","0","0","HU","Baranya","Hungary","HU","HU","HUN",2774.58173826349,98.1799890613348,5137.70734427077,595.240420527227,17976.423902183,1063.0531094058
"HU232","0","0","HU","Somogy","Hungary","HU","HU","HUN",2885.52440579823,70.6528103793317,3752.901764349,469.3572907258,14236.7112017379,845.905294554592
"HU233","0","0","HU","Tolna","Hungary","HU","HU","HUN",2033.53989034559,114.195695603136,5547.86286702567,305.062002295576,10487.3197891158,702.480789995095
"HU311","0","0","HU","Borsod-Aba├║j-Zempl├®n","Hungary","HU","HU","HUN",2399.85133611101,348.902018134873,16829.5780294301,867.180895915725,29362.9159279223,1941.38081196733
"HU312","0","0","HU","Heves","Hungary","HU","HU","HUN",1276.83946948831,179.433027464394,8620.78286889274,413.146525506911,14254.5290658466,957.745652381739
"HU313","0","0","HU","N├│gr├íd","Hungary","HU","HU","HUN",521.473200657835,41.0661982708454,2093.46409226225,204.93133906312,6203.91272593139,367.838583471999
"HU321","0","0","HU","Hajd├║-Bihar","Hungary","HU","HU","HUN",5236.37947998903,141.03398325123,7458.17658544508,912.376914334511,27642.8095768634,1640.41763631601
"HU322","0","0","HU","J├ísz-Nagykun-Szolnok","Hungary","HU","HU","HUN",2652.16384936171,194.41961694653,9359.13298853046,448.669259372649,15799.2950147396,1079.57839222078
"HU323","0","0","HU","Szabolcs-Szatm├ír-Bereg","Hungary","HU","HU","HUN",4173.59840711733,163.348996038445,8226.70783377673,693.810752774092,22050.7598749402,1374.87246070536
"HU331","0","0","HU","B├ícs-Kiskun","Hungary","HU","HU","HUN",4725.9304475292,236.131511859766,11706.8152405152,845.246860909768,27419.9985589826,1743.78494146527
"HU332","0","0","HU","B├®k├®s","Hungary","HU","HU","HUN",4192.83070597525,75.961459865891,3969.70304379596,429.366961239315,13622.8442300075,847.956804440911
"HU333","0","0","HU","Csongr├íd","Hungary","HU","HU","HUN",3093.8317024275,112.38842097265,5961.99027011718,758.404625708601,22568.0162877434,1312.88050159442
"IE011","0","0","IE","Border","Ireland","IE","IE","IRL",3918.84386448403,154.247975064298,7098.29439944806,3652.66505084384,52712.9331093059,1105.71409133265
"IE012","0","0","IE","Midland","Ireland","IE","IE","IRL",1892.35674816332,42.0513097423378,2180.66454808124,1657.02907183616,22899.6182696371,445.39250920783
"IE013","0","0","IE","West","Ireland","IE","IE","IRL",1743.12795549449,217.259553575552,9232.30180986782,3112.36975148636,47821.0564185089,1103.2921293713
"IE021","0","0","IE","Dublin","Ireland","IE","IE","IRL",532.450931170798,537.281429195606,35530.589083455,43043.6781276076,566104.816441125,9975.45132911783
"IE022","0","0","IE","Mid-East","Ireland","IE","IE","IRL",2779.97918008479,317.418428963931,13830.3241508573,5490.40514655577,81873.8249222678,1808.43131520526
"IE023","0","0","IE","Mid-West","Ireland","IE","IE","IRL",3345.21240911403,536.687516385184,21629.171098163,4444.62337371053,76811.4648809389,2048.11923264598
"IE024","0","0","IE","South-East (IE)","Ireland","IE","IE","IRL",5619.73897896661,572.87102714818,23304.3682808098,5295.99958622701,89336.4152419169,2319.06677875162
"IE025","0","0","IE","South-West (IE)","Ireland","IE","IE","IRL",6400.43004631648,2093.00757744734,81829.6153902188,10498.484418815,211709.777147615,6516.94859632017
"IS001","0","0","IS","H├Âfu├░borgarsv├ª├░i","Iceland","IS","IS","ISL",1847.96546755163,214.237094335066,8917.85827372377,1421.2274075099,33992.0058687734,4803.45937240264
"IS002","0","0","IS","Landsbygg├░","Iceland","IS","IS","ISL",1033.36308851489,119.79915716166,4986.77368732582,794.73559928165,19007.976494231,2686.04457160025
"ITC11","0","0","IT","Torino","Italy","IT","IT","ITA",4372.03779101994,10215.9555123355,64866.5588214103,16465.1117182681,294480.880473756,18012.5202587185
"ITC12","0","0","IT","Vercelli","Italy","IT","IT","ITA",1100.77131037771,995.138479605387,5849.69598935986,873.491151169878,17652.8541830717,1150.95555351842
"ITC13","0","0","IT","Biella","Italy","IT","IT","ITA",377.452465343211,825.855934995199,5013.83738840897,979.952689895451,18416.3817769383,1157.67094772752
"ITC14","0","0","IT","Verbano-Cusio-Ossola","Italy","IT","IT","ITA",228.003370585888,494.948740301403,3204.89639379422,892.153893699252,15723.4413863411,953.59224254019
"ITC15","0","0","IT","Novara","Italy","IT","IT","ITA",903.274199955131,2241.51224013093,13299.4807902746,2191.66265755131,42755.6206406113,2739.95601548217
"ITC16","0","0","IT","Cuneo","Italy","IT","IT","ITA",8261.46948142585,3553.07237784197,21323.0316519577,3685.33154061334,72979.4752137733,4711.69661931656
"ITC17","0","0","IT","Asti","Italy","IT","IT","ITA",2145.68969093716,850.251185927561,5274.62293282071,1140.22028282785,21482.8709011387,1352.2537106565
"ITC18","0","0","IT","Alessandria","Italy","IT","IT","ITA",2296.98204426112,1944.72492949099,11969.6096231799,2523.68922232237,47092.3214665207,2949.06617613793
"ITC20","0","0","IT","Valle d'Aosta/Vall├®e d'Aoste","Italy","IT","IT","ITA",556.932243435868,431.499888697271,3062.28509773306,1178.4097694971,19968.2813271488,1182.56327423691
"ITC31","0","0","IT","Imperia","Italy","IT","IT","ITA",2615.45928446868,250.983115751909,2204.2440160435,1277.55250047286,21373.1625329238,1255.58320166058
"ITC32","0","0","IT","Savona","Italy","IT","IT","ITA",1121.72918360022,945.903569878685,6136.60464418807,1707.02709658857,30277.1095101921,1843.07969636555
"ITC33","0","0","IT","Genova","Italy","IT","IT","ITA",584.746663062401,3070.92053220084,20983.5890870191,7229.28599751226,123354.196246925,7336.86366541046
"ITC34","0","0","IT","La Spezia","Italy","IT","IT","ITA",318.403379628949,688.99779633239,4692.51611511748,1594.18928001962,27302.5880927717,1627.60601708935
"ITC41","0","0","IT","Varese","Italy","IT","IT","ITA",1277.16839256054,4968.07088517282,29832.2852908284,5416.02396650334,103138.724621684,6528.59577995164
"ITC42","0","0","IT","Como","Italy","IT","IT","ITA",1492.84520092224,2981.87934077018,18121.6285928284,3563.32580237281,66917.5854641658,4204.88457060666
"ITC43","0","0","IT","Lecco","Italy","IT","IT","ITA",874.291819561487,2470.12288345064,14329.8463578997,1920.99366085772,39485.5374195306,2595.00885441386
"ITC44","0","0","IT","Sondrio","Italy","IT","IT","ITA",888.207514759453,851.707184302643,5291.42044928564,1183.03285873824,21785.9169823539,1354.56935483083
"ITC46","0","0","IT","Bergamo","Italy","IT","IT","ITA",4596.81584068701,7954.17516350844,46830.6673746501,7191.11147295553,143111.075862607,9261.93898809886
"ITC47","0","0","IT","Brescia","Italy","IT","IT","ITA",8734.84208391426,9085.44236284277,53502.3510746364,8150.86596050048,163496.125011567,10621.7133868747
"ITC48","0","0","IT","Pavia","Italy","IT","IT","ITA",2952.72504258432,2056.1687244844,12823.5101820483,2912.29061406635,53691.3826665996,3340.40064432982
"ITC49","0","0","IT","Lodi","Italy","IT","IT","ITA",1903.02750952657,974.711248336535,6042.66978966735,1313.75903353481,24569.7822080661,1540.4800029182
"ITC4A","0","0","IT","Cremona","Italy","IT","IT","ITA",5032.01534525556,2181.35666053309,13024.5385972127,2162.22618649538,43251.1117473415,2806.09348610272
"ITC4B","0","0","IT","Mantova","Italy","IT","IT","ITA",6637.0863623485,2536.7092581977,15065.2147454981,2372.80160570595,48344.8116273666,3164.20259780244
"ITC4C","0","0","IT","Milano","Italy","IT","IT","ITA",2369.7255838742,16258.0517962356,114765.4027248,43890.5033347086,739192.136593004,43608.6031661231
"ITC4D","0","0","IT","Monza e della Brianza","Italy","IT","IT","ITA",624.770349340135,4640.65725839156,28281.4530361398,5705.08550115335,106107.720111616,6633.03730992264
"ITF11","0","0","IT","L'Aquila","Italy","IT","IT","ITA",2885.19583286369,770.634552258109,5280.93626427957,1774.29578652579,31128.0593566884,1882.78316597625
"ITF12","0","0","IT","Teramo","Italy","IT","IT","ITA",1640.79227856551,1156.04805730207,7153.23318213214,1551.58806706521,28862.7875169662,1804.45169220387
"ITF13","0","0","IT","Pescara","Italy","IT","IT","ITA",1396.47829735029,793.772348849911,5455.00293006929,1887.46402264282,32531.3817801253,1946.85845770182
"ITF14","0","0","IT","Chieti","Italy","IT","IT","ITA",3000.4871784237,1766.21479535304,10689.7453258886,1994.86630093054,38464.3261837327,2450.41957274618
"ITF21","0","0","IT","Isernia","Italy","IT","IT","ITA",710.808647472737,156.07985256196,1096.61753069755,397.673377188801,6929.73087624619,417.465146179461
"ITF22","0","0","IT","Campobasso","Italy","IT","IT","ITA",2385.65918450187,498.73210873828,3381.71855135732,1081.54460463805,19268.260899313,1175.94159170164
"ITF31","0","0","IT","Caserta","Italy","IT","IT","ITA",5643.16486864376,1283.65975010774,9352.81872099622,3784.12477530774,64827.3676646789,3865.2987850545
"ITF32","0","0","IT","Benevento","Italy","IT","IT","ITA",2546.33657756495,367.735735730008,2708.23350415175,1106.69553867,19186.0747335938,1152.26229624604
"ITF33","0","0","IT","Napoli","Italy","IT","IT","ITA",5363.44928845017,5073.15617909331,36820.0628958808,15126.7318503625,253981.062765143,14954.5848717974
"ITF34","0","0","IT","Avellino","Italy","IT","IT","ITA",2128.49934554284,882.299228996292,5829.77599620496,1728.62082718586,30647.8300155022,1865.21261868522
"ITF35","0","0","IT","Salerno","Italy","IT","IT","ITA",7961.59936026878,1760.71413227126,12653.0525372096,4917.66720350139,84790.3697217706,5075.48794749548
"ITF43","0","0","IT","Taranto","Italy","IT","IT","ITA",3938.88250290957,802.253050076135,5952.51247112245,2518.97539119668,43000.5883188558,2558.28823521237
"ITF44","0","0","IT","Brindisi","Italy","IT","IT","ITA",2850.69281276722,715.010793535356,4903.05168141968,1647.24340957686,28946.7014056114,1752.54612734694
"ITF45","0","0","IT","Lecce","Italy","IT","IT","ITA",2770.18465063002,1047.12979506816,7784.03372410722,3364.67537824314,56626.4964536074,3339.17064598133
"ITF46","0","0","IT","Foggia","Italy","IT","IT","ITA",9734.73755417687,961.744765702727,6876.61666747487,2509.17324437835,45139.3778030807,2770.24315860197
"ITF47","0","0","IT","Bari","Italy","IT","IT","ITA",5480.38356071053,2469.91850582549,17525.8536699653,6688.28871835951,114081.105099233,6783.77553919157
"ITF48","0","0","IT","Barletta-Andria-Trani","Italy","IT","IT","ITA",2934.23560398944,615.504538146243,4246.28968941239,1445.94459217019,25485.5390796813,1545.71376074656
"ITF51","0","0","IT","Potenza","Italy","IT","IT","ITA",2889.81506806006,1720.61319322678,10218.151007002,1645.97729673433,32890.7985737532,2132.86725506319
"ITF52","0","0","IT","Matera","Italy","IT","IT","ITA",2730.26686758944,358.642398366997,2478.70172589005,825.853957011228,14886.4595496255,914.625414555013
"ITF61","0","0","IT","Cosenza","Italy","IT","IT","ITA",3912.51139681679,491.050769623872,4492.0020893997,2800.69202812227,46099.9878736504,2679.88370013056
"ITF62","0","0","IT","Crotone","Italy","IT","IT","ITA",2860.58353528631,308.822311239434,2088.30328629244,629.173544905557,11704.9836979173,731.810384127823
"ITF63","0","0","IT","Catanzaro","Italy","IT","IT","ITA",2687.35786019719,356.78524635469,3090.70599901189,1774.67827520466,29450.6280010656,1721.12974550567
"ITF64","0","0","IT","Vibo Valentia","Italy","IT","IT","ITA",1692.75695413717,139.094248576721,1160.83531629427,609.81484149575,10405.3456535043,618.889383368958
"ITF65","0","0","IT","Reggio di Calabria","Italy","IT","IT","ITA",4848.84548490089,342.783017918544,3480.82059191127,2432.39941637786,40125.053559416,2335.87232204862
"ITG11","0","0","IT","Trapani","Italy","IT","IT","ITA",2954.78497492441,397.551745013101,3278.53012955086,1726.36730578951,28945.010119846,1702.76904435197
"ITG12","0","0","IT","Palermo","Italy","IT","IT","ITA",4349.40585816104,1088.83113331944,9877.41773581483,6183.27466022385,100566.312393462,5799.95958511025
"ITG13","0","0","IT","Messina","Italy","IT","IT","ITA",2361.47766322866,623.304711822382,5262.06149844234,2944.61360625918,48386.9853056718,2809.70830298088
"ITG14","0","0","IT","Agrigento","Italy","IT","IT","ITA",4331.01643797672,352.662220209492,2987.16737245571,1612.24775658553,27409.3067422649,1626.55169549989
"ITG15","0","0","IT","Caltanissetta","Italy","IT","IT","ITA",2091.702724922,204.519903609421,1775.13460876324,1009.87150013448,16925.9477980792,995.49101905047
"ITG16","0","0","IT","Enna","Italy","IT","IT","ITA",1286.75488949837,141.876280354304,1187.33404180183,637.135419225875,10719.7414121777,632.01136702353
"ITG17","0","0","IT","Catania","Italy","IT","IT","ITA",5782.86237074087,1449.0206050281,11116.0227451259,5136.23754451728,86299.8291074948,5083.68445601471
"ITG18","0","0","IT","Ragusa","Italy","IT","IT","ITA",4625.44820960047,345.455075676639,2786.85366420498,1358.20298560889,23560.6801250723,1415.50909049484
"ITG19","0","0","IT","Siracusa","Italy","IT","IT","ITA",4549.13167714504,379.062149498392,3208.16143658488,1731.38370852899,29406.7984732394,1744.05986964119
"ITG25","0","0","IT","Sassari","Italy","IT","IT","ITA",1779.36748758725,305.822482369612,2736.49215006895,1666.25552001347,27323.3647078313,1584.41642100494
"ITG26","0","0","IT","Nuoro","Italy","IT","IT","ITA",1094.01985016277,178.409021350901,1423.8513129412,707.748419201517,11893.3862617367,700.669655566694
"ITG27","0","0","IT","Cagliari","Italy","IT","IT","ITA",4125.67657197085,1052.99187987228,7923.6908496312,3499.12817957021,59104.9614623038,3493.3568905697
"ITG28","0","0","IT","Oristano","Italy","IT","IT","ITA",2324.91733404598,136.75480929078,1210.55178271547,689.897852358031,11808.397615158,703.684613318197
"ITG29","0","0","IT","Olbia-Tempio","Italy","IT","IT","ITA",527.755670384394,169.148845504618,1538.30184492302,969.845532079053,15723.0806882972,904.841289321954
"ITG2A","0","0","IT","Ogliastra","Italy","IT","IT","ITA",398.765721380483,48.3621111845826,420.583668604402,242.262347994235,4028.12915498538,235.703654235827
"ITG2B","0","0","IT","Medio Campidano","Italy","IT","IT","ITA",1240.59723559956,90.6445386989304,729.540563770898,353.160235715317,6140.34134175957,369.416638962025
"ITG2C","0","0","IT","Carbonia-Iglesias","Italy","IT","IT","ITA",1349.95654262028,215.563253228828,1439.99591904564,427.116024388649,7799.40967576709,482.68951530955
"ITH10","0","0","IT","Bolzano-Bozen","Italy","IT","IT","ITA",10863.2336670573,2802.12886330627,18708.8683200153,5691.05337552211,101603.049716858,6208.36680627005
"ITH20","0","0","IT","Trento","Italy","IT","IT","ITA",7448.75252498541,2537.99732674149,16669.044819503,4788.45104624326,85712.1234511607,5245.20970815145
"ITH31","0","0","IT","Verona","Italy","IT","IT","ITA",8274.2864048873,4469.35014462011,28192.8093208663,6774.14410554329,124060.590970785,7690.23263704009
"ITH32","0","0","IT","Vicenza","Italy","IT","IT","ITA",3151.08185023524,7754.37694647981,44291.2532011585,4963.34538313251,107669.503471375,7248.42777608804
"ITH33","0","0","IT","Belluno","Italy","IT","IT","ITA",825.049265425237,1270.90546026078,7660.99619158275,1418.93524551725,27041.2869809151,1712.35426068402
"ITH34","0","0","IT","Treviso","Italy","IT","IT","ITA",7319.17803671436,6106.50550292282,35951.0708709161,5431.43437982713,109583.207210676,7139.06364237004
"ITH35","0","0","IT","Venezia","Italy","IT","IT","ITA",3218.85272556559,3140.68090583787,20810.4529947069,6342.69656799167,110756.792792176,6680.59037213468
"ITH36","0","0","IT","Padova","Italy","IT","IT","ITA",3817.90926791337,5265.56387344077,32286.482427978,6701.56794556667,124796.083869906,7806.51525043305
"ITH37","0","0","IT","Rovigo","Italy","IT","IT","ITA",1779.32720257797,1008.81531971553,6166.72577397112,1230.92713466147,23395.1807520382,1479.39147713139
"ITH41","0","0","IT","Pordenone","Italy","IT","IT","ITA",2619.4757084038,2070.10936533275,12204.0286212066,1863.36886981046,37528.2673266186,2442.80073535284
"ITH42","0","0","IT","Udine","Italy","IT","IT","ITA",2644.25018151322,2669.94229756105,16530.3993996019,3624.60377683285,66963.7312643146,4170.9009065588
"ITH43","0","0","IT","Gorizia","Italy","IT","IT","ITA",611.609086452153,760.979705155477,4566.16990403752,814.8950192308,15691.5711531904,998.970358606293
"ITH44","0","0","IT","Trieste","Italy","IT","IT","ITA",184.682842367373,811.996402452816,5624.55952080981,2026.97460922967,34399.7210744917,2039.16289021708
"ITH51","0","0","IT","Piacenza","Italy","IT","IT","ITA",2929.68610819633,1504.20891685556,9294.47069319854,1980.66863780357,37196.0270256943,2337.27799715615
"ITH52","0","0","IT","Parma","Italy","IT","IT","ITA",3711.42054677209,3614.77905479944,21304.4811212315,3264.59777167633,65449.9429327989,4250.97452994448
"ITH53","0","0","IT","Reggio nell'Emilia","Italy","IT","IT","ITA",4138.00545011025,4341.04703142117,25305.4327330269,3501.86487893215,72073.6578745411,4739.57492865879
"ITH54","0","0","IT","Modena","Italy","IT","IT","ITA",3845.81665229122,6004.08599896346,34948.0982620458,4807.73844162088,98597.8630999885,6473.06704508684
"ITH55","0","0","IT","Bologna","Italy","IT","IT","ITA",3712.91704975729,6878.8388077456,42305.0786787243,8977.11054897107,166082.567467802,10352.5045463016
"ITH56","0","0","IT","Ferrara","Italy","IT","IT","ITA",4210.47222887267,1326.33753328313,8322.82641273311,1903.23156245108,35674.1064985623,2239.38532087083
"ITH57","0","0","IT","Ravenna","Italy","IT","IT","ITA",5121.65683863958,1723.68799036209,10903.5256714075,2614.55264605125,48430.4668148226,3020.8558441778
"ITH58","0","0","IT","Forl├¼-Cesena","Italy","IT","IT","ITA",5145.96353659535,2049.4108912874,12640.1394394993,2636.75337523468,50058.8666762907,3163.63040841791
"ITH59","0","0","IT","Rimini","Italy","IT","IT","ITA",1055.79412262071,1048.26441118997,7163.62577169522,2449.30467822767,42069.5835258619,2512.38752646934
"ITI11","0","0","IT","Massa-Carrara","Italy","IT","IT","ITA",346.274754315067,601.321647646235,3898.74359597247,1090.0123761431,19216.6050412375,1165.66123835727
"ITI12","0","0","IT","Lucca","Italy","IT","IT","ITA",1096.67505781953,1734.01770777089,10716.6305706098,2339.07267669768,43082.231618773,2678.95180409828
"ITI13","0","0","IT","Pistoia","Italy","IT","IT","ITA",5686.53963599352,911.720685668829,5942.22847761744,1581.09942840441,29516.6674131043,1848.86737110723
"ITI14","0","0","IT","Firenze","Italy","IT","IT","ITA",3221.6239370272,5224.32320408182,33943.8519053261,9573.88301853054,168611.47695287,10221.6491150392
"ITI15","0","0","IT","Prato","Italy","IT","IT","ITA",353.306930120296,1621.33495613714,9660.08309948843,1653.57687669937,31889.789222218,2031.77820149068
"ITI16","0","0","IT","Livorno","Italy","IT","IT","ITA",848.862327331859,728.687599825579,5289.49162540683,2172.16646339145,36494.4695719711,2149.69150242248
"ITI17","0","0","IT","Pisa","Italy","IT","IT","ITA",1700.35335648655,1950.06375329444,12256.4842554527,2931.68588979623,53213.2136847275,3282.22631666749
"ITI18","0","0","IT","Arezzo","Italy","IT","IT","ITA",2833.5233380338,1962.13208259416,11641.2828039944,1870.62587883439,37276.8270805437,2414.0550056982
"ITI19","0","0","IT","Siena","Italy","IT","IT","ITA",3954.36916027254,977.430528430981,6419.70755972506,1819.35700714736,32940.143419801,2028.89846002621
"ITI1A","0","0","IT","Grosseto","Italy","IT","IT","ITA",3522.66765128742,339.810611894123,2683.22718633802,1271.10227021271,21883.382093983,1308.72450764267
"ITI21","0","0","IT","Perugia","Italy","IT","IT","ITA",4191.63028888141,2328.92497914753,14893.5958281165,3841.59987326054,69402.6162789529,4269.52004409282
"ITI22","0","0","IT","Terni","Italy","IT","IT","ITA",1650.05062857008,763.087677752742,4835.65555443068,1184.78785845746,21683.1316552746,1343.57820235595
"ITI31","0","0","IT","Pesaro e Urbino","Italy","IT","IT","ITA",1267.83090331723,1790.5112212432,10819.3751069049,2036.57855141009,38703.9214958727,2447.31951748585
"ITI32","0","0","IT","Ancona","Italy","IT","IT","ITA",1995.2400007131,2352.27087728247,14437.3511746314,3008.59848404642,56060.7806455179,3508.01036834791
"ITI33","0","0","IT","Macerata","Italy","IT","IT","ITA",1355.3291292401,1445.43204124722,8785.05918715272,1713.9729644891,32414.1852582571,2044.3679341621
"ITI34","0","0","IT","Ascoli Piceno","Italy","IT","IT","ITA",1368.73421761952,780.198153707106,4912.66081339639,1170.78150977016,21454.4000965989,1330.35076043891
"ITI35","0","0","IT","Fermo","Italy","IT","IT","ITA",825.77600510115,893.503335863726,5266.36747836754,809.530168711047,16191.4071139387,1050.43190241255
"ITI41","0","0","IT","Viterbo","Italy","IT","IT","ITA",4405.4839547027,454.369954055281,3494.08216721374,1563.76186635269,27085.1661757264,1625.76362991965
"ITI42","0","0","IT","Rieti","Italy","IT","IT","ITA",1228.1087787036,216.38847639607,1648.1584741093,740.572065368914,12585.6337134819,746.7003598907
"ITI43","0","0","IT","Roma","Italy","IT","IT","ITA",5278.50736197536,9085.71088415124,76511.3522313786,43300.7020958874,702771.523222825,40473.8025407275
"ITI44","0","0","IT","Latina","Italy","IT","IT","ITA",5864.24488874324,1766.70061418526,11236.5064842952,2758.47078351626,51024.6132255425,3180.23851854619
"ITI45","0","0","IT","Frosinone","Italy","IT","IT","ITA",1750.51259884571,1761.98556376244,10891.5724546146,2365.35129360753,43783.6259402408,2729.96671650083
"LI000","0","0","LI","Liechtenstein","Liechtenstein","LI","LI","LIE",58.460332610467,43.0781152969677,6260.88680462585,478.68250174671,15671.2374442363,666.612913795901
"LT001","0","0","LT","Alytaus apskritis","Lithuania","LT","LT","LTU",568.561774198446,62.9708512362968,1872.86304459845,468.860780237105,4927.348635786,396.645877515949
"LT002","0","0","LT","Kauno apskritis","Lithuania","LT","LT","LTU",3506.60364644375,422.452262219948,12730.6564266596,3395.1593276924,35266.4644239156,2798.38746351963
"LT003","0","0","LT","Klaip─ùdos apskritis","Lithuania","LT","LT","LTU",918.213844228826,225.059125149409,6808.947258745,1861.5767883139,19096.0840310936,1491.43681399691
"LT004","0","0","LT","Marijampol─ùs apskritis","Lithuania","LT","LT","LTU",1294.16201151867,66.725351844655,1941.6073341862,423.744423414857,4682.79828204481,399.435942201537
"LT005","0","0","LT","Panev─ù┼¥io apskritis","Lithuania","LT","LT","LTU",1704.80135815386,137.619198143003,3959.41195667556,820.876115963745,9002.60787960146,761.495776362934
"LT006","0","0","LT","┼áiauli┼│ apskritis","Lithuania","LT","LT","LTU",2300.64928154653,141.452158932015,4263.54825546955,1122.3196372881,11879.9775980793,964.675540602963
"LT007","0","0","LT","Taurag─ùs apskritis","Lithuania","LT","LT","LTU",677.51853220659,31.7825802896855,993.248217558941,302.01920937367,3150.54254585131,251.320719350727
"LT008","0","0","LT","Tel┼íi┼│ apskritis","Lithuania","LT","LT","LTU",651.275142439057,92.753180728866,2604.64544629454,465.819509198491,5184.49454318538,445.648918803103
"LT009","0","0","LT","Utenos apskritis","Lithuania","LT","LT","LTU",540.861410954653,78.1403715110996,2173.54542565968,361.899347313219,4089.24989102726,357.176805030683
"LT00A","0","0","LT","Vilniaus apskritis","Lithuania","LT","LT","LTU",1312.24382825384,554.129889574404,19304.0545933423,8346.58531625186,80991.9251888681,5861.49305896691
"LU000","0","0","LU","Luxembourg","Luxembourg","LU","LU","LUX",5269.34657873297,246.079570018772,39558.6350501487,11457.7867993164,193819.977718307,3750.92983281976
"LV003","0","0","LV","Kurzeme","Latvia","LV","LV","LVA",7058.36100228525,226.654972053342,6449.2154863934,1286.36091680596,13156.9402809525,1377.51413306405
"LV005","0","0","LV","Latgale","Latvia","LV","LV","LVA",2947.96031986212,140.015290798695,4101.17444624277,1006.46272890878,9856.32031258246,972.453298819877
"LV006","0","0","LV","R─½ga","Latvia","LV","LV","LVA",2543.22744674722,590.782982842897,20425.9082158621,9656.70746378227,88173.1537864335,7791.82439039416
"LV007","0","0","LV","Pier─½ga","Latvia","LV","LV","LVA",4433.78669660322,423.349740053857,12126.7099699459,2613.59950717121,25613.3346107956,2529.67974376319
"LV008","0","0","LV","Vidzeme","Latvia","LV","LV","LVA",6251.76807654995,166.419922552573,4692.20405408197,862.028707422786,9035.60131075298,975.738591973288
"LV009","0","0","LV","Zemgale","Latvia","LV","LV","LVA",7097.75805268346,211.761381010567,5898.60539108329,981.163632376097,10401.479473637,1138.76793926176
"1627","MDA-20210908-01","Anenii Noi","MDA","Anenii Noi","Moldova (the Republic of)","MD","MD","MDA",52.086765,6.29412497821704,59.4015583151529,12.2043372866566,542.461942991157,67.5597420489734
"1628","MDA-20210908-02","Balti","MDA","Balti","Moldova (the Republic of)","MD","MD","MDA",4.38449724746742,31.4536756722453,231.381590821841,63.6404100074391,1458.03268489212,180.531194310075
"1629","MDA-20210908-03","Basarabeasca","MDA","Basarabeasca","Moldova (the Republic of)","MD","MD","MDA",8.442876,0.811415124362946,13.7952124015857,2.44939909914834,183.582945315396,20.9713787468845
"1630","MDA-20210908-04","Bender","MDA","Bender","Moldova (the Republic of)","MD","MD","MDA",2.57945207870509,35.7884541748274,223.577795412485,63.5164398812083,934.878920218491,127.672816220809
"1631","MDA-20210908-05","Briceni","MDA","Briceni","Moldova (the Republic of)","MD","MD","MDA",96.15849,0.944865994882859,31.9517985141068,4.37790341011081,510.489110172287,64.505165744946
"1632","MDA-20210908-06","Cahul","MDA","Cahul","Moldova (the Republic of)","MD","MD","MDA",107.680014,6.73846609614481,71.2980089507772,16.4607233922371,715.644861879914,92.2068904400972
"1633","MDA-20210908-07","Calarasi","MDA","Calarasi","Moldova (the Republic of)","MD","MD","MDA",37.755111,2.41398402478978,35.6477433533013,7.44686516538956,443.149735332705,52.8334713552069
"1634","MDA-20210908-08","Cantemir","MDA","Cantemir","Moldova (the Republic of)","MD","MD","MDA",71.31309,1.0811241156388,19.3459925568445,1.93232961977348,267.443436076706,36.1614509119861
"1635","MDA-20210908-09","Causeni","MDA","Causeni","Moldova (the Republic of)","MD","MD","MDA",94.835193,3.50025640751267,46.202680514422,8.94870248313502,544.571691177091,70.0367268950986
"1636","MDA-20210908-10","Chisinau","MDA","Chisinau","Moldova (the Republic of)","MD","MD","MDA",26.515848,227.981153088241,1874.24218358562,828.489134957973,13073.4087958006,1624.43854724776
"1637","MDA-20210908-11","Cimislia","MDA","Cimislia","Moldova (the Republic of)","MD","MD","MDA",45.644721,3.27876123919622,35.5119889325023,6.32195290653797,369.499138687149,46.1887612576508
"1638","MDA-20210908-12","Criuleni","MDA","Criuleni","Moldova (the Republic of)","MD","MD","MDA",47.096526,2.0476839419962,34.9448938633767,7.00374495817677,463.006425221205,55.5906224631186
"1639","MDA-20210908-13","Donduseni","MDA","Donduseni","Moldova (the Republic of)","MD","MD","MDA",38.538417,2.88183597993403,31.8733951243696,3.8614155769868,343.043488292133,42.1194788617483
"1640","MDA-20210908-14","Drochia","MDA","Drochia","Moldova (the Republic of)","MD","MD","MDA",75.873078,4.27722966017208,52.8199795796244,8.85864404167458,603.335104880738,74.7449546653126
"1641","MDA-20210908-15","Dubasari","MDA","Dubasari","Moldova (the Republic of)","MD","MD","MDA",13.078494,2.67137279819768,21.6480364790166,3.50115977284353,168.200377911482,21.0002732408127
"1642","MDA-20210908-16","Edinet","MDA","Edinet","Moldova (the Republic of)","MD","MD","MDA",103.76625,5.70847846019604,56.367878310762,4.65905779746263,561.016386613328,73.2720077747415
"1643","MDA-20210908-17","Falesti","MDA","Falesti","Moldova (the Republic of)","MD","MD","MDA",91.57761,6.52841627889155,58.0196078384235,5.28673789317926,519.289464588678,68.2065803235685
"1644","MDA-20210908-18","Floresti","MDA","Floresti","Moldova (the Republic of)","MD","MD","MDA",84.712698,1.85485267243471,39.6833622009836,7.1802995272247,569.136004540156,70.4419718273981
"1645","MDA-20210908-19","Gagauzia","MDA","Gagauzia","Moldova (the Republic of)","MD","MD","MDA",108.424107,12.3940054684523,116.573843157203,28.9065879460611,1044.19016487201,131.794654394276
"1646","MDA-20210908-20","Glodeni","MDA","Glodeni","Moldova (the Republic of)","MD","MD","MDA",64.72344,1.11903181982145,25.1974169362921,4.29085636170862,367.370836028984,46.3808612559691
"1647","MDA-20210908-21","Hincesti","MDA","Hincesti","Moldova (the Republic of)","MD","MD","MDA",86.062407,4.06106057633026,57.4395652684421,14.5032530260227,690.75410970483,85.6562202649873
"1648","MDA-20210908-22","Ialoveni","MDA","Ialoveni","Moldova (the Republic of)","MD","MD","MDA",32.299221,3.53425603701446,57.8101171883707,24.1222160689032,710.909658193636,83.4898946667006
"1649","MDA-20210908-23","Leova","MDA","Leova","Moldova (the Republic of)","MD","MD","MDA",76.53126,1.47300205634019,22.6746136406154,3.22625895400327,292.387670829366,39.7125173126106
"1650","MDA-20210908-24","Nisporeni","MDA","Nisporeni","Moldova (the Republic of)","MD","MD","MDA",26.405619,4.07560164397162,39.8539752271115,6.96332601754285,380.840586235086,45.9935630773216
"1651","MDA-20210908-25","Ocnita","MDA","Ocnita","Moldova (the Republic of)","MD","MD","MDA",40.339686,9.61222637518076,64.4944665325104,3.00050197404368,383.042264242429,50.1263267970441
"1652","MDA-20210908-26","Orhei","MDA","Orhei","Moldova (the Republic of)","MD","MD","MDA",72.2202,1.0696883675328,53.8565684490851,24.5477534860307,847.734280429854,100.576175662024
"1653","MDA-20210908-27","RIscani","MDA","RIscani","Moldova (the Republic of)","MD","MD","MDA",89.854368,1.429124108032,32.5476005532445,7.86613370890731,468.098745305992,60.1825416705244
"1654","MDA-20210908-28","Rezina","MDA","Rezina","Moldova (the Republic of)","MD","MD","MDA",41.960802,3.97490063253202,36.4693176522643,5.62037010051912,329.787496628448,41.9262930018894
"1655","MDA-20210908-29","SIngerei","MDA","SIngerei","Moldova (the Republic of)","MD","MD","MDA",70.37919,2.74838029706697,41.508469869238,7.22938135207173,526.286581395675,65.0017167249052
"1656","MDA-20210908-30","Soldanesti","MDA","Soldanesti","Moldova (the Republic of)","MD","MD","MDA",35.737974,0.842737287357463,18.4552051758403,3.43390269444923,266.085085449844,32.5440843877206
"1657","MDA-20210908-31","Soroca","MDA","Soroca","Moldova (the Republic of)","MD","MD","MDA",76.46406,10.2939593081327,86.5101140231048,13.1419714562045,708.055607452868,89.7856311692458
"1658","MDA-20210908-32","Stefan Voda","MDA","Stefan Voda","Moldova (the Republic of)","MD","MD","MDA",90.2552549999997,1.75929507837582,30.0670103279521,5.51867528496786,400.311947883439,52.9335989543278
"1659","MDA-20210908-33","Straseni","MDA","Straseni","Moldova (the Republic of)","MD","MD","MDA",36.682905,2.11423151998308,43.7558609504229,16.9682491532319,590.990756066414,69.4889773291257
"1660","MDA-20210908-34","Taraclia","MDA","Taraclia","Moldova (the Republic of)","MD","MD","MDA",60.221019,0.471625423753847,16.7828202256442,4.65686410473298,262.308786933085,34.564257628503
"1661","MDA-20210908-35","Telenesti","MDA","Telenesti","Moldova (the Republic of)","MD","MD","MDA",49.365237,0.845054239904965,23.8165951063203,4.08156295910337,365.562946989854,44.472443047496
"1662","MDA-20210908-36","Transnistria","MDA","Transnistria","Moldova (the Republic of)","MD","MD","MDA",86.944194,221.981018063916,1414.20888699257,421.351468256659,6227.66766739626,848.08609778508
"1663","MDA-20210908-37","Ungheni","MDA","Ungheni","Moldova (the Republic of)","MD","MD","MDA",68.236116,11.5223879290903,97.5957713581761,21.3619874768909,784.557933398455,98.8785541494422
"ME000","0","0","ME","Crna Gora","Montenegro","ME","ME","MNE",1053.86460696325,16.574342972981,1941.60042183155,324.818916796922,11710.6877611665,540.976872216618
"MK001","0","0","MK","Vardarski","North Macedonia","MK","MK","MKD",342.55474972022,86.296375803767,367.5342422773,44.1553372670249,2621.35021678194,89.441365633986
"MK002","0","0","MK","Isto─ìen","North Macedonia","MK","MK","MKD",166.891598689544,138.400707276084,514.36184994591,40.7551117702748,2628.62931092424,91.0617316227712
"MK003","0","0","MK","Jugozapaden","North Macedonia","MK","MK","MKD",78.357467870455,60.4489099773173,302.465492003067,62.6615498925026,2848.62683797395,91.4797013660775
"MK004","0","0","MK","Jugoisto─ìen","North Macedonia","MK","MK","MKD",658.475968777626,64.9090268939893,327.987518167464,48.9986141763584,3029.1500470997,104.144643192463
"MK005","0","0","MK","Pelagoniski","North Macedonia","MK","MK","MKD",508.87223762114,151.214211147372,599.536409595267,54.8209978122654,3636.48294633972,126.583720544566
"MK006","0","0","MK","Polo┼íki","North Macedonia","MK","MK","MKD",217.346119195592,45.3099221568679,247.477626493882,53.4276086901119,2561.68124263451,83.4028280233069
"MK007","0","0","MK","Severoisto─ìen","North Macedonia","MK","MK","MKD",80.0550208816498,29.3584634723819,160.899236276283,37.0661797370898,1682.34427928353,54.0029919912809
"MK008","0","0","MK","Skopski","North Macedonia","MK","MK","MKD",210.052940926237,318.103496055274,1612.90025690832,349.128390375464,15489.6389903572,494.156380770155
"MT001","0","0","MT","Malta","Malta","MT","MT","MLT",224.113624909189,0,9123.44007178008,0,29913.876365444,1820.7267521003
"MT002","0","0","MT","Gozo and Comino / G─ºawdex u Kemmuna","Malta","MT","MT","MLT",54.3093532241139,0,381.577505313331,0,1331.36929214976,81.4858173815866
"NL111","0","0","NL","Oost-Groningen","Netherlands (the)","NL","NL","NLD",937.506733529319,1127.7437533633,3273.71228656073,418.703113526584,12634.621911879,397.333754939162
"NL112","0","0","NL","Delfzijl en omgeving","Netherlands (the)","NL","NL","NLD",395.133953629426,674.873402497928,1866.94820451392,148.974984992755,4952.11153541904,165.453927289701
"NL113","0","0","NL","Overig Groningen","Netherlands (the)","NL","NL","NLD",1929.82475121839,5635.57554511774,16035.9751447876,1769.88708078666,54267.7880320591,1724.92508340037
"NL121","0","0","NL","Noord-Friesland","Netherlands (the)","NL","NL","NLD",2221.5711200223,2015.36829365749,6284.44456800773,1230.5689803842,34901.0424555488,1050.06254757753
"NL122","0","0","NL","Zuidwest-Friesland","Netherlands (the)","NL","NL","NLD",795.206648169393,771.229472103304,2270.95312855494,320.286826590433,9538.31410785308,297.26798150167
"NL123","0","0","NL","Zuidoost-Friesland","Netherlands (the)","NL","NL","NLD",1253.23088927075,1684.36546986234,5051.35184807831,810.70226544039,23511.3210946714,719.120684635595
"NL131","0","0","NL","Noord-Drenthe","Netherlands (the)","NL","NL","NLD",1254.85139463253,980.762727013448,3147.7804103195,697.340980056644,19517.063056653,581.303269826164
"NL132","0","0","NL","Zuidoost-Drenthe","Netherlands (the)","NL","NL","NLD",1812.87824851691,1426.46386681254,4119.65833646236,495.758768320952,15292.4336445135,487.995528106134
"NL133","0","0","NL","Zuidwest-Drenthe","Netherlands (the)","NL","NL","NLD",712.99767893529,910.252173062272,2827.11676694488,547.598492671383,15479.5575188282,464.570155175908
"NL211","0","0","NL","Noord-Overijssel","Netherlands (the)","NL","NL","NLD",2567.12470716227,3102.52022805479,9600.63155991776,1824.29231005856,51732.7431427465,1556.30995103625
"NL212","0","0","NL","Zuidwest-Overijssel","Netherlands (the)","NL","NL","NLD",853.185924415709,1275.84111289205,3872.27684348965,667.697402680082,19137.3607330592,580.318993114043
"NL213","0","0","NL","Twente","Netherlands (the)","NL","NL","NLD",2472.27817545389,5725.1251165513,17069.8763744457,2671.08530320028,77309.0050871068,2361.13839297658
"NL221","0","0","NL","Veluwe","Netherlands (the)","NL","NL","NLD",3865.75206748619,5053.47886806646,16084.9564676274,3482.15485340326,97074.4519537889,2882.50025290921
"NL224","0","0","NL","Zuidwest-Gelderland","Netherlands (the)","NL","NL","NLD",2577.89640470841,3709.60761331325,10801.7791360803,1422.80668129251,42575.9671558316,1331.30836385388
"NL225","0","0","NL","Achterhoek","Netherlands (the)","NL","NL","NLD",1867.25647363769,6264.72632929253,19078.8526590058,3388.55130569643,96132.2876909258,2892.93335016155
"NL226","0","0","NL","Arnhem/Nijmegen","Netherlands (the)","NL","NL","NLD",4362.45756534544,1626.22850254375,5216.42738261391,1116.9821498554,31972.9373298915,968.60907916142
"NL230","0","0","NL","Flevoland","Netherlands (the)","NL","NL","NLD",4451.26653865304,2120.85743301284,7034.86639948115,1738.39675448729,48482.1777710426,1440.06897474204
"NL310","0","0","NL","Utrecht","Netherlands (the)","NL","NL","NLD",2494.9750670727,6727.44974767883,26203.6484801664,10095.3282637791,266377.148270565,7562.84747998242
"NL321","0","0","NL","Kop van Noord-Holland","Netherlands (the)","NL","NL","NLD",5952.74416568568,1783.30292934469,5844.37266580199,1346.82442122477,38449.3899164863,1162.50805300707
"NL322","0","0","NL","Alkmaar en omgeving","Netherlands (the)","NL","NL","NLD",1099.30817412745,1124.37247373058,3812.36410441522,1035.13074707854,28235.6715491288,824.106760442979
"NL323","0","0","NL","IJmond","Netherlands (the)","NL","NL","NLD",587.735317369688,2186.78847988809,6205.53114036473,670.135416441688,20594.9820005814,655.614785530452
"NL324","0","0","NL","Agglomeratie Haarlem","Netherlands (the)","NL","NL","NLD",64.1223551986102,649.613544875773,2549.96240491887,999.879095339576,26307.7241856527,745.083907047246
"NL325","0","0","NL","Zaanstreek","Netherlands (the)","NL","NL","NLD",128.210821927983,1207.61085733754,3658.2068983753,634.782175716662,18004.7810773131,541.736014371309
"NL326","0","0","NL","Groot-Amsterdam","Netherlands (the)","NL","NL","NLD",2453.34133197479,8046.99393218772,34873.5531149466,16076.4261416871,419502.054852967,11796.0591453407
"NL327","0","0","NL","Het Gooi en Vechtstreek","Netherlands (the)","NL","NL","NLD",119.509415553011,1082.45912416304,4081.40587912219,1476.32831983165,39048.5649590448,1110.93289687651
"NL332","0","0","NL","Agglomeratie 's-Gravenhage","Netherlands (the)","NL","NL","NLD",2202.87038912174,1659.08278832328,9181.05979427836,5539.64080818113,143118.945884544,3989.10239122644
"NL333","0","0","NL","Delft en Westland","Netherlands (the)","NL","NL","NLD",9717.18888084008,1678.42825257831,5648.0632109853,1369.5536022674,39849.8912437139,1221.7604495441
"NL337","0","0","NL","Agglomeratie Leiden en Bollenstreek","Netherlands (the)","NL","NL","NLD",2218.07442423476,2970.19087705657,9347.22537711028,1926.77779809322,54015.0208171791,1610.83793730317
"NL338","0","0","NL","Oost-Zuid-Holland","Netherlands (the)","NL","NL","NLD",3173.21710414985,1421.7508238011,4871.40559495649,1338.21622889565,36915.1014030825,1087.13215418759
"NL339","0","0","NL","Groot-Rijnmond","Netherlands (the)","NL","NL","NLD",7303.58003122572,12250.3287426638,39172.302303321,8677.51466550894,240741.061933865,7121.58592913937
"NL33A","0","0","NL","Zuidoost-Zuid-Holland","Netherlands (the)","NL","NL","NLD",574.482370605119,3274.92465735583,10090.3750747021,1909.79045017928,53642.0027995116,1602.07803182939
"NL341","0","0","NL","Zeeuwsch-Vlaanderen","Netherlands (the)","NL","NL","NLD",1361.46345655613,1205.67384216673,3456.72719400642,393.116734165663,12226.1552712693,392.227094605799
"NL342","0","0","NL","Overig Zeeland","Netherlands (the)","NL","NL","NLD",3454.87136839029,2431.65626081298,7217.88102390748,1060.14237107939,31594.255978129,985.144613396858
"NL411","0","0","NL","West-Noord-Brabant","Netherlands (the)","NL","NL","NLD",5716.88890900555,6333.61978159232,19213.1847419731,3280.17958563496,94524.9498565508,2877.77574434905
"NL412","0","0","NL","Midden-Noord-Brabant","Netherlands (the)","NL","NL","NLD",3063.76231811735,3469.83814493293,10928.5916961478,2253.60869648629,63294.7715828357,1890.26892581713
"NL413","0","0","NL","Noordoost-Noord-Brabant","Netherlands (the)","NL","NL","NLD",5624.98598084098,6803.73693217445,20515.9200681438,3392.24353900419,98086.7611273816,2993.62306893243
"NL414","0","0","NL","Zuidoost-Noord-Brabant","Netherlands (the)","NL","NL","NLD",4906.88193731251,13233.0258157715,37744.4933708006,4251.8455768433,129948.851304223,4121.68202675564
"NL421","0","0","NL","Noord-Limburg","Netherlands (the)","NL","NL","NLD",5753.90143973571,3035.56626822916,8958.67642516962,1242.17775938344,37770.3101969013,1193.9059296994
"NL422","0","0","NL","Midden-Limburg","Netherlands (the)","NL","NL","NLD",1834.90873246386,2111.1339261848,6275.30836317264,948.723283578637,27836.8433881162,858.568928205513
"NL423","0","0","NL","Zuid-Limburg","Netherlands (the)","NL","NL","NLD",704.399292801891,6570.72305820061,19196.3148526774,2652.69889312705,77738.3719131776,2395.58738987039
"NO011","0","0","NO","Oslo","Norway","NO","NO","NOR",31.967895321045,849.732070093283,21760.6923066122,17365.8275740433,204148.916284422,3789.79591468757
"NO012","0","0","NO","Akershus","Norway","NO","NO","NOR",742.732230861523,540.86256998446,12494.5714718947,8426.26024230913,100314.420512268,1873.42448253258
"NO021","0","0","NO","Hedmark","Norway","NO","NO","NOR",1756.16635575727,293.051784191233,5426.15173205789,1935.00138658642,24959.3460479659,483.047858912569
"NO022","0","0","NO","Oppland","Norway","NO","NO","NOR",1270.01035764787,370.67030849911,6499.54069631885,1792.59100679384,23696.2145811946,463.26093646221
"NO031","0","0","NO","├ÿstfold","Norway","NO","NO","NOR",780.444153814019,596.643226015757,10345.2853379175,2717.20492975435,35679.9583692162,695.651890339867
"NO032","0","0","NO","Buskerud","Norway","NO","NO","NOR",707.114984111095,709.941351879127,12146.6368191569,2930.57481680769,38911.2309376671,762.077490297365
"NO033","0","0","NO","Vestfold","Norway","NO","NO","NOR",451.023789019089,432.210644495069,7754.94639293767,2472.43399745641,31541.8306304499,607.601106120237
"NO034","0","0","NO","Telemark","Norway","NO","NO","NOR",386.244208691369,539.909156191364,8933.44539128238,1653.36050874644,22970.041652794,457.892741911805
"NO041","0","0","NO","Aust-Agder","Norway","NO","NO","NOR",239.701522282011,123.176583909589,2441.07507787745,1141.85929137779,14019.8461293032,265.575980335441
"NO042","0","0","NO","Vest-Agder","Norway","NO","NO","NOR",281.89761945222,525.891610834182,8873.03589135995,1942.82114149659,26120.8312392128,514.138150084727
"NO043","0","0","NO","Rogaland","Norway","NO","NO","NOR",2563.88872782409,1113.41375927045,20230.4591847832,6792.51744104813,86683.5460807585,1670.05034627726
"NO051","0","0","NO","Hordaland","Norway","NO","NO","NOR",2856.35326678571,1033.36799699605,19048.3568656702,6804.63744840316,86360.504397754,1659.9061358917
"NO052","0","0","NO","Sogn og Fjordane","Norway","NO","NO","NOR",1877.20092592349,402.589814766723,6601.58945704692,1049.42894506944,15723.4192859581,322.058296339313
"NO053","0","0","NO","M├©re og Romsdal","Norway","NO","NO","NOR",4800.97869911832,746.105913416752,12705.3286952083,2788.52528592003,39324.3882303886,788.305143747835
"NO061","0","0","NO","S├©r-Tr├©ndelag","Norway","NO","NO","NOR",2420.20733189634,595.657729573534,11239.9226811737,4386.33479505559,55401.615883934,1062.65083291115
"NO062","0","0","NO","Nord-Tr├©ndelag","Norway","NO","NO","NOR",2320.93239452807,256.165688170432,4528.51061277816,1246.45462860752,17085.7509649512,338.850585079961
"NO071","0","0","NO","Nordland","Norway","NO","NO","NOR",5732.208869412,603.585864904426,10415.7948208409,2438.53078156934,34691.9231292535,697.693743872382
"NO072","0","0","NO","Troms","Norway","NO","NO","NOR",2816.19419841202,227.497442482486,4528.39186069559,2043.87695452966,26176.4779413416,505.083194778731
"NO073","0","0","NO","Finnmark","Norway","NO","NO","NOR",2315.88338497985,166.540666053095,2943.94254043289,774.949081569793,11052.6683959001,222.486316611871
"PL113","0","0","PL","Miasto ┼ü├│d┼║","Poland","PL","PL","POL",156.399050116905,3184.51590012982,26501.1732916036,6151.0156729603,36939.9760485603,14295.2123186033
"PL114","0","0","PL","┼ü├│dzki","Poland","PL","PL","POL",1699.50396040827,1707.59462080188,13710.1576672028,1867.75016145793,12151.2137164208,5158.83809921858
"PL115","0","0","PL","Piotrkowski","Poland","PL","PL","POL",4321.64886704647,3887.74569607032,30621.5937683744,2577.40290975418,18564.9060948321,8692.10928644169
"PL116","0","0","PL","Sieradzki","Poland","PL","PL","POL",4564.77045575256,1586.15085955239,12718.8835858964,1647.72391957905,11091.6594470391,4876.71332690775
"PL117","0","0","PL","Skierniewicki","Poland","PL","PL","POL",3769.25530240578,1113.88888087213,9055.0691030829,1495.82267255445,9690.90666853189,4095.98807334064
"PL121","0","0","PL","Ciechanowsko-p┼éocki","Poland","PL","PL","POL",9822.68017628171,6241.31157552923,48676.4391942685,2738.41383894847,22436.8213232642,11609.6672554027
"PL122","0","0","PL","Ostro┼é─Öcko-siedlecki","Poland","PL","PL","POL",13489.9225372212,2418.83961705893,19562.2119194514,2889.77501621172,19585.957732061,8669.58870685325
"PL127","0","0","PL","Miasto Warszawa","Poland","PL","PL","POL",302.751587424718,7966.94653769489,75399.8517242821,41003.0322298937,232222.41097218,83016.4547443648
"PL128","0","0","PL","Radomski","Poland","PL","PL","POL",6492.3356021603,2020.67614559537,16272.3070013726,2284.16429717308,15203.8941370764,6609.80441706728
"PL129","0","0","PL","Warszawski-wschodni","Poland","PL","PL","POL",6217.07053091698,3034.91871772343,24784.7972443429,4450.62362556182,28070.5692998471,11518.6566427646
"PL12A","0","0","PL","Warszawski-zachodni","Poland","PL","PL","POL",5991.37321113154,4167.91110602042,34090.4846136329,6296.90673634104,39319.1807757969,15950.228250759
"PL213","0","0","PL","Miasto Krak├│w","Poland","PL","PL","POL",125.207998653188,2896.05163896079,25564.1074964635,9713.38833949729,56078.4933040892,20599.7086434623
"PL214","0","0","PL","Krakowski","Poland","PL","PL","POL",2355.25126081352,2684.86541758351,21686.2839636474,3306.12162085764,21092.2540414725,8766.85815197879
"PL215","0","0","PL","Nowos─àdecki","Poland","PL","PL","POL",2490.71325748675,1743.36699023779,14463.7569201293,3209.09556656759,19584.8220429535,7731.73333467976
"PL216","0","0","PL","O┼øwi─Öcimski","Poland","PL","PL","POL",1236.62400735349,2622.67080108297,20916.3112325307,2491.09796586267,16472.9708692,7113.78351095309
"PL217","0","0","PL","Tarnowski","Poland","PL","PL","POL",1484.03287654696,1250.63915397699,10188.2800503725,1778.32679793367,11162.0951898867,4555.20300831696
"PL224","0","0","PL","Cz─Östochowski","Poland","PL","PL","POL",1939.73610796557,2209.56567660683,17754.3290730218,2459.48189986368,15931.8317987717,6732.76277541785
"PL225","0","0","PL","Bielski","Poland","PL","PL","POL",1096.69875284576,3903.14699055606,31071.937652673,3558.87915655933,23635.4152506702,10251.8840564213
"PL227","0","0","PL","Rybnicki","Poland","PL","PL","POL",793.373688626166,3960.44643308432,31139.6831987012,2522.33987369428,18009.3292423994,8367.2394811372
"PL228","0","0","PL","Bytomski","Poland","PL","PL","POL",641.007174772835,1288.5322992593,10525.9939589576,1926.24807262336,11930.1710440042,4793.6819244506
"PL229","0","0","PL","Gliwicki","Poland","PL","PL","POL",462.872873386373,3428.19340119165,27191.8743069401,2853.8979993099,19228.0777951242,8461.51686552348
"PL22A","0","0","PL","Katowicki","Poland","PL","PL","POL",108.183945279529,3344.43319294063,27797.8012199811,6364.46115231694,38268.7707945582,14832.3707792251
"PL22B","0","0","PL","Sosnowiecki","Poland","PL","PL","POL",1056.67359013494,3327.16075514545,26602.3415723047,3357.6067887821,21927.0296258323,9346.67007525787
"PL22C","0","0","PL","Tyski","Poland","PL","PL","POL",493.735640014194,3459.01419537293,27140.4959366962,2046.47195612145,14856.1303016939,7002.69953596466
"PL311","0","0","PL","Bialski","Poland","PL","PL","POL",3394.06761744874,431.597004773178,3713.13661116081,1128.50570187059,6932.84399689758,2758.91922906377
"PL312","0","0","PL","Che┼émsko-zamojski","Poland","PL","PL","POL",5732.37118595819,905.218475446075,7649.55916830823,1997.02551603267,12391.5917326024,4990.01101477667
"PL314","0","0","PL","Lubelski","Poland","PL","PL","POL",2815.84602547856,2420.24579747559,19967.3454302221,4148.45692446487,25454.9475033989,10115.1523748591
"PL315","0","0","PL","Pu┼éawski","Poland","PL","PL","POL",3370.73873393574,1383.33042105806,11151.2144048011,1610.7176466549,10564.0879471507,4523.38575033375
"PL323","0","0","PL","Kro┼ønie┼äski","Poland","PL","PL","POL",1089.47542060974,1351.57869841666,10882.2826701015,1567.89706015185,10082.6072689645,4227.47048537329
"PL324","0","0","PL","Przemyski","Poland","PL","PL","POL",1135.60262993911,703.208767982526,5825.84984609951,1269.28207596912,7774.82414304698,3083.06562871134
"PL325","0","0","PL","Rzeszowski","Poland","PL","PL","POL",1070.9721506713,2495.2374906382,20277.5397226258,3434.17220967693,21471.0333265864,8722.79794002974
"PL326","0","0","PL","Tarnobrzeski","Poland","PL","PL","POL",1171.83745256583,3119.19101233446,24585.6735479444,2149.24613789713,15123.3002205562,6935.08171036839
"PL331","0","0","PL","Kielecki","Poland","PL","PL","POL",2496.00120346297,2478.94032240752,20233.7903517014,3641.44457123009,22719.1596995826,9207.44081277262
"PL332","0","0","PL","Sandomiersko-j─Ödrzejowski","Poland","PL","PL","POL",4608.69342535351,1491.71973614909,11965.3600866061,1555.62568548494,10493.7241455375,4623.41604109929
"PL343","0","0","PL","Bia┼éostocki","Poland","PL","PL","POL",2810.33281302517,1366.09976194913,11455.644803178,2845.70922577795,17234.4131312229,6740.04261715522
"PL344","0","0","PL","┼üom┼╝y┼äski","Poland","PL","PL","POL",5453.41016046934,1186.12515316193,9577.07611689833,1389.21631095348,9343.24265642675,4104.37477151823
"PL345","0","0","PL","Suwalski","Poland","PL","PL","POL",3315.77928346036,761.725761985086,6155.27428700134,908.555643512138,6072.23590550892,2650.75291391631
"PL411","0","0","PL","Pilski","Poland","PL","PL","POL",4688.52505748066,1630.48399970132,13023.7437559541,1551.31063410286,10623.6653984201,4749.84262593794
"PL414","0","0","PL","Koni┼äski","Poland","PL","PL","POL",6414.96206902683,2919.50044513378,23279.2577377521,2690.72541172537,18361.4601960745,8181.50851261083
"PL415","0","0","PL","Miasto Pozna┼ä","Poland","PL","PL","POL",145.299851283857,3047.49784059862,26014.7156095252,7726.64609952123,45395.2357323352,17075.2133283461
"PL416","0","0","PL","Kaliski","Poland","PL","PL","POL",5473.37451367094,3711.62145361984,29420.5096060937,2965.83458172211,20608.0438925162,9341.29604114515
"PL417","0","0","PL","Leszczy┼äski","Poland","PL","PL","POL",5227.28440108155,2729.76040602652,21804.4389739544,2633.86084637558,17739.8526092837,7804.11281776463
"PL418","0","0","PL","Pozna┼äski","Poland","PL","PL","POL",4303.38587031157,4478.19709537901,35768.9119161231,4376.19481306609,29002.9731578771,12553.3659596625
"PL422","0","0","PL","Koszali┼äski","Poland","PL","PL","POL",3449.43191837193,1648.72145366057,13541.2578095996,2633.25651647938,16432.1504994873,6660.96247471024
"PL423","0","0","PL","Stargardzki","Poland","PL","PL","POL",2500.26297181985,1144.12085482629,9273.18293540694,1477.68382438198,9504.47286201855,3985.97890517473
"PL424","0","0","PL","Miasto Szczecin","Poland","PL","PL","POL",54.3244662784139,1187.79222231479,10292.1804868006,3441.3435899786,20039.0931929637,7448.06102368513
"PL425","0","0","PL","Szczeci┼äski","Poland","PL","PL","POL",1764.64699625832,1195.24943393217,9669.28762956518,1504.01475461559,9632.87398607635,4021.14420357961
"PL431","0","0","PL","Gorzowski","Poland","PL","PL","POL",1948.671263112,1651.14614291005,13222.8120970237,1705.70641647692,11230.7319233496,4828.35846618536
"PL432","0","0","PL","Zielonog├│rski","Poland","PL","PL","POL",2673.36668597768,2939.86583233831,23441.9917010913,2763.17180304712,18426.778842624,8026.14455686619
"PL514","0","0","PL","Miasto Wroc┼éaw","Poland","PL","PL","POL",107.609825637411,2767.69914150042,24049.5286589399,8209.02101190347,47730.3251994352,17704.3885306763
"PL515","0","0","PL","Jeleniog├│rski","Poland","PL","PL","POL",1797.21907284822,2289.31598578019,18348.2291338476,2419.17139906405,15782.3147283328,6720.12492437666
"PL516","0","0","PL","Legnicko-G┼éogowski","Poland","PL","PL","POL",1356.75839671295,5003.34283614986,39005.9869859228,2242.49389943168,17631.9765213088,8857.90424812224
"PL517","0","0","PL","Wa┼ébrzyski","Poland","PL","PL","POL",1637.67327988417,2739.83990746792,21825.817858435,2527.37752470153,16831.955266215,7321.64130662171
"PL518","0","0","PL","Wroc┼éawski","Poland","PL","PL","POL",2678.25913479443,4048.47848774189,32001.0566343261,3028.68106928431,21042.871875376,9537.61139592076
"PL521","0","0","PL","Nyski","Poland","PL","PL","POL",1873.22991174219,1234.8685385044,9944.30321492491,1425.12025522939,9254.11977351908,3921.00631766888
"PL522","0","0","PL","Opolski","Poland","PL","PL","POL",1928.88896647747,2832.11314078209,22667.8513727683,2910.31619431117,19046.6395025865,8137.13696151831
"PL613","0","0","PL","Bydgosko-Toru┼äski","Poland","PL","PL","POL",1499.87857282536,3182.23821820433,26116.7298906093,5099.17317769244,31322.4071588627,12462.9230831096
"PL614","0","0","PL","Grudzi─àdzki","Poland","PL","PL","POL",4502.80640947039,2423.17619878883,19180.9526154207,1848.53728906074,13062.5962034929,6013.14355190554
"PL615","0","0","PL","W┼éoc┼éawski","Poland","PL","PL","POL",5986.78024564591,2387.52319608707,19258.3101250608,2811.85260688561,18422.6997598677,7879.7476263056
"PL621","0","0","PL","Elbl─àski","Poland","PL","PL","POL",3569.46952721726,1852.44397579676,14833.5434646155,1890.70257325004,12604.5909623908,5488.43980165236
"PL622","0","0","PL","Olszty┼äski","Poland","PL","PL","POL",4429.78289704605,1841.22168755946,15136.394832175,2972.34632526444,18577.6872828349,7544.56700113159
"PL623","0","0","PL","E┼écki","Poland","PL","PL","POL",2539.5263981102,627.337389379259,5141.00513446404,952.68940076749,6098.81192110893,2544.53590230323
"PL631","0","0","PL","S┼éupski","Poland","PL","PL","POL",3388.19951017942,1738.55604154924,13947.6964175257,1847.44157101897,12231.6009135205,5288.80273292675
"PL633","0","0","PL","Tr├│jmiejski","Poland","PL","PL","POL",147.217825010172,3585.44239323384,30070.1069060972,7580.15510198305,45161.7772944535,17300.607988049
"PL634","0","0","PL","Gda┼äski","Poland","PL","PL","POL",2313.97491838061,1882.00664715248,15279.1551247751,2527.09836557342,15991.4488992168,6586.57760125999
"PL635","0","0","PL","Starogardzki","Poland","PL","PL","POL",2980.68075512714,2330.23361093447,18441.9539710295,1787.12940329438,12486.6059328396,5689.01661095442
"PT111","0","0","PT","Minho-Lima","Portugal","PT","PT","PRT",489.904199278977,282.84755589249,5711.02697629922,758.673273382582,15727.6531186935,1007.42801973869
"PT112","0","0","PT","C├ívado","Portugal","PT","PT","PRT",678.178762339013,480.042665027817,9974.30529201758,1601.92318828169,31778.4720423749,1987.06517432299
"PT113","0","0","PT","Ave","Portugal","PT","PT","PRT",475.557804689905,926.020396065907,17735.8948549985,1454.6614223397,34092.5139023191,2317.26041890525
"PT114","0","0","PT","Grande Porto","Portugal","PT","PT","PRT",1071.94777523799,1091.4922582419,25354.4000966669,6601.68679203483,120584.676699564,7172.29562527963
"PT115","0","0","PT","T├ómega","Portugal","PT","PT","PRT",539.546135334969,497.650763505247,10060.9134268564,1357.43592229429,27894.9461599734,1778.48020223735
"PT116","0","0","PT","Entre Douro e Vouga","Portugal","PT","PT","PRT",278.885915691751,539.641411560052,10273.8448634885,779.585805687332,18750.8623358989,1288.88510590279
"PT117","0","0","PT","Douro","Portugal","PT","PT","PRT",1262.57327048361,145.407891600654,3190.78509848435,643.891180656674,12712.2514732966,792.716205034284
"PT118","0","0","PT","Alto Tr├ís-os-Montes","Portugal","PT","PT","PRT",1268.19358812331,158.443811196716,3415.7705826203,637.203580205376,12746.0809383979,800.730851218571
"PT150","0","0","PT","Algarve","Portugal","PT","PT","PRT",2224.09546097097,119.584567253046,4429.20740948429,2486.30199636026,43095.2891292023,2474.04579902282
"PT161","0","0","PT","Baixo Vouga","Portugal","PT","PT","PRT",1168.46712734847,697.433552854643,13683.9660811323,1433.32609149109,31587.8977995451,2086.90238147875
"PT162","0","0","PT","Baixo Mondego","Portugal","PT","PT","PRT",800.567123284237,341.632101905563,7438.34949213538,1506.02783832495,28764.800973372,1759.24749349955
"PT163","0","0","PT","Pinhal Litoral","Portugal","PT","PT","PRT",764.015447280876,399.105229840488,8086.77859964152,1099.82775040096,22706.3736752033,1451.2742639328
"PT164","0","0","PT","Pinhal Interior Norte","Portugal","PT","PT","PRT",459.618040872679,124.114850625734,2555.56012906043,380.979172724535,7801.84297949559,496.487510315038
"PT165","0","0","PT","D├úo-Laf├Áes","Portugal","PT","PT","PRT",1122.89542782139,225.757168269439,4881.79688535774,942.438293393248,18414.4165541821,1141.45838133707
"PT166","0","0","PT","Pinhal Interior Sul","Portugal","PT","PT","PRT",226.499970466292,44.4908854488983,887.796623071272,103.776998572256,2287.05613070488,151.097832341738
"PT167","0","0","PT","Serra da Estrela","Portugal","PT","PT","PRT",89.6362665361486,23.5221037489212,516.282202641646,107.333068039391,2056.01962543792,125.9657374617
"PT168","0","0","PT","Beira Interior Norte","Portugal","PT","PT","PRT",423.981200554116,59.3282015231139,1374.1626245309,344.750750694833,6490.71301022051,393.512766818213
"PT169","0","0","PT","Beira Interior Sul","Portugal","PT","PT","PRT",478.4446124511,74.8174511822223,1594.72890069942,284.031726708899,5687.10986702019,357.470144171285
"PT16A","0","0","PT","Cova da Beira","Portugal","PT","PT","PRT",293.942547565495,71.247087533889,1505.29208721639,260.078743666157,5171.15485655912,323.763138901972
"PT16B","0","0","PT","Oeste","Portugal","PT","PT","PRT",2287.43985727456,316.639358390688,6874.66544417962,1333.35496385921,26342.5126076829,1643.32874429771
"PT16C","0","0","PT","M├®dio Tejo","Portugal","PT","PT","PRT",827.934755618873,201.219220484841,4321.77008523624,812.190139013168,15877.5606961329,984.496374592288
"PT171","0","0","PT","Grande Lisboa","Portugal","PT","PT","PRT",577.023291372162,1263.34103703701,38341.8529084177,17566.8999160904,302085.87511013,17244.9302417908
"PT172","0","0","PT","Pen├¡nsula de Set├║bal","Portugal","PT","PT","PRT",1117.7588148914,530.447958537307,11877.2483249961,2702.78761926177,50582.8601630383,3055.36861180555
"PT181","0","0","PT","Alentejo Litoral","Portugal","PT","PT","PRT",1652.03318434216,126.47523288781,2617.76594604398,371.808070414576,8222.60131423352,544.151710687949
"PT182","0","0","PT","Alto Alentejo","Portugal","PT","PT","PRT",1079.9432611641,70.5596227226021,1610.48819869575,368.509317153362,7302.06879185215,456.294161928466
"PT183","0","0","PT","Alentejo Central","Portugal","PT","PT","PRT",1682.95438483977,111.058194749664,2581.59737281985,631.958930115163,12337.4682942963,764.389212754182
"PT184","0","0","PT","Baixo Alentejo","Portugal","PT","PT","PRT",1784.23517648366,130.395911829311,2753.61241867982,441.431545545282,9467.57324555759,617.172338795403
"PT185","0","0","PT","Lez├¡ria do Tejo","Portugal","PT","PT","PRT",2736.0783306671,218.189078946895,4734.47055110964,885.033416411638,18129.1601077647,1153.86398819127
"PT200","0","0","PT","Regi├úo Aut├│noma dos A├ºores","Portugal","PT","PT","PRT",0,0,0,0,0,0
"PT300","0","0","PT","Regi├úo Aut├│noma da Madeira","Portugal","PT","PT","PRT",0,0,0,0,0,0
"RO111","0","0","RO","Bihor","Romania","RO","RO","ROU",3090.01805673119,2581.14504275118,13473.6246678753,2106.17433368746,25410.9624936836,2096.72935314177
"RO112","0","0","RO","Bistri┼úa-N─âs─âud","Romania","RO","RO","ROU",1395.14429967637,1294.32712815771,6623.67711494975,883.248364498863,10804.5974819826,927.549352366914
"RO113","0","0","RO","Cluj","Romania","RO","RO","ROU",1925.80558160858,4160.16888933402,23115.3850237797,5256.51548960427,61251.6366356788,4526.96880585804
"RO114","0","0","RO","Maramure┼ƒ","Romania","RO","RO","ROU",1786.73163181188,2167.29770204744,11086.6248351873,1477.72431304584,18011.4736916616,1530.60364504499
"RO115","0","0","RO","Satu Mare","Romania","RO","RO","ROU",2269.45870578825,1637.29467916169,8373.35503988017,1105.91287332882,13602.5042412164,1185.50893603531
"RO116","0","0","RO","S─âlaj","Romania","RO","RO","ROU",1377.54337915754,1109.38173621213,5655.38286393575,726.854220945006,8947.715469631,781.628500534507
"RO121","0","0","RO","Alba","Romania","RO","RO","ROU",2139.08417696172,2568.85907524918,12745.4298907373,1232.50213885603,15590.4366123397,1461.51870950666
"RO122","0","0","RO","Bra┼ƒov","Romania","RO","RO","ROU",1623.88493252713,3956.98835646003,20514.1475999034,3069.34753826729,36808.0421827318,2982.77939802804
"RO123","0","0","RO","Covasna","Romania","RO","RO","ROU",1599.6501302914,953.143446858089,4847.76815202613,606.374604302018,7536.98701654638,675.64370903147
"RO124","0","0","RO","Harghita","Romania","RO","RO","ROU",1370.50286379481,1471.46162942669,7520.79315998715,993.641811050028,12140.7531948658,1038.83498403946
"RO125","0","0","RO","Mure┼ƒ","Romania","RO","RO","ROU",2814.95811111435,2588.12642727824,13324.1552802918,1870.26084571968,22763.5743304226,1926.63952658172
"RO126","0","0","RO","Sibiu","Romania","RO","RO","ROU",1304.78861752392,3433.06765887906,17149.8793016986,1813.26367672576,22490.7791088726,2004.98615769958
"RO211","0","0","RO","Bac─âu","Romania","RO","RO","ROU",2266.65788733715,1448.42811942759,8176.46438226321,1985.37947065204,23242.4010791811,1744.90968539738
"RO212","0","0","RO","Boto┼ƒani","Romania","RO","RO","ROU",2741.82198371126,907.620929178566,4877.8464690032,910.532417416239,11022.2493230936,918.395594303999
"RO213","0","0","RO","Ia┼ƒi","Romania","RO","RO","ROU",2752.62148487433,2140.96017789416,12500.9578488403,3484.4225700608,40384.9792651255,2930.06279699578
"RO214","0","0","RO","Neam┼ú","Romania","RO","RO","ROU",2528.76823961799,1233.31886899649,6672.14287397389,1304.90333330516,15583.02712029,1246.75424251527
"RO215","0","0","RO","Suceava","Romania","RO","RO","ROU",3941.84758211556,1735.54563055843,9351.23443362137,1783.3181183722,21387.3178306042,1733.51591605812
"RO216","0","0","RO","Vaslui","Romania","RO","RO","ROU",1809.45139446235,752.79131205519,4099.38299523448,829.494603853719,9910.18943320991,793.978522397369
"RO221","0","0","RO","Br─âila","Romania","RO","RO","ROU",3597.07325905583,996.547553634174,5323.86096673693,952.958134170427,11654.0294580261,999.676648402033
"RO222","0","0","RO","Buz─âu","Romania","RO","RO","ROU",3188.70948180561,1748.16654936435,8919.81280439117,1147.41034003735,14245.8465601789,1273.27732216798
"RO223","0","0","RO","Constan┼úa","Romania","RO","RO","ROU",2928.8772498308,4737.17470200039,24310.3775595525,3340.17872783536,40473.7871632249,3382.045196887
"RO224","0","0","RO","Gala┼úi","Romania","RO","RO","ROU",3023.49100978362,1670.90137924815,8938.94664740936,1639.39248414148,19636.8939777489,1585.68912571943
"RO225","0","0","RO","Tulcea","Romania","RO","RO","ROU",1576.81747903333,757.136604725796,3991.17720031167,663.259763727982,8039.64875036543,672.472890577645
"RO226","0","0","RO","Vrancea","Romania","RO","RO","ROU",2148.85199553439,962.218608933172,5148.2413441157,941.429924478471,11328.3646598143,927.448391800045
"RO311","0","0","RO","Arge┼ƒ","Romania","RO","RO","ROU",2129.6277225593,4084.1809711892,20431.5396341005,2190.4214843985,27195.5091217365,2430.70321466979
"RO312","0","0","RO","C─âl─âra┼ƒi","Romania","RO","RO","ROU",3365.14905461037,783.060424503736,4163.40971321644,718.130703761357,8882.24324073707,785.895931324418
"RO313","0","0","RO","D├ómbovi┼úa","Romania","RO","RO","ROU",2756.59701951357,2382.18027590979,12023.5950402915,1404.67462379857,17456.3848210405,1564.11393466099
"RO314","0","0","RO","Giurgiu","Romania","RO","RO","ROU",2136.77390906638,372.007632826706,2187.36633995791,611.54126098667,7286.01101106615,578.769172257656
"RO315","0","0","RO","Ialomi┼úa","Romania","RO","RO","ROU",2920.90014780156,734.153336196472,4072.264835659,896.880120369992,10780.9562299145,879.869698640345
"RO316","0","0","RO","Prahova","Romania","RO","RO","ROU",2496.60317455905,5914.15515236661,29150.1848569387,2604.61169719567,33013.3441339454,3110.2449865636
"RO317","0","0","RO","Teleorman","Romania","RO","RO","ROU",3029.79910799224,1047.29250309372,5454.45629352048,823.383583710027,10179.6307643484,899.635397262481
"RO321","0","0","RO","Bucure┼ƒti","Romania","RO","RO","ROU",3043.47116160468,13763.795958087,84746.8844448662,28272.5613728971,323024.854793837,22257.6738198588
"RO322","0","0","RO","Ilfov","Romania","RO","RO","ROU",1055.22012750472,2886.41730583065,15343.2063946976,2737.6636343359,32369.5531153006,2510.37915991811
"RO411","0","0","RO","Dolj","Romania","RO","RO","ROU",4294.9798803782,2940.86691048056,15169.5098582772,2154.53617908823,26325.0717802196,2252.52956581037
"RO412","0","0","RO","Gorj","Romania","RO","RO","ROU",1416.50559440894,2708.00306666074,13472.6547481154,1354.65906750434,16948.0973735602,1545.30448856246
"RO413","0","0","RO","Mehedin┼úi","Romania","RO","RO","ROU",1680.78506407502,499.090809189942,2842.35567189055,709.326586792912,8397.74213580917,653.958938821177
"RO414","0","0","RO","Olt","Romania","RO","RO","ROU",3507.38200337135,1683.38944115305,8552.09516034238,1052.41434035454,13188.4622639273,1207.60247341878
"RO415","0","0","RO","V├ólcea","Romania","RO","RO","ROU",1741.79570669748,1617.69564234995,8425.42324780972,1296.7409364214,15644.0018424696,1290.54855605256
"RO421","0","0","RO","Arad","Romania","RO","RO","ROU",4938.31731148161,3073.8561945562,15395.1299350206,1644.04221053435,20822.3523683876,1958.05098555148
"RO422","0","0","RO","Cara┼ƒ-Severin","Romania","RO","RO","ROU",1464.6115166753,873.734858269745,4793.04026396201,1014.0836469201,11994.9306565212,931.397755763434
"RO423","0","0","RO","Hunedoara","Romania","RO","RO","ROU",1359.82931749784,1575.10352548133,8399.88779640154,1523.02714044987,18081.9601173757,1420.68221225162
"RO424","0","0","RO","Timi┼ƒ","Romania","RO","RO","ROU",5358.1298809943,6241.81984530274,31686.8643315735,3935.6531360814,48344.8287427397,4198.43121940631
"SE110","0","0","SE","Stockholms l├ñn","Sweden","SE","SE","SWE",2254.70181071069,4060.2474933725,81980.7486415402,63887.3278165358,529485.767198883,10212.7814824917
"SE121","0","0","SE","Uppsala l├ñn","Sweden","SE","SE","SWE",2960.66201352166,715.994346554877,12674.6437135555,5873.08402362841,51591.9984193856,1043.03597589234
"SE122","0","0","SE","S├Âdermanlands l├ñn","Sweden","SE","SE","SWE",1697.26538895551,632.579766464357,10513.0580974101,3169.07872518302,29600.8764573518,625.754915587892
"SE123","0","0","SE","├ûsterg├Âtlands l├ñn","Sweden","SE","SE","SWE",4170.55078756399,1034.42508789542,17679.7656541537,6601.44567949434,59766.7644456821,1235.8410097697
"SE124","0","0","SE","├ûrebro l├ñn","Sweden","SE","SE","SWE",2499.04024249823,754.728099935544,12685.0236810202,4191.64170677053,38616.5850441226,808.537449271177
"SE125","0","0","SE","V├ñstmanlands l├ñn","Sweden","SE","SE","SWE",1293.15643500327,667.695818689403,11076.8246916569,3299.6652290579,30800.5723641094,650.823883309565
"SE211","0","0","SE","J├Ânk├Âpings l├ñn","Sweden","SE","SE","SWE",3071.58325594773,1075.78752783066,17611.8501845267,4586.89685079158,44088.162474982,950.148292260818
"SE212","0","0","SE","Kronobergs l├ñn","Sweden","SE","SE","SWE",2560.20637056313,501.819682008373,8476.78007538148,2888.83958587083,26633.0734403352,557.911028774754
"SE213","0","0","SE","Kalmar l├ñn","Sweden","SE","SE","SWE",3837.17045071052,570.274455992979,9424.62119831306,2634.4100464596,25352.2513676008,546.806970448178
"SE214","0","0","SE","Gotlands l├ñn","Sweden","SE","SE","SWE",1366.22630415565,46.9235544320439,982.081660239664,804.392864422525,6874.43471294389,136.008537912189
"SE221","0","0","SE","Blekinge l├ñn","Sweden","SE","SE","SWE",1271.87501297983,408.050028079207,6747.86636901805,1938.79570472424,18299.9484686348,389.634183552815
"SE224","0","0","SE","Sk├Ñne l├ñn","Sweden","SE","SE","SWE",14434.0359095354,2158.74175575417,39423.5390563304,21164.528663261,183602.049593206,3675.96523993178
"SE231","0","0","SE","Hallands l├ñn","Sweden","SE","SE","SWE",3570.05233124861,593.68669381044,10300.7597253802,4215.28400868278,37850.9783301797,777.973053972411
"SE232","0","0","SE","V├ñstra G├Âtalands l├ñn","Sweden","SE","SE","SWE",7022.18621677407,4630.75594580315,78382.5809612772,27597.4783725707,250177.579540159,5177.93807840985
"SE311","0","0","SE","V├ñrmlands l├ñn","Sweden","SE","SE","SWE",2795.72399068333,709.516975816168,11692.7298972185,3234.07563124275,30849.9781201153,661.519210973543
"SE312","0","0","SE","Dalarnas l├ñn","Sweden","SE","SE","SWE",4282.92160915626,607.11137545656,10311.4973904291,3629.48020905645,33485.0512520461,701.797993524535
"SE313","0","0","SE","G├ñvleborgs l├ñn","Sweden","SE","SE","SWE",3743.79070298735,653.269668982931,10920.9123504855,3408.29170981173,31984.1512663136,678.307280974642
"SE321","0","0","SE","V├ñsternorrlands l├ñn","Sweden","SE","SE","SWE",4506.46937411442,525.941649408632,8995.00182123508,3307.54848604541,30428.5469908506,636.462828703515
"SE322","0","0","SE","J├ñmtlands l├ñn","Sweden","SE","SE","SWE",3002.92270937941,197.916720938201,3549.69729515569,1700.28827558193,15250.7611946826,313.20128607725
"SE331","0","0","SE","V├ñsterbottens l├ñn","Sweden","SE","SE","SWE",3364.72711586727,722.847066293619,12053.7863856466,3702.60084910158,34714.597413796,735.757693286039
"SE332","0","0","SE","Norrbottens l├ñn","Sweden","SE","SE","SWE",2945.85897174667,1116.19979846467,17903.2358071505,3660.43781291424,37096.7723855537,826.583010158139
"SI011","0","0","SI","Pomurska","Slovenia","SI","SI","SVN",628.531701220161,37.6456776597705,2026.3365186952,340.179576160171,5557.30329472329,443.147011883017
"SI012","0","0","SI","Podravska","Slovenia","SI","SI","SVN",808.455804429231,115.82227907932,6340.60167736033,1258.01427112759,19444.3049232465,1490.08582854266
"SI013","0","0","SI","Koro┼íka","Slovenia","SI","SI","SVN",348.507273981548,41.1712614943494,2101.90464040624,192.188468790026,3629.74887602684,316.191989322958
"SI014","0","0","SI","Savinjska","Slovenia","SI","SI","SVN",813.044087370943,139.708292291209,7294.85201124674,933.869598478406,15837.6288627961,1294.65926312496
"SI015","0","0","SI","Zasavska","Slovenia","SI","SI","SVN",101.075078521506,12.8524258297716,683.195080315071,105.272690420792,1716.96104175642,136.75924864923
"SI016","0","0","SI","Spodnjeposavska","Slovenia","SI","SI","SVN",356.053233937589,47.107986186738,2400.57575113434,213.853155286995,4059.90792989767,354.654760974199
"SI017","0","0","SI","Jugovzhodna Slovenija","Slovenia","SI","SI","SVN",773.137660062264,118.676893843052,5996.70893678915,457.682343702597,9134.56010817775,818.88568028888
"SI018","0","0","SI","Notranjsko-kra┼íka","Slovenia","SI","SI","SVN",284.156502176094,19.0550320835928,1012.26537553503,150.906876968613,2525.39336813182,204.659994949002
"SI021","0","0","SI","Osrednjeslovenska","Slovenia","SI","SI","SVN",705.318308738308,245.416160585001,14416.6427344671,4331.12045132138,62425.5606451141,4523.25440570058
"SI022","0","0","SI","Gorenjska","Slovenia","SI","SI","SVN",527.93307110252,102.879772840282,5395.05446427416,728.492902976118,12166.5614041572,984.677159653451
"SI023","0","0","SI","Gori┼íka","Slovenia","SI","SI","SVN",477.771110478261,56.643398161186,2995.10679116186,436.523265167308,7222.85107347756,580.962196595397
"SI024","0","0","SI","Obalno-kra┼íka","Slovenia","SI","SI","SVN",206.122884240913,24.1562445211131,1528.73660875089,604.857126159617,8505.18402242021,603.107800652222
"SK010","0","0","SK","Bratislavsk├¢ kraj","Slovakia","SK","SK","SVK",1783.97988160825,2826.28732850978,33899.9210348377,15345.6438923,94925.8595697758,8509.80850276761
"SK021","0","0","SK","Trnavsk├¢ kraj","Slovakia","SK","SK","SVK",1885.36998390968,2655.34748236001,29560.9898097373,4579.79712784464,33571.139638897,3397.52632926496
"SK022","0","0","SK","Tren─ìiansky kraj","Slovakia","SK","SK","SVK",1616.14632182474,1664.35754374389,18783.9361099308,3947.37223904271,27219.9698933385,2647.61135731029
"SK023","0","0","SK","Nitriansky kraj","Slovakia","SK","SK","SVK",3694.06493525432,2435.84674799086,27132.660249965,4178.87633213544,31058.9925734076,3169.94314534002
"SK031","0","0","SK","┼¢ilinsk├¢ kraj","Slovakia","SK","SK","SVK",1479.96338398914,1796.86752536205,20494.706983053,5197.9580667485,34631.6243539014,3288.03825921539
"SK032","0","0","SK","Banskobystrick├¢ kraj","Slovakia","SK","SK","SVK",3506.59708990322,1344.34961349163,15356.1353706044,3879.16775413963,26330.4367745761,2533.25130209238
"SK041","0","0","SK","Pre┼íovsk├¢ kraj","Slovakia","SK","SK","SVK",2088.76185749901,1401.07553674356,16075.3655722007,4419.04075268001,29259.3674275627,2765.42313311263
"SK042","0","0","SK","Ko┼íick├¢ kraj","Slovakia","SK","SK","SVK",2057.57219760323,1900.04787292751,21733.8182118217,5741.73253913505,38105.5938543796,3607.63093334628
"3264","XKX-20210524-1","District of Ferizaj","SRB","District of Ferizaj","Serbia","RS","RS","SRB",186.33113625,57.3168609767818,257.190081630888,96.1573101788205,2320.51166413069,295.66983015566
"3265","XKX-20210524-2","District of Gjakova","SRB","District of Gjakova","Serbia","RS","RS","SRB",190.198635,26.656706615802,177.828559624472,41.6871804906853,2170.28957199996,262.365127713985
"3266","XKX-20210524-3","District of Gjilan","SRB","District of Gjilan","Serbia","RS","RS","SRB",186.98033625,34.5017785464185,216.1145609761,57.9880371590318,2562.04408939844,308.126323598551
"3267","XKX-20210524-4","District of Mitrovica","SRB","District of Mitrovica","Serbia","RS","RS","SRB",246.8790975,42.2806227623711,239.071213686448,67.1986355591275,2630.94465997459,325.376266633388
"3268","XKX-20210524-5","District of Peja","SRB","District of Peja","Serbia","RS","RS","SRB",226.8684825,36.7710784142777,208.024097924288,60.1868750630232,2298.76363977994,285.514479715666
"3269","XKX-20210524-6","District of Prishtina","SRB","District of Prishtina","Serbia","RS","RS","SRB",313.05157125,184.998183449954,839.054927343569,320.689283877548,7710.74316020172,949.924183652805
"3270","XKX-20210524-7","District of Prizren","SRB","District of Prizren","Serbia","RS","RS","SRB",242.525655,66.3199454390888,361.448384417674,114.444791615505,3914.11255717243,474.549608948009
"RS110","0","0","SRB","City of Belgrade","Serbia","RS","RS","SRB",1798.136775,926.568523862293,4261.67171794379,1770.86854448944,40560.6126288634,5003.9618697634
"RS121","0","0","SRB","Zapadnoba├ä┬ìka oblast","Serbia","RS","RS","SRB",969.5948625,86.1149230844213,348.420180022064,60.9163870944967,2350.81640234355,384.069070887526
"RS122","0","0","SRB","Ju├à┬¥nobanatska oblast","Serbia","RS","RS","SRB",1309.1307375,160.854086271497,636.728748985034,147.68437017003,4291.33708077237,660.592737749716
"RS123","0","0","SRB","Ju├à┬¥noba├ä┬ìka oblast","Serbia","RS","RS","SRB",1878.27135,611.228962355314,2168.17986913174,434.186509774171,10902.577176043,1617.14071301103
"RS124","0","0","SRB","Severnobanatska oblast","Serbia","RS","RS","SRB",1089.5461875,90.7272895135374,349.995654134088,69.9325019500506,2180.58261060069,380.928693423038
"RS125","0","0","SRB","Severnoba├ä┬ìka oblast","Serbia","RS","RS","SRB",926.641575,119.421902948906,455.684456133218,83.6549078712451,2733.56424880779,435.306268128132
"RS126","0","0","SRB","Srednjobanatska oblast","Serbia","RS","RS","SRB",1225.2975375,180.11400227165,617.45617327725,77.681388234914,2556.21447441301,468.842451313245
"RS127","0","0","SRB","Sremska oblast","Serbia","RS","RS","SRB",1328.345625,194.335129371919,723.772617247526,128.906513859428,4075.06550091659,650.296436855173
"RS211","0","0","SRB","Zlatiborska oblast","Serbia","RS","RS","SRB",1208.27221125,117.261836797193,501.512252523962,70.2661449597564,3652.64261622638,557.859373660545
"RS212","0","0","SRB","Kolubarska oblast","Serbia","RS","RS","SRB",1204.9704375,69.7452796377172,314.521170841047,90.3496259569154,2721.36336876605,443.777406825958
"RS213","0","0","SRB","Ma├ä┬ìvanska oblast","Serbia","RS","RS","SRB",1332.2124,97.7085390146989,440.934557280688,70.8670330089069,3542.49707495462,551.31031856331
"RS214","0","0","SRB","Moravi├ä┬ìka oblast","Serbia","RS","RS","SRB",1106.9993625,85.6024340543083,370.594496636844,71.3026660428146,2850.76419890929,451.432429234632
"RS215","0","0","SRB","Pomoravska oblast","Serbia","RS","RS","SRB",641.72355375,77.2534725311947,347.396429872484,56.7835327800433,2781.24927032537,392.754976788546
"RS216","0","0","SRB","Rasinska oblast","Serbia","RS","RS","SRB",1083.037125,76.6309137536894,342.574196905379,59.4718176039463,2735.98380027834,432.193703797312
"RS217","0","0","SRB","Ra├à┬íka oblast","Serbia","RS","RS","SRB",774.5455875,100.343645144265,440.21239911771,75.8508832029541,3413.58968108769,483.545706668114
"RS218","0","0","SRB","├à┬áumadijska oblast","Serbia","RS","RS","SRB",923.3066625,171.261530601244,666.838734915569,114.935289582904,4148.84148988758,607.202837768842
"RS221","0","0","SRB","Borska oblast","Serbia","RS","RS","SRB",376.90719375,44.5731231727072,220.194731808882,55.0116763731791,2090.25869216653,280.936676276287
"RS222","0","0","SRB","Brani├ä┬ìevska oblast","Serbia","RS","RS","SRB",916.4272125,33.88695066118,212.65397559951,68.1509412088364,2579.25454457293,383.81501967024
"RS223","0","0","SRB","Zaje├ä┬ìarska oblast","Serbia","RS","RS","SRB",543.87485625,28.6920448323537,163.271742153827,39.5010182713995,1774.85176443141,256.629102581165
"RS224","0","0","SRB","Jablani├ä┬ìka oblast","Serbia","RS","RS","SRB",734.23455,52.5641036781176,259.30439560194,47.8285354264803,2373.62342778684,348.704869434154
"RS225","0","0","SRB","Ni├à┬íavska oblast","Serbia","RS","RS","SRB",613.1463375,134.663807426404,637.905289304423,188.504748233321,5905.9718261244,755.70216994031
"RS226","0","0","SRB","Pirotska oblast","Serbia","RS","RS","SRB",376.99261875,45.6012425151814,195.848204024459,33.2704060739942,1465.43922078215,213.071185461329
"RS227","0","0","SRB","Podunavska oblast","Serbia","RS","RS","SRB",563.6887875,156.699186292502,551.294632352682,59.2759522653023,2450.81756448858,380.593547765253
"RS228","0","0","SRB","P├ä┬ìinjska oblast","Serbia","RS","RS","SRB",520.0306425,45.7921944185702,219.13709045822,40.8999195560668,1935.57468140991,277.810428442734
"RS229","0","0","SRB","Topli├ä┬ìka oblast","Serbia","RS","RS","SRB",540.17232,16.8627382828989,105.243343785667,18.6769797991756,1197.06875473242,188.563639356859
"TR100","0","0","TR","─░stanbul","Turkey","TR","TR","TUR",2332.60035,5683.63610820625,25904.0536369992,5762.82351391456,219037.507792676,26106.9400161708
"TR211","0","0","TR","Tekirda─ƒ","Turkey","TR","TR","TUR",1689.784356,1948.88352753317,8882.33913437785,1976.0363972164,75106.6012535041,9040.90263200716
"TR212","0","0","TR","Edirne","Turkey","TR","TR","TUR",1563.0372,97.2255455543688,443.120512815822,98.5801429589967,3746.90440882804,598.904654292114
"TR213","0","0","TR","K─▒rklareli","Turkey","TR","TR","TUR",1316.88273,284.05315463769,1294.61633598773,288.010732492919,10946.9174113125,1424.78661371293
"TR221","0","0","TR","Bal─▒kesir","Turkey","TR","TR","TUR",2816.50578,544.828121113096,2483.13871675948,552.418952870532,20996.7337021585,2761.87770409441
"TR222","0","0","TR","├çanakkale","Turkey","TR","TR","TUR",1434.726225,383.358799549584,1747.21722444721,388.699955847038,14773.9852525911,1888.6411569863
"TR310","0","0","TR","─░zmir","Turkey","TR","TR","TUR",2596.361259,4300.93574674569,19602.1821509873,4360.85864423928,165750.626748151,19838.8338458603
"TR321","0","0","TR","Ayd─▒n","Turkey","TR","TR","TUR",1603.685904,547.330018301196,2494.54150147704,554.95570780531,21093.1524936507,2651.98513093937
"TR322","0","0","TR","Denizli","Turkey","TR","TR","TUR",2011.614891,825.915239790303,3764.23688354235,837.42232503095,31829.3452162532,3960.98463735754
"TR323","0","0","TR","Mu─ƒla","Turkey","TR","TR","TUR",1151.281488,1304.08849429784,5943.58570122219,1322.25774065906,50257.3156152061,6051.74473125007
"TR331","0","0","TR","Manisa","Turkey","TR","TR","TUR",2944.55577,1290.07634147569,5879.7231401144,1308.05036315868,49717.3114744515,6167.28448003758
"TR332","0","0","TR","Afyon","Turkey","TR","TR","TUR",2768.861172,281.122310828821,1281.2585604755,285.039054627587,10833.9677587657,1556.64234498702
"TR333","0","0","TR","K├╝tahya","Turkey","TR","TR","TUR",1410.436038,219.876882707181,1002.12301680597,222.940323009363,8473.67486103949,1141.99158676622
"TR334","0","0","TR","U┼ƒak","Turkey","TR","TR","TUR",1172.658738,305.535794108208,1392.5267993802,309.792679388306,11774.8211899581,1508.15987352926
"TR411","0","0","TR","Bursa","Turkey","TR","TR","TUR",4939.19412,2222.28389330401,10128.4037318417,2253.24592058863,85642.9786020799,10610.4471396706
"TR412","0","0","TR","Eski┼ƒehir","Turkey","TR","TR","TUR",4870.339041,916.446813885707,4176.84858256075,929.215232602112,35318.2755398843,4658.9849457943
"TR413","0","0","TR","Bilecik","Turkey","TR","TR","TUR",1063.76703,243.864858709492,1111.45194025864,247.262512101964,9398.12997753618,1216.52541639012
"TR421","0","0","TR","Kocaeli","Turkey","TR","TR","TUR",2341.03899,3064.18486041565,13965.4980485615,3106.87669449642,118088.386107695,14183.2267795224
"TR422","0","0","TR","Sakarya","Turkey","TR","TR","TUR",3415.67058,425.703675970731,1940.21057046416,431.634803343917,16405.8835695303,2279.50264521529
"TR423","0","0","TR","D├╝zce","Turkey","TR","TR","TUR",860.63898,178.313703272076,812.692376118634,180.798063511812,6871.90179427667,897.803356136279
"TR424","0","0","TR","Bolu","Turkey","TR","TR","TUR",3630.15834,86.5214919957306,394.335127503076,87.7269548998848,3334.38869351365,756.88858601499
"TR425","0","0","TR","Yalova","Turkey","TR","TR","TUR",248.50269,124.2958870578,566.497795408616,126.027642689043,4790.14856188829,590.683820529785
"TR510","0","0","TR","Ankara","Turkey","TR","TR","TUR",4601.048589,2963.87044748344,13508.2995432933,3005.16464843569,114222.442091217,13952.5653197507
"TR521","0","0","TR","Konya","Turkey","TR","TR","TUR",6925.604319,2283.30619577914,10406.5223457492,2315.11841785655,87994.6726232055,11086.8806670247
"TR522","0","0","TR","Karaman","Turkey","TR","TR","TUR",661.113186,127.809349804385,582.510947149229,129.590056845369,4925.55134086338,647.939245737268
"TR611","0","0","TR","Antalya","Turkey","TR","TR","TUR",4614.659721,11721.8599299515,53424.1958088139,11885.1750437725,451740.212932408,53823.019533521
"TR612","0","0","TR","Isparta","Turkey","TR","TR","TUR",1380.693726,171.607098523012,782.125984140957,173.998018820239,6613.44084392405,919.278279213647
"TR613","0","0","TR","Burdur","Turkey","TR","TR","TUR",1601.71773,129.933515768867,592.192163193017,131.743817806578,5007.41302414855,751.669564524353
"TR621","0","0","TR","Adana","Turkey","TR","TR","TUR",5026.993416,822.268781262105,3747.61758288671,833.725062125876,31688.8170098234,4245.92267607161
"TR622","0","0","TR","─░├ºel","Turkey","TR","TR","TUR",2342.342322,3221.56210037943,14682.769243911,3266.44659688844,124153.432808201,14899.787275671
"TR631","0","0","TR","Hatay","Turkey","TR","TR","TUR",2445.775266,946.003643086907,4311.55841872743,959.183863083487,36457.3446293246,4551.0804511824
"TR632","0","0","TR","Kahramanmara┼ƒ","Turkey","TR","TR","TUR",2897.778864,213.410442128288,972.65121030621,216.383788581416,8224.46942252713,1261.28861987131
"TR633","0","0","TR","Osmaniye","Turkey","TR","TR","TUR",1753.13769,104.448719944915,476.041251103759,105.903954411818,4025.27305994082,650.796840549169
"TR711","0","0","TR","K─▒r─▒kkale","Turkey","TR","TR","TUR",1779.11286,123.607302120717,563.359462692685,125.32946402468,4763.61168907468,740.610184648644
"TR712","0","0","TR","Aksaray","Turkey","TR","TR","TUR",1848.44214,203.78373093915,928.775980040979,206.622952991972,7853.47261925463,1112.53116286637
"TR713","0","0","TR","Ni─ƒde","Turkey","TR","TR","TUR",1126.466793,127.070821580944,579.144990154758,128.841239058532,4897.08974015263,691.112596177184
"TR714","0","0","TR","Nev┼ƒehir","Turkey","TR","TR","TUR",1904.82024,65.6960732499402,299.420049561154,66.611385473813,2531.81306517061,489.55099022644
"TR715","0","0","TR","K─▒r┼ƒehir","Turkey","TR","TR","TUR",2460.59454,92.3841620488559,421.055156129278,93.6713067537433,3560.32585996827,666.620904218371
"TR721","0","0","TR","Kayseri","Turkey","TR","TR","TUR",3445.595964,2330.4324887023,10621.3077395276,2362.90129906337,89810.8384643811,10953.4133798693
"TR722","0","0","TR","Sivas","Turkey","TR","TR","TUR",3390.506784,165.090156247604,752.424008321706,167.390279079598,6362.28915735268,1090.59243608302
"TR723","0","0","TR","Yozgat","Turkey","TR","TR","TUR",4523.88684,57.8666712828663,263.7363350095,58.6729001632216,2230.08145151243,715.81577641831
"TR811","0","0","TR","Zonguldak","Turkey","TR","TR","TUR",1099.54977,346.704695544578,1580.16045689819,351.535167598801,13361.3994644126,1688.26262543261
"TR812","0","0","TR","Karab├╝k","Turkey","TR","TR","TUR",528.855507,136.065427787333,620.139303861363,137.961162846359,5243.72631038968,672.297713626391
"TR813","0","0","TR","Bart─▒n","Turkey","TR","TR","TUR",590.28174,56.7952568080268,258.853197261882,57.5865581787587,2188.79099028058,317.577854367041
"TR821","0","0","TR","Kastamonu","Turkey","TR","TR","TUR",2304.03927,77.4047972828523,352.784376480581,78.4832416043241,2983.04704334496,582.774648097411
"TR822","0","0","TR","├çank─▒r─▒","Turkey","TR","TR","TUR",1094.91681,38.1362749741528,173.811991766936,38.6676096023887,1469.70609444434,283.099870470556
"TR823","0","0","TR","Sinop","Turkey","TR","TR","TUR",991.2882,36.9138626594208,168.240657929847,37.42816599676,1422.59643755984,267.17220827036
"TR831","0","0","TR","Samsun","Turkey","TR","TR","TUR",3372.77523,359.464172590714,1638.31375374736,364.472416385816,13853.1276468147,1973.67028095293
"TR832","0","0","TR","Tokat","Turkey","TR","TR","TUR",2285.9352,129.736977707358,591.296410475898,131.544541473491,4999.83878710033,819.196609117163
"TR833","0","0","TR","├çorum","Turkey","TR","TR","TUR",2828.0265,215.06835452995,980.207403377066,218.064799890094,8288.36249972014,1261.86071656948
"TR834","0","0","TR","Amasya","Turkey","TR","TR","TUR",1564.34115,114.106203028749,520.056729054717,115.695990626168,4397.45575882588,675.881054393188
"TR901","0","0","TR","Trabzon","Turkey","TR","TR","TUR",860.469936,169.398559198118,772.06022341274,171.758708964613,6528.32755722219,857.20194203789
"TR902","0","0","TR","Ordu","Turkey","TR","TR","TUR",1475.52459,98.1769373626736,447.456628633748,99.544790058048,3783.56940402796,594.484424821252
"TR903","0","0","TR","Giresun","Turkey","TR","TR","TUR",1103.397363,40.9679436708644,186.717761313991,41.5387305957725,1578.8337096565,296.838562728406
"TR904","0","0","TR","Rize","Turkey","TR","TR","TUR",300.411456,21.2169873628046,96.6997126835902,21.5125935828757,817.666005764769,126.627473566553
"TR905","0","0","TR","Artvin","Turkey","TR","TR","TUR",1117.521693,13.3207237396087,60.7112657575423,13.5063150644252,513.357659492995,172.392248396301
"TR906","0","0","TR","G├╝m├╝┼ƒhane","Turkey","TR","TR","TUR",1417.223559,6.30021760274579,28.714219488939,6.38799554592532,242.799492434872,170.402906688574
"TRA11","0","0","TR","Erzurum","Turkey","TR","TR","TUR",4076.94919199997,98.0274465917351,446.775301244925,99.3932165031131,3777.80828820686,853.946356519113
"TRA12","0","0","TR","Erzincan","Turkey","TR","TR","TUR",1041.426654,15.9634076637592,72.7557078740934,16.1858182500619,615.202128352275,176.813063968396
"TRA13","0","0","TR","Bayburt","Turkey","TR","TR","TUR",491.28756,5.18482118607695,23.6306272156426,5.25705884010165,199.814043215968,72.7316752534789
"TRA21","0","0","TR","A─ƒr─▒","Turkey","TR","TR","TUR",2224.08909,5.34296592550563,24.3513964089157,5.41740693516454,205.908668018736,246.731752312793
"TRA22","0","0","TR","Kars","Turkey","TR","TR","TUR",2510.74461,14.8973277374624,67.8968831593571,15.104885137876,574.117251397064,318.891732041895
"TRA23","0","0","TR","I─ƒd─▒r","Turkey","TR","TR","TUR",638.07933,9.57857977132857,43.6558638587927,9.71203357942273,369.141901656209,107.412608415381
"TRA24","0","0","TR","Ardahan","Turkey","TR","TR","TUR",1178.155212,2.8802059097493,13.1269854282234,2.92033445238585,110.998155474863,130.927114653552
"TRB11","0","0","TR","Malatya","Turkey","TR","TR","TUR",2567.39781,214.523179875857,977.722685282471,217.512029576164,8267.35241123614,1233.31604291744
"TRB12","0","0","TR","Elaz─▒─ƒ","Turkey","TR","TR","TUR",2169.77601,56.827197269479,258.998770871962,57.6189436515084,2190.02192043533,475.672684285583
"TRB13","0","0","TR","Bing├Âl","Turkey","TR","TR","TUR",1134.89229,16.3691172664848,74.6047923527557,16.5971804122229,630.837474911542,188.006543913208
"TRB14","0","0","TR","Tunceli","Turkey","TR","TR","TUR",950.72811,0.96150252734835,4.3821969891036,0.974898685947027,37.0546448289789,99.4498696680908
"TRB21","0","0","TR","Van","Turkey","TR","TR","TUR",3803.194359,22.8106307334506,103.962989671337,23.1284404306168,879.082265632748,484.160524338757
"TRB22","0","0","TR","Mu┼ƒ","Turkey","TR","TR","TUR",3625.53333,14.3885819808922,65.5781954188166,14.5890512680169,554.511069632833,428.05463506593
"TRB23","0","0","TR","Bitlis","Turkey","TR","TR","TUR",1620.92253,4.96623319791931,22.6343785357765,5.03542536919817,191.390040122186,184.700091719531
"TRB24","0","0","TR","Hakkari","Turkey","TR","TR","TUR",959.08113,4.63120515561891,21.1074362382009,4.69572954011406,178.478638683205,116.990799829761
"TRC11","0","0","TR","Gaziantep","Turkey","TR","TR","TUR",3386.94726,1341.82444427835,6115.57314970204,1360.51944772957,51711.5938766145,6447.09709399175
"TRC12","0","0","TR","Ad─▒yaman","Turkey","TR","TR","TUR",2175.37869,92.9024417374121,423.417296244467,94.1968073873402,3580.29946298572,640.45868961914
"TRC13","0","0","TR","Kilis","Turkey","TR","TR","TUR",1088.93907,35.4720826644463,161.669521845212,35.9662983650631,1367.0327295968,270.373864135253
"TRC21","0","0","TR","┼×anl─▒urfa","Turkey","TR","TR","TUR",10478.29137,244.226519949485,1113.10026748805,247.629212196451,9412.06777636165,2159.62424488249
"TRC22","0","0","TR","Diyarbak─▒r","Turkey","TR","TR","TUR",7699.50606,298.392233731346,1359.96891431535,302.549591173456,11499.5207252688,2128.32489623375
"TRC31","0","0","TR","Mardin","Turkey","TR","TR","TUR",3299.38902,146.861271457478,669.343036852696,148.907419885058,5659.77945788333,998.497104350829
"TRC32","0","0","TR","Batman","Turkey","TR","TR","TUR",1605.05697,273.684121498161,1247.35785822868,277.49723253349,10547.3128036525,1406.40097262244
"TRC33","0","0","TR","┼×─▒rnak","Turkey","TR","TR","TUR",1451.92605,16.432659625097,74.894396513609,16.6616080763746,633.286287538655,219.999184500293
"TRC34","0","0","TR","Siirt","Turkey","TR","TR","TUR",1065.110874,11.719139738963,53.4117981162227,11.8824169536534,451.635381475309,159.860257805676
"UKC11","0","0","UK","Hartlepool and Stockton-on-Tees","United Kingdom","UK","GB","GBR",142.14197126982,4283.28088419915,3916.66270357819,1035.57970402141,21222.260327746,1268.70031382635
"UKC12","0","0","UK","South Teesside","United Kingdom","UK","GB","GBR",451.569578620186,2422.18271035735,2510.237032729,837.830152041242,16646.3954773131,975.810800309607
"UKC13","0","0","UK","Darlington","United Kingdom","UK","GB","GBR",110.421793403768,897.838409906123,1096.16591747806,454.602746886561,8766.25801839539,503.740457037704
"UKC14","0","0","UK","Durham CC","United Kingdom","UK","GB","GBR",496.753532840097,9350.79566309944,7446.24351100478,1302.70234049028,29023.299108984,1821.03161916517
"UKC21","0","0","UK","Northumberland","United Kingdom","UK","GB","GBR",1459.56973181608,4720.1482705011,3923.14106253363,788.252758979783,17272.9155943678,1073.95279956186
"UKC22","0","0","UK","Tyneside","United Kingdom","UK","GB","GBR",135.353536672685,7247.75357521845,8745.75976615084,3587.88480021547,69122.3573650611,3969.50284198396
"UKC23","0","0","UK","Sunderland","United Kingdom","UK","GB","GBR",33.4636512067292,8021.6105401259,6174.13041678953,936.295914079109,21533.0687874512,1373.94032374116
"UKD11","0","0","UK","West Cumbria","United Kingdom","UK","GB","GBR",673.116722529296,6514.27529963442,4881.34220340816,639.263341462062,15431.4024611179,1008.635761466
"UKD12","0","0","UK","East Cumbria","United Kingdom","UK","GB","GBR",1683.67674186006,4115.84063211452,3921.0467595755,1116.52440487921,22919.5111517184,1371.58498159069
"UKD31","0","0","UK","Greater Manchester South","United Kingdom","UK","GB","GBR",192.329766546093,16769.8232128571,21034.3724195236,8994.29817079706,172450.569945595,9870.77067894283
"UKD32","0","0","UK","Greater Manchester North","United Kingdom","UK","GB","GBR",88.3310665337007,14614.6231050841,13606.2749410423,3747.31436479404,76199.3171814185,4533.33728438569
"UKD41","0","0","UK","Blackburn with Darwen","United Kingdom","UK","GB","GBR",17.8315139547658,2439.2029775509,2100.69156006615,477.990405477818,10048.8947220629,610.100690658233
"UKD42","0","0","UK","Blackpool","United Kingdom","UK","GB","GBR",5.25221529938807,712.738597468591,1041.82636478936,510.380752779083,9647.18553137231,546.718231546871
"UKD43","0","0","UK","Lancashire CC","United Kingdom","UK","GB","GBR",1958.3509929422,23943.7164874977,20127.6330397334,4247.68834191396,90974.9669198393,5583.7065413896
"UKD61","0","0","UK","Warrington","United Kingdom","UK","GB","GBR",36.0156879478062,3273.70660556249,3585.66808445714,1305.02805645891,25502.663228249,1478.72106522611
"UKD62","0","0","UK","Cheshire East","United Kingdom","UK","GB","GBR",850.658820618061,15917.149811303,12294.2773275843,1887.57421854238,43431.853319144,2771.91181373308
"UKD63","0","0","UK","Cheshire West and Chester","United Kingdom","UK","GB","GBR",808.057645157165,7823.87182368284,6805.28485253509,1584.11831844247,33313.999059902,2022.9867598838
"UKD71","0","0","UK","East Merseyside","United Kingdom","UK","GB","GBR",154.050409654513,9235.7232074642,7718.57462725864,1605.13147813745,34360.6503671648,2108.31815099542
"UKD72","0","0","UK","Liverpool","United Kingdom","UK","GB","GBR",12.6804104113188,3865.62385000725,5229.80335874521,2403.67916636471,45727.0589415441,2603.14199996723
"UKD73","0","0","UK","Sefton","United Kingdom","UK","GB","GBR",58.9052398803153,913.054767109782,1523.64660892544,816.945034408929,15324.4641008662,863.754737632378
"UKD74","0","0","UK","Wirral","United Kingdom","UK","GB","GBR",35.8692876621257,2641.65966860274,2729.20022788752,910.809345951293,18004.650415992,1051.93586229714
"UKE11","0","0","UK","Kingston upon Hull, City of","United Kingdom","UK","GB","GBR",17.576948990382,6054.02318362182,4852.42851107162,873.615016900281,19272.9595473093,1202.78163098209
"UKE12","0","0","UK","East Riding of Yorkshire","United Kingdom","UK","GB","GBR",3644.40133896289,5656.11819689368,4856.63334281573,1060.94385752599,23207.5263930727,1441.52901714379
"UKE13","0","0","UK","North and North East Lincolnshire","United Kingdom","UK","GB","GBR",1094.37953231314,9545.25897270473,7197.7071035516,974.764340209998,23323.4600785793,1517.99658966421
"UKE21","0","0","UK","York","United Kingdom","UK","GB","GBR",146.008570187598,1713.03776434632,2368.4989729664,1107.93061652159,21067.5746703529,1198.95501511917
"UKE22","0","0","UK","North Yorkshire CC","United Kingdom","UK","GB","GBR",4450.26986005077,9781.43561861313,9005.9021102728,2378.3958462133,49584.0803799661,2995.37400749612
"UKE31","0","0","UK","Barnsley, Doncaster and Rotherham","United Kingdom","UK","GB","GBR",453.742764820881,9398.08781906546,8848.65883087677,2491.64697675416,50567.8194243607,3004.77922872928
"UKE32","0","0","UK","Sheffield","United Kingdom","UK","GB","GBR",74.1938375209557,4740.84972437645,5653.55514059889,2288.85847495824,44160.2299298596,2538.52318030583
"UKE41","0","0","UK","Bradford","United Kingdom","UK","GB","GBR",86.6669172347792,7111.39639999041,6354.16547637507,1592.13971594403,32899.9011096714,1976.85760899835
"UKE42","0","0","UK","Leeds","United Kingdom","UK","GB","GBR",276.141484925252,10185.1598405791,11795.8450390055,4612.97058753759,89386.9557173769,5153.51470944788
"UKE44","0","0","UK","Calderdale and Kirklees","United Kingdom","UK","GB","GBR",218.058780645975,9870.72871479532,8519.98418500857,1949.4237751318,40969.9503963844,2486.94180826309
"UKE45","0","0","UK","Wakefield","United Kingdom","UK","GB","GBR",186.376105515707,5677.05176916242,5089.73191639242,1284.75536368992,26537.8334999183,1594.20269902172
"UKF11","0","0","UK","Derby","United Kingdom","UK","GB","GBR",103.792689844415,7003.04788431556,5645.91088093367,1038.17701525534,22811.8721289195,1420.49613779269
"UKF12","0","0","UK","East Derbyshire","United Kingdom","UK","GB","GBR",227.440473530761,3023.82491130025,3113.63594699111,1031.77050755935,20453.2933049839,1197.20271508553
"UKF13","0","0","UK","South and West Derbyshire","United Kingdom","UK","GB","GBR",1210.01557492472,11217.8833464045,8832.88594307927,1470.13300049743,33270.6786926741,2105.10373777582
"UKF14","0","0","UK","Nottingham","United Kingdom","UK","GB","GBR",4.67317361360495,3697.06744048412,4434.37800774872,1807.61531816905,34836.104525099,2000.99202525108
"UKF15","0","0","UK","North Nottinghamshire","United Kingdom","UK","GB","GBR",870.368476209562,7344.48129975144,6388.95888170161,1486.53864916008,31287.1410781365,1900.81499174924
"UKF16","0","0","UK","South Nottinghamshire","United Kingdom","UK","GB","GBR",455.509585667985,4449.49801352635,4085.58317597475,1087.45057948255,22322.6967314603,1335.86948616829
"UKF21","0","0","UK","Leicester","United Kingdom","UK","GB","GBR",16.7439225159508,5450.28734950805,5107.00383238035,1426.03118049147,28930.4373702242,1718.66708298976
"UKF22","0","0","UK","Leicestershire CC and Rutland","United Kingdom","UK","GB","GBR",2296.57262920329,14499.3257258124,12459.3540477737,2796.07939740066,59379.4496188663,3626.61439856012
"UKF24","0","0","UK","West Northamptonshire","United Kingdom","UK","GB","GBR",454.975984345698,6704.61034063682,6602.84825217786,2027.59728698909,40630.3981015993,2394.90568807541
"UKF25","0","0","UK","North Northamptonshire","United Kingdom","UK","GB","GBR",319.293180520187,6158.96953050873,5203.31390225769,1116.87239520203,23801.1766043336,1456.60460427527
"UKF30","0","0","UK","Lincolnshire","United Kingdom","UK","GB","GBR",9210.98345071388,10851.3647297288,9701.39822647973,2346.40609763751,50625.2857055079,3120.31132305218
"UKG11","0","0","UK","Herefordshire, County of","United Kingdom","UK","GB","GBR",3242.58141587471,2907.48045489818,2551.13145198416,579.42634710709,12836.8475088944,802.972936465673
"UKG12","0","0","UK","Worcestershire","United Kingdom","UK","GB","GBR",1435.58626563446,9623.61774544814,8798.2518902956,2314.49713134653,47697.3620441777,2861.25536018486
"UKG13","0","0","UK","Warwickshire","United Kingdom","UK","GB","GBR",1339.24021040071,19048.1282191866,15353.27659399,2810.58784862534,62032.5436583041,3872.26152432795
"UKG21","0","0","UK","Telford and Wrekin","United Kingdom","UK","GB","GBR",354.526786751753,4030.5666878552,3339.77279956905,672.867025348733,14556.0753081171,898.521730404993
"UKG22","0","0","UK","Shropshire CC","United Kingdom","UK","GB","GBR",2934.60025348151,3213.51642201508,3248.78010259848,1018.32742334838,20892.5914099062,1249.87465557025
"UKG23","0","0","UK","Stoke-on-Trent","United Kingdom","UK","GB","GBR",45.7094894211726,3332.63506853791,3264.04551227543,994.000953028889,19906.9538672188,1172.95386988324
"UKG24","0","0","UK","Staffordshire CC","United Kingdom","UK","GB","GBR",1932.28139113632,12607.0244791688,11518.1040280858,3024.8576549729,62365.3987157395,3742.21775867386
"UKG31","0","0","UK","Birmingham","United Kingdom","UK","GB","GBR",102.529106460171,9521.82296954756,11545.4229354697,4762.48562753004,91678.9721384944,5262.0107431094
"UKG32","0","0","UK","Solihull","United Kingdom","UK","GB","GBR",46.7547997132672,7281.48999437701,6385.31055644046,1525.97945503476,31790.5341959615,1919.64422105804
"UKG33","0","0","UK","Coventry","United Kingdom","UK","GB","GBR",37.1480321773651,9215.91259326566,7474.36261252051,1405.6600577495,30712.9736581179,1906.51563396393
"UKG36","0","0","UK","Dudley","United Kingdom","UK","GB","GBR",5.29993085044666,3432.58920112812,3222.95850134817,903.853777515207,18323.1900327484,1088.01467351598
"UKG37","0","0","UK","Sandwell","United Kingdom","UK","GB","GBR",6.35940620402027,5993.52950840836,4937.35865476243,980.53528276992,21171.9543642527,1305.51274348033
"UKG38","0","0","UK","Walsall","United Kingdom","UK","GB","GBR",13.9719034062576,2664.46836085355,2631.17615973847,813.5892298895,16252.7689414547,956.090205194228
"UKG39","0","0","UK","Wolverhampton","United Kingdom","UK","GB","GBR",8.25863339198121,3331.39095241602,3077.97491342493,833.984899611808,16999.3397390371,1012.8624904945
"UKH11","0","0","UK","Peterborough","United Kingdom","UK","GB","GBR",370.09645826835,3636.8152224625,3541.95147048495,1064.29646085408,21421.9820283485,1266.27556904296
"UKH12","0","0","UK","Cambridgeshire CC","United Kingdom","UK","GB","GBR",4416.9266266148,11213.4588788609,10845.3522843723,3184.394697109,64986.6775532913,3874.97474806423
"UKH13","0","0","UK","Norfolk","United Kingdom","UK","GB","GBR",4692.70159350501,9301.85351094714,9743.65382240618,3278.64208328353,65661.6842269269,3868.90566636878
"UKH14","0","0","UK","Suffolk","United Kingdom","UK","GB","GBR",3523.07590232004,10382.2247339842,10234.026517677,3120.63576448963,63168.632430188,3747.39299035214
"UKH21","0","0","UK","Luton","United Kingdom","UK","GB","GBR",5.96463065245269,3963.00077066029,3684.19907491423,1011.66974596125,20577.8392812715,1224.46987613524
"UKH23","0","0","UK","Hertfordshire","United Kingdom","UK","GB","GBR",540.008266796969,16625.8291135001,18680.1620006355,7031.293152838,136900.661716566,7918.39061778275
"UKH24","0","0","UK","Bedford","United Kingdom","UK","GB","GBR",172.04939337452,2325.76787259243,2325.92858878329,733.927578524619,14650.8708192577,861.457463904072
"UKH25","0","0","UK","Central Bedfordshire","United Kingdom","UK","GB","GBR",638.23390369506,3243.67442096896,3306.65720552695,1074.08335757805,21431.9309807068,1259.82748997182
"UKH31","0","0","UK","Southend-on-Sea","United Kingdom","UK","GB","GBR",18.5014762106013,1140.89032158303,1386.22301941252,573.057431240686,11030.0361733795,633.023277940337
"UKH32","0","0","UK","Thurrock","United Kingdom","UK","GB","GBR",58.7256387900639,1925.15264679267,2098.30090883016,758.153510683816,14837.0298069592,861.121163897617
"UKH33","0","0","UK","Essex CC","United Kingdom","UK","GB","GBR",2035.21555679059,14968.1945056546,16884.7746875905,6373.3555746839,124360.432630918,7203.55654090363
"UKI11","0","0","UK","Inner London - West","United Kingdom","UK","GB","GBR",179.855153021351,9573.29194021594,48345.8547215404,36603.6242185597,668231.075088078,36922.1884429309
"UKI12","0","0","UK","Inner London - East","United Kingdom","UK","GB","GBR",100.859122175436,9310.41940665508,29361.4386947047,20307.8921558065,373018.667828867,20705.2144605939
"UKI21","0","0","UK","Outer London - East and North East","United Kingdom","UK","GB","GBR",77.2512218493803,11789.3970461369,15938.1439176047,7320.21645184816,139276.032435232,7929.39241009919
"UKI22","0","0","UK","Outer London - South","United Kingdom","UK","GB","GBR",64.8672748527533,3730.40957502543,9861.80901228501,6488.9603637529,119627.946622767,6658.25166991021
"UKI23","0","0","UK","Outer London - West and North West","United Kingdom","UK","GB","GBR",69.5861432189187,12976.6584123726,23997.9908578532,13647.5734355482,254512.619938856,14285.2325873625
"UKJ11","0","0","UK","Berkshire","United Kingdom","UK","GB","GBR",579.975608318375,17918.0276223898,20097.9340330277,7548.27477059577,147006.232398256,8504.45020534793
"UKJ12","0","0","UK","Milton Keynes","United Kingdom","UK","GB","GBR",38.9478655061019,4228.36861129515,5508.58467205736,2445.41731450328,46695.157877232,2665.18251957915
"UKJ13","0","0","UK","Buckinghamshire CC","United Kingdom","UK","GB","GBR",367.858083591014,5191.73880265881,6613.39351802958,2869.36162041717,54990.0569041297,3146.54256829253
"UKJ14","0","0","UK","Oxfordshire","United Kingdom","UK","GB","GBR",1824.43063693877,10375.9208656949,10957.7289402477,3767.27969300047,74512.4817984656,4355.05309938459
"UKJ21","0","0","UK","Brighton and Hove","United Kingdom","UK","GB","GBR",40.3455612933926,2459.86934048213,3327.54871823025,1528.90207613727,29092.9556243812,1656.49567653322
"UKJ22","0","0","UK","East Sussex CC","United Kingdom","UK","GB","GBR",455.021726399105,3644.96697949232,4335.06666697248,1745.85257760206,33784.7093174033,1946.05650314397
"UKJ23","0","0","UK","Surrey","United Kingdom","UK","GB","GBR",752.963766581028,11740.194692476,16665.8466120118,7970.94232552911,151173.237235647,8587.48758325762
"UKJ24","0","0","UK","West Sussex","United Kingdom","UK","GB","GBR",992.149066704364,15974.3721236856,14607.133828108,3857.74147232501,79165.7803243301,4736.66883302548
"UKJ31","0","0","UK","Portsmouth","United Kingdom","UK","GB","GBR",50.8928604739873,3207.75875730968,3178.650279936,988.654209379397,19740.0468593046,1160.85747228263
"UKJ32","0","0","UK","Southampton","United Kingdom","UK","GB","GBR",36.1459635546072,1205.50827628844,2411.34034127854,1425.13902488779,26498.1641659874,1484.06988111825
"UKJ33","0","0","UK","Hampshire CC","United Kingdom","UK","GB","GBR",1982.26266497431,18325.5948093296,20080.9288791926,7295.89906111294,142966.779800181,8304.80941730531
"UKJ34","0","0","UK","Isle of Wight","United Kingdom","UK","GB","GBR",111.568489505109,1297.26433452767,1372.44664697848,474.250723553065,9349.98183746472,545.32676309911
"UKJ41","0","0","UK","Medway","United Kingdom","UK","GB","GBR",237.560782592612,3753.86958379025,3488.35246776501,954.802893075994,19478.1362167294,1161.15449070938
"UKJ42","0","0","UK","Kent CC","United Kingdom","UK","GB","GBR",3694.36762713543,14410.7590965446,17167.3269770536,6908.48635315317,134083.642812504,7738.88839328458
"UKK11","0","0","UK","Bristol, City of","United Kingdom","UK","GB","GBR",28.2746546679153,2967.89681680799,5064.55744986838,2753.99846371365,51561.2919237843,2902.23023991874
"UKK12","0","0","UK","Bath and North East Somerset, North Somerset and South Gloucestershire","United Kingdom","UK","GB","GBR",679.362852864188,10352.9590155165,10665.1328461145,3537.5848586099,70097.5852415919,4101.92228926259
"UKK13","0","0","UK","Gloucestershire","United Kingdom","UK","GB","GBR",1522.48885805971,11430.683202256,10630.554322065,2906.94138559934,59472.7589233602,3551.69774975367
"UKK14","0","0","UK","Swindon","United Kingdom","UK","GB","GBR",78.2011794731007,8716.29546941765,7046.07732251138,1309.04967526268,28687.6212337291,1783.75557371282
"UKK15","0","0","UK","Wiltshire CC","United Kingdom","UK","GB","GBR",1351.54061688819,6007.77914330634,6075.39726159642,1945.26080442271,38932.6041514631,2293.02231243554
"UKK21","0","0","UK","Bournemouth and Poole","United Kingdom","UK","GB","GBR",269.828689782894,4387.05555969456,5074.19206552862,1979.74058379576,38403.2290536248,2215.70871095152
"UKK22","0","0","UK","Dorset CC","United Kingdom","UK","GB","GBR",1774.47873845387,3362.54822954962,3499.51050962945,1164.75036819084,23382.443861352,1379.84855280193
"UKK23","0","0","UK","Somerset","United Kingdom","UK","GB","GBR",1863.68992127233,8983.28667603838,7898.85355838098,1883.51145910907,39619.8212297553,2406.25185408267
"UKK30","0","0","UK","Cornwall and Isles of Scilly","United Kingdom","UK","GB","GBR",6651.45271369801,4395.92649992214,5081.42838615665,1919.39751606926,38670.1005841464,2287.21360706089
"UKK41","0","0","UK","Plymouth","United Kingdom","UK","GB","GBR",88.0241682130754,4216.38902426526,3717.3706943046,900.288548727526,18723.0932340676,1129.39665325768
"UKK42","0","0","UK","Torbay","United Kingdom","UK","GB","GBR",54.1330042725413,458.961083499129,739.334627103884,387.419891313949,7287.68487973126,411.588200005687
"UKK43","0","0","UK","Devon CC","United Kingdom","UK","GB","GBR",3780.02361398092,8813.71711540724,9234.36645119242,3114.79538847714,62223.1070533014,3660.3549465762
"UKL11","0","0","UK","Isle of Anglesey","United Kingdom","UK","GB","GBR",348.952805185203,709.745215700535,670.841338027955,187.367723033061,3871.15732783607,232.584370253923
"UKL12","0","0","UK","Gwynedd","United Kingdom","UK","GB","GBR",435.639692970912,1290.93242366184,1308.41370944958,419.142876193518,8417.38241279861,496.843356905314
"UKL13","0","0","UK","Conwy and Denbighshire","United Kingdom","UK","GB","GBR",525.663548260154,1626.80383366384,1817.18518146676,674.217259036353,13246.2934892304,770.804738479785
"UKL14","0","0","UK","South West Wales","United Kingdom","UK","GB","GBR",1954.8516335859,6030.90869125689,5118.80853034819,1098.27575022316,23738.568388857,1464.62953600825
"UKL15","0","0","UK","Central Valleys","United Kingdom","UK","GB","GBR",309.039044943123,4778.66991595697,3972.68066742139,810.109391785294,17457.8362629142,1075.29070221911
"UKL16","0","0","UK","Gwent Valleys","United Kingdom","UK","GB","GBR",261.94368399496,6318.91265920478,4932.40802094253,794.877195001632,18050.2488820075,1144.1280219615
"UKL17","0","0","UK","Bridgend and Neath Port Talbot","United Kingdom","UK","GB","GBR",237.066577823929,4920.51217941114,4151.47888086743,887.663747481813,18927.6120264935,1158.73890645248
"UKL18","0","0","UK","Swansea","United Kingdom","UK","GB","GBR",80.6727365200141,1231.15583011385,1984.07133881411,1040.58036991381,19559.530893557,1104.07882119276
"UKL21","0","0","UK","Monmouthshire and Newport","United Kingdom","UK","GB","GBR",281.708135510921,4085.09479390088,3727.57553025083,979.439254703124,20122.4184000518,1204.82147838967
"UKL22","0","0","UK","Cardiff and Vale of Glamorgan","United Kingdom","UK","GB","GBR",153.894101615862,6196.09119893855,6592.61468866907,2301.23522493275,45230.9667977362,2632.7236689561
"UKL23","0","0","UK","Flintshire and Wrexham","United Kingdom","UK","GB","GBR",781.920934585735,12484.5905566581,8891.9493136854,828.978718599174,22293.5085832529,1528.75570566021
"UKL24","0","0","UK","Powys","United Kingdom","UK","GB","GBR",1078.30062271444,1163.63549463342,1179.56388294775,371.327500255772,7615.46201644985,455.478766637638
"UKM21","0","0","UK","Angus and Dundee City","United Kingdom","UK","GB","GBR",1449.3979788268,3718.10913426644,3393.44847132784,880.552111917654,18370.5711619947,1110.24137131105
"UKM22","0","0","UK","Clackmannanshire and Fife","United Kingdom","UK","GB","GBR",1681.78648704992,6855.44614149061,5847.88730474395,1278.98207321799,27422.5568004952,1684.15301390621
"UKM23","0","0","UK","East Lothian and Midlothian","United Kingdom","UK","GB","GBR",756.494938900163,1677.82707454245,1779.34351168206,611.159393551965,12182.6672213097,715.666753210886
"UKM24","0","0","UK","Scottish Borders","United Kingdom","UK","GB","GBR",1394.96702043872,1565.51503941683,1431.19741213642,365.229126037339,7801.39143246466,478.081201282018
"UKM25","0","0","UK","Edinburgh, City of","United Kingdom","UK","GB","GBR",565.382348882245,5325.95106394995,8217.78406503793,4183.10615364282,78894.7753211549,4464.09519358291
"UKM26","0","0","UK","Falkirk","United Kingdom","UK","GB","GBR",114.437836783235,2415.21100523003,2286.69528839778,651.331204177145,13194.1757780056,783.092265031433
"UKM27","0","0","UK","Perth & Kinross and Stirling","United Kingdom","UK","GB","GBR",1821.95096309759,5533.08999933894,4703.51432051148,1013.60994872762,21893.5883688143,1350.27262855002
"UKM28","0","0","UK","West Lothian","United Kingdom","UK","GB","GBR",410.843401542485,2642.68272267137,2603.91542966309,798.119476200612,16044.4843840839,947.656310295498
"UKM31","0","0","UK","East Dunbartonshire, West Dunbartonshire and Helensburgh & Lomond","United Kingdom","UK","GB","GBR",56.4886905266283,2209.16849849421,2158.21212678823,653.905678612617,13111.0110809423,773.098441155391
"UKM32","0","0","UK","Dumfries & Galloway","United Kingdom","UK","GB","GBR",2023.89075161173,2279.36118550178,2101.73177630357,547.367979096327,11639.6326203825,711.44080049819
"UKM34","0","0","UK","Glasgow City","United Kingdom","UK","GB","GBR",20.4515110743642,7117.69530680545,8938.90185566046,3827.76975515797,73367.1035694376,4198.45933322088
"UKM35","0","0","UK","Inverclyde, East Renfrewshire and Renfrewshire","United Kingdom","UK","GB","GBR",47.8376482880459,3528.17909865184,3642.74543667727,1214.4331995414,24009.9803091928,1402.93106113975
"UKM36","0","0","UK","North Lanarkshire","United Kingdom","UK","GB","GBR",140.283281350538,6126.74358775111,5353.641639061,1266.5100814839,26454.1074536749,1599.9188675525
"UKM37","0","0","UK","South Ayrshire","United Kingdom","UK","GB","GBR",432.433451839124,1828.1255159836,1614.0399902427,388.501502088135,8168.20857817614,495.941898993274
"UKM38","0","0","UK","South Lanarkshire","United Kingdom","UK","GB","GBR",639.728101752597,4544.14358069054,4174.60067262731,1110.72323501953,22837.1250804051,1368.00833941677
"UKM50","0","0","UK","Aberdeen City and Aberdeenshire","United Kingdom","UK","GB","GBR",3570.33227862399,13040.3931911672,11198.6781093571,2494.1107079884,53350.5850754121,3272.08944701819
"UKM61","0","0","UK","Caithness & Sutherland and Ross & Cromarty","United Kingdom","UK","GB","GBR",561.66857970114,1319.35305842688,1224.26500490503,329.422750377516,6835.8876074196,411.800289483442
"UKM62","0","0","UK","Inverness & Nairn and Moray, Badenoch & Strathspey","United Kingdom","UK","GB","GBR",574.95743278552,5237.45667446741,4228.55038605527,776.882534383993,17174.2617596723,1073.01935743867
"UKM63","0","0","UK","Lochaber, Skye & Lochalsh, Arran & Cumbrae and Argyll & Bute","United Kingdom","UK","GB","GBR",913.595604595182,1483.04228314133,1385.03222118816,375.249540438301,7833.63367365324,473.612727512035
"UKM64","0","0","UK","Eilean Siar (Western Isles)","United Kingdom","UK","GB","GBR",145.448504576443,190.672645055854,233.562670713266,96.0313172269282,1878.29885354984,108.974088933859
"UKM65","0","0","UK","Orkney Islands","United Kingdom","UK","GB","GBR",319.157690107529,155.096876162406,208.828678092187,92.490473296974,1830.77137605975,107.05783100234
"UKM66","0","0","UK","Shetland Islands","United Kingdom","UK","GB","GBR",379.509374188698,456.560330175989,418.545682248698,107.780281717147,2292.29742829881,140.123915847568
"UKN01","0","0","UK","Belfast","United Kingdom","UK","GB","GBR",40.2583465961604,3158.1001487435,4201.89331772245,1902.21636470966,36250.1654394492,2066.14355281746
"UKN02","0","0","UK","Outer Belfast","United Kingdom","UK","GB","GBR",825.604566092878,4273.50778220161,4479.42437956352,1521.70863140771,30163.4470313646,1765.49057073064
"UKN03","0","0","UK","East of Northern Ireland","United Kingdom","UK","GB","GBR",1838.8069317112,5979.88730670834,5313.00663982551,1295.6311778404,27258.1092090487,1655.63971072732
"UKN04","0","0","UK","North of Northern Ireland","United Kingdom","UK","GB","GBR",1079.49543646095,2972.64904456317,2902.97497167087,869.226876930379,17661.9780231904,1050.27470173894
"UKN05","0","0","UK","West and South of Northern Ireland","United Kingdom","UK","GB","GBR",3186.92447289043,7971.17824196206,6557.77455073922,1265.76537391407,28138.8483686946,1763.44699700721
"UKM33","0","0","UK","East Ayrshire and North Ayrshire mainland","United Kingdom","UK","GB","GBR",685.622044037708,3630.23643715288,3030.78166263754,622.174202590898,13480.258438565,832.841997565324
