"CNTR_CODE","CNTR_NAME","CNTR_CODE_iso2","CNTR_CODE_iso3","CNTR_CODE_Eurostat","NUTS2","NAME","ALL","A","B","C","D","E","F","G","H","I","J","K","L","M","N","O","P","Q","R","S","T","U"
"AL","Albania","AL","ALB","AL","AL01","Veri",20495.7385913681,4400.49524376,372.097434734819,1039.48864690558,365.425262408757,148.937945541517,524.821373581341,375.906423421089,1863.24896285164,266.777771398019,322.26101061393,91.8388992145547,8282.79472486845,35.7019365109665,26.3493735952849,2026.24370246723,178.626859406397,45.7020557116112,80.2846449299986,48.7363194468669,0,0
"AL","Albania","AL","ALB","AL","AL02","Qender",22615.9072057355,1489.5651687,672.095089209074,1877.55987990543,471.627727300386,192.223340831761,676.065149303503,485.154997186249,2055.99156415778,344.310607289022,415.918776472995,118.529767287626,10665.6122013621,46.0778848892365,34.0072142320372,2615.12492609881,230.540656060087,58.9843092022262,103.61753420074,62.9004120465005,0,0
"AL","Albania","AL","ALB","AL","AL03","Jug",23557.2016464241,4298.30597718,210.744066951319,588.73306975289,416.405560912142,169.716205019632,683.482824651478,428.348943538678,2141.56378603855,303.995806982886,367.219485594029,104.651298842643,11061.7570517295,40.6826961018073,30.0253617369099,2308.92396412039,203.547004645491,52.0779270102682,91.4851162296299,55.5354993858234,0,0
"AT","Austria","AT","AUT","AT","AT21","Kärnten",143679.920272415,7051.92795332517,459.016931457148,20687.9607591032,2947.02448452091,4756.40286543592,7217.02294272238,6412.49837184996,7550.97163420729,4720.89707973752,1134.94553885826,2532.84934677717,50227.4525702013,1806.98771704006,1056.58488962363,9196.13131054679,4067.49322546973,7270.64340266792,2139.49659624059,2443.61265262993,0,0
"AT","Austria","AT","AUT","AT","AT22","Steiermark",340634.031396617,20455.2958668849,1117.93367458168,50385.4354949539,6787.70498275232,10955.137834542,16740.4408556928,14769.523422393,17728.4792900045,10873.3594849669,2614.05208193006,5833.76019506509,117926.062474737,4161.92657887569,2433.56869197,21180.8984440082,9368.41352314738,16746.037473159,4927.77436467234,5628.22666228006,0,0
"AT","Austria","AT","AUT","AT","AT32","Salzburg",189738.898456634,4750.10903977099,429.5669315307,19360.6449215372,4475.54171736011,7223.38058629678,10514.9194070806,9738.43418215911,10195.3985337266,7169.45920697485,1723.60159638025,3846.54860345768,67817.6162081173,2744.20825237385,1604.59805348771,13965.8389452996,6177.15791344325,11041.6686497192,3249.17771159318,3711.02799632564,0,0
"AT","Austria","AT","AUT","AT","AT33","Tirol",226686.673729452,5021.51769244808,568.521964949676,25623.3687594704,5234.96232878987,8449.06106206075,12397.268030369,11390.8749609585,12205.7370084243,8385.99017426815,2016.06643323054,4499.24016054927,81189.958905115,3209.8520650155,1876.87008486035,16335.5958642955,7225.31282647407,12915.2453666223,3800.50594853284,4340.72409301735,0,0
"AT","Austria","AT","AUT","AT","AT34","Vorarlberg",123014.578208925,2008.68894716655,467.494208384005,21070.032879733,2479.10434241368,4001.19478474166,6172.76338503789,5394.34017018635,6642.36835304262,3971.32650642635,954.742123306098,2130.69075172468,44183.6173632081,1520.07936124441,888.823354455584,7735.99581039421,3421.66825249146,6116.23138062445,1799.79342899202,2055.62280535198,0,0
"AT","Austria","AT","AUT","AT","AT31","Oberösterreich",453317.520992393,22138.496252921,1754.62533901897,79081.222658431,8557.729533665,13811.9006100375,21613.5921997199,18620.960561948,23801.8730861371,13708.7969838263,3295.71641090985,7355.02530538451,158324.982456567,5247.2289369518,3068.16850767571,26704.2248631068,11811.4074336384,21112.8886449929,6212.7862544041,7095.89495305742,0,0
"AT","Austria","AT","AUT","AT","AT11","Burgenland",64456.7700329598,6200.00076471421,136.554828501199,6154.54624850283,1387.3824003911,2239.1906342605,3292.59230123613,3018.83728159372,3254.89799421815,2222.47543476055,534.302810948764,1192.39952875112,21650.8871368045,850.68277155893,497.412657438883,4329.29919617289,1914.86991179313,3422.82961996531,1007.21929488937,1150.38921645842,0,0
"AT","Austria","AT","AUT","AT","AT12","Niederösterreich",420985.734381602,29945.5998693162,1166.32340038078,52566.3675692839,8753.24929693922,14127.4632282551,21186.8669612087,19046.3965127675,21716.2865788643,14022.0039776333,3371.01415080045,7523.06670011749,144452.105898463,5367.11318376779,3138.26742561256,27314.3403970362,12081.2644764761,21595.2580601123,6354.73073780425,7258.01595676321,0,0
"AT","Austria","AT","AUT","AT","AT13","Wien",641683.69981599,837.745605174389,710.470286927431,32021.0005539536,17455.6980350274,28172.9359861379,39426.9310894151,37982.2549208697,35240.5864328923,27962.6295306255,6722.46420637798,15002.4723573839,234412.863582422,10703.077666076,6258.32153024719,54470.158660206,24092.4138486965,43065.1853840866,12672.5810142076,14473.9091252629,0,0
"BE","Belgium","BE","BEL","BE","BE10","Région de Bruxelles-Capitale/ Brussels Hoofdstedelijk Gewest",346091.010656526,46.9551952291509,79.8051214048769,13651.6443435501,7662.81201540091,4972.66264405704,19183.4351922611,16707.6238368323,31953.9135924055,3684.99778582523,2287.29941922756,6616.32108002927,162129.099928966,9846.06060940561,6706.1570501044,26261.059448348,13574.6123285118,17123.7314147935,1887.89549260162,1714.92415757152,0,0
"BE","Belgium","BE","BEL","BE","BE21","Prov. Antwerpen",392152.746155598,3928.40037895504,383.614548698303,65621.9712676318,6446.43667222337,4183.31478872478,17934.7744328079,14055.4980066066,33608.8628388389,3100.05058402347,1924.21931098258,5566.06305358696,170526.050461378,8283.12192206185,5641.63868963454,22092.4454807223,11419.8127984686,14405.5537230679,1588.21575061117,1442.70144657495,0,0
"BE","Belgium","BE","BEL","BE","BE22","Prov. Limburg (BE)",122988.113336836,1809.6967956209,95.6481036082442,16361.7806678129,2179.06922205491,1414.07307102783,5885.65495117101,4751.13689378526,10698.7063543076,1047.90059344972,650.437953592691,1881.47922717514,54283.5426594025,2799.91830535862,1907.02582769603,7467.84160533208,3860.20430449508,4869.46515426935,536.859700344501,487.671946331445,0,0
"BE","Belgium","BE","BEL","BE","BE23","Prov. Oost-Vlaanderen",240016.343579063,2467.66022596988,196.902054736264,33682.5102757057,4215.29721638438,2735.45154955958,11431.4819762127,9190.82969936484,20868.2983924303,2027.10974479765,1258.23873214292,3639.62469329786,105882.443026258,5416.29780239466,3689.04327668837,14446.1550889467,7467.36647680625,9419.72962690723,1038.52744903489,943.376271425253,0,0
"BE","Belgium","BE","BEL","BE","BE33","Prov. Liège",135040.483448922,1153.85269396048,105.33795408111,18019.3483786198,2418.72417939698,1569.59342718988,6512.90247918379,5273.66894466369,11800.238616024,1163.14914520756,721.973395626478,2088.40511065095,59872.5430057402,3107.85450822931,2116.76133713329,8289.1579927369,4284.7512112946,5405.01099742738,595.903757909321,541.306313845833,0,0
"BE","Belgium","BE","BEL","BE","BE34","Prov. Luxembourg (BE)",30184.1997824864,730.649375119808,18.4001383163545,3147.56922544634,561.450902709751,364.344828604126,1487.22991115094,1224.16032997694,2647.07111538621,269.998184632063,167.589433371428,484.77496714444,13430.8198632524,721.416577383762,491.357209589264,1924.13640107,994.605939759455,1254.64835118914,138.325281425737,125.651746958184,0,0
"BE","Belgium","BE","BEL","BE","BE35","Prov. Namur",56032.8555154774,912.015018240786,24.2448296762939,4147.37533236164,1128.53775670339,732.347020113249,2909.79971714532,2460.60901491086,5022.67658483196,542.706662555987,336.8611614504,974.416197902109,25484.2660063599,1450.07487201457,987.646756597285,3867.5876504511,1999.19592370886,2521.89110190918,278.03909841831,252.564810126162,0,0
"BE","Belgium","BE","BEL","BE","BE31","Prov. Brabant Wallon",102444.835599669,422.700667134551,145.300369270596,24855.4093941576,1381.03083398724,896.198474483913,4178.77545776872,3011.13268013771,8460.46868042974,664.128984917177,412.228698572492,1192.42693161671,42927.078968546,1774.50696527167,1208.61762563681,4732.90128460017,2446.4854608752,3086.12569761813,340.246097827829,309.0723268163,0,0
"BE","Belgium","BE","BEL","BE","BE32","Prov. Hainaut",142579.330291121,1223.05863718432,91.2520778613566,15609.7865731341,2696.88903915145,1750.10418540897,7117.88994920419,5880.16611986026,12617.9832188147,1296.91686523377,805.003792416478,2328.58169616785,64021.6496883635,3465.27265486331,2360.19902444501,9242.45084446965,4777.51811292193,6026.6131374637,664.435542830465,603.55913132611,0,0
"BE","Belgium","BE","BEL","BE","BE24","Prov. Vlaams-Brabant",209323.280753741,1151.55545493485,86.7196573209493,14834.4604769662,4320.39954709399,2803.65607195588,11063.8616278171,9419.98972604188,18944.6509335763,2077.65279024514,1289.6110925125,3730.37346344079,96122.1602933539,5551.345343203,3781.02422763091,14806.349042469,7653.55444427021,9654.59694174189,1064.4216267871,966.897992379481,0,0
"BE","Belgium","BE","BEL","BE","BE25","Prov. West-Vlaanderen",202289.1604594,4342.40138904064,172.803904418847,29560.2262458153,3426.44560829644,2223.53857096122,9404.18201323478,7470.85589542389,17382.3691833086,1647.75600059691,1022.77167104187,2958.50456231757,88195.3899691532,4402.69069191741,2998.67494161336,11742.6985857353,6069.92194299869,7656.91944235921,844.177203687935,766.832637478576,0,0
"BG","Bulgaria","BG","BGR","BG","BG31","Северозападен",20392.324928009,981.049608488086,570.973034152663,3880.67545779609,722.008539574811,123.041273063752,825.40458977107,614.883345270141,303.111121211456,292.2618278829,128.008230694419,117.306618434425,9505.2140403268,160.95208058769,170.764338947599,1662.16048860462,152.423512291113,96.2809498154163,69.8855972713617,15.9202738246484,0,0
"BG","Bulgaria","BG","BGR","BG","BG32","Северен централен",22198.2858471698,900.843609599124,607.122508315554,4126.36898236744,820.680389301396,139.85646199914,916.848712653775,698.915145059662,331.594517424863,332.203204724038,145.502218937666,133.338092290554,10398.4203882885,182.948274037538,194.101505016604,1889.31631982186,173.254166051031,109.43899281767,79.4363723301625,18.0959861331993,0,0
"BG","Bulgaria","BG","BGR","BG","BG33","Североизточен",28901.4360975181,923.819393911152,565.507205841436,3843.52640781445,1296.58183449677,220.957330562552,1322.31127925192,1104.20657390198,447.415022484865,524.843344890279,229.876985502411,210.659046523036,14030.417414508,289.037500910107,306.658339511738,2984.90527108194,273.721910966921,172.901182875593,125.500449022897,28.5896034601052,0,0
"BG","Bulgaria","BG","BGR","BG","BG34","Югоизточен",31079.2957677289,793.062449047934,946.638953720514,6433.92653481205,1127.592167944,192.15891258329,1266.87115997452,960.290088444277,459.931614868403,456.438019838142,199.916026545057,183.202852798041,14422.923269079,251.365871090457,266.690102134859,2595.86839501964,238.046434701714,150.366150790968,109.143379636039,24.8633847000882,0,0
"BG","Bulgaria","BG","BGR","BG","BG41","Югозападен",140100.977748439,807.187233534558,1869.74102542281,12707.8822917805,7529.11182854052,1283.07555055862,7089.17048511994,6412.00929669378,2241.01033369505,3047.70908477047,1334.87103135853,1223.27451824994,70275.4910582625,1678.40980730592,1780.73212959561,17333.0251786988,1589.47381704728,1004.01864851247,728.767664396728,166.016764894987,0,0
"BG","Bulgaria","BG","BGR","BG","BG42","Южен централен",43743.6484234921,1198.92292304837,1295.83016879052,8807.23962903054,1607.73757257433,273.983016597652,1795.76431055733,1369.19579583251,649.379516559718,650.796072292028,285.043224291195,261.213334235259,20363.7902615853,358.401172785615,380.250687815343,3701.22751006779,339.410123595604,214.394279370361,155.618243215147,35.4505812474629,0,0
"CH","Switzerland","CH","CHE","CH","CH05","Ostschweiz",439688.236483459,9118.32955567789,590.95594387911,75849.8593923263,10421.6905129238,7777.17232870357,14247.7753971888,8407.9139653306,12487.8707765075,2565.14235842381,4767.76228858341,9867.95527445747,197263.53189342,3156.31455353442,1732.99937276111,50860.9489144156,13343.9056160497,8388.95854424489,7630.74170081645,1206.74949486906,1.65859934499969,0
"CH","Switzerland","CH","CHE","CH","CH06","Zentralschweiz",336293.34032475,5424.46412145069,378.036567259999,48521.4181680087,8683.93597121159,6480.37537247813,11253.6936965331,7005.94461482456,9661.83814575461,2137.42021699565,3972.76645172607,8222.53277084961,152622.360634898,2630.01798546084,1444.03209561299,42380.18997591,11118.8891890397,6990.14989679762,6358.36117572002,1005.53123639007,1.38203782735725,0
"CH","Switzerland","CH","CHE","CH","CH07","Ticino",153575.081722121,811.767127384003,154.55061825142,19836.7455049498,4199.92870619985,3134.19106774276,5272.9559634183,3388.37918651104,4468.62528961371,1033.74927640323,1921.40245148584,3976.77407300621,70588.2390291668,1271.99095796854,698.396656901275,20496.9010646901,5377.57786802148,3380.74017467728,3075.17970132698,486.318590866584,0.668413535453777,0
"CH","Switzerland","CH","CHE","CH","CH03","Nordwestschweiz",526641.798048526,3552.97625409606,738.667054992675,94808.746471293,12558.3215816961,9371.63034912723,17207.0044386528,10131.6851883978,15094.031877732,3091.04195715356,5745.23796987289,11891.0608155897,238431.522234731,3803.41491882899,2088.29492653068,61288.3439232216,16079.6425181061,10108.8435703881,9195.1788500028,1454.15450653825,1.99864157584287,0
"CH","Switzerland","CH","CHE","CH","CH04","Zürich",764117.777196255,3397.5090503567,424.340871473572,54464.627641129,23913.1611700767,17845.1639024515,27658.1838419733,19292.4364341618,22599.0330337616,5885.86492422814,10939.9015338369,22642.5841953934,356983.600599257,7242.34312355838,3976.46555106268,116703.337826546,30618.3498002731,19248.9421432013,17509.1705047818,2768.95529827212,3.80575045904277,0
"CH","Switzerland","CH","CHE","CH","CH01","Région lémanique",662830.784154343,9728.73733624413,481.604036709459,61814.4192397903,19444.15792553,14510.1763275207,23285.5923347762,15686.9758090995,19333.412618448,4785.88699758521,8895.4016409948,18411.0323100343,305398.520285975,5888.860215669,3233.32509701998,94893.2729971046,24896.2495883066,15651.6099343714,14236.9749452459,2251.47999988006,3.09451403871203,0
"CH","Switzerland","CH","CHE","CH","CH02","Espace Mittelland",715931.747557063,11371.0447242024,811.573170675748,104166.328336199,18436.6822225249,13758.3489584834,23936.7882625539,14874.1739875022,20566.1388951968,4537.91200757217,8434.4970826129,17457.0867706778,324871.17047281,5583.73599232116,3065.79423825817,89976.4919624427,23606.280300244,14840.6405531214,13499.3031778923,2134.82226626317,2.93417550831379,0
"CY","Cyprus","CY","CYP","CY","CY00","Κύπρος",104479.994718889,3004.79936181751,503.242531820155,8599.25223428942,3487.28898429461,2862.00824133159,4128.19933556235,4902.62190839491,1750.80847997746,6253.70292657672,2061.6578453084,732.516502318286,48783.8686056496,475.508878644267,156.48809141824,10260.380139899,2393.66333826012,1154.74331263989,2251.27932375082,717.964676936047,0,0
"CZ","Czechia","CZ","CZE","CZ","CZ01","Praha",420486.452198706,1636.56185657815,3828.588324994,32576.4448827715,24789.838197782,12309.6728272198,12555.1906169442,18388.7965537325,30167.2439486004,5868.92699218285,8657.11619322367,6010.83513443542,123703.333543287,7421.11884083622,2369.33287980812,77683.1792775793,30881.8150932058,10764.5126104135,7651.13496539541,3222.80945971664,0,0
"CZ","Czechia","CZ","CZE","CZ","CZ02","Střední Čechy",195716.319402087,4572.48322971385,6240.86799286284,53101.8942054754,6986.34679120271,3469.14903482092,4513.40918696829,5182.38597494127,13019.7852575011,1653.99866398919,2439.77453402696,1693.99164362713,53388.7298791626,2091.44204117673,667.732521288483,21892.9073254258,8703.20605005956,3033.68733327804,2156.265877497,908.261859069479,0,0
"CZ","Czechia","CZ","CZE","CZ","CZ03","Jihozápad",162961.825139631,5863.48642227198,4570.08056115343,38885.6060962035,6215.11950638353,3086.18745694348,3868.67059680957,4610.29907691156,10903.7150178559,1471.41269497758,2170.44626480648,1506.99082404772,44711.6050114796,1860.56641833984,594.021101748411,19476.1353016483,7742.45357500903,2698.79665078565,1918.23430996241,807.998252293328,0,0
"CZ","Czechia","CZ","CZE","CZ","CZ04","Severozápad",116939.049502391,2256.42689621786,3209.99645207902,27313.0103365731,4707.01744755706,2337.32242659925,2852.4968722503,3491.60755013481,7899.11144495251,1114.3736207651,1643.78632252139,1141.318697865,32390.9741120348,1409.09898586332,449.881564992435,14750.2406963667,5863.74309086682,2043.93220590676,1452.77373286576,611.937045978598,0,0
"CZ","Czechia","CZ","CZE","CZ","CZ05","Severovýchod",198545.551322561,5009.07227108831,6151.86803480294,52344.6171147576,7221.51720062012,3585.92554523924,4616.71648375989,5356.83248724732,13232.7674196177,1709.67462091076,2521.9008288132,1751.01382135285,54262.0812361501,2161.84296683872,690.209351469667,22629.8538488278,8996.16839378602,3135.80558098795,2228.84886605724,938.835250233591,0,0
"CZ","Czechia","CZ","CZE","CZ","CZ08","Moravskoslezsko",144605.047404896,2173.84471356481,4098.69021429108,34874.6703806599,5756.38809009122,2858.39921544416,3510.18001296064,4270.01776407267,9760.91938876374,1362.8092757152,2010.24791495683,1395.76142059942,40025.4749454298,1723.23997315817,550.177030683858,18038.6222945936,7170.99124184016,2499.60131614594,1776.65145851671,748.360753407662,0,0
"CZ","Czechia","CZ","CZE","CZ","CZ06","Jihovýchod",243229.493071734,8169.32892439846,5680.48044490735,48333.7048575145,10404.3131283983,5166.3786419546,6102.98692578551,7717.79129306957,16523.5225009227,2463.1929287801,3633.39796510998,2522.75187933417,67756.1005812891,3114.64897701611,994.410733553679,32603.6868641504,12961.1202638571,4517.87377472092,3211.18691185058,1352.61547512062,0,0
"CZ","Czechia","CZ","CZE","CZ","CZ07","Střední Morava",155015.568800782,3963.72313371202,4579.36901139356,38964.6390612572,5843.91821223731,2901.86328154852,3664.10268560564,4334.94653027219,10375.228156483,1383.53179485363,2040.81521562979,1416.98500137955,42544.4999687703,1749.44310661215,558.542877799104,18312.9128372189,7280.03144717086,2537.60959583358,1803.66675295849,759.740130046263,0,0
"DE","Germany","DE","DEU","DE","DE13","Freiburg",490650.374396941,9472.5234039964,1353.97711864979,72163.1062415227,9669.84938757129,14952.5326993325,13957.6042278121,9085.3208644687,14879.865980558,2509.61921153797,3258.05452570554,8231.54015909016,234552.322833919,4688.2226884053,2385.27800017046,39825.8224336182,15001.3790940207,23004.3181259699,8920.05722910683,2738.98017148519,0,0
"DE","Germany","DE","DEU","DE","DE12","Karlsruhe",692845.800327244,5125.89250162983,1704.20952806569,90829.4915310373,14686.2942002648,22709.4844459239,20068.63156995,13798.5287848319,21237.3365230447,3811.53879383641,4948.24121526816,12501.830757889,334765.556275457,7120.34023681625,3622.69287306048,60486.334542024,22783.6709708904,34938.308791936,13547.5310420285,4159.88574329041,0,0
"DE","Germany","DE","DEU","DE","DE23","Oberpfalz",265390.671824194,8379.1681108907,732.378755656105,39033.6920952913,5110.37875735036,7902.20223837916,7461.39769042072,4801.46369282326,7966.25489977192,1326.29829004019,1721.83577748946,4350.25265474752,125572.608884379,2477.65944186768,1260.58571688962,21047.3843801912,7928.01686772682,12157.4570571273,4714.12419686365,1447.51231628824,0,0
"DE","Germany","DE","DEU","DE","DE14","Tübingen",456602.961356806,8042.40575224142,1410.16929072223,75157.9882283386,8501.4235904821,13145.7905012404,12911.9587794589,7987.52473058867,13854.3856581953,2206.37727775971,2864.37776781824,7236.90792789753,218387.60791344,4121.73606466612,2097.06044507486,35013.5946049673,13188.7346956605,20224.6637936721,7842.23020613411,2408.0241284477,0,0
"DE","Germany","DE","DEU","DE","DE21","Oberbayern",1535825.78853447,18262.6540952328,3210.66193057896,171119.094119573,34286.8210793034,53017.8695444203,44669.2575913734,32214.2319329691,46949.4051766646,8898.47002103067,11552.2308685656,29186.9431807885,740066.614460496,16623.2426229812,8457.58778015305,141212.214729286,53191.0664090164,81567.4482634947,31628.249207752,9711.72552079009,0,0
"DE","Germany","DE","DEU","DE","DE22","Niederbayern",281988.489609257,14585.1287892271,761.224462822728,40571.0857500324,5280.05396180923,8164.57178947042,7785.17928835275,4960.88227458882,8322.41513599285,1370.33415200293,1779.00430676333,4494.69009151879,131186.786513119,2559.92288893091,1302.43978473999,21746.2013206962,8191.2435182075,12561.1099192367,4870.64292569503,1495.57273605061,0,0
"DE","Germany","DE","DEU","DE","DE27","Schwaben",426278.572355132,12021.4714754465,1152.9010126036,61446.325135419,8343.59635359812,12901.7415170456,12038.9880480295,7839.2379237552,12833.8789555668,2165.41632274245,2811.20116466759,7102.55617260767,202301.292493539,4045.21685499169,2058.12893529862,34363.5741900259,12943.8884610437,19849.1969357406,7696.64076322858,2363.31963978202,0,0
"DE","Germany","DE","DEU","DE","DE24","Oberfranken",231202.800089208,5422.15432605595,571.743569763491,30472.2963183412,4753.4019288345,7350.20732228999,6594.36111041978,4466.06560147186,6992.93578346197,1233.6519756034,1601.55986365641,4046.37314411422,110230.114544212,2304.5867496669,1172.52964264261,19577.1550916501,7374.21871454871,11308.2185428921,4384.8270576632,1346.39880192045,0,0
"DE","Germany","DE","DEU","DE","DE25","Mittelfranken",448413.938808976,6937.23553403537,1066.89698689924,56862.5566517301,9498.06200123174,14686.897071659,12914.0275999829,8923.91777918701,13656.525994132,2465.03517431276,3200.17434070058,8085.304709829,215268.732793071,4604.93519447038,2342.90291686573,39118.3063523969,14734.8756974566,22595.6404385528,8761.59009523842,2690.32147722464,0,0
"DE","Germany","DE","DEU","DE","DE26","Unterfranken",302258.94193527,8376.33380378593,748.772025359707,39907.4064638522,6162.23513401356,9528.69260412085,8585.27724604212,5789.73686051144,9109.46848518721,1599.28692355971,2076.23689492408,5245.65419194487,143593.161106073,2987.62983875457,1520.04889713507,25379.5144479563,9559.82059355,14659.7957949665,5684.42049627616,1745.45012725702,0,0
"DE","Germany","DE","DEU","DE","DE60","Hamburg",661973.839999688,1121.49129398752,836.353565185841,44575.2519364345,16944.6519647938,26201.5934713564,19793.7452537378,15920.3720623375,20452.0069111053,4397.65113180855,5709.14786856546,14424.2766913496,322386.353068161,8215.25740520662,4179.76577837054,69787.5089157754,26287.1878921744,40310.8826940955,15630.7776052364,4799.56449000541,0,0
"DE","Germany","DE","DEU","DE","DE71","Darmstadt",1136498.46324355,5863.53216779694,1662.38821462342,88600.5351893645,28152.7204064876,43532.681387388,33727.9762910299,26450.9288458377,34994.4732548285,7306.48484349595,9485.47329487591,23965.2386842236,551620.222856446,13649.2531848188,6944.47885784609,115948.573653398,43674.8923813142,66974.5836139633,25969.7816497208,7974.24446608708,0,0
"DE","Germany","DE","DEU","DE","DE72","Gießen",203775.33310684,3340.39556823101,490.376088732387,26135.6423990283,4289.93464717191,6633.54572743229,5859.88940069505,4030.61425209511,6200.81130604211,1113.36815862124,1445.40420765642,3651.84274467144,97743.8034178087,2079.88440549008,1058.20538934353,17668.3388398675,6655.21595543313,10205.6420330606,3957.29664735892,1215.12191810077,0,0
"DE","Germany","DE","DEU","DE","DE73","Kassel",251870.758770393,6895.12419109488,549.323614435862,29277.376850388,5399.44833948497,8349.19186624302,7205.08516107194,5073.05943341735,7599.19740297222,1401.32061435154,1819.23175777515,4596.32555399772,119786.657008169,2617.8087367712,1331.89099654273,22237.9338280295,8376.46670519017,12845.1460129152,4980.77956164615,1529.39113589673,0,0
"DE","Germany","DE","DEU","DE","DE80","Mecklenburg-Vorpommern",274869.836135522,18867.0027327243,367.155302883087,19568.3270892436,6288.38677006913,9723.76146068646,7707.38056374811,5908.26281114472,8025.93627654391,1632.02709941177,2118.74106353133,5353.04182712987,126513.370418796,3048.79180091454,1551.16693321903,25899.0771066795,9755.52669402276,14959.9072291387,5800.7904383569,1781.18251727756,0,0
"DE","Germany","DE","DEU","DE","DE91","Braunschweig",428935.048293812,8869.37698126331,1523.61102019015,81204.1078141552,7241.25675814007,11197.1887172843,11964.0959797226,6803.53317542505,12965.2101897344,1879.32576274301,2439.79077719427,6164.18037322544,204371.475523072,3510.77073338028,1786.21297462787,29823.5261261248,11233.767289656,17226.7599441818,6679.77567223404,2051.08248145737,0,0
"DE","Germany","DE","DEU","DE","DE92","Hannover",479733.258054379,12489.4244550327,892.515871430641,47568.5421600935,10846.5010284055,16771.9945575398,13841.214177748,10190.8456016401,14503.0341158581,2814.99600126548,3654.50281046641,9233.17470856255,228612.296942643,5258.69743912876,2675.52463796749,44671.9288656705,16826.7847046234,25803.5415248353,10005.4722706744,3072.2661807929,0,0
"DE","Germany","DE","DEU","DE","DE93","Lüneburg",291737.591394011,22432.8989578701,465.537026938178,24811.791478281,6319.85608793635,9772.42261202146,8065.61792622827,5937.82985389278,8451.41114479655,1640.19434189179,2129.34399532362,5379.83034713889,133220.159229025,3064.04903648259,1558.92952274659,26028.6852748375,9804.3468098524,15034.7719111425,5829.81965123144,1790.09618637351,0,0
"DE","Germany","DE","DEU","DE","DE94","Weser-Ems",535614.730818163,37159.8292229982,1121.13370473559,59753.2185229732,10818.0738367166,16728.0374599428,14743.161238674,10164.1367929072,15595.9099726752,2807.61828279924,3644.92485978457,9208.97582390382,245839.372181124,5244.91511432701,2668.51245481712,44554.8498664937,16782.6840095648,25735.9139812378,9979.24930001955,3064.21419246856,0,0
"DE","Germany","DE","DEU","DE","DEA1","Düsseldorf",1217454.59564543,14010.7676316391,2173.58264472556,115845.735615146,28497.6813901434,44066.0961471605,35664.6701342605,26775.0374329129,37259.5184272208,7396.01268173988,9601.70071982797,24258.8896064326,587324.28142811,13816.5002478671,7029.57096344693,117369.315004267,44210.0496811909,67795.2367483612,26287.9946427767,8071.9544981982,0,0
"DE","Germany","DE","DEU","DE","DE30","Berlin",860233.261748681,208.66317631615,748.311361235606,39882.8543841521,23251.2039810313,35953.4439359598,25976.7714585603,21845.7020565796,26636.9121445092,6034.39266356971,7834.00933378221,19792.7818361944,419879.427998945,11272.8562429026,5735.41356339155,95761.4006177365,36070.8953502594,55314.0045675317,21448.3247715327,6585.89230449198,0,0
"DE","Germany","DE","DEU","DE","DE40","Brandenburg",429429.821725752,16279.2128530594,718.008805385348,38267.8148631058,9804.71956852301,15161.0830820755,12304.5445827198,9212.03833646679,12860.2390371562,2544.6221142321,3303.49622658635,8346.34952853026,202716.808222979,4753.61165331926,2418.54665437687,40381.2929133421,15210.6107616345,23325.1707498286,9044.46968729213,2777.18208513921,0,0
"DE","Germany","DE","DEU","DE","DE50","Bremen",177728.158018833,260.844524628602,359.770457888056,19174.735981526,4077.20569774669,6304.60197196246,5227.07107163647,3830.74446248147,5480.80894985505,1058.15854397988,1373.72961494619,3470.75544744369,86394.358112977,1976.74725751569,1005.73118186357,16792.202612018,6325.19761836345,9699.56544065048,3761.06252549145,1154.86654585831,0,0
"DE","Germany","DE","DEU","DE","DEA5","Arnsberg",704771.241997749,7686.3646446057,1727.453201054,92068.3127933727,14869.3269680481,22992.5088587804,20351.0561298278,13970.4974843817,21540.9618278862,3859.04134862906,5009.91029753898,12657.638932148,339551.622266562,7209.07981695344,3667.84187350559,61240.1653636951,23067.619957694,35373.7389469262,13716.3715997239,4211.72968641683,0,0
"DE","Germany","DE","DEU","DE","DEB1","Koblenz",286092.836662978,5945.90762061268,602.289224296102,32100.2923035701,6278.46871551954,9708.42512720051,8249.29798353211,5898.94428876419,8681.12982001319,1629.4530634324,2115.39938144132,5344.5990002509,136841.230073399,3043.98324118412,1548.7204300344,25858.229037227,9740.14026035556,14936.3124374409,5791.64142158964,1778.37323311374,0,0
"DE","Germany","DE","DEU","DE","DEB2","Trier",93670.7868722646,3629.04393882746,211.277179590634,11260.4691373309,1944.37000839559,3006.58831020723,2646.16712428559,1826.83563078333,2798.68047623513,504.622991716874,655.11501281929,1655.16123020595,44115.7875634488,942.686821961404,479.621017797684,8007.99801485475,3016.41012449237,4625.60526384385,1793.60515911859,550.74186634913,0,0
"DE","Germany","DE","DEU","DE","DEB3","Rheinhessen-Pfalz",440908.071683045,16938.3618384947,1138.58979150777,60683.5780002131,8652.70013394492,13379.7101179903,12365.3009132663,8129.65682402065,13165.0610527242,2245.6381291456,2915.34725113776,7365.68335062988,207521.738045319,4195.07930868784,2134.37608429541,35636.6356180016,13423.4184725801,20584.5467237298,7981.77689099192,2450.87313636379,0,0
"DE","Germany","DE","DEU","DE","DEC0","Saarland",189554.477317453,801.038794185878,439.6306277132,23431.054526484,4133.39031742332,6391.48050845696,5524.21424676142,3883.53280250117,5827.67549383688,1072.74015691737,1392.65985336829,3518.58307480941,91862.0386492543,2003.98718630362,1019.59033642651,17023.6021506311,6412.35996652845,9833.22717756329,3812.89063602597,1170.78081226194,0,0
"DE","Germany","DE","DEU","DE","DED2","Dresden",286596.938336978,6163.78315535184,595.11023257357,31717.6725862615,6310.75156971194,9758.3442535067,8263.59456991742,5929.27569073369,8691.87240603098,1637.83144326411,2126.27641736904,5372.08004986025,137010.566175419,3059.63490269458,1556.68369593457,25991.1878008216,9790.22246066365,15013.1125010293,5821.42108985265,1787.51733598111,0,0
"DE","Germany","DE","DEU","DE","DED4","Chemnitz",235137.007471599,6648.49437393919,553.226814485932,29485.4062446926,4891.43506989974,7563.64860484217,6694.28957553549,4595.75483718219,7085.63580141985,1269.47576238249,1648.06725812762,4163.87500980246,111691.351128411,2371.50920913413,1206.57850953608,20145.6524017617,7588.35725938681,11636.5957659203,4512.15722263949,1385.49662249989,0,0
"DE","Germany","DE","DEU","DE","DED5","Leipzig",196739.171435011,3144.96156648313,308.804818749504,16458.413245223,4721.39461511663,7300.71426549022,5767.21435577534,4435.9930839505,6002.36950941913,1225.34510688223,1590.7756653577,4019.12665063813,94615.7521029601,2289.06867814866,1164.63434477437,19445.3311571074,7324.56397561552,11232.0739828672,4355.30156469323,1337.33274575948,0,0
"DE","Germany","DE","DEU","DE","DEE0","Sachsen-Anhalt",367647.588329148,17470.9992620166,778.644601512851,41499.5292973584,7689.74489810353,11890.6879962581,10331.5131565188,7224.91085072928,10907.2186334449,1995.72203812305,2590.89952310827,6545.95965302786,171931.216952799,3728.21075638207,1896.84229786916,31670.6499343534,11929.5320670693,18293.7014687007,7093.48841115132,2178.11653062106,0,0
"DE","Germany","DE","DEU","DE","DEF0","Schleswig-Holstein",563796.316900464,21395.3439245984,934.097192011325,49784.707568944,12901.7681129817,19950.0635280335,16159.5657233358,12121.874739442,16884.2888094569,3348.40014786198,4346.98228538396,10982.7380022877,266148.173970875,6255.15037137685,3182.50082392703,53136.6627703369,20015.2356762402,30692.9680249207,11901.3756380095,3654.41959044123,0,0
"DE","Germany","DE","DEU","DE","DEA2","Köln",1081087.8431141,9068.14258449252,1769.39836869925,94303.8702096757,25992.8560031312,40192.8731005268,31866.2027391608,24421.6251471204,33184.581582709,6745.93452014271,8757.7519300209,22126.6360481506,523090.779356885,12602.0884468955,6411.70147547042,107053.049766612,40324.1737291627,61836.3228352969,23977.3913535686,7362.46391638239,0,0
"DE","Germany","DE","DEU","DE","DEA3","Münster",510465.557873165,16652.2390343122,999.050065101446,53246.5098526994,11244.5801468845,17387.5461341373,14604.5709202592,10564.8614084918,15343.120067411,2918.30960661813,3788.62728558145,9572.04288726107,241854.627994169,5451.69771040832,2773.71948315874,46311.440263589,17444.3471429166,26750.5613090904,10372.6846621217,3185.02189895308,0,0
"DE","Germany","DE","DEU","DE","DEA4","Detmold",445303.547217836,8873.92210544391,1138.21167637032,60663.4255453013,9083.36294389419,14045.6460069639,12719.2858133451,8534.28668493782,13505.1607134158,2357.40819072823,3060.450123041,7732.28866918639,212882.751747625,4403.87709609203,2240.60840342377,37410.3447948837,14091.5298169045,21609.0822555687,8379.04646130531,2572.85816940508,0,0
"DE","Germany","DE","DEU","DE","DE11","Stuttgart",1211244.92234036,11466.0045657915,3970.08435464011,211594.136359851,22112.4995947413,34192.6600924432,34369.6103931234,20775.8307168543,36982.1265115979,5738.86433737168,7450.34658677383,18823.4502045015,582951.734106132,10720.7794188258,5454.52743864939,91071.5821029769,34304.3594415702,52605.0566921572,20397.9145856412,6263.35483671711,0,0
"DE","Germany","DE","DEU","DE","DEG0","Thüringen",356324.290176624,12442.5186279821,801.329216568195,42708.5543715187,7454.89084260748,11527.5320872438,10104.4945819631,7004.25338596609,10680.794474876,1934.7702873814,2511.77033632149,6346.03817422741,168362.077794729,3614.3467170046,1838.91045328991,30703.3902039151,11565.1898134255,17734.9898291224,6876.8447457179,2111.59423276362,0,0
"DK","Denmark","DK","DNK","DK","DK04","Midtjylland",294344.821118295,13045.2529120815,8699.44922705827,30646.1547843697,15313.9512287284,8419.26297622733,8938.54855900427,6395.58209190647,9066.7388235059,1583.27072381653,7274.12049498506,2081.48947188274,132868.648257555,1586.18650783828,1217.33982908545,20270.4671326772,10810.5861937268,10699.469467854,3197.03040664321,2231.27202934845,0,0
"DK","Denmark","DK","DNK","DK","DK05","Nordjylland",121610.759362117,8430.54956474718,3710.79770001387,13072.2851205792,5989.83509845584,3293.07545289366,3578.8414934975,2501.54134076722,3653.4908456654,619.273916328208,2845.16919248909,814.145122283037,53540.131632159,620.414383945756,476.145230326017,7928.50608441485,4228.40765592825,4184.94592258998,1250.47315709207,872.730447940959,0,0
"DK","Denmark","DK","DNK","DK","DK01","Hovedstaden",558249.37603258,1516.79458646641,15780.7312340723,55591.8793692936,31526.2474936666,17332.4156736816,17803.1624088377,13166.3409974336,17889.6535445251,3259.41907108067,14974.9545103321,4285.08301129583,262164.172866059,3265.42168447124,2506.09109056386,41730.037799662,22255.3416035235,22026.5898367045,6581.60459957145,4593.43465133761,0,0
"DK","Denmark","DK","DNK","DK","DK02","Sjælland",143781.648463762,6955.36291222339,4742.78099159136,16707.7244297942,7159.10083734438,3935.91123039881,4285.02722737419,2989.86306183204,4376.49230553714,740.161346691121,3400.56993448553,973.073036377733,64135.3664273145,741.524443093867,569.092748146488,9476.21655936024,5053.82807583356,5001.88224987674,1494.57594055009,1043.09470593619,0,0
"DK","Denmark","DK","DNK","DK","DK03","Syddanmark",264526.201203638,13289.1427804956,8549.72382099164,30118.7066839545,13222.7371159405,7269.56089789434,7889.55735920171,5522.22606965415,8051.13348504789,1367.06538056078,6280.7946569939,1797.24929805649,117985.445916463,1369.58299636292,1051.1045973925,17502.410325683,9334.33424031711,9238.39118594434,2760.45626548738,1926.57812719673,0,0
"EE","Estonia","EE","EST","EE","EE00","Eesti",130100.772672218,4527.82186549537,1606.81473740002,21778.4171748976,9485.69195497363,3099.96524654055,4041.038722285,4849.90183434932,4645.09112527775,993.369744293087,1706.88151494015,600.249777154843,45657.1241760335,2290.25835813297,727.087694524557,12406.0671227919,4946.29089387952,2571.8618077061,3442.07852825336,724.760393288416,0,0
"EL","Greece","GR","GRC","EL","EL30","Aττική",510617.58950171,1384.45798154678,7114.48506588355,19874.9729619494,18639.4547665599,7596.96272952291,17641.4451452586,19174.0733238611,10874.154918281,13607.6859326019,16437.7511581155,4684.47910917973,249045.292896736,1821.06903690303,1344.01752637212,103353.768125418,9111.32209101042,2331.150820171,4095.12467134282,2485.92124099606,0,0
"EL","Greece","GR","GRC","EL","EL41","Βόρειο Αιγαίο",15343.9987973222,545.41942531664,158.844142024166,443.745822594157,540.16444799864,220.157146797076,521.840282857626,555.657494416099,323.920915021707,394.345663667682,476.35989849832,135.754457620234,7418.59756120817,52.77390156556,38.9491266952591,2995.15365697307,264.042716349089,67.5558814219351,118.675185797281,72.0410704995401,0,0
"EL","Greece","GR","GRC","EL","EL42","Νότιο Αιγαίο",35683.239319487,555.37793746632,311.955094765845,871.475449930337,1327.60277400042,541.096771338331,1237.1442238186,1365.68119896479,758.442624031061,969.212984934486,1170.78553579765,333.653936661894,17370.2293986669,129.706385477333,95.7281969168951,7361.41432167145,648.957634991446,166.037168695764,291.676926264281,177.060755093216,0,0
"EL","Greece","GR","GRC","EL","EL43","Κρήτη",54217.9647386228,2542.45837371969,698.578200351966,1951.5429036997,1819.01549319255,741.383966391577,1815.88294230876,1871.18866300135,1139.40431648275,1327.96757458318,1604.15228901969,457.156080145764,26095.2031545186,177.717258030677,131.162028836771,10086.2448958138,889.169573605202,227.495895774112,399.641261883459,242.599867263331,0,0
"EL","Greece","GR","GRC","EL","EL51","Aνατολική Μακεδονία, Θράκη",43304.6698344058,2441.4303596168,978.655623031565,2733.96512420628,1287.91460051843,524.920891811724,1402.80184091007,1324.85468563785,903.881506015522,940.238736130254,1135.78535323933,323.679480762496,20701.1428567327,125.82886305168,92.8664393484718,7141.34767644221,629.557296498335,161.073551501896,282.957356919463,171.767592030731,0,0
"EL","Greece","GR","GRC","EL","EL52","Κεντρική Μακεδονία",150530.66132665,6294.78363095697,3022.42273468467,8443.41784052626,4761.26312505072,1940.56848547711,4966.52712474072,4897.82611225852,3159.47467478305,3475.94787828264,4198.85986087456,1196.60354457484,72359.857082627,465.173952895526,343.31589458389,26400.6909629909,2327.39650572914,595.469265491846,1046.05882169528,635.00382842579,0,0
"EL","Greece","GR","GRC","EL","EL53","Δυτική Μακεδονία",22433.9246746024,1362.76904308799,1122.84271447322,3136.76511848937,463.17899287395,188.779853811721,670.168830720318,476.463935381321,462.509754248268,338.142630486978,408.468011638827,116.406426212722,10592.6279402837,45.2524461166066,33.3980093337713,2568.27760412511,226.410753035307,57.9276648725365,101.761330721366,61.7736146893218,0,0
"EL","Greece","GR","GRC","EL","EL64","Στερεά Ελλάδα",56645.5775246399,2915.5115210386,2743.86770885225,7665.24857661386,1237.80539766844,504.497668534806,1713.844577743,1273.30824601937,1172.03530877002,903.656641682998,1091.59507957009,311.086005423854,26842.5343349886,120.933209240083,89.25326247681,6863.4975463194,605.062959480006,154.806624127419,271.948267038762,165.084589051607,0,0
"EL","Greece","GR","GRC","EL","EL65","Πελοπόννησος",51398.4716473987,3544.80087692619,1594.85140596035,4455.36511472771,1342.05878716182,546.988670783894,1610.17124770646,1380.55184082631,1064.99021396466,979.766560100799,1183.5339959893,337.287030682334,24390.9344461419,131.118733547328,96.7705629782273,7441.57135689667,656.024010790258,167.845115728532,294.85294063208,178.988735853819,0,0
"EL","Greece","GR","GRC","EL","EL61","Θεσσαλία",58379.9140614135,4503.87144245054,1165.58767448422,3256.17712323898,1695.12815776439,690.890672371186,1873.09837493849,1743.7479796151,1211.8696939415,1237.52394451746,1494.89860016911,426.020639652817,27754.8411944132,165.61350320318,122.229001975399,9399.3029707479,828.611073894785,212.001876919531,372.422971963897,226.07716515169,0,0
"EL","Greece","GR","GRC","EL","EL62","Ιόνια Νησιά",18451.3563443936,546.356233043607,106.574021216979,297.724398957694,684.679702342729,279.057850430812,637.77172323212,704.317748587333,390.936347858324,499.84865279548,603.804924075017,172.07411924184,8953.41826450148,66.8929977699368,49.369551385741,3796.47516959913,334.68453746907,85.6297391560055,150.425469851276,91.314892879068,0,0
"EL","Greece","GR","GRC","EL","EL63","Δυτική Ελλάδα",49454.1975661221,3417.2432012431,825.192500119634,2305.25167688216,1517.39649362309,618.451813764664,1611.29219795431,1560.91859952342,1030.53875346497,1107.77140099068,1338.16070709974,381.353009717453,23601.9099991533,148.249173908225,109.413473056295,8413.80004513877,741.732436185497,189.773795689567,333.374977705524,202.373310901667,0,0
"EL","Greece","GR","GRC","EL","EL54","Ήπειρος",24739.6376411465,1520.91929527015,372.070244967325,1039.41268977182,786.13142843542,320.406966680428,814.530104787604,808.679322426037,517.10383930978,573.913224065366,693.273111259588,197.571028750376,11842.9687719851,76.8048004187576,56.6848349955332,4359.01405852193,384.276082108982,98.3178396101578,172.714612515355,104.845385266753,0,0
"ES","Spain","ES","ESP","ES","ES11","Galicia",400724.729585898,11098.3801291136,2854.1164289715,51256.145217656,12077.3152936152,7296.64849755573,30098.8895447467,17019.6850263023,14247.7583670085,5898.32057659905,7314.4608239881,397.461645846109,160060.351185109,4073.42679719532,1974.49749416509,49964.2872375398,7406.7392713065,6313.61572308789,9805.94214723597,1566.68817885651,0,0
"ES","Spain","ES","ESP","ES","ES12","Principado de Asturias",146352.734501577,1143.41573741624,1151.18229408643,20673.7070144512,4505.20195617576,2721.86941265776,11146.0458092811,6348.85455996406,5176.58766644485,2200.25102879395,2728.51394630917,148.265151719387,58154.1614118229,1519.51074629681,736.546969000587,18638.1823384617,2762.93658339902,2355.16861278226,3657.911437257,584.42182525724,0,0
"ES","Spain","ES","ESP","ES","ES13","Cantabria",87917.466084973,568.776708861899,724.761897138772,13015.7623111947,2674.00177306439,1615.52882785187,6632.87316217677,3768.27687535736,3101.73295966159,1305.9292811761,1619.47260105847,88.0007783086903,34845.0931028878,901.885080693941,437.167505521685,11062.4413965338,1639.90369238515,1397.87852080913,2171.10392920999,346.875681080882,0,0
"ES","Spain","ES","ESP","ES","ES21","País Vasco",458182.544739472,1558.34227395417,4279.53242573815,76854.725774571,13415.6992564413,8105.2485128812,33563.1328862405,18905.7725331505,16044.4099424548,6551.96068414022,8125.03476575814,441.507551720581,180244.065332669,4524.83582035748,2193.30736346012,55501.2297721204,8227.53932633127,7013.27800943184,10892.6170738398,1740.3054342112,0,0
"ES","Spain","ES","ESP","ES","ES22","Comunidad Foral de Navarra",134571.473846773,2406.29562621905,1547.24541152895,27786.4752452506,3420.63976337306,2066.61872968493,8884.62701334938,4820.45967549034,4643.83394863887,1670.57242532225,2071.66368798829,112.572461440636,52169.1674941376,1153.71051735661,559.233942065931,14151.309584811,2097.79957320166,1788.19584220585,2777.32217887065,443.730725837408,0,0
"ES","Spain","ES","ESP","ES","ES23","La Rioja",56183.4161754854,1703.98845714486,560.489774754086,10065.6528921489,1480.02233883024,894.172464031284,3814.67899500283,2085.68820357772,1959.4259145943,722.813473252926,896.355286983698,48.7071919859094,22012.3328830018,499.180696112652,241.966060194982,6122.90558435476,907.663608419672,773.706082998422,1201.67546166976,191.990806426551,0,0
"ES","Spain","ES","ESP","ES","ES24","Aragón",241529.466615303,7611.06309539773,2059.40981317894,36984.2685377079,6779.90584609896,4096.15784657543,17197.5512774197,9554.42987147924,8507.04264706531,3311.17116571354,4106.15724571137,223.125129282396,95568.7342921904,2286.72097105563,1108.43401686091,28048.7140479846,4157.96008179148,3544.30758080943,5504.81318689266,879.499962086674,0,0
"ES","Spain","ES","ESP","ES","ES51","Cataluña",1447494.82822222,8413.68542873755,10837.2548701793,194622.722376757,45477.773410612,27475.9181955074,111965.952493006,64088.5296383174,51328.5302297361,22210.4399996522,27542.9914585392,1496.66297763661,576628.432540718,15338.7053648834,7435.07538359395,188143.182352192,27890.4708623475,23774.2559729365,36924.7969609045,5899.44770596387,0,0
"ES","Spain","ES","ESP","ES","ES52","Comunitat Valenciana",711637.578877482,7347.52808723109,5292.58272594793,95047.7654043713,22147.893385272,13380.9037078882,54674.1098921599,31211.4207710329,25244.4294332511,10816.5906169341,13413.5687081119,728.882035694485,283597.751763546,7470.02294994209,3620.91730878087,91626.6305801553,13582.7928413964,11578.1764830179,17982.5529051099,2873.05927763795,0,0
"ES","Spain","ES","ESP","ES","ES53","Illes Balears",176074.938602629,546.603334992616,420.110230521666,7544.62248437466,6698.74240977722,4047.12202600638,15840.1427133218,9440.05212375423,6457.6336070736,3271.53255772115,4057.00172058986,220.454059413083,72545.5244501019,2259.34623516211,1095.16475976701,27712.9379961903,4108.18441587703,3501.87805609778,5438.91410736274,868.971314523098,0,0
"ES","Spain","ES","ESP","ES","ES61","Andalucía",1004298.84471147,31840.5871228442,4705.47906889752,84504.162488201,33024.925983877,19952.3876543604,80727.2185548287,46539.634397032,36292.8159081806,16128.7169984161,20001.094734347,1086.84265636726,407716.12699518,11138.6194040355,5399.18284940574,136625.305189246,20253.4263840977,17264.3246347845,26813.9487743481,4284.04491302004,0,0
"ES","Spain","ES","ESP","ES","ES62","Región de Murcia",203163.564275105,5754.97310200052,1473.57891038066,26463.5225996593,6079.50557716842,3673.00299421504,15177.9225034308,8567.40654057082,7217.18666447429,2969.10960503932,3681.96940233267,200.075118839482,81078.3986033293,2050.49055437248,993.926898159873,25151.1329741017,3728.42073042057,3178.1617907171,4936.13675922067,788.642946671874,0,0
"ES","Spain","ES","ESP","ES","ES63","Ciudad de Ceuta",4899.00497180848,48.6287832129746,10.989867701961,197.363446402054,160.900575712141,97.2099274949383,410.010808887668,226.745518568938,181.571111045904,78.5806409319524,97.4472330142581,5.29520063734219,2303.73422858419,54.2684115514051,26.3053315931312,665.651461945103,98.6766167753331,84.1134291829835,130.640104901817,20.8722736643865,0,0
"ES","Spain","ES","ESP","ES","ES64","Ciudad de Melilla",10084.6244912521,100.102576133602,22.6226937144552,406.273571208348,331.214582516381,200.107087306427,844.009154671321,466.756703249039,373.764975519395,161.758614380038,200.595581820275,10.9001951091555,4742.24761081222,111.711777265378,54.1496472775921,1370.24662648818,203.126274003163,173.147884695611,268.923262787846,42.9656722937121,0,0
"ES","Spain","ES","ESP","ES","ES70","Canarias",200028.371361644,1985.53305484786,448.720781169502,8058.43002350544,6569.63613959536,3969.12099271005,16740.9085751947,9258.11201537785,7413.62252903144,3208.47962323461,3978.81027386364,216.205201998334,94062.4082738289,2215.8013803778,1074.05741920682,27178.8207184088,4029.00651430867,3434.38562441469,5334.08877280199,852.22344776689,0,0
"ES","Spain","ES","ESP","ES","ES43","Extremadura",129900.992576441,5498.60373278074,700.393225416171,12578.133290915,4046.66660761256,2444.84002484848,10025.3214330288,5702.67392989496,4672.90679813421,1976.31148463399,2450.80828392141,133.174859722547,52495.7739946345,1364.85632758787,661.581889865591,16741.2051289415,2481.72741638483,2115.46169813288,3285.61254539561,524.939904588862,0,0
"ES","Spain","ES","ESP","ES","ES30","Comunidad de Madrid",1440360.76406691,507.568543701706,6074.77473772875,109094.896396282,51797.1402128491,31293.8360987871,123819.679694057,72993.9552171798,52195.5155165278,25296.6930562745,31370.2295312101,1704.6318737745,586368.208153247,17470.0961125562,8468.21674095535,214286.629831225,31765.9929569528,27077.8091743385,42055.6843943608,6719.20582490253,0,0
"ES","Spain","ES","ESP","ES","ES41","Castilla y León",377535.479172276,9087.98363580438,2973.58593362217,53401.659050693,11129.3044303451,6723.89686584145,27869.6231936064,15683.7220326973,13354.9124860717,5435.33092652166,6740.31101076184,366.262828158994,150030.05578174,3753.68248642801,1819.50898649919,46042.3322396625,6825.34604608206,5818.02741173826,9036.22309509763,1443.71073090515,0,0
"ES","Spain","ES","ESP","ES","ES42","Castilla-La Mancha",269326.303070128,11633.2567164396,2078.0713880157,37319.4056681043,7584.78668911599,4582.43583560967,19252.3622526968,10688.6901022357,9539.27425749942,3704.25896069621,4593.62231978615,249.613571191723,107164.899093317,2558.19050834824,1240.02246752253,31378.535010244,4651.57496256289,3965.07231387648,6158.32059231877,983.910360547455,0,0
"FI","Finland","FI","FIN","FI","FI19","Länsi-Suomi",194265.371187753,8768.52117569585,3005.30013602057,24735.3409457031,7574.18792294601,3810.00637092012,5447.68141672838,3269.73560698229,2293.08499570644,646.938619683222,1486.41849522455,182.529110553481,86224.2139570393,605.734790929588,554.90389938305,23371.4278010798,7485.61894525128,8481.8274030611,4891.70314633094,1430.19644851398,0,0
"FI","Finland","FI","FIN","FI","FI20","Åland",4242.17392624636,136.543641187174,27.9666243433721,230.181331954983,206.685370196248,103.967921740896,126.35112745456,89.2249467861275,51.3029520951537,17.6537405017894,40.5615704386353,4.98087678443345,1929.08537030372,16.5293653626874,15.1422857518325,637.762391984884,204.268489056122,231.453147793104,133.485396187042,39.0273763235988,0,0
"FI","Finland","FI","FIN","FI","FI1B","Helsinki-Uusimaa",335283.862953623,1202.65663554299,3450.95422410505,28403.3292708932,15926.1635180606,8011.25943605124,10016.8421904279,6875.23790898636,4095.06262404523,1360.31088059087,3125.47618992903,383.801998452424,153981.887511489,1273.67203283895,1166.79046364967,49142.8499790602,15739.9304808369,17834.6472951753,10285.7316167535,3007.25869673482,0,0
"FI","Finland","FI","FIN","FI","FI1C","Etelä-Suomi",160471.947268637,5293.19029063612,2461.553273625,20259.9929202908,6439.68564038159,3239.32328669151,4550.28397437988,2779.97716063247,1908.47611961014,550.036701196861,1263.77480155945,155.188926409114,71762.2127296982,515.004601775395,471.787432395641,19870.7306363333,6364.38299676535,7211.37403604885,4158.99774720459,1215.97399300306,0,0
"FI","Finland","FI","FIN","FI","FI1D","Pohjois- ja Itä-Suomi",171824.884660417,11759.2564025913,2221.14184072455,18281.2691686219,6791.27545463612,3416.18177579794,4792.58210337158,2931.75656542352,2009.57371376226,580.067251196739,1332.77356524965,163.661831587652,75563.6682383414,543.122491745519,497.545779151489,20955.6200057336,6711.86148572226,7605.09599694011,4386.06803092392,1282.36295889565,0,0
"FR","France","FR","FRA","FR","FRB0","Centre — Val de Loire",451686.97521422,17154.1331031501,5391.62979245098,37745.532840518,5299.30451673576,4823.10639439173,14744.6598143675,7075.34178959782,5521.17679690277,3886.40445035333,2638.60429672634,8062.22419492399,223397.945323763,5758.77581865055,909.753177791264,73915.9227288653,12937.4728381847,11423.2825814251,10106.5101065219,895.194648899134,0,0
"FR","France","FR","FRA","FR","FRD2","Haute-Normandie",321547.213982301,7240.96177772501,4153.37105953133,29076.7745118364,3811.12885535363,3468.65893327253,10584.1609509079,5088.41097367913,3961.38032945842,2795.00604230985,1897.61900667451,5798.15241237195,160285.435297674,4141.5692615247,654.272004218706,53158.5050627719,9304.31076252456,8215.34254758104,7268.35232288451,643.801870000701,0,0
"FR","France","FR","FRA","FR","FRC1","Bourgogne",288342.542289569,15736.4998049499,2889.35272446698,20227.6792634961,3408.78636871336,3102.47114128553,9373.29308660002,4551.22527309023,3499.27340258914,2499.93607120199,1697.28656481315,5186.03900764254,141587.657309404,3704.34204131827,585.200231757724,47546.5391794902,8322.05073649334,7348.04535699873,6501.02929121662,575.835434041478,0,0
"FR","France","FR","FRA","FR","FRC2","Franche-Comté",189809.741911527,5148.10194085459,2599.7351938645,18200.1350081669,2191.38571457279,1994.46671146294,6195.4812631944,2925.81844928494,2329.25748344711,1607.11866371522,1091.12426809889,3333.91728530487,94246.4541660728,2381.38778825857,376.204105897843,30565.9538220453,5349.94602984901,4723.79312859015,4179.27707337335,370.183815473192,0,0
"FR","France","FR","FRA","FR","FRD1","Basse-Normandie",244078.089709268,9086.88299209876,2690.11941756027,18832.8937128818,2924.53166163666,2661.73180146465,8013.46818401639,3904.67485218712,2988.89946636252,2144.79330808207,1456.16878289153,4449.30647914377,120936.898803757,3178.10047728398,502.066254981696,40792.0427363571,7139.81406755268,6304.17661104302,5577.48827262722,494.031827339839,0,0
"FR","France","FR","FRA","FR","FRF2","Champagne-Ardenne",237376.476104216,19029.8542539316,2767.79681831724,19376.6949370207,2562.83202299553,2332.53467107332,7468.66253752587,3421.75326115986,2828.80258270514,1879.52999270423,1276.07303303817,3899.02604729874,114459.056094234,2785.04000566115,439.971805677921,35746.9726792538,6256.77757932625,5524.48992409225,4887.67679983729,432.931058362,0,0
"FR","France","FR","FRA","FR","FRE1","Nord-Pas de Calais",707215.880673591,12935.7815510219,6823.77420276341,47771.6392225807,9039.12757530473,8226.86710501198,23785.9575250702,12068.5491601932,8776.93773653647,6629.11624063733,4500.7190629513,13751.8938208736,355132.597397853,9822.85678016223,1551.78382561784,126079.838077344,22067.7009817177,19484.9169841369,17238.872366261,1526.95105755381,0,0
"FR","France","FR","FRA","FR","FRE2","Picardie",301756.352880303,11363.4634640705,3537.88599561664,24767.908252998,3558.81871124408,3239.02150338309,9864.84981059594,4751.54025773519,3690.38774919979,2609.96680483258,1771.98994945528,5414.29431513663,149320.529109247,3867.3827994881,610.956894723164,49639.2249276498,8688.33264201707,7671.45795570279,6787.16181696659,601.179920241723,0,0
"FR","France","FR","FRA","FR","FRF1","Alsace",372093.441018301,6328.87692661294,4985.865090543,34904.8695400007,4413.6064848666,4016.99762530373,12275.1349317586,5892.80617986679,4595.96398410322,3236.85114352698,2197.60177929947,6714.7462231673,185961.969449454,4796.28415725488,757.701791328805,61562.0021194727,10775.1713146634,9514.05489543324,8417.36088285621,745.576498787962,0,0
"FR","France","FR","FRA","FR","FR10","Ile-de-France",4342617.77672589,3993.43524934545,23952.7471625242,167687.552641236,61852.8263741705,56294.700833728,151514.2289423,82582.5135860424,54776.9162167989,45361.6316873935,30797.4627463161,94101.2828652162,2216384.47456879,67215.7185370001,10618.5264824023,862737.500816672,151004.581573602,133331.14032239,117961.934984735,10448.6011352205,0,0
"FR","France","FR","FRA","FR","FRI2","Limousin",113126.033648541,3446.13149454779,1021.79505370892,7153.34699167395,1430.73584911452,1302.16921876388,3777.30295955594,1910.24031760136,1395.05935927251,1049.27319306115,712.38513413065,2176.68434468103,56446.9144768182,1554.78647900618,245.620247185488,19956.2339047668,3492.93121919666,3084.12167147503,2728.61207978777,241.689654193416,0,0
"FR","France","FR","FRA","FR","FRI3","Poitou-Charentes",318317.227455425,17521.4239096508,3295.77542372857,23072.9490488195,3732.72203053705,3397.297784476,10324.0847811316,4983.72646603054,3860.00664863033,2737.50403767077,1858.57905639417,5678.86630641463,156183.651775798,4056.36424540514,640.811585438819,52064.8685702368,9112.89202763408,8046.32729032162,7118.81961252098,630.556854585695,0,0
"FR","France","FR","FRA","FR","FRJ1","Languedoc-Roussillon",459805.302668748,12348.4710370361,2700.53159137009,18905.7868942775,6222.86233468635,5663.67285047675,15665.2032797019,8308.42571670918,5709.00446287627,4563.72337069586,3098.45777731489,9467.30106147834,230997.831398228,6762.40986389985,1068.30410784275,86797.9203743459,15192.2034630231,13414.1215493341,11867.8632032532,1051.20833219801,0,0
"FR","France","FR","FRA","FR","FRJ2","Midi-Pyrénées",590266.750904374,12137.7986529759,6149.71693268301,43052.7227161408,7397.27277826057,6732.55019129662,19730.9406455781,9876.43436073388,7307.34728772215,5425.01261346988,3683.21459450644,11254.0185945156,295670.004764211,8038.64647990618,1269.91992925832,103178.868350643,18059.3538912799,15945.7032542837,14107.6271156126,1249.59775129606,0,0
"FR","France","FR","FRA","FR","FRK1","Auvergne",232431.45721079,4762.68385321661,2957.16375039199,20702.4083165898,2777.55801387939,2527.96527831686,7672.73962434833,3708.4436696494,2867.80089321383,2037.00576031526,1382.98836888567,4225.70459040108,116037.006368102,3018.38361519191,476.834690598771,38742.0203689886,6780.99951560846,5987.35739353026,5297.18910284746,469.204036714488,0,0
"FR","France","FR","FRA","FR","FRK2","Rhône-Alpes",1435500.91968712,10932.9786043007,16863.0186318811,118054.029683404,17949.7125377149,16336.742499839,48180.3491747885,23965.4752483616,17873.6029763183,13163.9618876079,8937.4348044054,27308.2262505336,723202.014230394,19506.0257789437,3081.50021763319,250366.734116335,43821.5840732537,38692.7450434511,34232.596107408,3032.18782055155,0,0
"FR","France","FR","FRA","FR","FRL0","Provence-Alpes-Côte d’Azur",999141.952351942,18908.3341332192,7072.2536372899,49511.1853370495,13405.9364186831,12201.2723480151,34052.390646416,17898.8736865844,12442.0490607055,9831.64692540003,6675.01958497869,20395.4433282681,503430.391386542,14568.2857496616,2301.4516753374,186989.095890235,32728.6227351919,28898.0939848999,25566.9836437834,2264.62217968167,0,0
"FR","France","FR","FRA","FR","FRM0","Corse",54432.7319350406,962.855500165503,253.8628603891,1777.234213525,765.251877654265,696.485965805199,1880.98974661854,1021.72248687278,680.729148213027,561.220494795934,381.03054581589,1164.2343224004,27543.6738628065,831.602334663879,131.373904879038,10673.9098457497,1868.24994681006,1649.59164297949,1459.44167034048,129.271564555811,0,0
"FR","France","FR","FRA","FR","FRI1","Aquitaine",649634.825360106,19522.5153085125,5441.11810275164,38091.9888683949,8330.56891731811,7581.97987814206,21776.7268267343,11122.5203619987,8020.98471959339,6109.47342467176,4147.91693324885,12673.9110897621,324545.214135444,9052.86319839645,1430.14267653515,116196.698346987,20337.8591953074,17957.5343341807,15887.5525439352,1407.25649819086,0,0
"FR","France","FR","FRA","FR","FRF3","Lorraine",352079.79236016,5874.39831776134,4013.31354495014,28096.2647736517,4357.39874311993,3965.84073900354,11746.1603498665,5817.76067477774,4362.44658613989,3195.62950454045,2169.61509002474,6629.23322537278,176513.38469636,4735.20297519232,748.052379503345,60778.0035621921,10637.9483772295,9392.89240793921,8310.16490869893,736.081503835432,0,0
"FR","France","FR","FRA","FR","FRG0","Pays de la Loire",727446.255211888,19320.555418751,8306.54372475923,58152.1601117884,8828.06920200683,8034.77454142591,24057.0922568061,11786.7555542732,8960.1168811431,6474.33023076022,4395.6298896673,13430.7950958674,362544.394925193,9593.49878561159,1515.55057553741,123135.947164357,21552.4329945339,19029.9555015982,16836.3547196406,1491.29763816926,0,0
"FR","France","FR","FRA","FR","FRH0","Bretagne",627962.521148465,25233.1692401487,6302.71647487859,44123.8365475492,7636.68447476596,6950.44823445694,20675.2348740642,10196.0837743227,7687.40039891914,5600.5923862168,3802.421318538,11618.2533287185,311047.719928656,8298.81614635641,1311.0207097491,106518.237961012,18643.8423483784,16461.7837048112,14564.2184895768,1290.0408073459,0,0
"HR","Croatia","HR","HRV","HR","HR02","Panonska Hrvatska",66887.4895613514,3082.0766851715,181.547332441431,11357.4468329849,1607.43963241094,2140.97526904602,3580.80862700365,2468.61264578335,4016.19898193766,2790.20889591502,532.223253958674,480.39455397632,26587.4025863445,607.154055339917,71.9310695494659,6234.83845499148,316.263393541845,351.489411094161,357.46804328666,123.009836573877,0,0
"HR","Croatia","HR","HRV","HR","HR03","Jadranska Hrvatska",110571.548736211,1063.3948155131,206.442636385249,12914.8758909092,3380.72668631269,4502.84544492864,6939.08862325618,5191.92415160956,6747.74836876546,5868.29731245263,1119.35858831324,1010.35376747002,44670.3719707533,1276.95116892942,151.283619924287,13112.955736959,665.157230724162,739.243706626846,751.8178157836,258.711200594532,0,0
"HR","Croatia","HR","HRV","HR","HR05","Grad Zagreb",125359.346679824,119.049204260841,204.948170642381,12821.3833840786,4043.5170120209,5385.62677449925,8165.28095244803,6209.79912903069,7685.43920516403,7018.77501975148,1338.80846171948,1208.43328254385,50877.9239075418,1527.29701457106,180.942722545593,15683.7462829926,795.561081287923,884.172185783897,899.211444796519,309.431444144723,0,0
"HR","Croatia","HR","HRV","HR","HR06","Sjeverna Hrvatska",60734.8851572105,1420.66828826322,233.861561469894,14630.1805427521,1296.54917755108,1726.89516188884,2988.49273461486,1991.1650994831,3527.12855549043,2250.56230806526,429.287425966159,387.482771545093,23349.7362307909,489.726068230054,58.0190802716798,5028.9755882518,255.095765040441,283.508815935144,288.331137405741,99.2188441946913,0,0
"HU","Hungary","HU","HUN","HU","HU12","Pest",117374.271059091,3195.79556799639,496.930717091862,22153.2731285116,2610.17613783023,3452.59719492335,3275.40500828762,3100.69177963877,4518.49743648721,951.916806812965,2849.42118635104,812.673656880217,36522.0804457918,1156.35106785059,696.848673072523,22825.1168910212,3111.45147758812,1781.67939573038,1922.82131588949,1940.54317133547,0,0
"HU","Hungary","HU","HUN","HU","HU31","Észak-Magyarország",88849.5902310013,4198.16400625716,569.401243870112,25384.0240526669,1485.25876048576,1964.61846228172,2159.80093791816,1764.37504064494,3266.96504782107,541.665658528268,1621.39547519565,462.432649966952,26406.2029396369,657.994121097836,396.525192845494,12988.0908533942,1770.49759130649,1013.82235954593,1094.13581822399,1104.22001931361,0,0
"HU","Hungary","HU","HUN","HU","HU21","Közép-Dunántúl",114285.720603618,6098.57372814938,766.391646219711,34165.8965287435,1807.85584684481,2391.33211555247,2709.78690138124,2147.59597325235,4166.66702859987,659.315032408968,1973.56135366036,562.872673944891,33678.3080102083,800.9099496085,482.650166677044,15809.0944240456,2155.04833731549,1234.02381398354,1331.78129551758,1344.05577750392,0,0
"HU","Hungary","HU","HUN","HU","HU22","Nyugat-Dunántúl",113022.941927048,6765.24111634194,748.14409463764,33352.4169425148,1777.80007420558,2351.57599534226,2670.11211568106,2111.89198921754,4110.0322511759,648.35385829418,1940.75071146303,553.514863064979,33220.5408152099,787.594746744327,474.626062487961,15546.2667497759,2119.22045703071,1213.50805259183,1309.64030684689,1321.71072442151,0,0
"HU","Hungary","HU","HUN","HU","HU23","Dél-Dunántúl",70908.4107172298,7693.64603440731,283.028495043802,12617.4682671063,1369.6597135486,1811.71041159254,1821.00370853913,1627.0521184953,2611.43919395549,499.507325212682,1495.20078331615,426.441094131039,21107.7230122505,606.78183720982,365.663274640401,11977.2158704421,1632.69814544252,934.915638612832,1008.97822739104,1018.27756589234,0,0
"HU","Hungary","HU","HUN","HU","HU11","Budapest",387048.6162524,830.293860288991,806.212485949287,35941.1177183263,10807.1951469758,14295.1623488731,12241.9374658435,12838.1302194554,15606.5315389916,3941.32432130251,11797.7673500691,3364.80081685666,126144.367316485,4787.76564828436,2885.23808361307,94505.3051855932,12882.6797629808,7376.88029552297,7961.26548412035,8034.64120286801,0,0
"HU","Hungary","HU","HUN","HU","HU32","Észak-Alföld",111965.6031586,12062.1417364681,498.802596236205,22236.7218840863,2054.85692648125,2718.05153587664,2807.29552366593,2441.01456906684,4094.86848924215,749.394960579001,2243.20220247784,639.776016877287,33097.9752630567,910.335500650157,548.592986434496,17969.0362123408,2449.48512380743,1402.62421145604,1513.73795893551,1527.68946086118,0,0
"HU","Hungary","HU","HUN","HU","HU33","Dél-Alföld",106313.247374632,12012.592855932,424.481392698307,18923.4674110078,2033.01844785768,2689.16479948197,2715.0411434205,2415.07210864568,3904.6222475006,741.430588161483,2219.36203982912,632.976645744245,31560.254230112,900.66069452861,542.762684551724,17778.066024513,2423.45264055974,1387.71749047512,1497.65035028895,1511.45357932387,0,0
"IE","Ireland","IE","IRL","IE","IE04","Northern and Western",133229.717003514,5399.34267037349,361.170292475232,12754.9759676092,6520.24415762268,5957.83845024245,3099.91386343822,4374.99430791162,2134.90458217102,2261.75278696239,5938.88250914574,7241.26174196542,38493.5150347645,1255.98099256836,532.934061733525,27252.7858651479,4738.80078813264,3794.60121116953,1006.1407664835,109.676953596047,0,0
"IE","Ireland","IE","IRL","IE","IE05","Southern",572805.378397584,15365.3814343971,3202.5661209807,113100.813546534,20239.1073787525,18493.3768160735,13662.3412226579,13580.1631716102,10884.1346077178,7020.57414000501,18434.5367913678,22477.1757637258,196246.990456374,3898.61691675231,1654.24935638487,84593.773815977,14709.4335241125,11778.5990088454,3123.10252786984,340.441797445542,0,0
"IE","Ireland","IE","IRL","IE","IE06","Eastern and Midland",841627.528837548,5467.41600902394,907.088404066493,32034.4475595498,50435.9029907071,46085.5383397625,19982.8366011122,33841.798430318,12303.3767920639,17495.2872000713,45938.9088603843,56013.1746479332,221836.715082635,9715.36248765966,4122.39327059736,210807.882480013,36655.9427936648,29352.2963171898,7782.77881420004,848.381756597189,0,0
"IS","Iceland","IS","ISL","IS","IS00","Ísland",81850.2705041693,2881.32855606652,334.036251496726,11796.7187471356,2215.96300679155,2024.82442175773,2107.913213914,1486.88075275858,7489.50394400289,768.676814127727,2018.38207646915,2461.00724984827,33115.5817435741,426.856318487862,181.122383964719,9262.10182460381,1610.52362291987,1289.62899336333,341.945894088304,37.2746887986243,0,0
"IT","Italy","IT","ITA","IT","ITC3","Liguria",271482.62443093,4640.33851076025,4956.80501416382,25174.9573614072,11808.0548745933,1690.2832057057,8841.99650096102,8044.50838087039,12063.1325805259,5321.59911417621,3377.5340857532,6346.51194505159,125361.673631576,2758.04584369872,1785.11952170587,40949.7041904661,2049.95145691999,3999.41905682136,1350.92094312396,962.068212649072,0,0
"IT","Italy","IT","ITA","IT","ITC4","Lombardia",2199066.4271497,37383.5210453343,56959.0527662264,289287.498830088,85782.0199975926,12279.4066671743,68623.4893854069,58440.9698402924,95659.5281419755,38659.8408018625,24536.7843869044,46105.528841737,994106.503151937,20036.3858595796,12968.3644033997,297487.467755611,14892.289944381,29054.5944403751,9814.04038082241,6989.14050899964,0,0
"IT","Italy","IT","ITA","IT","ITF3","Campania",611200.788475419,23643.0494404705,9367.56502619861,47576.6243459027,26663.8401950275,3816.8387393125,19787.3193085406,18165.353074079,26912.8465192786,12016.735175215,7626.83016569937,14331.0970431544,279681.87030399,6227.96001610515,4030.98919858541,92468.7749307096,4629.00779471191,9031.11238358853,3050.5227597711,2172.45205507855,0,0
"IT","Italy","IT","ITA","IT","ITF4","Puglia",434414.472213902,27709.1166851836,6611.56144835411,33579.2465265484,18174.3007339247,2601.58981578715,13709.1113769536,12381.659479335,18749.7374670807,8190.70911454896,5198.51244472425,9768.19788913674,194849.758413533,4245.03062813368,2747.55659404063,63027.5051078996,3155.17116609726,6155.68317319194,2079.26231278948,1480.76183663873,0,0
"IT","Italy","IT","ITA","IT","ITF1","Abruzzo",189299.654479962,8922.95358720319,4486.66975376313,22787.2025272223,7208.21417716436,1031.83153332105,5791.71517514731,4910.76133835334,8084.51288862812,3248.5643560588,2061.81198676218,3874.22127215,84015.3301349424,1683.64606727855,1089.72425864817,24997.7021136236,1251.39062370578,2441.44098684958,824.668211477103,587.293487663019,0,0
"IT","Italy","IT","ITA","IT","ITF2","Molise",37711.9774326595,3096.46783197461,654.81196130024,3325.70338320113,1479.21798182685,211.745062062639,1152.63269885373,1007.75119850975,1593.4067378811,666.647062989229,423.110258797075,795.039885121006,16558.8941432238,345.505762806042,223.625391672176,5129.84902529207,256.801402868873,501.014997689439,169.232491914912,120.520154674801,0,0
"IT","Italy","IT","ITA","IT","ITG1","Sicilia",498361.04259927,32332.5848061976,4982.28382453127,25304.3608708829,22339.3344868736,3197.80034144744,16174.3223618616,15219.1843120064,21809.7444301677,10067.7871062762,6389.86390932201,12006.791522497,226649.756602738,5217.87113007801,3377.21856122462,77471.6199039394,3878.24682086487,7566.39099431575,2555.77020383793,1820.11041020814,0,0
"IT","Italy","IT","ITA","IT","ITG2","Sardegna",194537.703801793,12841.0564137516,2197.69694150053,11161.8122232924,8555.41411132048,1224.67865739154,6261.19586840837,5828.57221204309,8474.77867828889,3855.71414087638,2447.16027200154,4598.30500696487,88071.0239795081,1998.3159446201,1293.39141023615,29669.7195944882,1485.27287587316,2897.74112664699,978.796950287642,697.057394292829,0,0
"IT","Italy","IT","ITA","IT","ITF5","Basilicata",74046.6066089639,5620.0819356495,2079.25559159378,10560.2642654426,2471.83125374556,353.834302085972,2136.58846744948,1683.99177070545,3047.4926696182,1113.9933841795,707.033834312464,1328.54282476294,31669.9479917876,577.353678325648,373.686798739227,8572.17888336718,429.125214414334,837.21570796114,282.794130279499,201.393904543741,0,0
"IT","Italy","IT","ITA","IT","ITF6","Calabria",187254.096126694,16002.0552313384,1638.53559371326,8321.90566080556,8246.7581061061,1180.49559189134,5990.76162210401,5618.29322476504,8087.58553518163,3716.61049159811,2358.873404312,4432.41070474412,84047.2614854315,1926.22215598554,1246.72937603563,28599.3170392515,1431.68828177225,2793.19853073538,943.484626107792,671.909464814711,0,0
"IT","Italy","IT","ITA","IT","ITH3","Veneto",937388.180724804,28385.6847533191,29016.1981532777,147369.434385979,32863.05076224,4704.23481103456,27990.3563952007,22388.7075462896,39756.5754158813,14810.566488961,9400.03034285748,17663.0060097494,413155.604377643,7675.92982321552,4968.17418969746,113967.306368599,5705.22914267959,11130.8012098239,3759.75416790945,2677.5363804458,0,0
"IT","Italy","IT","ITA","IT","ITH4","Friuli-Venezia Giulia",225055.559829641,6060.01781873655,6313.02777050209,32063.0334438483,8329.84227510378,1192.38881029254,6862.12400180757,5674.89622169535,9651.83489073501,3754.05447749043,2382.638504979,4477.06621122581,100303.148244552,1945.62839599839,1259.28988440027,28887.4485037052,1446.11220807448,2821.33935598887,952.990014178314,678.678796327476,0,0
"IT","Italy","IT","ITA","IT","ITH5","Emilia-Romagna",926008.769103134,33871.7325338555,28490.6606359078,144700.298813004,32135.8225409687,4600.13454539513,27487.3799705583,21893.2666304949,39089.6581470837,14482.8226650016,9192.01656484308,17272.1403979197,406224.911671404,7506.06875851017,4858.23319532419,111445.317704395,5578.97781953269,10884.4871100251,3676.55436531875,2618.28503359342,0,0
"IT","Italy","IT","ITA","IT","ITI1","Toscana",675389.787345122,23564.1961486878,16050.8427773442,81520.1084932036,26302.5818858572,3765.12583152225,20931.6225867276,17919.2375599962,29130.5035225497,11853.9249648555,7523.49712177784,14136.9304171734,302728.055995395,6143.57973597514,3976.3748470324,91215.9503923769,4566.29111486301,8908.7532498044,3009.1923780174,2143.01832196169,0,0
"IT","Italy","IT","ITA","IT","ITI2","Umbria",131107.689310134,5841.68091745149,3092.01265690027,15703.9235104,5026.387731718,719.510440840556,4025.32787214721,3424.34199897824,5613.09824644877,2265.26898669566,1437.73009800431,2701.54823284624,58332.0614057779,1174.02975676471,759.879841247921,17431.2444298773,872.612040095634,1702.45066564347,575.052582932125,409.527895364028,0,0
"IT","Italy","IT","ITA","IT","ITI3","Marche",243491.30086275,6812.9102559911,7261.91562934372,36882.3094328847,8739.46167842682,1251.02444550269,7338.50432756824,5953.95884106795,10380.4804828473,3938.65984027237,2499.80458454103,4697.2256247553,107875.329873305,2041.30453443371,1321.21537518663,30307.986735861,1517.2246733825,2960.07851879703,999.853230562044,712.052778021048,0,0
"IT","Italy","IT","ITA","IT","ITI4","Lazio",1079591.2418742,18526.8575829706,13285.1554925503,67473.5484064703,50728.8581047328,7261.66483893569,36308.1234051411,34560.198822718,48756.4717655849,22862.245240253,14510.3024333611,27265.3969972003,506683.720841431,11848.9046449455,7669.09333318328,175924.972857182,8806.84394543569,17181.9968648175,5803.72276063015,4133.16353665994,0,0
"IT","Italy","IT","ITA","IT","ITH1","Provincia Autonoma di Bolzano/Bozen",146691.35583368,10863.2336670573,2802.12886330627,14231.6420463038,5691.05337552211,814.655084650517,4477.22627371153,3877.16072304798,6208.36680627005,2564.81739994887,1627.84869852062,3058.78814176168,64518.1712260349,1329.27787644338,860.362742857302,19736.2694139589,988.002112326123,1927.57465689154,651.094805628932,463.681919437861,0,0
"IT","Italy","IT","ITA","IT","ITH2","Provincia Autonoma di Trento",123087.029484084,7448.75252498541,2537.99732674149,12890.1528911281,4788.45104624326,685.450607298913,3778.89192837491,3262.24217129735,5245.20970815145,2158.03679069893,1369.67153340776,2573.66366315471,54508.9149251301,1118.45411002131,723.909020762928,16606.0927016943,831.304757886679,1621.86088821518,547.83102485511,390.141864036306,0,0
"IT","Italy","IT","ITA","IT","ITC1","Piemonte",768087.740461288,19685.680353906,21121.4594006289,107273.099971076,28751.6131563476,4115.69639295017,23528.6336201302,19587.6963188441,33027.7115240978,12957.6429588896,8224.00932984304,15453.2188640889,343228.358408813,6715.60794793724,4346.6147871962,99709.060150493,4991.45811097736,9738.24654382906,3289.37803677389,2342.55458446601,0,0
"IT","Italy","IT","ITA","IT","ITC2","Valle d’Aosta/Vallée d’Aoste",26548.6569823783,556.932243435868,431.499888697271,2191.53088902333,1178.4097694971,168.685381629299,870.754208709731,802.818700242999,1182.56327423691,531.080220416774,337.068145916634,633.363560527698,12289.3543815392,275.245008720998,178.14977203607,4086.66219699659,204.579234216384,399.130469745002,134.818008054891,96.0116287355355,0,0
"LT","Lithuania","LT","LTU","LT","LT01","Sostinės regionas",119707.573469778,1312.24382825384,554.129889574404,13375.0233555108,8346.58531625186,3337.14159452012,5929.0312378315,5921.48737131626,5861.49305896691,1077.82130886027,4917.75961435094,993.733123166543,32856.4361961114,1774.11413017516,1601.27359634829,28303.2037767327,1784.37528754191,912.310173152495,656.1810243358,193.229586776383,0,0
"LT","Lithuania","LT","LTU","LT","LT02","Vidurio ir vakarų Lietuvos regionas",168825.403207503,12162.6470016904,1258.95508005498,30387.376526841,9222.27513879549,3687.26093314573,6961.09683900647,6542.74576968016,7866.22385738444,1190.90194182903,5433.71097419841,1097.99156530899,44093.8988879455,1960.24697719707,1769.27271674304,31272.6609323918,1971.58469350776,1008.02605016834,725.024871608082,213.502450006442,0,0
"LU","Luxembourg","LU","LUX","LU","LU00","Luxembourg",262653.113318395,5269.34657873297,246.079570018772,31584.5893058083,11457.7867993164,8550.35776905151,7974.04574434036,9243.80603341538,3750.92983281976,2820.16187453163,5241.76032138606,10849.0007009624,70761.0446827337,3470.10681051504,1905.28948368043,55917.4069072222,14670.5206251614,9222.96611562834,8389.3694041466,1326.72126611764,1.82349280636629,0
"LV","Latvia","LV","LVA","LV","LV00","Latvija",281618.024493982,30332.8615947312,1758.98428931193,43440.5541714651,16406.3229564671,8403.23021743244,10253.2633921444,11749.8345822138,14785.9780972763,5192.17842895221,4714.48428664544,2793.75575612029,61459.8411097196,2612.21825520055,2206.59003953488,45009.2892403229,10970.8362323313,4685.65791598899,3835.27998162392,1006.86394650005,0,0
"ME","Montenegro","ME","MNE","ME","ME00","Црна Гора",16021.1545765111,1053.86460696325,16.574342972981,1036.87681099924,324.818916796922,432.631654563273,904.723610832314,498.838071070738,540.976872216618,563.823743631917,107.547541667676,97.0744005009306,8814.26648497395,122.688976063489,14.5352718845546,1259.88773234153,63.9080503189423,71.0262503643468,72.2343659249802,24.8568724234853,0,0
"MK","North Macedonia","MK","MKD","MK","MK00","Северна Македонија",43894.6403340539,2262.60610368246,894.041112783053,2497.58665298815,691.013789721092,281.639461660411,1635.57597867934,710.833510842908,1134.27336314461,504.472836967919,609.390825242366,173.666005934411,27882.4261587819,67.5118361719306,49.8262774303979,3831.59700156193,337.780760560338,86.4219143119868,151.817081237898,92.1596623507827,0,0
"MT","Malta","MT","MLT","MT","MT00","Malta",44442.6707129967,278.422978133303,0,6968.0747739942,0,1511.77193069441,2536.94280309921,1875.71245587382,1902.21256948189,2102.46590851102,798.201762003656,876.418132499841,14612.0533298687,784.384359013793,239.337158931544,6103.59103143259,828.550700713532,1873.24506248277,786.851752404841,364.434003857619,0,0
"NL","Netherlands (the)","NL","NLD","NL","NL12","Friesland (NL)",95443.3237978853,4270.00865746244,4470.96323562313,11080.4893735405,2361.55807241502,716.915415955671,2526.26017110052,1892.37288099395,2066.45121371479,321.733323606798,1454.23018806009,739.587526457942,39188.6941490066,505.770993209584,220.900636556356,18488.0251704582,1885.77635006541,2886.95235931117,218.627882202828,148.006198144409,0,0
"NL","Netherlands (the)","NL","NLD","NL","NL23","Flevoland",65795.3716589825,4451.26653865304,2120.85743301284,5256.16897541271,1738.39675448729,527.737787563593,1778.69742406844,1393.01883490651,1440.06897474204,236.835236914799,1070.49200641331,544.427245161483,27309.825768008,372.309562648281,162.609996399978,13609.4569634431,1388.1629780504,2125.15147114451,160.936970088209,108.950737863975,0,0
"NL","Netherlands (the)","NL","NLD","NL","NL13","Drenthe",71284.8194834843,3780.72732208473,3317.47876688826,8221.78270905156,1740.69824104898,528.436466632704,1872.77280467517,1394.86307105136,1533.86895310821,237.148786231827,1071.90924500443,545.148019625264,29088.6718588221,372.802468225222,162.825277934843,13627.4747043485,1390.00078546184,2127.96498741446,161.15003668131,109.094979193483,0,0
"NL","Netherlands (the)","NL","NLD","NL","NL21","Overijssel",205946.203715085,5892.58880703187,10103.4864574981,25039.6991493971,5163.07501593892,1567.39235672358,5503.08562845603,4137.29531228869,4497.76733712687,703.405647446353,3179.38383099717,1616.96039769628,85296.7770824828,1105.76725143014,482.955118034754,40420.3741447807,4122.87331503747,6311.74467936011,477.986194612063,323.585988745996,0,0
"NL","Netherlands (the)","NL","NLD","NL","NL22","Gelderland",368607.722267563,12673.3625111777,16654.041313216,41274.0875002687,9410.4949902476,2856.81263107066,9907.92814505872,7540.85437249595,8075.35104608606,1282.06452568887,5794.91398465226,2947.15797755701,153142.963255365,2015.43017442888,880.259671755708,73672.3226408944,7514.56807364052,11504.1213814397,871.203047780305,589.78502473971,0,0
"NL","Netherlands (the)","NL","NLD","NL","NL34","Zeeland",66220.4916792652,4816.33482494642,3637.33010297971,9014.4775141521,1453.25910524505,441.176470779172,1660.1307037618,1164.53122705168,1377.37170800266,197.988729328254,894.906327566752,455.128467728734,26120.8192267832,311.242103099758,135.938160987783,11377.188319359,1160.47184407613,1776.57701988551,134.539550046629,91.0802734849137,0,0
"NL","Netherlands (the)","NL","NLD","NL","NL31","Utrecht",338012.488874611,2619.10269317069,7435.05827348816,18426.4731891846,10507.9740942781,3189.98237081118,9957.38893816784,8420.29058801144,7909.00630589251,1431.58259338035,6470.7335897209,3290.8640525294,149988.360280236,2250.4754620955,982.918096936716,82264.2016788791,8390.93870506653,12845.7652417727,972.80526331704,658.567457671526,0,0
"NL","Netherlands (the)","NL","NLD","NL","NL32","Noord-Holland",723481.634763301,10404.9715818372,16081.1413415274,39854.2565345793,22239.50631732,6751.40921087975,21171.1396733656,17821.0475250145,16836.0415626163,3029.85997525292,13694.9253257728,6964.91932974233,319282.87447506,4762.99834841621,2080.28807742641,174107.322354644,17758.9259989885,27187.3031549229,2058.88486257711,1393.81911335722,0,0
"NL","Netherlands (the)","NL","NLD","NL","NL33","Zuid-Holland",723246.904216461,25065.2855740793,22547.0976159696,55878.9823068429,20348.8477226267,6177.44818545445,20251.2354013247,16306.0176413086,16286.33806732,2772.28093005317,12530.6715918358,6372.80705871286,308858.160837091,4358.07911884995,1903.43547661301,159305.846966115,16249.1772845415,24876.0149616074,1883.85182428148,1275.32565183356,0,0
"NL","Netherlands (the)","NL","NLD","NL","NL11","Groningen",109066.724917833,3262.46543837713,7438.19270097897,18434.2413117734,2337.565179306,709.631718322248,2742.39432408889,1873.14680275922,2287.71276562923,318.464586185907,1439.45553997262,732.073485336384,43384.7531836266,500.632474906998,218.656336311309,18300.1910380296,1866.61729108517,2857.62157969711,216.406672625296,146.502488820877,0,0
"NL","Netherlands (the)","NL","NLD","NL","NL41","Noord-Brabant",552471.995130198,19312.5191452764,29840.2206744712,73953.6942404531,13177.8773979687,4000.50439857119,14448.4956366122,10559.7478665757,11883.3497658543,1795.32417299213,8114.84051589859,4127.0184555584,225358.796931175,2822.28424437976,1232.66141098787,103166.181629279,10522.9381531735,16109.6628065868,1219.97907275688,825.898611628011,0,0
"NL","Netherlands (the)","NL","NLD","NL","NL42","Limburg (NL)",208548.52701627,8293.20946500146,11717.4232526146,29039.5552352996,4843.59993608913,1470.40697557487,5390.74440572006,3881.2923012584,4448.0622477753,659.881086077209,2982.65341353368,1516.9078998005,84354.1574206588,1037.34580106279,453.071352173962,37919.2866692748,3867.76269249837,5921.19348085821,448.409890332273,303.563490666118,0,0
"NO","Norway","NO","NOR","NO","NO07","Nord-Norge",110408.242583591,10864.2864528039,997.623973440007,14509.1659953424,5257.35681766879,2054.51339595097,3378.96322662697,1450.24861966221,1425.26325526298,396.127852011743,2426.33448642025,508.205375632786,51879.0427120647,629.878971892548,214.123163249591,8435.05474655953,1864.1378400541,2568.82013053657,1010.14493519813,538.950633213055,0,0
"NO","Norway","NO","NOR","NO","NO08","Oslo og Viken",493485.571488609,2300.20747789538,2716.15500717193,39503.0040549721,31541.6822507941,12326.1195620769,17581.5483534366,8700.81349477846,7146.43779751054,2376.58185893959,14556.8722190606,3048.99458649691,260127.629311369,3778.97926218773,1284.63884267005,50606.3837420888,11183.9552577183,15411.7194489295,6060.3972068604,3233.45175365296,0,0
"NO","Norway","NO","NOR","NO","NO02","Innlandet",69686.8950459235,3000.08292364095,656.106254722125,9542.2271454849,3690.76159701487,1442.30635380209,2249.92491649068,1018.10131919988,936.790578921492,278.089069168643,1703.33162738676,356.769560985154,34098.8222889113,442.186673047436,150.318415766834,5921.56423978928,1308.65919704965,1803.35918147308,709.140403352246,378.353299716036,0,0
"NO","Norway","NO","NOR","NO","NO06","Trøndelag",106949.447934549,5039.26919660437,898.154837774204,13062.5145122071,5805.95027651743,2268.8972867966,3494.88977073506,1601.57882874696,1450.4533108393,437.462909915948,2679.51707881261,561.235473169039,52795.9511949974,695.605437839322,236.466437792405,9315.23389731471,2058.65646622172,2836.87078211778,1115.55130633816,595.188929809046,0,0
"NO","Norway","NO","NOR","NO","NO09","Agder og Sør-Østlandet",136346.144865869,1347.01271542119,1609.82804419912,23412.8919704105,7145.49104756298,2792.37411250612,4385.78467662071,1971.09286813291,1829.23817525234,538.393743929934,3297.73153171615,690.722940794737,66583.5768052159,856.094556789491,291.023645367532,11464.4317035287,2533.62682227766,3491.38966255058,1372.9297518748,732.510091717517,0,0
"NO","Norway","NO","NOR","NO","NO0A","Vestlandet",326895.190792578,11800.2921494716,3249.14606441974,47254.6779617007,17261.9482675864,6745.76696730561,10542.0852520176,4761.73056460875,4391.36802940792,1300.64188639357,7966.60029688056,1668.63601001927,159844.133159816,2068.1377743105,703.049668320851,27695.5671298594,6120.6899350105,8434.43611303509,3316.69890762455,1769.58465479084,0,0
"PL","Poland","PL","POL","PL","PL21","Małopolskie",319932.146395043,7691.82940085391,11197.594001842,84878.1601734019,20498.0302907189,14568.0309414918,7940.57948974164,15624.5715710405,48767.2866493909,3922.91715565467,4500.49904468282,2788.21559900162,55700.7426929002,2960.95481689429,1225.94878814318,11098.9706152177,12176.3303653802,6257.03799246875,7539.49582227792,594.950983940227,0,0
"PL","Poland","PL","POL","PL","PL22","Śląskie",507233.326066883,6592.28177302537,24920.4929441572,188898.221472072,25089.386899271,17831.1261847014,10326.235447204,19124.3214943771,69788.8254933981,4801.61190592895,5508.56644128254,3412.74839239595,79711.0046247781,3624.17949133178,1500.54922488545,13585.0305614448,14903.7082694081,7658.5527882436,9228.26852276715,728.214136210785,0,0
"PL","Poland","PL","POL","PL","PL41","Wielkopolskie",433058.707373198,26252.8317628554,18517.0612404591,140359.981764817,21944.5723865132,15596.0941119928,8951.59583458537,16727.1946126552,59705.3392854671,4199.75667259781,4818.09840559136,2984.97944308338,68193.9055752991,3169.90883470165,1312.4637607618,11882.2228588328,13035.6116814877,6698.59597256349,8071.55660730511,636.936561627343,0,0
"PL","Poland","PL","POL","PL","PL42","Zachodniopomorskie",148937.842192371,7768.66635272851,5175.88396473382,39233.3842542737,9056.29868545555,6436.34718038468,3542.52460709857,6903.14069072724,22116.1466071497,1733.19626208146,1988.37951765099,1231.8702287916,25260.4948144822,1308.18868133269,541.640257187246,4903.67081943562,5379.66249038057,2764.44146790521,3331.04816101326,262.857149557828,0,0
"PL","Poland","PL","POL","PL","PL43","Lubuskie",96034.7951002562,4622.03794908968,4591.01197524836,34800.033804497,4468.87821952404,3176.04936925391,1864.76999361804,3406.39108211449,12854.5030230516,855.254811572803,981.17633121453,607.872843634019,14682.0833088331,645.532585450659,267.275233760659,2419.74215756436,2654.62275115353,1364.12818240096,1643.72323528207,129.708242992436,0,0
"PL","Poland","PL","POL","PL","PL51","Dolnośląskie",360340.634492101,7577.51970987718,16848.6763586403,127713.565114365,18426.744904385,13095.960251342,7517.05415710634,14045.7395416296,50141.6704057177,3526.51414224002,4045.73252466837,2506.47193181742,57270.5285315678,2661.75619366829,1102.06908978873,9977.44160425421,10945.9362842277,5624.77668873733,6777.64469338775,534.832364680586,0,0
"PL","Poland","PL","POL","PL","PL71","Łódzkie",267660.459284123,14511.57763573,11479.8959574265,87018.0190215994,13739.7153363059,9764.86985860408,5588.85839456074,10473.0631476838,37118.861104512,2629.50948174815,3016.6593993793,1868.92535932468,42396.2101131527,1984.71149328976,821.746632582705,7439.57807732201,8161.72630679014,4194.05765557373,5053.68198349625,398.792325040864,0,0
"PL","Poland","PL","POL","PL","PL72","Świętokrzyskie",99208.8944023842,7104.69462881648,3970.66005855661,30097.7442465636,5197.07025671503,3693.57832099663,2101.40619174385,3961.453614523,13830.8568538719,994.616349964182,1141.05645243806,706.924136288415,15797.2495861522,750.720434700789,310.827035220042,2814.03282395477,3087.18659697297,1586.40930785038,1911.56364454829,150.843862507077,0,0
"PL","Poland","PL","POL","PL","PL81","Lubelskie",155864.711646554,15313.0235628212,5140.3916987529,38964.3516177671,8884.70578902303,6314.39543238179,3516.90399672513,6772.34444087457,22387.4683690333,1700.35677908448,1950.70498719532,1208.52954757856,25570.3915646195,1283.40196738843,531.377607534967,4810.75923289419,5277.73212118499,2712.06261701132,3267.93361256948,257.876702113767,0,0
"PL","Poland","PL","POL","PL","PL82","Podkarpackie",165533.77944729,4467.88765378598,7669.21596937185,58132.9293905165,8420.59748369503,5984.55183002927,3438.41639625467,6418.57906291066,22968.4157644828,1611.53563835871,1848.80646547717,1145.3998713029,26233.9347636637,1216.36119797149,503.62015931119,4559.46072420547,5002.04045857929,2570.39323425249,3097.22732618599,244.406056935008,0,0
"PL","Poland","PL","POL","PL","PL84","Podlaskie",97025.503670193,11579.5222569549,3313.95067709615,25119.863814588,5143.48118024357,3655.49235307239,2068.13139248964,3920.60547697616,13495.1703025898,984.360461741556,1129.29056156734,699.634757902557,15413.8370261534,742.979455111011,307.621972956687,2785.01620252247,3055.35337739833,1570.0512050128,1891.85274489374,149.288450922503,0,0
"PL","Poland","PL","POL","PL","PL91","Warszawski stołeczny",575153.407544788,7416.21358820515,11950.2164881347,90583.06534599,46920.3059765906,33346.4464417699,17368.1340052677,35764.8841605186,98188.4641166012,8979.6175853772,10301.7113951424,6382.26830473042,112148.342689026,6777.67102600313,2806.21559415654,25405.7141054667,27871.8071108701,14322.4560091861,17258.0216671199,1361.85193463143,0,0
"PL","Poland","PL","POL","PL","PL92","Mazowiecki regionalny",308078.240940432,34899.9200569313,13900.3872114876,105365.42868181,12742.6097675392,9056.22299977372,5469.46366428295,9713.02195825635,39185.9359006104,2438.68321765169,2797.73725924985,1733.29548361191,44757.1698723501,1840.67889625877,762.111616615639,6899.68008463426,7569.42125882847,3889.69048771466,4686.93097554743,369.851547277517,0,0
"PL","Poland","PL","POL","PL","PL62","Warmińsko-mazurskie",112778.364615027,10538.7788223735,4321.00305273548,32753.3565835221,5815.73829928197,4133.26813795959,2357.58684773246,4433.03175996946,15577.5427050872,1113.01716425803,1276.88974446949,791.077582371963,17792.2693186081,840.087466299261,347.828411756755,3149.02005578326,3454.69051642074,1775.25815782111,2139.11941728136,168.800571295054,0,0
"PL","Poland","PL","POL","PL","PL63","Pomorskie",240349.855344329,8830.07300869734,9536.23869287003,72285.0279347565,13741.8244418698,9766.36880824353,5453.88448467103,10474.6708080476,34865.0049331902,2629.91312279475,3017.12246960804,1869.21224742806,39821.9134628557,1985.01615506409,821.872774235024,7440.720084644,8162.97916697998,4194.70146151296,5054.45774547739,398.853541382761,0,0
"PL","Poland","PL","POL","PL","PL52","Opolskie",88256.8059272626,3802.11887821966,4066.98167928649,30827.8655521876,4335.43644954056,3081.2117772299,1784.28903550554,3304.67543158113,12058.1432791872,829.716698821249,951.87817183951,589.72161547456,13772.5016562208,626.256828414316,259.29433150426,2347.48807934885,2575.35508236705,1323.39498937084,1594.64126725691,125.835123906143,0,0
"PL","Poland","PL","POL","PL","PL61","Kujawsko-pomorskie",190397.635882995,11989.4652279417,7992.93761308023,60586.7509455539,9759.56307363879,6936.15995369985,3969.24168553692,7439.2021859387,26355.8142613207,1867.78714199708,2142.78658322213,1327.5307732217,30102.9343540488,1409.77571424307,583.701182662015,5284.46403070865,5797.4187041863,2979.11341117017,3589.71979148036,283.269249344273,0,0
"PT","Portugal","PT","PRT","PT","PT11","Norte",406711.897814823,6064.78745117953,4121.54675309078,70664.5534557465,13835.0611648825,5541.24298107964,15052.3877356852,13684.5443065536,17144.8616026396,10656.8984388543,5418.508554948,5622.47586247767,175017.335185992,2936.67684192066,1961.39054068067,39876.1495189602,4583.41289829989,9324.62017699099,3440.05517537804,1765.38916946243,0,0
"PT","Portugal","PT","PRT","PT","PT15","Algarve",55824.342401837,2224.09546097097,119.584567253046,2050.29581159019,2486.30199636026,995.818039543348,2378.9115978941,2459.25257743185,2474.04579902282,1915.15364823881,973.761407839557,1010.41641918063,25255.432963449,527.750864829247,352.481941266351,7166.1519218873,823.686176979989,1675.72961803749,618.213099906052,317.25849015605,0,0
"PT","Portugal","PT","PRT","PT","PT30","Região Autónoma da Madeira",0,0,0,0,0,0,0,0,0,0,0,0,0,0,0,0,0,0,0,0,0,0
"PT","Portugal","PT","PRT","PT","PT16","Centro (PT)",261402.215369191,8943.44237707424,2579.30721180844,44222.6191443654,8608.1155368887,3447.73754381246,9498.53001053738,8514.46459517594,10915.0047691481,6630.67636154722,3371.37271188988,3498.28029314584,111422.016258481,1827.18769714764,1220.36875630128,24810.7686792705,2851.77978699355,5801.73855861835,2140.38753063782,1098.41754634799,0,0
"PT","Portugal","PT","PRT","PT","PT17","Área Metropolitana de Lisboa",455064.844826415,1694.78210626356,1793.78899557432,30754.7884228256,20269.6875353522,8118.45082904639,19464.3128105882,20049.165945258,20300.2988535963,15613.375241149,7938.63315871806,8237.46476790153,207228.514944016,4302.51238275188,2873.62469313163,58422.3720610616,6715.13816865954,13661.4601931218,5040.00977503999,2586.46394235889,0,0
"PT","Portugal","PT","PRT","PT","PT18","Alentejo",86664.2459058399,8935.24433749679,656.678041136282,11258.84608886,2698.74127964002,1080.90459415632,3039.08839848908,2669.38065347344,3535.87141235727,2078.79180201019,1056.9633583145,1096.75031595547,36094.7091025703,572.843945090104,382.599365087473,7778.45572906289,894.065117809075,1818.91045429459,671.035624301908,344.366285734318,0,0
"PT","Portugal","PT","PRT","PT","PT20","Região Autónoma dos Açores",0,0,0,0,0,0,0,0,0,0,0,0,0,0,0,0,0,0,0,0,0,0
"RO","Romania","RO","ROU","RO","RO11","Nord-Vest",256738.20775289,11844.7016547738,12949.6151776642,59008.6173017225,11556.4295951103,2981.53317289848,9319.43224388544,13164.3716190899,11048.9885929815,2467.43083660524,5041.2413698978,2305.53333928208,33932.9917557805,2430.22773172765,2090.55632310778,59721.7073551968,4445.16422066255,3136.78883477197,8012.1167138189,1280.75991391295,0,0
"RO","Romania","RO","ROU","RO","RO12","Centru",241406.063849568,10852.8688322133,14971.6465941513,68222.5805269269,9585.39061492081,2473.00949297252,7879.59285771746,10919.085616404,10090.4024848869,2046.5913100158,4181.4184317806,1912.30669047577,30989.0395352268,2015.73348412722,1733.9956770004,49535.7055116546,3687.00687801958,2601.78509377443,6645.58787142918,1062.31634587056,0,0
"RO","Romania","RO","ROU","RO","RO21","Nord-Est",213790.568100286,16041.1685721186,8218.66503811043,37450.69280525,10298.0505136602,2656.87416428803,8227.33619768644,11730.9038053884,9367.61675766792,2198.75240749745,4492.30083145465,2054.48392113256,28769.2633162073,2165.60034698073,1862.915742257,53218.6134172505,3961.13049529299,2795.22404435664,7139.67769726725,1141.29802641875,0,0
"RO","Romania","RO","ROU","RO","RO22","Sud-Est",209112.807007951,16463.8204750436,10872.145397906,49542.0333524877,8684.62937439107,2240.61509317996,7090.38317002962,9892.99398379255,8840.60957555413,1854.26840933008,3788.48090788652,1732.60282487587,27150.7504346515,1826.31036443574,1571.04810815988,44880.7211359799,3340.53034694145,2357.28935407949,6021.08666792059,962.488031304865,0,0
"RO","Romania","RO","ROU","RO","RO31","Sud-Muntenia",248314.639754506,18835.4501361025,15317.0302960862,69796.419935289,9249.64347422079,2386.38747624457,7686.39677839547,10536.6231876888,10249.2323353793,1974.90542801849,4034.95603510421,1845.3243911348,31476.8282556127,1945.12845811446,1673.25907127117,47800.6200929959,3557.86221748697,2510.65245859617,6412.8130982624,1025.10662850237,0,0
"RO","Romania","RO","ROU","RO","RO32","Bucureşti-Ilfov",540012.250478139,4098.6912891094,16650.2132639176,75871.4486108616,31010.225007233,8000.56918940018,24218.6422287022,35324.9351477501,24768.0529797769,6621.04024458289,13527.5370225462,6186.60867739511,76066.1603093127,6521.21039283441,5609.74489883072,160255.688632793,11928.0389797185,8417.17822670878,21499.5072686519,3436.75810801372,0,0
"RO","Romania","RO","ROU","RO","RO41","Sud-Vest Oltenia",166267.975444005,12641.448248931,9449.04586983424,43057.2742085177,6567.67711016142,1694.44610999212,5404.76447791754,7481.49257007006,6949.94402266535,1402.27471582879,2865.00646928925,1310.26615223129,21344.2516696997,1381.13168213309,1188.09177157862,33940.6636927417,2526.24766695301,1782.68002759768,4553.39558920128,727.873388661276,0,0
"RO","Romania","RO","ROU","RO","RO42","Vest",203123.882927284,13120.8880266491,11764.51442361,53608.3674950267,8116.80613398572,2094.11795808491,6666.55483193097,9246.16478026289,8508.56217297284,1733.0316067704,3540.78035411582,1619.32082884072,26130.9863467894,1706.90153022829,1468.32897195373,41946.305007376,3122.11794446565,2203.16375793678,5627.4126497038,899.558106580793,0,0
"SE","Sweden","SE","SWE","SE","SE11","Stockholm",716847.9930038,2254.70181071069,4060.2474933725,59051.1118737238,63887.3278165358,24966.4185602654,22929.6367678164,17623.4013009073,10212.7814824917,4813.74021517457,29484.7833431309,6175.70474236411,285935.333440071,7654.28061241721,2602.0217379322,102502.66938945,22652.9774206108,31216.2669327964,12275.2673739639,6549.3206900649,0,0
"SE","Sweden","SE","SWE","SE","SE12","Östra Mellansverige",327971.972795018,12620.6748675427,3805.4231195396,55345.0169541603,23134.9153641342,9040.8536415228,9284.29888363622,6381.79606909674,4363.99323383067,1743.15433543878,10677.0464579772,2236.34970206871,122182.175598761,2771.77243427878,942.245586723662,37118.3247440343,8203.1090246324,11304.0522769767,4445.12677982546,2371.64372083829,0,0
"SE","Sweden","SE","SWE","SE","SE21","Småland med öarna",169843.934884733,10835.186381377,2194.80522026406,31920.6375508881,10914.5393475445,4265.27399182837,4574.69556757288,3010.78967473318,2190.87482939594,822.381507929989,5037.19343023037,1055.06013027992,61339.658147267,1307.66068603282,444.530544827021,17511.6013850548,3870.0446840774,5333.0008526867,2097.11210867205,1118.88884407056,0,0
"SE","Sweden","SE","SWE","SE","SE22","Sydsverige",302543.538235675,15705.9109225152,2566.79178383338,37330.7068180226,23103.3243679852,9028.50825066759,8840.69860732589,6373.08165229991,4065.5994234846,1740.77403790878,10662.4668267908,2233.2959405263,113827.807711419,2767.98754676487,940.958939410151,37067.6392396532,8191.90758380032,11288.616462048,4439.05690748001,2368.40521373885,0,0
"SE","Sweden","SE","SWE","SE","SE23","Västsverige",442729.307756612,10592.2385480227,5224.44263961359,75982.8427437615,31812.7623812535,12432.0544983424,12700.4979428959,8775.59129637169,5955.91113238226,2397.0070257156,14681.9790154846,3075.19870090354,166752.362076548,3811.4571174667,1295.67947335978,51041.3125134143,11280.0740387715,15544.173098218,6112.48235731015,3261.24115677498,0,0
"SE","Sweden","SE","SWE","SE","SE31","Norra Mellansverige",158364.244208947,10822.4363028269,1969.89802025566,28649.6496984037,10271.8475501109,4014.1175736721,4275.4899397294,2833.50231828748,2041.62448547272,773.956390508375,4740.58330344351,992.93396352762,57160.978036575,1230.66038670926,418.354805680203,16480.448148832,3642.16095074168,5018.97239994222,1973.62574725769,1053.00418696995,0,0
"SE","Sweden","SE","SWE","SE","SE32","Mellersta Norrland",74371.7625161247,7509.39208349383,723.858370346833,10527.5950980461,5007.83676162734,1957.00388395195,2017.10401834469,1381.41819224362,949.664114780765,377.327179494831,2311.17792809189,484.085378035839,26588.4985183932,599.984208836375,203.960637564773,8034.71757979146,1775.66376563784,2446.90104359582,962.202322668285,513.371431179261,0,0
"SE","Sweden","SE","SWE","SE","SE33","Övre Norrland",121720.793479224,6310.58608761394,1839.04686475829,26746.5868347005,7363.03866201582,2877.38916924498,3210.43535809667,2031.10365654102,1562.34070344418,554.785378017593,3398.13241712142,711.752304209725,43742.0903161544,882.158731712659,299.883988117618,11813.4713638626,2610.76420407989,3597.68655483655,1414.72920139389,754.811683302343,0,0
"SI","Slovenia","SI","SVN","SI","SI03","Vzhodna Slovenija",112223.245176639,4174.06059577034,553.299390667318,25890.3150475795,4027.15677196835,1599.0316923931,3214.98819666533,3897.91148151456,5450.87746011307,1692.50726178858,1616.22487323328,1044.37045609295,40579.6349228881,1335.00767397374,152.762399878866,11573.4480529185,2495.64619207022,1600.15155474667,1078.29569798066,247.555454396196,0,0
"SI","Slovenia","SI","SVN","SI","SI04","Zahodna Slovenija",124562.481128436,1856.046120489,407.836033908068,19083.7069111901,5725.80395459126,2273.5002648894,4002.97043470122,5542.0432427303,6300.16788022349,2406.40365435459,2297.94549720118,1484.88395812624,46902.2674611862,1898.11141007862,217.197293988568,16455.1067619023,3548.3050809646,2275.09248308595,1533.1188034924,351.973881332057,0,0
"SK","Slovakia","SK","SVK","SK","SK01","Bratislavský kraj",162453.336592508,1783.97988160825,2826.28732850978,29899.6956595541,15345.6438923,5161.83638270916,4000.22537528363,6091.59218957308,8509.80850276761,1238.69306255237,2361.02645687538,969.850825073068,51993.207571915,1801.1915872418,811.246522273704,22550.6906260099,3224.9853107807,2164.47675222773,1411.26987169734,307.628793555749,0,0
"SK","Slovakia","SK","SVK","SK","SK02","Západné Slovensko",207473.898750297,7195.58124098874,6755.55177409476,71467.9431281664,12706.0456990228,4273.95092899885,4009.6430414667,5043.7798038154,9215.08083191527,1025.62595419995,1954.90722111134,803.02716465333,56302.2787563224,1491.36932805233,671.704325835107,18671.7551671051,2670.25685106753,1792.16595414922,1168.5178940219,254.713685309476,0,0
"SK","Slovakia","SK","SVK","SK","SK03","Stredné Slovensko",122892.382389452,4986.56047389236,3141.21713885368,33231.3829188139,9077.12582088813,3053.28591237539,2619.45943484352,3603.24722392648,5821.28956130777,732.701270872764,1396.57445239278,573.677978484678,35566.9009941719,1065.42565301693,479.861699262504,13338.9942837736,1907.61610538617,1280.31302917285,834.782449177858,181.965988839001,0,0
"SK","Slovakia","SK","SVK","SK","SK04","Východné Slovensko",132573.223865091,4146.33405510224,3301.12340967107,34923.0541028671,10160.7732918151,3417.79397607861,2886.12968115532,4033.41089229241,6373.05406645891,820.172778351387,1563.30061694743,642.164931599377,38938.0704438497,1192.61853732131,537.148656286266,14931.4330915575,2135.35155919516,1433.15964642093,934.440634783713,203.689493337125,0,0
"TR","Turkey","TR","TUR","TR","TR10","İstanbul",287176.340177879,2332.60035,5683.63610820625,15877.7638761027,5762.82351391456,2348.77875991151,10026.2897608965,5928.11334838535,26106.9400161708,4207.13445991189,5082.11533417872,1448.31631069243,163866.639880748,563.026096941107,415.534461769024,31954.2353928392,2816.97838517917,720.729813678022,1266.10359819992,768.580710153238,0,0
"TR","Turkey","TR","TUR","TR","TR21","Tekirdağ, Edirne, Kırklareli",121710.532900134,4569.704286,2330.16222772523,6509.52399845161,2362.62727266832,962.94615690243,4110.5519847298,2430.39236557331,11064.5939000122,1724.82995371457,2083.55231812752,593.776923209629,67181.615318944,230.827962828495,170.359729000647,13100.513634349,1154.897411533,295.482919077659,519.07383314931,315.100704137534,0,0
"TR","Turkey","TR","TUR","TR","TR22","Balıkesir, Çanakkale",51155.7074718878,4251.232005,928.18692066268,2592.97612982125,941.11890871757,383.575880470682,1637.37981138544,968.112167883612,4650.51886108071,687.06143476027,829.953377147619,236.522576564354,26760.8391836779,91.9470298983345,67.8603705718836,5218.40293550572,460.036927617095,117.701410444223,206.765665091815,125.515875586731,0,0
"TR","Turkey","TR","TUR","TR","TR31","İzmir",218227.172304463,2596.361259,4300.93574674569,12015.0623532212,4360.85864423928,1777.37390947933,7587.11979776609,4485.93719327282,19838.8338458603,3183.63361860464,3845.75139817527,1095.97364691559,124001.585559748,426.054557431711,314.444307588009,24180.4912637804,2131.67113516187,545.392519925323,958.08917406219,581.602373484902,0,0
"TR","Turkey","TR","TUR","TR","TR32","Aydın, Denizli, Muğla",139311.859495017,4766.582283,2677.33375238934,7479.37980698314,2714.63577349532,1106.41577523352,4722.98427925843,2792.497206622,12664.714499547,1981.81285288464,2393.98136310776,682.243913742856,77191.0230512309,265.21908583134,195.741672864813,15052.3628396123,1326.96590119519,339.507002168448,596.410789316356,362.047646533454,0,0
"TR","Turkey","TR","TUR","TR","TR33","Manisa, Afyonkarahisar, Kütahya, Uşak",114114.861138521,8296.511718,2096.6113291199,5857.07793214684,2125.82242018394,866.430584906117,3698.55358462923,2186.79545451305,10374.0782853201,1551.95118122469,1874.71899725401,534.262983649252,60448.0383856272,207.692201077495,153.284665590533,11787.4562450013,1039.14266920169,265.866826064048,467.047343863678,283.51833114785,0,0
"TR","Turkey","TR","TUR","TR","TR41","Bursa, Eskişehir, Bilecik",181345.532520406,10873.300191,3382.59556589921,9449.5940030633,3429.72366529271,1397.86722219666,5967.11025159782,3528.09531515288,16485.957501855,2503.86092605268,3024.60264300888,861.960237653896,97524.6407241151,335.082954422215,247.30383879235,19017.448143004,1676.5145434246,428.939753626847,753.516997869819,457.41804237719,0,0
"TR","Turkey","TR","TUR","TR","TR42","Kocaeli, Sakarya, Düzce, Bolu, Yalova",205789.157061606,10496.00958,3879.01961871199,10836.4005724703,3933.06415894108,1603.01587157489,6842.83334558567,4045.87266717054,18708.1051874187,2871.32335671432,3468.48825479397,988.460076669047,111837.193452985,384.259166896358,283.597735457712,21808.4169411899,1922.55700638903,491.890232559244,864.101888867989,524.547947209962,0,0
"TR","Turkey","TR","TUR","TR","TR51","Ankara",153478.218517257,4601.048589,2963.87044748344,8279.84660322546,3005.16464843569,1224.82787807743,5228.45294006787,3091.35905749543,13952.5653197507,2193.9127095625,2650.1927925904,755.259807303936,85452.2495853877,293.603668165228,216.690563523223,16663.3141442715,1468.98197352525,375.842111407569,660.240551420787,400.795126563433,0,0
"TR","Turkey","TR","TUR","TR","TR52","Konya, Karaman",129083.019040382,7586.717505,2411.11554558353,6735.67458963482,2444.70847470192,996.400345367345,4253.3587032636,2514.82782819889,11734.819912762,1784.75312379826,2155.93803920601,614.405620829723,69515.6050276594,238.847271193853,176.278280562401,13555.6450546981,1195.02027342525,305.748437239947,537.107233788493,326.047773468549,0,0
"TR","Turkey","TR","TUR","TR","TR61","Antalya, Isparta, Burdur",610433.641149849,7597.071177,12023.4005442434,33588.4830053892,12190.9168803993,4968.70441431902,21210.0309507587,12540.5778804878,55493.967377259,8899.94746179729,10750.9184457898,3063.82864537605,346650.314977207,1191.0488552585,879.038907253747,67597.3204298606,5959.15340191867,1524.6618659342,2678.36828429006,1625.88764530666,0,0
"TR","Turkey","TR","TUR","TR","TR62","Adana, Mersin",210602.809469169,7369.335738,4043.83088164153,11296.8160999773,4100.17165901432,1671.12459394792,7133.57072682039,4217.77315994245,19145.7099517426,2993.31975663362,3615.85691644531,1030.45763522879,116588.917060303,400.585518607224,295.647197831986,22735.0100218832,2004.24234944544,512.789598486584,900.815733499542,546.834869717325,0,0
"TR","Turkey","TR","TUR","TR","TR63","Hatay, Kahramanmaraş, Osmaniye",71094.8250276317,7096.69182,1263.86280516011,3530.71780284229,1281.47160607672,522.294892862012,2229.53307729511,1318.22689263651,6463.16591160288,935.53504463679,1130.10340917646,322.060223480524,36438.8126208183,125.199384462865,92.4018604452565,7105.6219665488,626.407837550945,160.267755840743,281.541818437999,170.908297757435,0,0
"TR","Turkey","TR","TUR","TR","TR71","Kırıkkale, Aksaray, Niğde, Nevşehir, Kırşehir",40704.6842195071,9119.436573,612.542089939607,1711.1930607579,621.07634830274,253.134757928057,1080.56257782095,638.890117292335,3700.42583813701,453.415188036147,547.71443647092,156.089285618454,17660.3871453011,60.6789695091314,44.7833645237112,3443.80142523396,303.594001185435,77.6751603985866,136.451688559315,82.8321914917795,0,0
"TR","Turkey","TR","TUR","TR","TR72","Kayseri, Sivas, Yozgat",140358.037516077,11359.989588,2553.38931623277,7133.12954507609,2588.96447830619,1055.19538506227,4504.33853778276,2663.22139577672,12759.8215923706,1890.06684759134,2283.15443689622,650.660127397712,73617.5433459474,252.941038680143,186.680011705115,14355.5290499083,1265.53536782375,323.789871677181,568.80055994785,345.287019894599,0,0
"TR","Turkey","TR","TUR","TR","TR81","Zonguldak, Karabük, Bartın",29459.5201276864,2218.687017,539.565380139938,1507.32586296509,547.082888623919,222.976925392261,951.827095056339,562.774370392208,2678.13819342604,399.396453422598,482.461128755578,137.493204326247,15556.3734475982,53.4498311012753,39.4479881465191,3033.51566472114,267.424582487016,68.4211389490414,120.195180735257,72.9637744477161,0,0
"TR","Turkey","TR","TUR","TR","TR82","Kastamonu, Çankırı, Sinop",12463.5139952216,4390.24428,152.454934916426,425.89698078218,154.579017203473,63.0024347368719,268.940045395184,159.012666803279,1133.04672683833,112.850013276614,136.320050713892,38.8488926246016,4395.47455930941,15.1023227615632,11.146082915664,857.1239932278,75.5611809407352,19.3324862367532,33.9613124391138,20.6160140997155,0,0
"TR","Turkey","TR","TUR","TR","TR83","Samsun, Tokat, Çorum, Amasya",52036.6952713604,10051.07808,818.375707856771,2286.2083363372,829.777748375569,338.196084979157,1443.66596031784,853.577510132177,4730.60866103276,605.777107494239,731.763901635648,208.54024842514,23594.8387358741,81.069032544279,59.8319988850289,4601.0281993387,405.611238316204,103.776483964308,182.303794379241,110.666441471958,0,0
"TR","Turkey","TR","TUR","TR","TR90","Trabzon, Ordu, Giresun, Rize, Artvin, Gümüşhane",24397.4231406287,6274.548597,349.381368936815,976.029213178998,354.24913381166,144.382842751449,616.330598111552,364.409740074851,2217.94755823898,258.618667508107,312.405013049035,89.0301077777721,10073.1204240802,34.6100321609994,25.543507066483,1964.27327371646,173.163753931799,44.3043087457395,77.8292276164952,47.2457728713592,0,0
"TR","Turkey","TR","TUR","TR","TRA1","Erzurum, Erzincan, Bayburt",12138.4020531509,5609.66340599997,119.175675441571,332.928287175921,120.836093593277,49.2496862652968,210.23334915874,124.301925552195,1103.49109574099,88.2160788248893,106.562861536514,30.3686005391167,3435.99011589294,11.80564943229,8.71301385376731,670.023117887894,59.0669943266276,15.1124140815313,26.5479261201505,16.1157617271846,0,0
"TR","Turkey","TR","TUR","TR","TRA2","Ağrı, Kars, Iğdır, Ardahan",8843.59528165982,6551.068242,32.6990793440459,91.3479066756378,33.1546601048491,13.5129873851469,57.6832221796511,34.1056051177293,803.963207423621,24.2044741951548,29.2384117111165,8.33244934351611,942.757093749595,3.23920016449752,2.39065170198924,183.839017593005,16.2066321583186,4.14650074607166,7.28414367618392,4.42179638969453,0,0
"TR","Turkey","TR","TUR","TR","TRB1","Malatya, Elazığ, Bingöl, Tunceli",21960.8965486276,6822.79422,288.680996939169,806.457102047768,292.703052325842,119.298241669942,509.251343448524,301.098388214789,1996.44514078432,213.687109276916,258.128791727584,73.5623091440143,8323.04955230071,28.5969988003021,21.1056620097238,1623.00688397607,143.078851831396,36.6070235981411,64.3074331287498,39.0374474035909,0,0
"TR","Turkey","TR","TUR","TR","TRB2","Van, Muş, Bitlis, Hakkari",13352.9665604938,10008.731349,46.796651067881,130.730778977102,47.4486466079459,19.3388489288626,82.5522208870296,48.8095730574118,1213.90605095398,34.6397622169885,41.8439839307986,11.924822725638,1349.20846834187,4.63571827946937,3.42133466039608,263.097632457606,23.1938062267319,5.93418385040729,10.424560470225,6.32816785343007,0,0
"TR","Turkey","TR","TUR","TR","TRC1","Gaziantep, Adıyaman, Kilis",80937.2261252075,6651.26502,1470.19896868021,4107.13698610824,1490.68255348197,607.563898310461,2593.52298168348,1533.43844769227,7357.92964774614,1088.26895781221,1314.60223363622,374.639246032722,42387.7532563922,145.639230116739,107.48723625389,8265.67412570391,728.674151166219,186.432806146156,327.505872803544,198.810505440928,0,0
"TR","Turkey","TR","TUR","TR","TRC2","Şanlıurfa, Diyarbakır",47167.4405522786,18177.79743,542.618753680831,1515.85574474937,550.178803369907,224.238740677826,957.213437054034,565.959082449905,4287.94914111624,401.656618007084,485.191352189612,138.271271503265,15644.4061880695,53.75230102625,39.6712223414498,3050.68217837726,268.937924844413,68.8083307574755,120.875359260619,73.3766728035827,0,0
"TR","Turkey","TR","TUR","TR","TRC3","Mardin, Batman, Şırnak, Siirt",30632.3327120716,7421.482914,448.697192319699,1253.47716424633,454.948677448576,185.425388763153,791.529925464878,467.997557291349,2784.75751927924,332.134109913958,401.209866021937,114.337978334016,12936.5251099018,44.4483468136601,32.8045537677255,2522.64139197586,222.387617396934,56.8983372020434,99.9531143237568,60.6759476066591,0,0
"UK","United Kingdom","GB","GBR","UK","UKC1","Tees Valley and Durham",121124.806035027,1200.88687613387,16954.0976675621,10254.7438208531,3630.71494343949,4142.30126032399,4714.56534393692,3567.37383470255,4569.28319033883,1537.64103586701,1122.71791406417,1842.49440889845,47237.7115783704,970.291227548453,577.582829975443,10219.3236563781,4145.83100513603,2436.88400545593,1693.79176507432,306.569670967567,0,0
"UK","United Kingdom","GB","GBR","UK","UKC2","Northumberland and Tyne and Wear",166180.084274206,1628.38691969549,19989.5123858454,12090.724769907,5312.43347327436,6060.98253774919,6752.30647556698,5219.75326248104,6417.39596528698,2249.86423778061,1642.75199805938,2695.92328911407,66343.688290842,1419.72247239265,845.114641978285,14952.8337840088,6066.14723252243,3565.62945941635,2478.34275334572,448.5703249388,0,0
"UK","United Kingdom","GB","GBR","UK","UKD1","Cumbria",66279.4076869667,2356.79346438936,10630.1159317489,6429.66189080175,1755.78774634127,2003.18722561043,2372.72707218191,1725.15643975497,2380.22074305669,743.592193577505,542.938343224566,891.017101656999,24606.9626831398,469.225889184819,279.314920385156,4941.99173751886,2004.89418492429,1178.45965400447,819.105567994258,148.254897470637,0,0
"UK","United Kingdom","GB","GBR","UK","UKD3","Greater Manchester",356638.333088686,280.660833079794,31384.4463179412,18982.9894377435,12741.6125355911,14536.9709511646,15657.6579228224,12519.3235711107,14404.1079633285,5396.18962189365,3940.06053094903,6466.04049695434,148911.124386878,3405.13509341868,2026.96624257302,35863.6424048255,14549.3582196351,8551.98832059349,5944.18419588373,1075.87404229866,0,0
"UK","United Kingdom","GB","GBR","UK","UKD4","Lancashire",180968.72296731,1981.43472219635,27095.6580625172,16388.9012282953,5236.05950017086,5973.84708096698,6881.24973629363,5144.71170247259,6740.5254635947,2217.51916058628,1619.13504406896,2657.16546300524,69684.2337128895,1399.31189285949,832.964887395846,14737.8650072729,5978.93752572623,3514.36833966765,2442.71296452342,442.121472806485,0,0
"UK","United Kingdom","GB","GBR","UK","UKD6","Cheshire",170143.331469897,1694.73215372303,27014.7282405483,16339.9505493485,4776.72059344376,5449.78497146713,6345.279715228,4693.38637877015,6273.61963884299,2022.98492604657,1477.09469464934,2424.0627874665,64857.3140922108,1276.55576393938,759.892153843832,13444.9700736474,5454.42885152818,3206.06662710564,2228.42336324297,403.335894844111,0,0
"UK","United Kingdom","GB","GBR","UK","UKD7","Merseyside",166444.207660517,261.505347608273,16656.061493184,10074.4756238943,5736.56502486238,6544.87639558587,7126.74919892248,5636.48545522476,6627.15075089217,2429.48783491982,1773.90525528442,2911.15913786898,68512.1544707343,1533.06960380984,912.586505141416,16146.6310570202,6550.45342681822,3850.30049814431,2676.20751017166,484.38307042912,0,0
"UK","United Kingdom","GB","GBR","UK","UKE1","East Yorkshire and Northern Lincolnshire",119113.365347291,4756.35782026641,21255.4003532202,12856.4014261272,2909.32321463627,3319.26174497773,4050.36753131179,2858.56743761715,4162.30723779009,1232.12503077627,899.643552787592,1476.40666925168,43030.3530354642,777.502733549889,462.82210578366,8188.83223126767,3322.09015995475,1952.69618212783,1357.24995755855,245.65692282204,0,0
"UK","United Kingdom","GB","GBR","UK","UKE2","North Yorkshire",109775.03113584,4596.27843023837,11494.4733829594,6952.47144431566,3486.32646273489,3977.56770373353,4421.92963892354,3425.5043417453,4194.32902261529,1476.49119169125,1078.06898502487,1769.22097031901,43361.3974844041,931.704095710995,554.613164606391,9812.91537603673,3980.95707550646,2339.9725197892,1626.43202370135,294.377821783399,0,0
"UK","United Kingdom","GB","GBR","UK","UKE3","South Yorkshire",139675.048467863,527.936602341837,14138.9375434419,8551.98461457772,4780.5054517124,5454.10313563605,5950.22935689794,4697.10520676021,5543.30240903511,2024.58784819262,1478.26507796133,2425.98350564655,57307.2207350466,1277.56724923437,760.494258163206,13455.6232624114,5458.75069529852,3208.60696990903,2230.1890655543,403.65548004211,0,0
"UK","United Kingdom","GB","GBR","UK","UKE4","West Yorkshire",286586.087254346,767.243288321713,32844.3367245272,19866.0091312484,9439.28944230334,10769.3336333298,11893.7174855331,9274.61249347134,11211.516825731,3997.62554263266,2918.89049898015,4790.19650188848,115905.794433953,2522.60501935225,1501.62477472772,26568.6387942503,10778.5104162657,6335.51623389831,4403.59294921133,797.033064720077,0,0
"UK","United Kingdom","GB","GBR","UK","UKF1","Derbyshire and Nottinghamshire",264010.797369503,2871.79997379105,36735.8028957822,22219.7757224416,7921.6850701238,9037.89103828071,10281.5771139875,7783.48410331059,9960.47909382265,3354.90618977049,2449.60507127484,4020.05133372727,102972.43988099,2117.03249929645,1260.20063603282,22297.0585398817,9045.59242140066,5316.92185819365,3695.60407421489,668.889853180238,0,0
"UK","United Kingdom","GB","GBR","UK","UKF2","Leicestershire, Rutland and Northamptonshire",242982.701546225,3087.58571658513,32813.192946466,19847.1717108268,7366.58026008325,8404.56911957766,9525.34832376275,7238.06359916597,9196.79177390056,3119.81421796261,2277.95124437723,3738.34992648777,95077.3631584933,1968.68339011465,1171.89323319043,20734.6126289828,8411.73083534452,4944.34343933878,3436.63801087831,622.018010687028,0,0
"UK","United Kingdom","GB","GBR","UK","UKF3","Lincolnshire",88532.7762584041,9210.98345071388,10851.3647297288,6563.48498115092,2346.40609763751,2677.02672528408,3137.91324532881,2305.47091928097,3120.31132305218,993.724475410925,725.573943569209,1190.74071725576,32258.0939226337,627.06582264679,373.271902437278,6604.39712690338,2679.30787786121,1574.87425444102,1094.63931694224,198.12542612546,0,0
"UK","United Kingdom","GB","GBR","UK","UKG1","Herefordshire, Worcestershire and Warwickshire",206615.354774885,6017.40789190988,31579.2264195329,19100.8028467724,5704.51132707896,6508.30616773964,7601.85708949729,5604.9909632144,7536.48982097848,2415.91280029693,1763.99336154612,2894.89271104383,77912.9937118881,1524.50340617267,907.487326118736,16056.4099525999,6513.85203668711,3828.78651407755,2661.25390180761,481.676525923194,0,0
"UK","United Kingdom","GB","GBR","UK","UKG2","Shropshire and Staffordshire",186830.832148534,5267.11792079076,23183.742657577,14022.7658483356,5710.0530566989,6514.62875542462,7347.93659419315,5610.43601234471,7063.56801453234,2418.25977355317,1765.70701828209,2897.70499622717,73023.8802642341,1525.98440694509,908.368917740965,16072.0081831095,6520.18001198627,3832.50604383512,2663.83921520751,482.144457515908,0,0
"UK","United Kingdom","GB","GBR","UK","UKG3","West Midlands",345350.463465825,220.321812203509,41441.2035799963,25065.8533809067,11226.0883301007,12807.9016289371,14208.710952798,11030.2390572482,13450.6507108164,4754.35123867865,3471.41834856662,5696.95095986141,139054.186915438,3000.11848797525,1785.87302177774,31597.9171671649,12818.8155199089,7534.79012305553,5237.16575488252,947.906475508515,0,0
"UK","United Kingdom","GB","GBR","UK","UKH1","East Anglia",332694.953573279,13002.8005807082,34534.3523462547,20888.2208463085,10647.9690057362,12148.3223330576,13476.763248632,10462.205547815,12757.5489738281,4509.51240924181,3292.64779454571,5403.57027880782,131888.831085547,2845.61885976271,1693.90441486926,29970.6926178065,12158.6741821954,7146.76469094761,4967.4630197206,899.091337495362,0,0
"UK","United Kingdom","GB","GBR","UK","UKH2","Bedfordshire and Hertfordshire",281426.923786372,1356.256194519,26158.2721777218,15821.9201775578,9850.97383490192,11239.0264637731,12175.0266923022,9679.11467918145,11264.1454477939,4171.97765392398,3046.19474889001,4999.11573774429,116449.874449617,2632.62570697985,1567.11651402371,27727.401219223,11248.6034821645,6611.8329173196,4595.6508895498,831.794799184935,0,0
"UK","United Kingdom","GB","GBR","UK","UKH3","Essex",215935.924241663,2112.44267179126,18034.2374740303,10908.0700681844,7704.5665166084,8790.17936940082,9461.22854764875,7570.15337949852,8697.70098274158,3262.95449355248,2382.46598343543,3909.86925467337,89917.7121011815,2059.00860287499,1225.66089646825,21685.9379190828,8797.66967203117,5171.19498660176,3594.31448697982,650.556834876931,0,0
"UK","United Kingdom","GB","GBR","UK","UKI3","Inner London — West",841617.151766145,179.855153021351,9573.29194021594,5790.4382936865,36603.6242185597,41761.2622017989,42555.4164278539,35965.0408602096,36922.1884429309,15501.9701454706,11318.8573793456,18575.3974131129,381705.316973377,9782.1437455244,5822.99221857535,103027.720080811,41796.8478797437,24567.8296945634,17076.2283018941,3090.73039545037,0,0
"UK","United Kingdom","GB","GBR","UK","UKI4","Inner London — East",475973.869761545,100.859122175436,9310.41940665508,5631.4389448528,20307.8921558065,23169.3780927429,23729.9997498519,19953.602594302,20705.2144605939,8600.5783481168,6279.76436470336,10305.7327100815,214052.600400394,5427.18718372099,3230.62812831985,57160.3460894142,23189.121222704,13630.3671177576,9473.98543685634,1714.7542324963,0,0
"UK","United Kingdom","GB","GBR","UK","UKI5","Outer London — East and North East",190682.105896251,77.2512218493803,11789.3970461369,7130.85702825497,7320.21645184816,8351.67241348053,8807.28688934977,7192.5086495344,7929.39241009919,3100.17872048294,2263.61426698278,3714.82148683356,81974.8604008517,1956.29288380748,1164.51756751961,20604.1130525419,8358.78905481601,4913.22471355606,3415.00848671862,618.103151587136,0,0
"UK","United Kingdom","GB","GBR","UK","UKI6","Outer London — South",153835.532606945,64.8672748527533,3730.40957502543,2256.35095944591,6488.9603637529,7403.2880883517,7605.4580528391,6375.7545763548,6658.25166991021,2748.13415287536,2006.56679401446,3292.9804118558,68833.6789158603,1734.14366452424,1032.27935788987,18264.3879190857,7409.59659081919,4355.297501678,3027.21304184962,547.913695960049,0,0
"UK","United Kingdom","GB","GBR","UK","UKI7","Outer London — West and North West",335060.247753684,69.5861432189187,12976.6584123726,7848.97611650569,13647.5734355482,15570.5863784725,16149.0147413475,13409.4791630858,14285.2325873625,5779.87236162019,4220.20880688609,6925.79234166131,147682.178731787,3647.24881686553,2171.08867261668,38413.6381497171,15583.8544130831,9160.0563350387,6366.83073678041,1152.37140971418,0,0
"UK","United Kingdom","GB","GBR","UK","UKJ1","Berkshire, Buckinghamshire and Oxfordshire",461182.032514419,2811.21219435426,37714.0559020387,22811.4753910317,16630.3333985167,18973.6324854587,20366.1657723307,16340.2021784851,18671.2283926042,7043.09852799522,5142.56104217497,8439.46627103056,193025.046792583,4444.3771706573,2645.59327223054,46809.17179136,18989.8003295198,11162.0422136069,7758.34021664153,1404.22917179897,0,0
"UK","United Kingdom","GB","GBR","UK","UKJ2","Surrey, East and West Sussex",417473.898857889,2240.48012097789,33819.4031361361,20455.7813771932,15103.4384515935,17231.590226137,18479.8144481293,14839.945296067,16926.7085959603,6396.4445316275,4670.40271068648,7664.6063752503,174990.024763119,4036.32178887507,2402.69116665139,42511.4414834237,17246.2736381781,10137.2121368497,7046.01712669327,1275.30148434003,0,0
"UK","United Kingdom","GB","GBR","UK","UKJ3","Hampshire and Isle of Wight",285113.254228938,2180.86997850801,24036.1261774554,14538.3329286288,10183.9430189332,11618.9127099115,12505.0332187568,10006.2749143912,11495.0635338053,4312.99315335632,3149.15806976948,5168.08903073763,118837.128968728,2721.61013107882,1620.08604939164,28664.605024045,11628.8134376186,6835.31707719332,4750.98681393978,859.909992688422,0,0
"UK","United Kingdom","GB","GBR","UK","UKJ4","Kent",222048.614638278,3931.92840972804,18164.6286803348,10986.9376342068,7863.28924622916,8971.26694393986,9668.74181061185,7726.10704742412,8900.04288399396,3330.17502344583,2431.54746041461,3990.41695573146,92009.5431331884,2101.42649427179,1250.91088849019,22132.6926136504,8978.91155522297,5277.72741537699,3668.36140516257,663.959036854488,0,0
"UK","United Kingdom","GB","GBR","UK","UKK1","Gloucestershire, Wiltshire and Bristol/Bath area",372662.029234973,3659.8681619531,39475.6136473045,23876.9596036125,12452.8351876083,14207.5033969399,15604.7595985432,12235.5842053667,14632.6281650834,5273.88976982469,3850.76255333112,6319.49342361929,151273.589336119,3327.96072643382,1981.02685033787,35050.8247560593,14219.6099189564,8358.16508979734,5809.46453279448,1051.49031128889,0,0
"UK","United Kingdom","GB","GBR","UK","UKK2","Dorset and Somerset",155285.223305236,3907.99734950909,16732.8904652826,10120.9458898052,5028.00241109567,5736.47368324188,6351.61024373386,4940.28435765106,6001.80911783612,2129.40507756164,1554.79801274271,2551.58184398679,62047.3094458722,1343.70962953013,799.866667299652,14152.2495664063,5741.36185697678,3374.72339356544,2345.65070829268,424.553584846703,0,0
"UK","United Kingdom","GB","GBR","UK","UKK3","Cornwall and Isles of Scilly",61195.3697562722,6651.45271369801,4395.92649992214,2658.89114218387,1919.39751606926,2189.85044921882,2422.53724397278,1885.91188894934,2287.21360706089,812.882429721513,593.531028756499,974.044849817091,23645.4455081508,512.94981870871,305.342354453444,5402.50191698557,2191.71646831701,1288.27219428855,895.432375515105,162.069750482774,0,0
"UK","United Kingdom","GB","GBR","UK","UKK4","Devon",133962.887726887,3922.18078646654,13489.0672231716,8158.90833403358,4402.50382851861,5022.83914918913,5532.16343856733,4325.69816405276,5201.33979983957,1864.50069827815,1361.37647598727,2234.15740854477,53771.9767086049,1176.54812085395,700.360854505592,12391.6672674541,5027.11921944822,2954.89768015557,2053.8447238683,371.73784534674,0,0
"UK","United Kingdom","GB","GBR","UK","UKL1","West Wales and The Valleys",198390.618974516,4153.8297232842,26907.6407489698,16275.1783146895,5912.23431266864,6745.29838508823,7680.70935264845,5809.09003328817,7447.09845347312,2503.88538743507,1828.22707879397,3000.30678114047,76988.8567171091,1580.01638194126,940.532396232166,16641.0849969588,6751.04620024797,3968.20721469292,2758.16029294255,499.216202911522,0,0
"UK","United Kingdom","GB","GBR","UK","UKL2","East Wales",157294.429181507,2295.82379442696,23929.4120441309,14473.7865209836,4480.98069849082,5112.37381177109,5917.91689456944,4402.80593399049,5821.77961964362,1897.73637155889,1385.64370410351,2273.98240070312,60186.1462924925,1197.52068953139,712.845142959046,12612.5550392233,5116.73017645951,3007.57023424277,2090.45555071053,378.364261515658,0,0
"UK","United Kingdom","GB","GBR","UK","UKM5","North Eastern Scotland",89771.7324807263,3570.33227862399,13040.3931911672,7887.52631491986,2494.1107079884,2845.54367115935,3311.15179443723,2450.59868900103,3272.08944701819,1056.2787308676,771.248312010184,1265.69700630065,33827.191513033,666.539174293658,396.769105653696,7020.13927197109,2847.9684206837,1674.01147895559,1163.54609055935,210.597282082504,0,0
"UK","United Kingdom","GB","GBR","UK","UKM6","Highlands and Islands",67781.7616878049,3009.7978869143,9549.66975500988,5776.15033436677,1895.64042394907,2162.74586123432,2509.08573841198,1862.56926080627,2473.07570022114,802.821083593837,586.184675951357,961.988736879273,25566.9066179853,506.600849308639,301.563019332806,5335.63315496687,2164.58878392479,1272.32677342635,884.349278212741,160.063753309244,0,0
"UK","United Kingdom","GB","GBR","UK","UKM7","Eastern Scotland",283019.800601299,6800.29395508244,28168.3171414898,17037.702732077,9416.86036143581,10743.74418018,11794.8856592871,9252.5747082225,11055.177535888,3988.12662143506,2911.95480414366,4778.81432048924,114289.543049581,2516.61095461657,1498.05670281818,26505.5079673275,10752.8991577875,6320.46215521831,4393.12939229115,795.139201927548,0,0
"UK","United Kingdom","GB","GBR","UK","UKM8","West Central Scotland",199532.805419271,291.248150521969,19024.2959528579,11506.9103171389,6973.37475050987,7955.95894134948,8626.29087237591,6851.71791563949,7987.98319047823,2953.28808289892,2156.36117840291,3538.80824827201,82580.5778119652,1863.60109571637,1109.34115886918,19627.862463134,7962.73838664646,4680.42951823409,3253.20079135749,588.816592902808,0,0
"UK","United Kingdom","GB","GBR","UK","UKM9","Southern Scotland",100934.765956222,5034.9936494377,13097.3844100103,7921.99764808857,2905.45648261003,3314.85017061974,3804.20230495497,2854.76816423131,3714.25126034264,1230.48743434392,898.447851835474,1474.44440224641,38398.3050419455,776.469367884231,462.206976790814,8177.94859355878,3317.67482639851,1950.10088682789,1355.44605971314,245.330424382072,0,0
"UK","United Kingdom","GB","GBR","UK","UKN0","Northern Ireland",217229.967545241,6971.08975375162,24355.3225241787,14731.3999280281,6854.54842480222,7820.38937821761,8723.67393149343,6734.96462274624,8300.99553302157,2902.96404551351,2119.61677775106,3478.50694559279,85816.5310548711,1831.84532771142,1090.43798234692,19293.4036305839,7827.0533017473,4600.6749858472,3197.76624056155,578.783156474452,0,0
