"fid4","adm1_id","adm1_name","CNTR_CODE","NAME_LATN","CNTR_NAME","CNTR_CODE_Eurostat","CNTR_CODE_iso2","CNTR_CODE_iso3","ALL","A","B","C","D","E","F","G","H","I","J","K","L","M","N","O","P","Q","R","S","T","U"
"AL011",NA,NA,"AL","Dib├â┬½r","Albania","AL","AL","ALB",2917.67647437334,762.04691334,7.06714733905875,19.7427306377319,59.8379442978723,24.388408262765,74.1513659849636,61.5542217240657,265.243315852122,43.6845370777043,52.7698503255704,15.0385085567274,1132.33513600603,5.84614887921933,4.31467802495502,331.794953099124,29.249931963674,7.48365629114784,13.1465134064048,7.98051330420293,0,0
"AL012",NA,NA,"AL","Durr├â┬½s","Albania","AL","AL","ALB",6525.24261253481,360.7970922,268.459013817211,749.96511927403,111.988254262351,45.6435343431689,192.030508374838,115.200311679172,593.203873866801,81.7567365155125,98.7601343092317,28.1449561768654,3131.02639470381,10.941218232406,8.07503107582563,620.962802225658,54.7420011890494,14.0058555383045,24.6040385126034,14.9357362379665,0,0
"AL013",NA,NA,"AL","Kuk├â┬½s","Albania","AL","AL","ALB",2148.72521434228,824.39299602,3.64336069060239,10.1780655305036,35.8675365947009,14.6186861215808,44.3533379254114,36.8962925807724,195.338655849298,26.1850026875479,31.6308415982229,9.01425111302362,676.95174518661,3.50424736885429,2.58626651985317,198.881625394391,17.532738088011,4.48578772273186,7.8801679474426,4.78360940272432,0,0
"AL014",NA,NA,"AL","Lezh├â┬½","Albania","AL","AL","ALB",4697.19512913011,2085.87770712,27.8802095918754,77.8859477081758,60.8237831267805,24.790210833405,84.5857438663997,62.5683364730071,427.017739011828,44.4042461749904,53.6392412790371,15.2862701708344,1326.03226559027,5.9424650316597,4.38576297249371,337.261323173146,29.7318288438403,7.60695061618832,13.3631041254355,8.11199342074465,0,0
"AL015",NA,NA,"AL","Shkod├â┬½r","Albania","AL","AL","ALB",4206.89916098752,367.38053508,65.0477032960717,181.716783755139,96.9077441270523,39.497105980597,129.700417429728,99.6872609640719,382.445378271592,70.7472489422639,85.4609431018681,24.3549131971039,2016.44918338173,9.46785699882716,6.98763500215737,537.342998574911,47.3703593218224,12.1198055432387,21.2908209381123,12.9244670812285,0,0
"AL021",NA,NA,"AL","Elbasan","Albania","AL","AL","ALB",6288.86519597573,524.6357373,200.724439133009,560.742311443106,133.193697405735,54.2863279892747,179.199045611759,137.01397129467,571.715017815976,97.2377156520104,117.460777753688,33.4743210456433,2789.22773243033,13.0129835498928,9.6040718978955,738.544699394128,65.1076274899111,16.657922714887,29.2629158494567,17.7638802043579,0,0
"AL022",NA,NA,"AL","Tiran├â┬½","Albania","AL","AL","ALB",16327.0420097598,964.9294314,471.370650076065,1316.81756846232,338.434029894651,137.937012842486,496.866103691744,348.141025891579,1484.2765463418,247.072891637012,298.457998719307,85.0554462419826,7876.38446893178,33.0649013393437,24.4031423341417,1876.58022670468,165.433028570176,42.3263864873392,74.3546183512829,45.1365318421426,0,0
"AL031",NA,NA,"AL","Berat","Albania","AL","AL","ALB",3366.63212756213,641.6439882,35.1263306145658,98.1286579073433,64.4297627622764,26.2599154592844,93.7962113930747,66.2777431483242,306.057466142012,47.0367823180121,56.8192804310329,16.1925271661256,1484.36612828698,6.2947681405299,4.64577593373882,357.256091677891,31.494500677545,8.05793389279613,14.155344904719,8.59291850587969,0,0
"AL032",NA,NA,"AL","Fier","Albania","AL","AL","ALB",6632.68319628248,859.74854226,57.1248200464504,159.583475594579,140.898157458362,57.4264679023752,202.859531283415,144.93941137969,602.971199662044,102.862336864886,124.255182350754,35.4106106322244,3203.17082919994,13.7657069435549,10.1596101081945,781.265100166759,68.8737149616727,17.6214840741429,30.9556007930899,18.7914146003528,0,0
"AL033",NA,NA,"AL","Gjirokast├â┬½r","Albania","AL","AL","ALB",3314.70396560194,1348.1827002,24.9493047835432,69.6981936711357,31.8894612595479,12.9973248513676,68.3865438038167,32.8041177226907,301.336724145631,23.2808190375997,28.1226589144248,8.01447880017143,1151.96731595838,3.11559062379158,2.29942320610633,176.823626331432,15.5881787575573,3.98826814952626,7.00617701511813,4.25305837010071,0,0
"AL034",NA,NA,"AL","Korc├â┬½","Albania","AL","AL","ALB",5057.30589390013,844.15598994,49.8808075659543,139.346655803321,99.6182303035409,40.6018304867351,146.531458689992,102.475489554564,459.755081263648,72.7260323925442,87.8512650208635,25.0361142316031,2323.71246641787,9.73267067029852,7.18307746395758,552.372352346275,48.6952968206126,12.4587935744079,21.8863200528496,13.2859613010941,0,0
"AL035",NA,NA,"AL","Vlor├â┬½","Albania","AL","AL","ALB",5185.8764630774,604.57475658,43.6628039408055,121.976086776511,79.5699491284144,32.4306663198692,171.90907948118,81.8521817334089,471.443314825218,58.0898363698443,70.1710988769541,19.9975680125189,2898.54031186635,7.7739597236324,5.73747502491267,441.206793598033,38.8953134281031,9.95144731939504,17.4816734638533,10.6121466083961,0,0
"68","AND-20200925-1","Andorra la Vella","AND","Andorra la Vella","Andorra","AD","AD","AND",3655.28458626502,6.37752842310789,22.5514469834259,404.994074424387,179.947547795067,108.71737404685,353.576524071394,253.587035717004,332.298598751365,87.8828032608619,108.982771147456,5.92203207201268,582.009301021956,60.6925583590188,29.4192851279082,744.449469699345,110.357686011032,94.0705479214131,146.104924837746,23.3430765936688,0,0
"69","AND-20200925-2","Canillo","AND","Canillo","Andorra","AD","AD","AND",1139.53969470736,10.2920625300982,2.56119772528699,45.9957138419005,41.9190949573985,25.3259018087819,97.5704654213508,59.0735420428871,103.594517700669,20.4724522237443,25.3877265260289,1.37954769492149,424.459838657372,14.1384372737138,6.85327375652838,173.420801748583,25.7080153403572,21.9138981293766,34.0353969424025,5.43781038595879,0,0
"70","AND-20200925-3","Encamp","AND","Encamp","Andorra","AD","AD","AND",1938.60082709437,16.1841489,5.09109653611982,91.4293406966927,91.9291034751267,55.540021805015,189.317036005544,129.549022101307,176.236438826761,44.8963457054316,55.6756041890072,3.02536547900653,462.377515588373,31.0057711034247,15.0293157079736,380.314003555822,56.3780015948729,48.0574547405227,74.6400543836861,11.9251866996879,0,0
"71","AND-20200925-4","Escaldes-Engordany","AND","Escaldes-Engordany","Andorra","AD","AD","AND",1570.58851635734,9.99536927362068,1.54268807559202,27.704631536908,35.7559598750034,21.6023730901961,110.981511794493,50.388282502435,142.780774214304,17.4624996317085,21.6551080576712,1.17672034845686,889.423490879074,12.0597402297908,5.84567442832143,147.923690507035,21.9283065607681,18.6920176357627,29.0313588267861,4.63831888941826,0,0
"72","AND-20200925-5","La Massana","AND","La Massana","Andorra","AD","AD","AND",1456.54073426506,38.4711825,5.45587555967672,97.9802880981358,51.9258625418142,31.3716051695956,119.455901702481,73.1753542650292,132.412794024097,25.3595584815073,31.4481884491896,1.70886809577283,499.067185691574,17.5135114719682,8.4892613116903,214.8191587304,31.8449353962169,27.1451008944194,42.1601979952897,6.73590388620521,0,0
"73","AND-20200925-6","Ordino","AND","Ordino","Andorra","AD","AD","AND",481.307724491276,12.8054857953555,1.58318321020843,28.4318704397916,20.883587948719,12.6170590834994,44.0061492635731,29.4297267617235,43.7552476810251,10.1991289882334,12.6478594125939,0.687274036942458,124.017441216651,7.04359907014013,3.41421839800117,86.3961535699777,12.8074234401525,10.9172399678284,16.9560246025964,2.70905160426382,0,0
"74","AND-20200925-7","Sant Juli├â┬á de L├â┬▓ria","AND","Sant Juli├â┬á de L├â┬▓ria","Andorra","AD","AD","AND",1199.02202410763,22.4921535,5.16531069204557,92.7621284956497,28.9919112268726,17.5157955515713,82.1725416494743,40.8561990306527,109.002002191603,14.1590728060895,17.5585545070276,0.954117075882658,572.697091155795,9.77836756119827,4.7398328748426,119.940578256702,17.7800713332235,15.1559996666742,23.5394205845407,3.76087594778708,0,0
"AT111",NA,NA,"AT","Mittelburgenland","Austria","AT","AT","AUT",7352.10734730918,984.341517211603,16.7308408547359,754.06146342096,146.029702199736,235.687249165998,352.133115049878,317.749388413979,358.504645323507,233.927881594015,56.2383379991951,125.506672160138,2384.69642603467,89.5390858080492,52.3554444799809,455.682782319036,201.550692074195,360.271825520537,106.015424183743,121.084853495224,0,0
"AT112",NA,NA,"AT","Nordburgenland","Austria","AT","AT","AUT",37878.8335239969,3459.84485336318,78.2603697356207,3527.20639943228,826.378187102637,1333.74785235546,1955.10305378956,1798.13530805783,1921.34323696219,1323.79163822449,318.251253692719,710.238907884092,12780.3653596595,506.699296720315,296.278062904916,2578.69670261762,1140.56998690405,2038.76864468712,599.938455822156,685.215954081109,0,0
"AT113",NA,NA,"AT","S├╝dburgenland","Austria","AT","AT","AUT",19225.8291616537,1755.81439413943,41.5636179108429,1873.27838564959,414.974511088731,669.755532739045,985.356132396696,902.952585121911,975.050111932449,664.755914942042,159.81321925685,356.653948706889,6485.82535111031,254.444389030566,148.779150053986,1294.91971123623,572.749232814883,1023.78914975765,301.265414883472,344.088408882083,0,0
"AT121",NA,NA,"AT","Mostviertel-Eisenwurzen","Austria","AT","AT","AUT",61631.6531922827,7286.5363085725,220.334403978043,9930.50406421374,1062.46076819552,1714.77755573516,2713.93101414139,2311.83282731219,3042.33509389546,1701.97701588669,409.170373510303,913.142417660593,20236.9640668548,651.454905804203,380.91980551556,3315.38770307122,1466.41196897459,2621.2111285292,771.330950636134,880.970819795393,0,0
"AT122",NA,NA,"AT","Nieder├Âsterreich-S├╝d","Austria","AT","AT","AUT",57295.3779234899,3555.77672337351,188.596861815773,8500.08836089949,1136.44026169591,1834.1780821702,2805.74733644521,2472.80650910997,2976.66105335809,1820.48623651274,437.661041489572,976.724825194554,19800.1143585019,696.81592562952,407.443377133333,3546.23924166233,1568.51871773662,2803.72692341876,825.038978976936,942.313108365519,0,0
"AT123",NA,NA,"AT","Sankt P├Âlten","Austria","AT","AT","AUT",46327.0232129841,2387.41335192528,89.2734388661199,4023.56704845188,1088.96624955601,1757.55655134749,2542.31407895729,2369.50671396022,2434.63933362473,1744.43667314743,419.378051791695,935.92281582238,16194.7015005599,667.706918471284,390.422709629451,3398.0975306687,1502.99492457535,2686.60315502927,790.573541748062,902.948624851553,0,0
"AT124",NA,NA,"AT","Waldviertel","Austria","AT","AT","AUT",49428.8760155622,6680.98447613603,114.319407864903,5152.39256296106,975.16563131993,1573.88600856459,2356.10570572828,2121.88533076937,2407.21312140381,1562.13720155333,375.551641571916,838.115748702291,16012.2681873071,597.929310438419,349.622229589458,3042.9849640724,1345.92692389848,2405.8441323121,707.955960304472,808.587471064264,0,0
"AT125",NA,NA,"AT","Weinviertel","Austria","AT","AT","AUT",22568.0729090458,3584.60934110605,46.8371424286023,2110.95691297371,440.103985893806,710.313697965552,1059.39957004595,957.632387451136,1075.15215781641,705.011319960131,169.490975744342,378.251724422429,7151.68280699584,269.852694101306,157.788720046593,1373.33573773563,607.433019483819,1085.78641213659,319.509045397289,364.925257340642,0,0
"AT126",NA,NA,"AT","Wiener Umland/Nordteil","Austria","AT","AT","AUT",66414.8200523738,5087.46778539192,171.154644233891,7713.96504353033,1399.76813998041,2259.18082015226,3366.29135948817,3045.7876972987,3410.5067286654,2242.31639711586,539.07275431577,1203.04457516757,22685.9632445668,858.277170391342,501.853267065851,4367.94865030527,1931.96475173645,3453.38664326292,1016.21116035653,1160.65921934831,0,0
"AT127",NA,NA,"AT","Wiener Umland/S├╝dteil","Austria","AT","AT","AUT",117319.911075864,1362.81188281088,335.807501193446,15134.8935762537,2650.34426029763,4277.57051231986,6343.07789640239,5766.94504686591,6369.77909010037,4245.63913345708,1020.68931237685,2277.86459314767,42370.4117336766,1625.07625893172,950.217316632313,8270.34656952069,3658.01417007083,6538.69966542349,1924.11110038483,2197.61145599753,0,0
"AT130",NA,NA,"AT","Wien","Austria","AT","AT","AUT",641683.69981599,837.745605174389,710.470286927431,32021.0005539536,17455.6980350274,28172.9359861379,39426.9310894151,37982.2549208697,35240.5864328923,27962.6295306255,6722.46420637798,15002.4723573839,234412.863582422,10703.077666076,6258.32153024719,54470.158660206,24092.4138486965,43065.1853840866,12672.5810142076,14473.9091252629,0,0
"AT211",NA,NA,"AT","Klagenfurt-Villach","Austria","AT","AT","AUT",82777.8590768419,1696.08585803555,255.040198952777,11494.6993593013,1801.10405367251,2906.92409473783,4356.27056401151,3919.06374459081,4459.21917618312,2885.22437188649,693.633534933953,1547.97669642156,29661.7747386602,1104.35896246935,645.742625399194,5620.30938953096,2485.8899459975,4443.52782752035,1307.57515336148,1493.43878117548,0,0
"AT212",NA,NA,"AT","Oberk├ñrnten","Austria","AT","AT","AUT",25693.3177236448,2317.40126365781,58.3902983140373,2631.65935164616,548.649130338659,885.502074844811,1308.01415498882,1193.81826431805,1304.13037718589,878.891943660717,211.293420243692,471.54192260267,8674.79707760017,336.407873329168,196.70497610922,1712.04870285692,757.247397343949,1353.57958538466,398.311229871152,454.928679348215,0,0
"AT213",NA,NA,"AT","Unterk├ñrnten","Austria","AT","AT","AUT",35208.7434719281,3038.44083163181,145.586434190334,6561.60204815572,597.271300509743,963.976695853279,1552.73822372205,1299.6163629411,1787.62208083828,956.780764190311,230.018583680619,513.330727752939,11890.8807539409,366.220881241541,214.137288115215,1863.77321815891,824.355882128279,1473.53598976291,433.610213007959,495.245192106235,0,0
"AT221",NA,NA,"AT","Graz","Austria","AT","AT","AUT",149759.736104861,1882.64478990716,450.839321834756,20319.3946880559,3324.47016096039,5365.5880644028,8002.90057196714,7233.79110231177,8122.59388204341,5325.53480874925,1280.30581288597,2857.24876728928,54029.7618268263,2038.42105081736,1191.90897684259,10373.9430394167,4588.44503295021,8201.84466403658,2413.51662703761,2756.58291652575,0,0
"AT222",NA,NA,"AT","Liezen","Austria","AT","AT","AUT",21763.6736807572,2059.24465804764,52.7160525326145,2375.92025790308,453.559132480101,732.029872403213,1088.97578685033,986.909750442453,1099.98903042631,726.565386633251,174.672764586956,389.815883261587,7316.89238550281,278.102806966031,162.612739882676,1415.32225513992,626.003858604741,1118.98178369642,329.277284675415,376.081990721704,0,0
"AT223",NA,NA,"AT","├ûstliche Obersteiermark","Austria","AT","AT","AUT",42821.7098861294,2549.7754401995,216.774026876634,9770.03734345958,668.904918554473,1079.59105464775,1816.32234665299,1455.4856003683,2222.98014929587,1071.53208031091,257.605818078965,574.896949419868,14786.7897566243,410.14351188606,239.819802397901,2087.30449903186,923.224845600835,1650.26424403489,485.615170139496,554.642328549172,0,0
"AT224",NA,NA,"AT","Oststeiermark","Austria","AT","AT","AUT",62300.7602910448,7654.93867675677,169.939858044718,7659.21445092684,1192.35158657107,1924.41716475785,2924.06783903442,2594.46524713984,3066.78538904229,1910.0516987998,459.193373192963,1024.77836646349,20399.6022145405,731.098327361677,427.489040592263,3720.70941929378,1645.68771865645,2941.66649856419,865.629781628904,988.673639676969,0,0
"AT225",NA,NA,"AT","West- und S├╝dsteiermark","Austria","AT","AT","AUT",40735.0861083235,3621.14582005324,144.775616360197,6525.05836903825,744.883935773466,1202.21874814388,1879.08389641694,1620.81009182421,2065.45129188353,1193.24437771273,286.866534130854,640.197867394148,13738.9414004907,456.730553014704,267.060255249141,2324.39551163189,1028.09134380583,1837.71309055313,540.774823403173,617.642581443541,0,0
"AT226",NA,NA,"AT","Westliche Obersteiermark","Austria","AT","AT","AUT",23253.0653255008,2687.5464819206,82.8887989327644,3735.81038557029,403.535248412816,651.292930186545,1029.09041477098,878.061630306382,1150.67954731307,646.431132760988,155.407779054351,346.822361236718,7654.0748907522,247.430328829863,144.677877005427,1259.22371949402,556.960723529315,995.567192273791,292.960677787743,334.603205362925,0,0
"AT311",NA,NA,"AT","Innviertel","Austria","AT","AT","AUT",79585.0966814591,7350.54452530591,363.075572908864,16363.8695877358,1251.11912006286,2019.266076317,3347.47336095135,2722.33887520541,4015.68608846906,2004.19257842329,481.825675814315,1075.28670448315,26711.4872517424,767.132032455807,448.558729091295,3904.09233912566,1726.79886843174,3086.65266407364,908.29414988765,1037.4024809739,0,0
"AT312",NA,NA,"AT","Linz-Wels","Austria","AT","AT","AUT",215528.248707099,3120.10192739728,697.629465896257,31442.262857363,4651.99537186827,7508.17111733158,11303.8432869097,10122.3837483007,11666.6784414147,7452.12382230194,1791.55667753113,3998.20344239944,77604.2563070056,2852.40198744386,1667.86127578242,14516.4590659013,6420.69984805939,11476.999813666,3377.28047938399,3857.33977114247,0,0
"AT313",NA,NA,"AT","M├╝hlviertel","Austria","AT","AT","AUT",43437.1483904557,4638.97747035384,139.456788191471,6285.33799948739,804.116210234474,1297.81773670079,2006.9977766792,1749.69496045602,2168.25682713885,1288.12973512932,309.677815818213,691.105631637267,14422.7818909777,493.049217133569,288.296565467213,2509.22864641812,1109.84393064886,1983.84582470479,583.776586796231,666.756776482372,0,0
"AT314",NA,NA,"AT","Steyr-Kirchdorf","Austria","AT","AT","AUT",47253.9756388454,3184.24060012816,247.499222045762,11154.8264185747,705.42784474312,1138.53788447228,1947.37658320271,1534.95667566816,2435.42160594384,1130.03888149057,271.671372118837,606.286939637184,16199.9050091557,432.537787658076,252.914220899835,2201.27356404653,973.633912653701,1740.37044224748,512.130279422024,584.92639473675,0,0
"AT315",NA,NA,"AT","Traunviertel","Austria","AT","AT","AUT",67513.0515745342,3844.63172973576,306.964289976619,13834.9257952701,1145.07098675628,1848.10779521586,3007.90119197692,2491.58630231772,3515.83012317066,1834.31196648122,440.984869627351,984.142587227472,23386.5519976857,702.107912260491,410.537716434949,3573.17124761519,1580.43087384469,2825.01990030103,831.304758914201,949.469529721925,0,0
"AT321",NA,NA,"AT","Lungau","Austria","AT","AT","AUT",5029.75319058877,320.205687101642,9.64422639227558,434.666705042731,116.274829730201,187.663840667652,272.013021857819,253.005076899881,261.548829414805,186.262960149623,44.7792680301566,99.9335526649493,1739.76702080445,71.294687311549,41.6875491811405,362.833294370891,160.482915803505,286.863182886536,84.4138227364136,96.4127195425387,0,0
"AT322",NA,NA,"AT","Pinzgau-Pongau","Austria","AT","AT","AUT",50686.6825272963,2061.99670523231,89.2885381152327,4024.247573835,1230.49333936986,1985.97672873766,2851.21277930654,2677.45876450164,2689.60941694891,1971.15173049266,473.882362853752,1057.5596732252,17890.7081057192,754.485197466015,441.16385051754,3839.73000055954,1698.33109570726,3035.76652549281,893.320135311502,1020.30000390372,0,0
"AT323",NA,NA,"AT","Salzburg und Umgebung","Austria","AT","AT","AUT",134022.462738749,2367.90664743704,330.634167023192,14901.7306426595,3128.77354826005,5049.74001689147,7391.69360591625,6807.97034075759,7244.24028736284,5012.04451633257,1204.93996549634,2689.05537756753,48187.1410815936,1918.42836759629,1121.74665378903,9763.27565036918,4318.34390193249,7719.03894133981,2271.44375354526,2594.31527287938,0,0
"AT331",NA,NA,"AT","Au├ƒerfern","Austria","AT","AT","AUT",10276.5832567496,245.725163396425,39.6615626805086,1787.55247605865,202.981867937119,327.60621547554,508.009554777198,441.672916020391,551.289002670812,325.160687539993,78.171513909835,174.454774404672,3667.05684718529,124.459686056476,72.7742764460962,633.400883166829,280.156265095179,500.779273036187,147.361862051385,168.308428840976,0,0
"AT332",NA,NA,"AT","Innsbruck","Austria","AT","AT","AUT",91588.7461491698,1211.81721301338,178.727358854031,8055.26840766551,2266.62675387971,3658.26278120653,5258.687830839,4932.00529727126,4973.29499229474,3630.95443538034,872.913657855399,1948.07478631627,33081.2974070094,1389.79731077492,812.644615321304,7072.96371990097,3128.40596150424,5592.02508868372,1645.53781291772,1879.4407184813,0,0
"AT333",NA,NA,"AT","Osttirol","Austria","AT","AT","AUT",11010.7106470752,382.858875877331,37.5069672766814,1690.4445436244,225.532727762219,364.002578944365,555.035159178643,490.741850693928,585.648445222071,361.28535798405,86.8562051603985,193.836333966622,3895.60852962887,138.286896154893,80.8593459337678,703.770392889809,311.281038590918,556.414800013665,163.73345587136,187.007142301192,0,0
"AT334",NA,NA,"AT","Tiroler Oberland","Austria","AT","AT","AUT",32690.1253742591,609.648402175646,44.9044398078125,2023.84972097758,848.859538755181,1370.03203186625,1936.53548537135,1847.05299829968,1768.65206827384,1359.80496214579,326.909176251413,729.560727959527,11764.6962769631,520.483887419164,304.338211905766,2648.84931347011,1171.59882498342,2094.23268712523,616.259587727283,703.857032780972,0,0
"AT335",NA,NA,"AT","Tiroler Unterland","Austria","AT","AT","AUT",81120.5083021979,2571.4680379853,267.721636330643,12066.2536111443,1690.96144045564,2729.15745456807,4139.00000020283,3679.40189867327,4326.8524999628,2708.78473121798,651.215880053492,1453.31353790218,28781.2998443283,1036.82428461005,606.253635253419,5276.61155486782,2333.87073630031,4171.79351776349,1227.61322996509,1402.11077061291,0,0
"AT341",NA,NA,"AT","Bludenz-Bregenzer Wald","Austria","AT","AT","AUT",31383.7245543044,858.406263292447,111.243643490001,5013.76740922167,640.209255954226,1033.27717685872,1581.52781161158,1393.04604797579,1679.52079903482,1025.56392820285,246.554666511072,550.234178325114,11171.8140870812,392.548574985018,229.531661372806,1997.76025442138,883.618994397381,1579.46879219337,464.782539537827,530.848469837148,0,0
"AT342",NA,NA,"AT","Rheintal-Bodenseegebiet","Austria","AT","AT","AUT",91630.8536546207,1150.2826838741,356.250564894004,16056.2654705113,1838.89508645945,2967.91760788294,4591.23557342631,4001.29412221056,4962.8475540078,2945.7625782235,708.187456795026,1580.45657339957,33011.8032761269,1127.53078625939,659.291693082778,5738.23555597283,2538.04925809408,4536.76258843108,1335.01088945419,1524.77433551483,0,0
"BE100",NA,NA,"BE","Arr. de Bruxelles-Capitale / Arr. van Brussel-Hoofdstad","Belgium","BE","BE","BEL",346091.010656526,46.9551952291509,79.8051214048769,13651.6443435501,7662.81201540091,4972.66264405704,19183.4351922611,16707.6238368323,31953.9135924055,3684.99778582523,2287.29941922756,6616.32108002927,162129.099928966,9846.06060940561,6706.1570501044,26261.059448348,13574.6123285118,17123.7314147935,1887.89549260162,1714.92415757152,0,0
"BE211",NA,NA,"BE","Arr. Antwerpen","Belgium","BE","BE","BEL",219949.616275466,851.629508322438,167.826291400585,28708.7445187167,4001.43227098454,2596.66722042223,10720.330166776,8724.52894026442,19318.3420839616,1924.26344650922,1194.40144050337,3454.96674479483,98018.2100428841,5141.49956769936,3501.87805477233,13713.2231008234,7088.50637706396,8941.81553000571,985.837305307707,895.513664253529,0,0
"BE212",NA,NA,"BE","Arr. Mechelen","Belgium","BE","BE","BEL",68686.3746498241,652.453306088575,53.2711971156111,9112.69131573592,1230.22136961486,798.333018780763,3312.14088258187,2682.31503503513,6000.09493929469,591.605668257864,367.213056849887,1062.21313592533,30443.5320319386,1580.7296517087,1076.63579563881,4216.06538920083,2179.32765898588,2749.11876628127,303.091002875995,275.321427913544,0,0
"BE213",NA,NA,"BE","Arr. Turnhout","Belgium","BE","BE","BEL",103516.755230308,2424.31756454403,162.517060182107,27800.5354331792,1214.78303162397,788.314549521782,3902.30338345001,2648.65403130709,8290.42581558259,584.181469256385,362.604813629325,1048.8831728668,42064.3083865549,1560.89270265379,1063.1248392234,4163.15699069807,2151.97876241871,2714.6194267809,299.287442427469,271.866354407875,0,0
"BE221",NA,NA,"BE","Arr. Hasselt","Belgium","BE","BE","BEL",74161.9173307301,618.935375354856,58.0393567270157,9928.34346991206,1327.46360431848,861.436854156534,3575.44044974192,2894.33728942631,6479.96044440447,638.368843297439,396.239229815497,1146.17524357532,32878.2936521521,1705.67763878728,1161.7379352339,4549.32217552282,2351.59152705505,2966.4214882967,327.048680060102,297.084072892218,0,0
"BE222",NA,NA,"BE","Arr. Maaseik","Belgium","BE","BE","BEL",28537.6027441719,567.380607005438,25.8133566375137,4415.69109757685,474.619247900969,307.996777089685,1312.25086682043,1034.83679929929,2443.75580574234,228.241391555734,141.670750619518,409.801692715872,12399.2301626977,609.845298544616,415.365952998627,1626.55749082805,840.78433360451,1060.60967031595,116.932470353356,106.21897186541,0,0
"BE223",NA,NA,"BE","Arr. Tongeren","Belgium","BE","BE","BEL",20288.5932619339,623.380813260604,11.7953902437148,2017.74610032401,376.986369835459,244.639439781609,997.963634608659,821.962805059659,1774.9901041608,181.290358596547,112.527973157676,325.502290883951,9006.01884455266,484.395368026724,329.921939463506,1291.96193898121,667.828443835522,842.433995656705,92.8785499310429,84.3689015738166,0,0
"BE231",NA,NA,"BE","Arr. Aalst","Belgium","BE","BE","BEL",31679.0181906639,154.243587045399,17.0739580975207,2920.70984143363,626.184991764126,406.353008602642,1627.89779319277,1365.30339954028,2836.9115687311,301.128398234244,186.912136838602,540.668484712943,14394.0402757351,804.594366822291,548.009645642972,2145.98521552283,1109.28187877328,1399.30662443408,154.273890721881,140.139124818246,0,0
"BE232",NA,NA,"BE","Arr. Dendermonde","Belgium","BE","BE","BEL",24634.3065282044,293.919864047144,21.6220128669082,3698.71036412778,421.11662090148,273.277079659478,1153.52886972913,918.182265116121,2127.85235512635,202.512316950655,125.700565338041,363.60578471993,10796.3860552079,541.098980986437,368.542800018936,1443.19978017921,746.004842914234,941.049825590047,103.750968816887,94.2451759076659,0,0
"BE233",NA,NA,"BE","Arr. Eeklo","Belgium","BE","BE","BEL",10689.2742714691,304.710569660436,9.63354493496782,1647.93595830245,174.889739359518,113.491975529879,485.945687917581,381.32110930919,909.479842648094,84.1033684511777,52.203446784536,151.005488178436,4614.55676988246,224.718415411482,153.055830710652,599.360891666882,309.815823129744,390.818007537789,43.087779000126,39.1400230537081,0,0
"BE234",NA,NA,"BE","Arr. Gent","Belgium","BE","BE","BEL",115559.806016933,1077.42470960438,96.1585196846491,16449.0935948488,2023.55696945013,1313.15581406436,5494.66353654775,4412.06551720482,10043.9484990434,973.115735702256,604.018560248475,1747.20489119458,50961.4049363219,2600.09830956929,1770.92832366134,6934.88888479128,3584.7155495575,4521.9491196907,498.545974241496,452.868571505819,0,0
"BE235",NA,NA,"BE","Arr. Oudenaarde","Belgium","BE","BE","BEL",17012.5316544143,226.026302213534,17.0474842811007,2916.1811705937,274.858281159212,178.365005481429,769.522290035042,599.287671525392,1451.08723151678,132.177607313317,82.0434046407258,237.321578031582,7362.58693583457,353.16947484181,240.543914723581,941.960946828106,486.909323172559,614.213081861162,67.7171394863659,61.5128108742801,0,0
"BE236",NA,NA,"BE","Arr. Sint-Niklaas","Belgium","BE","BE","BEL",40441.4069173786,411.335193398985,35.3665348711173,6049.87934639931,694.690613749911,450.808666221796,1899.92379879042,1514.66973666904,3499.01889536459,334.072318145998,207.360618292536,599.818466460388,17753.4680532758,892.618254763352,607.962761930886,2380.75936995843,1230.63905925893,1552.39296779345,171.151696768133,155.470565265534,0,0
"BE241",NA,NA,"BE","Arr. Halle-Vilvoorde","Belgium","BE","BE","BEL",128170.669511006,344.347268463602,41.4841198075447,7096.36724496245,2741.07541669268,1778.77824768975,6938.63334512893,5976.50795536233,11716.7470059157,1318.16581445448,818.193137983705,2366.73365142769,59448.9197910335,3522.04838556199,2398.86900443031,9393.88103551247,4855.79393961817,6125.35439063394,675.321789658239,613.447966668636,0,0
"BE242",NA,NA,"BE","Arr. Leuven","Belgium","BE","BE","BEL",81152.6112427348,807.208186471243,45.2355375134046,7738.09323200376,1579.32413040131,1024.87782426613,4125.22828268812,3443.48177067955,7227.90392766057,759.486975790659,471.417954528796,1363.6398120131,36673.2405023204,2029.29695764101,1382.1552232006,5412.46800695649,2797.76050465204,3529.24255110795,389.099837128863,353.450025710845,0,0
"BE251",NA,NA,"BE","Arr. Brugge","Belgium","BE","BE","BEL",46714.8232684556,642.803710625607,23.8699700281585,4083.25099416122,918.625688694002,596.127849261984,2389.30446971303,2002.92691804307,4166.09800165547,441.761277979421,274.203777936131,793.17129228108,21138.121853869,1180.35574800211,803.940919633792,3148.20248403427,1627.33831574763,2052.81031719304,226.322829476683,205.586850119889,0,0
"BE252",NA,NA,"BE","Arr. Diksmuide","Belgium","BE","BE","BEL",6430.93227516526,532.316310793609,3.58771873445042,613.723271203689,109.174638410195,70.8471831241197,296.338422275034,238.039088968085,541.482046684218,52.5013924393905,32.5879176636638,94.2649330384437,2747.39419954719,140.280109264886,95.5448560653259,374.150072294582,193.402029117416,243.967512407463,26.8974767156983,24.4330964178016,0,0
"BE253",NA,NA,"BE","Arr. Ieper","Belgium","BE","BE","BEL",16842.6297888788,734.898040128349,16.088080035498,2752.06331309166,260.362470557402,168.95817470833,738.073574039069,567.681708824199,1408.76690970222,125.206663766215,77.7164996998092,224.805423770703,7147.86032137285,334.54359318361,227.857816947865,892.282663816459,461.230106598849,581.819964701792,64.1457905557433,58.2686733781934,0,0
"BE254",NA,NA,"BE","Arr. Kortrijk","Belgium","BE","BE","BEL",54862.4983940254,414.555807731951,54.8006420034701,9374.32161319745,898.333557610492,582.959586487891,2504.18033021264,1958.68293916044,4701.88669391824,432.002920608508,268.146709127851,775.650406426553,23856.6288742212,1154.28208834027,786.182136349821,3078.65975485774,1591.39096218808,2007.46443087749,221.323434642144,201.045506063194,0,0
"BE255",NA,NA,"BE","Arr. Oostende","Belgium","BE","BE","BEL",21953.4190133894,250.922502294251,19.2328826512962,3290.02035251192,375.921562728703,243.948449775296,1029.1475995685,819.641151264326,1897.30655115215,180.778299600079,112.210135179663,324.582901801661,9626.63313644123,483.027181610383,328.990066977058,1288.31276128047,665.942146266195,840.054520489101,92.6162122235152,84.1305995736031,0,0
"BE256",NA,NA,"BE","Arr. Roeselare","Belgium","BE","BE","BEL",27634.3769773192,623.063968380757,25.7357386714021,4402.41359295845,451.781828593289,293.176789120552,1256.96682110118,985.043197364407,2355.59453254893,217.259021191745,134.85392987354,390.083122238718,11951.9138166075,580.501160359587,395.379645075559,1548.29185872322,800.328021605421,1009.57594618886,111.305990036865,101.107996679197,0,0
"BE257",NA,NA,"BE","Arr. Tielt","Belgium","BE","BE","BEL",18453.3670434542,848.358262406082,25.183810161483,4307.99945527103,229.553602183281,148.965238882454,714.360580513351,500.507545788652,1480.31824806786,110.3908740125,68.5202533874169,198.204044947125,7510.90048715377,294.956822072806,200.895246361819,786.698248815409,406.652434118003,512.972812224102,56.5553754941758,51.3737015928967,0,0
"BE258",NA,NA,"BE","Arr. Veurne","Belgium","BE","BE","BEL",9397.11369871189,295.482786680038,4.30506213308873,736.433653419903,182.692259519081,118.555299600597,475.810215811974,398.333346010713,830.916199579485,87.8555509990542,54.5324481737924,157.742437813285,4215.93727994049,234.743989083753,159.884254202116,626.100741913162,323.637927357094,408.253938277358,45.0100945431103,40.8862136538011,0,0
"BE310",NA,NA,"BE","Arr. Nivelles","Belgium","BE","BE","BEL",102444.835599669,422.700667134551,145.300369270596,24855.4093941576,1381.03083398724,896.198474483913,4178.77545776872,3011.13268013771,8460.46868042974,664.128984917177,412.228698572492,1192.42693161671,42927.078968546,1774.50696527167,1208.61762563681,4732.90128460017,2446.4854608752,3086.12569761813,340.246097827829,309.0723268163,0,0
"BE321",NA,NA,"BE","Arr. Ath","Belgium","BE","BE","BEL",8247.82708438558,155.576770268269,3.90290946758048,667.640510014023,162.991500034336,105.770798225325,422.875985147875,355.378765093228,735.229061608167,78.3815804860818,48.6518999315503,140.732161427863,3730.43588715473,209.430191544644,142.643013408853,558.584689716308,288.738184019378,364.229562707894,40.1563965850596,36.4772175444105,0,0
"BE322",NA,NA,"BE","Arr. Charleroi","Belgium","BE","BE","BEL",49107.6913553742,197.194443207494,35.4442823809389,6063.17901105739,907.691238149944,589.032107692904,2417.57123712426,1979.08597216245,4328.85844748724,436.502969937532,270.939915749674,783.730132105445,21963.9425944312,1166.30591060939,794.371568009653,3110.72926203752,1607.9680210226,2028.37560655307,223.628896772251,203.139738883167,0,0
"BE323",NA,NA,"BE","Arr. Mons","Belgium","BE","BE","BEL",28004.1151754837,108.543289788184,10.4027453850867,1779.51712488758,588.156202914653,381.674817707388,1497.6491807971,1282.38727191111,2547.09643655174,282.840594432418,175.560791343697,507.833191767343,12923.5641667554,755.730612999065,514.728517261215,2015.6575652141,1041.914172908,1314.32544977137,144.904695847502,131.628347240762,0,0
"BE324",NA,NA,"BE","Arr. Mouscron","Belgium","BE","BE","BEL",11307.5954693682,98.1600659711324,14.7297733757957,2519.70830753184,160.068057463611,103.873675650182,473.720655865956,349.004632636098,940.842438293662,76.9757154617987,47.7792713872606,138.207966045271,4773.6856161425,205.673816902851,140.084544668286,548.565822100955,283.559328074263,357.69668087717,39.4361447974575,35.8229561221372,0,0
"BE325",NA,NA,"BE","Arr. Soignies","Belgium","BE","BE","BEL",16831.9484939683,161.828223429308,10.8005951247773,1847.57420008298,317.581244065308,206.089407601642,838.813987515856,692.438748701156,1488.20566218638,152.722809700696,94.7959304819434,274.209973506871,7550.91997797776,408.064842409404,277.933178393136,1088.3759008204,562.592722140202,709.684110065668,78.2428432278773,71.0741365369013,0,0
"BE326",NA,NA,"BE","Arr. Thuin","Belgium","BE","BE","BEL",10825.2631676533,258.96986678735,3.57609343880155,611.734621868996,223.158860297453,144.815470621124,570.174749327298,486.564760588217,973.668375369421,107.315683123981,66.6114646330841,192.682616853168,4940.23922520285,286.740123547145,195.298848682344,764.782965433402,395.324198234551,498.682778448021,54.979895845407,49.9425693506599,0,0
"BE327",NA,NA,"BE","Arr. Tournai","Belgium","BE","BE","BEL",18254.8895448879,242.785977732578,12.395678688376,2120.43279769125,337.241936226145,218.847907910407,897.08415342585,735.305968767996,1604.08279731804,162.177512091263,100.664518889269,291.185654461887,8138.86222069908,433.327156850813,295.139354021527,1155.75463914697,597.421486522934,753.618949040507,83.086669754911,75.4741656480725,0,0
"BE331",NA,NA,"BE","Arr. Huy","Belgium","BE","BE","BEL",12666.9528686799,241.25500271067,13.0057989474649,2224.80134744408,199.919104498687,129.734392645406,564.417295608872,435.893923672833,1073.06320373351,96.1398316885739,59.6745490680574,172.616655966085,5444.55285219134,256.879017247976,174.960433505334,685.138494530307,354.155150247534,446.749971582389,49.254291441505,44.7415519493108,0,0
"BE332",NA,NA,"BE","Arr. Li├¿ge","Belgium","BE","BE","BEL",82859.2043490742,193.497126694648,59.5401563410189,10185.0736421195,1538.18798935818,998.183165507088,4091.43919339164,3353.79052296708,7315.4731590465,739.704865991195,459.139084666388,1328.12153013595,37117.5529219873,1976.44052097864,1346.15467644101,5271.49121629035,2724.88814836441,3437.31752029057,378.965080449167,344.243828053596,0,0
"BE334",NA,NA,"BE","Arr. Waremme","Belgium","BE","BE","BEL",6541.05904328633,249.171208225582,3.80635446478585,651.123593122744,119.873552026577,77.7900766683235,318.560456428564,261.366481550077,569.012752690411,57.6464322639175,35.7814736130897,103.502722971331,2887.08064428533,154.02730177202,104.90807609901,410.816090715476,212.355071993416,267.875879574605,29.5333799261001,26.82749489497,0,0
"BE335",NA,NA,"BE","Arr. Verviers - communes francophones","Belgium","BE","BE","BEL",23608.3473460377,274.000177020578,19.5568194402853,3345.43371139444,412.198676636522,267.48991846865,1120.08695194866,898.738011769268,2049.03726573024,198.223734012115,123.038617126739,355.90574164016,10396.4907663989,529.640182366869,360.738206263447,1412.63728379688,730.206773495229,921.121308218313,101.553845000297,92.2493553100685,0,0
"BE336",NA,NA,"BE","Bezirk Verviers - Deutschsprachige Gemeinschaft","Belgium","BE","BE","BEL",9364.91984184341,195.929179309,9.42882488755522,1612.91608453905,148.544856877015,96.3958739004096,418.398581806055,323.880004704435,793.652234823362,71.4342812517612,44.3396711522043,128.258459937426,4026.86582087731,190.86748586381,129.999944824488,509.074907403889,263.146067194008,331.946317761503,36.5971610922515,33.2440836378873,0,0
"BE341",NA,NA,"BE","Arr. Arlon","Belgium","BE","BE","BEL",6535.94170280862,36.5531217281915,4.3371869638727,741.928999542296,123.186054707876,79.9396737494642,325.695456363481,268.588901811258,578.490755320001,59.239393832281,36.7702340634176,106.362845505185,2935.17052945749,158.28358551007,107.807033187483,422.168297928908,218.223144920876,275.278176030704,30.3494848845262,27.5688273012412,0,0
"BE342",NA,NA,"BE","Arr. Bastogne","Belgium","BE","BE","BEL",4909.56578838045,188.956647081506,3.87260074315742,662.455831148226,82.6191609827071,53.6144191814091,226.682993699499,180.138813354609,418.855482555614,39.7310314641831,24.6612808134936,71.3360702736249,2125.20642238935,106.158583154465,72.3046667182143,283.142362592069,146.359205862429,184.625215852883,20.3549742977245,18.4900262152812,0,0
"BE343",NA,NA,"BE","Arr. Marche-en-Famenne","Belgium","BE","BE","BEL",7022.61482243288,165.812937999195,2.93481505079213,502.036092198258,140.42994674007,91.1298292138423,362.5850566792,306.186648040422,626.882743985107,67.5318723414666,41.9174233917199,121.251782637539,3180.70382050048,180.440517684549,122.898131323587,481.264472135999,248.77056653337,313.8123035953,34.5978816841681,31.4279806978179,0,0
"BE344",NA,NA,"BE","Arr. Neufch├óteau","Belgium","BE","BE","BEL",7520.85787503036,256.426630149425,3.46695920909586,593.065874006426,145.381969639506,94.3433674338916,379.248958973293,316.983798703766,663.5104733368,69.9132688031186,43.3955699362415,125.527520243065,3366.54712182439,186.803445224599,127.231924611559,498.235444083415,257.543036870195,324.878360014201,35.8179170566027,32.5362349107652,0,0
"BE345",NA,NA,"BE","Arr. Virton","Belgium","BE","BE","BEL",4195.21959383405,82.9000381614909,3.78857634943639,648.082428551135,69.8337706395923,45.3175390255192,193.017445435462,152.262168066887,359.331660188684,33.5826181910142,20.844925166555,60.296748485026,1823.1919690807,89.7304458100793,61.1154537484205,239.325824329606,123.709985572585,156.054295696056,17.2050235027152,15.6286778330787,0,0
"BE351",NA,NA,"BE","Arr. Dinant","Belgium","BE","BE","BEL",10340.3946021048,397.229883677498,3.48958049800116,596.935522786999,207.528977541579,134.672701366845,533.976396162016,452.486121940407,919.464547725526,99.7993714576699,61.9460465491933,179.187267815734,4665.21758307451,266.657055787823,181.620260688152,711.218127956274,367.635981594933,463.755402725063,51.1291443007519,46.4446284558306,0,0
"BE352",NA,NA,"BE","Arr. Namur","Belgium","BE","BE","BEL",40450.233613934,357.578359852665,19.2620194860219,3295.00456527885,812.313685958051,527.138329023533,2098.89649185763,1771.12938112286,3631.92466155722,390.636508912758,242.470338354665,701.378051973436,18427.810874723,1043.75388169746,710.901316779708,2783.86288933841,1439.00742362764,1815.23980425857,200.13062348608,181.794406645449,0,0
"BE353",NA,NA,"BE","Arr. Philippeville","Belgium","BE","BE","BEL",5242.22729943856,157.206774710623,1.4932296922708,255.435244295787,108.695093203756,70.5359897228714,276.926829125678,236.993511847591,471.287375549211,52.2707821855592,32.4447765465415,93.850878112939,2391.2375485624,139.663934529285,95.1251791294249,372.50663315642,192.552518486289,242.895894925549,26.7793306314779,24.3257750248824,0,0
"BG311",NA,NA,"BG","Vidin","Bulgaria","BG","BG","BGR",1824.42259724227,137.283953444715,22.1998256400125,150.883340150026,83.0357802252697,14.15056408443,84.9104098282148,70.7156709698996,28.7908365044146,33.6120524593954,14.7217972203306,13.4910406918826,902.847319757699,18.5105588894417,19.6390338090967,191.159502229958,17.5297168579502,11.0729490726816,8.03730811737194,1.83093728947875,0,0
"BG312",NA,NA,"BG","Montana","Bulgaria","BG","BG","BGR",3199.92304904374,223.572338194592,77.3275622518987,525.564527731985,114.661486052302,19.5400669686886,130.971773700393,97.6490363382745,48.0701757687747,46.4138215333991,20.3288647624468,18.6293519483614,1507.4250915379,25.5606460752702,27.1189214465543,263.966118452092,24.206232295954,15.2902856119458,11.0984649038999,2.52828346901375,0,0
"BG313",NA,NA,"BG","Vratsa","Bulgaria","BG","BG","BGR",5998.16259785346,222.48652044583,248.337906591716,1687.8534741682,151.495823208692,25.8172001156879,207.189636252971,129.018222726107,84.1999025484428,61.3239924193571,26.8593946242789,24.6139231788265,2640.41151871586,33.7718553303306,35.8307176239069,348.763702537934,31.9823439823867,20.2022011542841,14.6637823636974,3.34047986495177,0,0
"BG314",NA,NA,"BG","Pleven","Bulgaria","BG","BG","BGR",5992.34318675133,244.603817641577,125.800655186634,855.01676253753,254.358554229964,43.3465791769452,266.361636756593,216.619098182829,91.9865108779489,102.961796048395,45.0964035801331,41.3263004952239,2884.59054627623,56.7022912813452,60.1590812129809,585.567504545887,53.6977363728307,33.9191046263235,24.6202066999226,5.60860102204251,0,0
"BG315",NA,NA,"BG","Lovech","Bulgaria","BG","BG","BGR",3377.47349711825,153.102978761372,97.3070844824017,661.357353208351,118.456895858583,20.1868627179999,135.971133232898,100.881317053031,50.0636955118748,47.9501654223532,21.0017705072298,19.2460021201307,1569.93956403911,26.4067290113025,28.0165848550598,272.703660838749,25.0074827819915,15.7964093501813,11.4658351864699,2.6119721791616,0,0
"BG321",NA,NA,"BG","Veliko Tarnovo","Bulgaria","BG","BG","BGR",6297.70797041372,212.690813209093,139.349519401334,947.102976235915,267.040538935956,45.5077828991604,279.349455291732,227.419442989384,96.3955399878424,108.095336482056,47.3448512575855,43.3867757657424,3022.85259760603,59.5293933342001,63.1585342888928,614.763134154093,56.3750352491679,35.6102668025445,25.8477379924007,5.88823853059372,0,0
"BG322",NA,NA,"BG","Gabrovo","Bulgaria","BG","BG","BGR",4043.9742115732,82.1812324455121,155.918767625898,1059.71753260392,121.140176760937,20.6441347308873,149.950821970896,103.166476642016,57.8017378151569,49.0363306659207,21.4775017790077,19.6819617961064,1812.59561721139,27.0048931885425,28.6512154229627,278.880933337971,25.5739512891939,16.1542289876779,11.7255588299301,2.67113846927096,0,0
"BG323",NA,NA,"BG","Ruse","Bulgaria","BG","BG","BGR",6974.08801742276,203.333048527911,212.045353704144,1441.18750070314,249.978016815154,42.6000687540365,282.773021198053,212.888505880852,103.125186809125,101.188598361957,44.3197578575066,40.6145831083915,3233.88653524723,55.7257701290869,59.1230275725131,575.482919931361,52.7729593627399,33.3349532210669,24.1961999786394,5.51201025985573,0,0
"BG324",NA,NA,"BG","Razgrad","Bulgaria","BG","BG","BGR",2887.83204200433,200.45312578354,72.2953670696187,491.362708776219,101.478500866796,17.2934851194482,117.036819702541,86.4220250396482,43.2239801519925,41.077481121777,17.9915923946418,16.4874778177678,1355.45400438444,22.6218596514787,24.0009752905646,233.617118549524,21.4231670075019,13.5323142508168,9.82244011608891,2.23759890993201,0,0
"BG325",NA,NA,"BG","Silistra","Bulgaria","BG","BG","BGR",1994.68360575577,202.185389633068,27.513500514559,186.998264048248,81.0431559225528,13.8109904956073,87.7385944905527,69.0186945077616,31.0480726607461,32.8054580923276,14.3685156489247,13.1672938025457,973.631633839425,18.06635773423,19.1677524416703,186.57221384891,17.1090531424274,10.8072295555637,7.84443541310337,1.78699996354687,0,0
"BG331",NA,NA,"BG","Varna","Bulgaria","BG","BG","BGR",17786.637939495,245.882476596154,315.698462086643,2145.67624143882,868.904198436495,148.074534975756,851.442965093401,739.983935049488,278.808450422166,351.723719832628,154.052040922271,141.173140863521,8743.11040427226,193.69845494084,205.507058326735,2000.33399587535,183.43471373369,115.869711975062,84.1041144957763,19.1593201579609,0,0
"BG332",NA,NA,"BG","Dobrich","Bulgaria","BG","BG","BGR",4068.37815342145,281.477417382433,73.6047068798659,500.261768037541,167.562607651521,28.5552253654319,179.000422457082,142.701160841713,62.7366820631938,67.8276658969966,29.7079490896962,27.2243357277045,1967.34975875259,37.3535060209862,39.6307195269441,385.75159508492,35.3742092883602,22.3447315841128,16.2189396305056,3.69475213985046,0,0
"BG333",NA,NA,"BG","Shumen","Bulgaria","BG","BG","BGR",4255.80975041909,234.66250437572,111.694972038862,759.146073148071,153.168081024581,26.1021783663315,173.974192731091,130.4423658264,63.618748060313,62.0009056401494,27.1558769406832,24.8856192859778,1995.01032780992,34.1446395288456,36.2262281820624,352.613464301096,32.335375000419,20.4251993073875,14.8256457349034,3.37735311627099,0,0
"BG334",NA,NA,"BG","Targovishte","Bulgaria","BG","BG","BGR",2790.61025418258,161.796995556845,64.5090648360653,438.442325190022,106.946947384175,18.2253918550328,117.893698970349,91.0791121843751,42.2511419391926,43.2910535205054,18.9611185497603,17.375950645833,1324.9469236732,23.8409004194355,25.2943334759961,246.206215820572,22.5776129444515,14.2615400090303,10.3517491617113,2.35817804602282,0,0
"BG341",NA,NA,"BG","Burgas","Bulgaria","BG","BG","BGR",12123.9816404383,256.440016122448,213.780814895699,1452.98273664457,581.673814618492,99.1260944097075,575.13520951413,495.370236478488,189.764448112239,235.455736288289,103.127638759557,94.5060681206496,5950.79352200012,129.668287221863,137.573365122453,1339.09113108849,122.797392236015,77.5670982883463,56.3021345643136,12.8258959524323,0,0
"BG342",NA,NA,"BG","Sliven","Bulgaria","BG","BG","BGR",3413.28535878996,148.725610691808,78.1325308528947,531.035577514252,138.022302504681,23.5211065804942,147.87058906039,117.543782980661,51.9352220224361,55.8700461387614,24.4706118717082,22.4248449816011,1628.62846992264,30.7683019493291,32.6440560676985,317.745850907271,29.1379436241281,18.4054864346718,13.3596356810247,3.04338900351093,0,0
"BG343",NA,NA,"BG","Yambol","Bulgaria","BG","BG","BGR",2750.23635149058,162.442103201183,68.6260410897785,466.423766961302,100.625710279734,17.148156589746,113.474923526421,85.6957639218836,41.2985395706528,40.7322800304953,17.8403972103481,16.3489226975475,1295.07441562367,22.4317532860139,23.7992793093148,231.653880248074,21.2431340447267,13.418593313715,9.73989569139377,2.21879489458187,0,0
"BG344",NA,NA,"BG","Stara Zagora","Bulgaria","BG","BG","BGR",12791.7924170101,225.454719032495,586.099566882142,3983.48445369193,307.270340541094,52.3635550033426,430.390437873575,261.680305063244,176.933405163075,124.379957380596,54.4773787034434,49.9230169982431,5548.42686153256,68.4975286332508,72.6734016353926,707.377532775806,64.8679647968445,40.9749727542351,29.7417136993073,6.77530484956308,0,0
"BG411",NA,NA,"BG","Sofia (stolitsa)","Bulgaria","BG","BG","BGR",116610.810117751,89.1064559274512,1089.78178919133,7406.81116393522,6748.53052453999,1150.05258461067,6171.67478199273,5747.24369192431,1898.0831653176,2731.73758829377,1196.47816456904,1096.45142937157,59521.6918487744,1504.40052893821,1596.11457583232,15536.0223310355,1424.68498497252,899.926930426168,653.212615309552,148.804962788868,0,0
"BG412",NA,NA,"BG","Sofia","Bulgaria","BG","BG","BGR",10454.8357911538,210.540230712706,491.645238031617,3341.51614008007,236.700220364408,40.3373296183703,343.723493685767,201.580750567793,143.677168268328,95.8138792994415,41.9656759623236,38.4573047432147,4505.54975231603,52.7658481236963,55.9826573285162,544.915651780819,49.969878430067,31.5643386318178,22.9109980945254,5.219235114276,0,0
"BG413",NA,NA,"BG","Blagoevgrad","Bulgaria","BG","BG","BGR",7560.18507436369,307.654917669748,155.238496272165,1055.09400016164,324.048164503244,55.2227522377107,337.846413181396,275.968784989362,116.284267247918,131.171452536544,57.4519966512617,52.6489540001059,3646.54007182714,72.2376861610722,76.6415735625044,746.002333655686,68.4099379408449,43.2123213981486,31.3656948355957,7.14525553160969,0,0
"BG414",NA,NA,"BG","Pernik","Bulgaria","BG","BG","BGR",2746.4575182984,73.363601213717,68.8508050218924,467.951397555007,112.036260636433,19.0926884966304,119.100628416836,95.4133184799391,41.5938383551042,45.3511565694937,19.8634264161671,18.2028246993276,1304.33464382262,24.9754237828237,26.4980217505571,257.922497468732,23.6520199057815,14.9402077629105,10.8443606432106,2.47039730121761,0,0
"BG415",NA,NA,"BG","Kyustendil","Bulgaria","BG","BG","BGR",2728.68924687187,126.522028010936,64.2246969058033,436.509590048528,107.796658496442,18.3701955952369,116.825167843209,91.8027507323785,41.3718945060953,43.6350080712229,19.1117677597361,17.514005435718,1297.37474152233,24.0303203001178,25.4953011217086,248.162364758049,22.7569957980681,14.3748502934293,10.4339955138443,2.37691415901548,0,0
"BG421",NA,NA,"BG","Plovdiv","Bulgaria","BG","BG","BGR",24812.5427607859,399.331121726724,730.191297722537,4962.81834530646,953.503879283777,162.491611591452,1039.78026284676,812.031469000814,369.837878137489,385.968823605635,169.051109311339,154.918272585468,11597.687929981,212.557642752446,225.515974819013,2195.0938070761,201.294586279025,127.151209602298,92.292797732765,21.024741424806,0,0
"BG422",NA,NA,"BG","Haskovo","Bulgaria","BG","BG","BGR",5136.65539407433,229.437455474611,112.477463941678,764.464357798218,211.385218065232,36.0232669172051,224.695154816564,180.02176276357,78.4660760773698,85.5666198291117,37.4774622131468,34.3443100172454,2460.6053550231,47.1225598981387,49.9953325309155,486.637121425202,44.6256181442117,28.1885441192218,20.4606751985585,4.66103982102944,0,0
"BG423",NA,NA,"BG","Pazardzhik","Bulgaria","BG","BG","BGR",6663.83141935957,238.869400643888,222.575783767664,1512.75862414189,215.623500341451,36.7455348936706,257.276948943298,183.631206476985,97.0506754457601,87.2822340597423,38.22888686483,35.0329148391309,3043.39688752857,48.0673691532717,50.9977409949456,496.394215632471,45.5203636149549,28.7537255828378,20.8709125739399,4.75449386026184,0,0
"BG424",NA,NA,"BG","Smolyan","Bulgaria","BG","BG","BGR",3191.08765564079,116.037963514353,102.043827879678,693.551104492888,106.969812770798,18.2292884658414,125.350681890745,91.0985850086521,46.7630125004506,43.3003092000763,18.9651724598256,17.3796656450843,1466.433963923,23.8459976327629,25.2997414350678,246.258855007117,22.5824400653897,14.2645891435229,10.3539623781947,2.35868222733952,0,0
"BG425",NA,NA,"BG","Kardzhali","Bulgaria","BG","BG","BGR",3939.53119363147,215.246981688798,128.541795478964,873.647197291081,120.255162113076,20.4933147294825,148.66126205996,102.41277258249,57.2618743986489,48.678085597463,21.3205934420535,19.53817114833,1795.66612512961,26.8076033489961,28.4418980354012,276.843510926905,25.3871154920225,16.0362109224805,11.6398953316894,2.65162391402612,0,0
"263","BIH-20201109-1","Brcko district of Bosnia and Herzegowina","BIH","Brcko district of Bosnia and Herzegowina","Bosnia and Herzegovina","BA","BA","BIH",1831.60907177273,142.6172187,31.890448337936,89.0889210661665,16.5815679016371,6.75822093099989,64.8024707728164,17.0571619584584,166.509915615702,12.1053309284773,14.6229431274728,4.16728973059978,1154.61529564862,1.62001411882229,1.19563142557752,91.9430072137229,8.10538762093088,2.07378038133228,3.64300290185327,2.21146339160359,0,0
"264","BIH-20201109-2","Entity Federation of Bosnia and Herzegovina","BIH","Entity Federation of Bosnia and Herzegovina","Bosnia and Herzegovina","BA","BA","BIH",43548.1922538066,1958.57776752,1028.89913428988,2874.32502636716,1078.21807032491,439.45397529824,1343.51811113115,1109.1436202636,3958.92656852787,787.150324491248,950.858303322329,270.978421248602,20543.8636576313,105.341576107723,77.7460500812311,5978.60301305175,527.053620726221,134.847771592034,236.886619065528,143.800622765811,0,0
"265","BIH-20201109-3","Republika Srpska","BIH","Republika Srpska","Bosnia and Herzegovina","BA","BA","BIH",25158.3798724873,2400.92521152,466.718159037072,1303.82040383981,662.093247447459,269.85219188659,724.455098768381,681.083466913764,2287.12544295339,483.359469587337,583.88639481747,166.397677659593,10704.7856096947,64.6863080261479,47.7409312561266,3671.23571108187,323.643846203031,82.8049551956761,145.463181531248,88.3025650676514,0,0
"CH011",NA,NA,"CH","Vaud","Switzerland","CH","CH","CHE",294908.787104702,5474.22525107417,222.239391523688,28524.6756092469,8528.8434776148,6364.63781069822,10286.4921331456,6880.82054390599,8567.67469063587,2099.24653257225,3901.81403366145,8075.68080011421,135338.505645665,2583.04665253971,1418.24211520723,41623.2924856176,10920.3091608047,6865.30791480884,6244.80275092272,987.572749897512,1.3573550460009,0
"CH012",NA,NA,"CH","Valais","Switzerland","CH","CH","CHE",100780.024082761,3166.72081568532,101.47375390648,13024.2703293505,2633.06988795122,1964.92481202762,3364.6700172773,2124.28348885842,2872.35150256731,648.090546720623,1204.58876603661,2493.16709766061,45372.8431672855,797.451891083079,437.847243553911,12850.1640778049,3371.37588395209,2119.49434755622,1927.9286954681,304.888708151499,0.419049863942764,0
"CH013",NA,NA,"CH","Gen├¿ve","Switzerland","CH","CH","CHE",267141.97296688,1087.79126948464,157.890891279291,20265.4733011929,8282.24455996401,6180.6137047949,9634.43018435331,6681.8717763351,7893.38642524479,2038.54991829234,3788.99884129674,7842.18441225949,124687.171473025,2508.36167204621,1377.23573825884,40419.8164336821,10604.5645435498,6666.80767200632,6064.24349885506,959.018541831046,1.31810912876837,0
"CH021",NA,NA,"CH","Bern","Switzerland","CH","CH","CHE",410477.970433864,5813.79788027899,375.637252419595,48213.4634123835,11380.5756112659,8492.73902529514,14113.7456978639,9181.5143135179,11898.8722801754,2801.15750199083,5206.43739655086,10775.8919716804,187959.469916342,3446.72261999075,1892.45020963985,55540.5933484059,14571.6596193994,9160.81483077642,8332.8355211172,1317.7808200295,1.81120473987953,0
"CH022",NA,NA,"CH","Freiburg","Switzerland","CH","CH","CHE",100568.576878735,3092.48812543637,115.221968400672,14788.8691071121,2509.70915588491,1872.86703400351,3303.37567247571,2024.75967162095,2853.66122364243,617.72715809408,1148.15313829384,2376.36088612084,45077.6038507694,760.090843614562,417.333866090902,12248.1270202,3213.42512122523,2020.19490414935,1837.60420528541,290.604509160646,0.399417153764877,0
"CH023",NA,NA,"CH","Solothurn","Switzerland","CH","CH","CHE",93767.1525641145,814.147532371478,107.53811638233,13802.6380670164,2435.32436084283,1817.35748217407,3154.44443758677,1964.74820263068,2707.71125340884,599.418459678166,1114.12324456346,2305.92837522784,42772.1182220922,737.562654846929,404.96458655885,11885.1070997799,3118.18302177123,1960.3187294389,1783.13980176754,281.991337071947,0.387578904281098,0
"CH024",NA,NA,"CH","Neuch├ótel","Switzerland","CH","CH","CHE",84533.4336942453,934.740268067132,163.686313605123,21009.3222684238,1607.83881987612,1199.84752602751,2565.58621212067,1297.15715995144,2368.59538735056,395.745340668855,735.561402636126,1522.40958829076,37415.3048263612,486.950275544968,267.363885244043,7846.73158149576,2058.67267231183,1294.23275322195,1177.25648404217,186.175043416449,0.255885588830776,0
"CH025",NA,NA,"CH","Jura","Switzerland","CH","CH","CHE",26584.6139861047,715.870918048432,49.4895198680282,6352.03548126352,503.234274655099,375.537890983183,799.636242506853,405.994639781198,737.29875061961,123.863547140235,230.221900568614,476.495949357969,11646.673657245,152.409598323949,83.6816907245225,2455.93291256117,644.339865536359,405.079335534826,368.467165679963,58.2705565846312,0.080089121557514,0
"CH031",NA,NA,"CH","Basel-Stadt","Switzerland","CH","CH","CHE",198566.463828418,35.0895855039789,395.609305450429,50776.8988594002,3780.98492052676,2821.55483917902,6059.58139833681,3050.38763879802,5601.68540086507,930.632565242422,1729.74214648143,3580.09000966665,88486.5215621245,1145.10958817609,628.731441177081,18452.3308047397,4841.16332687581,3043.5106200266,2768.42986916979,437.808207535531,0.601739142499257,0
"CH032",NA,NA,"CH","Basel-Landschaft","Switzerland","CH","CH","CHE",103548.000510284,717.011951402378,101.166337198231,12984.8130494348,2850.24463867272,2126.99117349843,3561.48737422809,2299.49370233043,3012.19632603782,701.544844904304,1303.94285693372,2698.80271159519,47581.8893920992,863.225464527086,473.960742252917,13910.0414449412,3649.44587386622,2294.30955420625,2086.94362923916,330.035829955442,0.453612960865521,0
"CH033",NA,NA,"CH","Aargau","Switzerland","CH","CH","CHE",224527.333709824,2800.8747171897,241.891412344015,31047.034562458,5927.09202249663,4423.08433644978,7585.93566608793,4781.8038472693,6480.1501508291,1458.86454700683,2711.55296645774,5612.16809432787,102363.111280507,1795.07986612581,985.602743100681,28925.9716735407,7589.03331736411,4771.02339615527,4339.80535159385,686.310469047275,0.943289472478092,0
"CH040",NA,NA,"CH","Z├╝rich","Switzerland","CH","CH","CHE",764117.777196255,3397.5090503567,424.340871473572,54464.627641129,23913.1611700767,17845.1639024515,27658.1838419733,19292.4364341618,22599.0330337616,5885.86492422814,10939.9015338369,22642.5841953934,356983.600599257,7242.34312355838,3976.46555106268,116703.337826546,30618.3498002731,19248.9421432013,17509.1705047818,2768.95529827212,3.80575045904277,0
"CH051",NA,NA,"CH","Glarus","Switzerland","CH","CH","CHE",14717.8264766037,118.354489009589,22.1411230017998,2841.8380149473,337.094537561657,251.556338813802,474.10492880483,271.957977113846,419.867923576279,82.9707499009299,154.2155393965,319.183707844451,6632.40603748283,102.092495790716,56.054689153464,1645.12158876631,431.614975260546,271.344855001147,246.819970493206,39.0328864996708,0.0536481848611222,0
"CH052",NA,NA,"CH","Schaffhausen","Switzerland","CH","CH","CHE",38640.1122723333,661.572703379223,63.5633722245221,8158.43024453677,821.589994715672,613.110412799029,1209.94769510991,662.834689034322,1088.79550680182,202.222018979444,375.864720663622,777.936488494079,17199.0606745756,248.826853392312,136.620344246781,4009.60349935641,1051.96170726634,661.340345646334,601.566610126824,95.1336359377709,0.130755046448929,0
"CH053",NA,NA,"CH","Appenzell Ausserrhoden","Switzerland","CH","CH","CHE",16636.6645249985,347.414974411296,24.7625411245539,3178.29997641641,373.400714592783,278.649773896847,529.258702034368,301.248734933723,470.009896738906,91.9069692656753,170.825054088668,353.560830316606,7424.46922416893,113.0881893209,62.0919613161971,1822.30652944056,478.101310561153,300.569577577243,273.403283318038,43.2368552069171,0.0594262686920125,0
"CH054",NA,NA,"CH","Appenzell Innerrhoden","Switzerland","CH","CH","CHE",5458.91956557023,210.07335879816,7.72867744659439,991.984434177634,121.487959562792,90.6602240980705,171.79493629807,98.012919358987,152.436431984655,29.9024338447342,55.5788632757936,115.032944977983,2407.94844058548,36.793859342851,20.2019583539983,592.897370861022,155.552869650277,97.7919518079452,88.9532497662724,14.0673467181998,0.0193346607161592,0
"CH055",NA,NA,"CH","St. Gallen","Switzerland","CH","CH","CHE",198619.272955853,2907.24206537658,275.640454661336,35378.7620641585,4688.85290185301,3499.05008179159,6444.70538501027,3782.82887464201,5659.88774735308,1154.09061284696,2145.07771214729,4439.7202801808,89405.9097138909,1420.06660389196,779.69875691508,22882.9965361781,6003.59514536322,3774.30058635199,3433.16905475118,542.9321532634,0.746225225376752,0
"CH056",NA,NA,"CH","Graub├╝nden","Switzerland","CH","CH","CHE",74430.1865218555,1053.26281199583,70.0000621978437,8984.58663484852,2047.2781216593,1527.77850552981,2551.55497790262,1651.68388839306,2155.67172018635,503.90671483002,936.598089396791,1938.50018035524,34051.8751945039,620.038920030546,340.437254042746,9991.32605503768,2621.32961934992,1647.9602104708,1499.01309358034,237.058645725964,0.32582181819787,0
"CH057",NA,NA,"CH","Thurgau","Switzerland","CH","CH","CHE",91185.254166245,3820.40915270721,127.11971322246,16315.9580232412,2031.98628297858,1516.36699177442,2866.40877202878,1639.34688185465,2541.20154986638,500.142858756051,929.602309614748,1924.02084228831,40141.8626082126,615.407631765135,337.894408732843,9916.69733477555,2601.74998859824,1635.65101738943,1487.81643878059,235.287971517141,0.32338814070685,0
"CH061",NA,NA,"CH","Luzern","Switzerland","CH","CH","CHE",144270.773015912,3809.34853828609,164.381590787508,21098.5618759932,3637.36968970022,2714.3821690849,4765.25720551195,2934.52308655448,4108.93689550171,895.283836410845,1664.04039869379,3444.10548078722,64906.4535371931,1101.61426056058,604.849988870212,17751.4457698845,4657.2787562488,2927.90728137132,2663.27507404501,421.178697472791,0.578882953526318,0
"CH062",NA,NA,"CH","Uri","Switzerland","CH","CH","CHE",10027.9830502442,75.8224172351748,13.1102190082081,1682.71134028667,247.023346420349,184.340835293632,331.226591960239,199.29118424259,288.196572657079,60.8010810373477,113.009361965039,233.898265468541,4552.47133953878,74.8135230462321,41.0769542496916,1205.54739054793,316.288054755248,198.841887504831,180.870017994438,28.6033535676346,0.0393134645539843,0
"CH063",NA,NA,"CH","Schwyz","Switzerland","CH","CH","CHE",50246.4965025848,581.112786893942,55.8142868335324,7163.82642776572,1313.96260371252,980.542800601493,1692.46608797933,1060.06645581891,1449.5090600986,323.412130497266,601.117577116755,1244.14788461294,22897.0400017648,397.946886232596,218.495873125532,6412.52825345378,1682.39432414692,1057.67656385144,962.080885152823,152.146497378771,0.20911554715323,0
"CH064",NA,NA,"CH","Obwalden","Switzerland","CH","CH","CHE",13621.621296014,384.111349459785,21.9398481202821,2816.00415775295,286.664143012974,213.922725675583,422.973763045403,231.272215233162,380.865592328926,70.5580668483643,131.144413552816,271.432829302958,6016.30920627573,86.8191398935027,47.6687327663898,1399.00626633435,367.044028329885,230.750818101454,209.89493283314,33.1934448973508,0.0456222490244365,0
"CH065",NA,NA,"CH","Nidwalden","Switzerland","CH","CH","CHE",15500.0631999512,180.663708375425,20.5639099263158,2639.40094455941,376.268965119202,280.790201939514,508.456087013751,303.562755257705,443.708798115744,92.612945989007,172.137234360872,356.276682209881,7009.00627616644,113.956868050948,62.568916216848,1836.30444497232,481.773811127185,302.878381003214,275.50341082357,43.5689759765391,0.0598827472679705,0
"CH066",NA,NA,"CH","Zug","Switzerland","CH","CH","CHE",102626.403260044,393.405321200269,102.226712584153,13120.9134216508,2822.64722324633,2106.39663988301,3533.31396102243,2277.22891771771,2990.62122705255,694.752156212822,1291.3174660368,2672.67162846807,47241.0802739595,854.867307676981,469.371630384313,13775.3578507171,3614.11021443169,2272.09496496536,2066.73685487104,326.84026709698,0.449220865831309,0
"CH070",NA,NA,"CH","Ticino","Switzerland","CH","CH","CHE",153575.081722121,811.767127384003,154.55061825142,19836.7455049498,4199.92870619985,3134.19106774276,5272.9559634183,3388.37918651104,4468.62528961371,1033.74927640323,1921.40245148584,3976.77407300621,70588.2390291668,1271.99095796854,698.396656901275,20496.9010646901,5377.57786802148,3380.74017467728,3075.17970132698,486.318590866584,0.668413535453777,0
"CY000",NA,NA,"CY","K├¢pros","Cyprus","CY","CY","CYP",104479.994718889,3004.79936181751,503.242531820155,8599.25223428942,3487.28898429461,2862.00824133159,4128.19933556235,4902.62190839491,1750.80847997746,6253.70292657672,2061.6578453084,732.516502318286,48783.8686056496,475.508878644267,156.48809141824,10260.380139899,2393.66333826012,1154.74331263989,2251.27932375082,717.964676936047,0,0
"CZ010",NA,NA,"CZ","Hlavn├¡ m─østo Praha","Czechia","CZ","CZ","CZE",420486.452198706,1636.56185657815,3828.588324994,32576.4448827715,24789.838197782,12309.6728272198,12555.1906169442,18388.7965537325,30167.2439486004,5868.92699218285,8657.11619322367,6010.83513443542,123703.333543287,7421.11884083622,2369.33287980812,77683.1792775793,30881.8150932058,10764.5126104135,7651.13496539541,3222.80945971664,0,0
"CZ020",NA,NA,"CZ","St┼Öedo─ìesk├¢ kraj","Czechia","CZ","CZ","CZE",195716.319402087,4572.48322971385,6240.86799286284,53101.8942054754,6986.34679120271,3469.14903482092,4513.40918696829,5182.38597494127,13019.7852575011,1653.99866398919,2439.77453402696,1693.99164362713,53388.7298791626,2091.44204117673,667.732521288483,21892.9073254258,8703.20605005956,3033.68733327804,2156.265877497,908.261859069479,0,0
"CZ031",NA,NA,"CZ","Jiho─ìesk├¢ kraj","Czechia","CZ","CZ","CZE",81777.9838705757,3289.70148918252,2231.55386555002,18987.701296963,3144.72310133902,1561.54760675876,1948.05703714356,2332.71685224311,5473.45059808852,744.504669418973,1098.20133018223,762.506473611858,22444.3467928883,941.408478359812,300.562503976381,9854.5253305252,3917.52283980511,1365.53579779521,970.58724971002,408.830557034116,0,0
"CZ032",NA,NA,"CZ","Plze┼êsk├¢ kraj","Czechia","CZ","CZ","CZE",81183.8412690555,2573.78493308946,2338.52669560341,19897.9047992405,3070.39640504451,1524.63985018472,1920.61355966601,2277.58222466845,5430.26441976734,726.908025558603,1072.24493462425,744.484350435859,22267.2582185913,919.157939980033,293.45859777203,9621.60997112311,3824.93073520392,1333.26085299044,947.647060252387,399.167695259212,0,0
"CZ041",NA,NA,"CZ","Karlovarsk├¢ kraj","Czechia","CZ","CZ","CZE",28058.1913431809,668.540069264345,632.584728200578,5382.49604883843,1247.08851262679,619.255819846113,718.282911473432,925.074894004059,1919.21850626838,295.24482471416,435.508697995882,302.383718184922,7869.91769708485,373.330071112491,119.192702809251,3907.96421212885,1553.55418395782,541.524309814736,384.901363525459,162.128071330339,0,0
"CZ042",NA,NA,"CZ","├Üsteck├¢ kraj","Czechia","CZ","CZ","CZE",88880.8581592098,1587.88682695352,2577.41172387844,21930.5142877347,3459.92893493027,1718.06660675314,2134.21396077687,2566.53265613075,5979.89293868413,819.128796050937,1208.27762452551,838.934979680074,24521.05641495,1035.76891475083,330.688862183184,10842.2764842378,4310.188906909,1502.40789609202,1067.8723693403,449.808974648259,0,0
"CZ051",NA,NA,"CZ","Libereck├¢ kraj","Czechia","CZ","CZ","CZE",52711.2296713221,826.563022429417,1625.45680434787,13830.5817970772,1971.43443349359,978.937929445331,1242.61650027269,1462.38577385229,3530.35949390313,466.731757897655,688.465040469812,478.017132001261,14476.5374903354,590.17122665938,188.423352600993,6177.82549886823,2455.90443785047,856.057657602776,608.463468205971,256.29685400862,0,0
"CZ052",NA,NA,"CZ","Kr├ílov├®hradeck├¢ kraj","Czechia","CZ","CZ","CZE",78573.8203861578,2107.55315070242,2515.73875136976,21405.7552854231,2769.83600987475,1375.39320727236,1801.19265281295,2054.63022656381,5216.49634561339,655.75116677157,967.283125543198,671.606949264768,21390.6841628696,829.181781458632,264.73200339242,8679.75279257154,3450.50914866836,1202.74825592616,854.882108325343,360.093261733625,0,0
"CZ053",NA,NA,"CZ","Pardubick├¢ kraj","Czechia","CZ","CZ","CZE",67260.5012650812,2074.95609795647,2010.67247908531,17108.2800322573,2480.24675725178,1231.59440852155,1572.90733067425,1839.81648683122,4485.91158010121,587.19169624154,866.152662800194,601.389740086823,18394.8595829451,742.489958720704,237.053995476254,7772.275557388,3089.75480726719,1076.99966745901,765.503289525929,322.445134491346,0,0
"CZ063",NA,NA,"CZ","Vyso─ìina","Czechia","CZ","CZ","CZE",67690.4769899332,3606.89284372295,2041.06579744291,17366.888735057,2338.09784846664,1161.00876992517,1533.47266914345,1734.37217762961,4463.78857207682,553.538327428787,816.511369852869,566.922647222787,18304.1423187069,699.936072859357,223.46786067673,7326.82774618542,2912.67352574449,1015.27422540626,721.630454309276,303.965028075721,0,0
"CZ064",NA,NA,"CZ","Jihomoravsk├¢ kraj","Czechia","CZ","CZ","CZE",175539.016081801,4562.43608067551,3639.41464746444,30966.8161224575,8066.21527993169,4005.36987202943,4569.51425664206,5983.41911543996,12059.7339288459,1909.65460135131,2816.88659525711,1955.82923211138,49451.9582625822,2414.71290415675,770.942872876949,25276.859117965,10048.4467381126,3502.59954931466,2489.5564575413,1048.6504470449,0,0
"CZ071",NA,NA,"CZ","Olomouck├¢ kraj","Czechia","CZ","CZ","CZE",77026.1362736086,2221.68442668176,1993.06115526202,16958.4299383998,3146.12686876719,1562.24466325539,1890.40341586093,2333.75814962631,5204.72741681099,744.837007552213,1098.69155434735,762.846847538889,21342.4246756068,941.82871203888,300.69667154523,9858.92427479893,3919.27157595276,1366.14535692432,971.020508449641,409.013054189227,0,0
"CZ072",NA,NA,"CZ","Zl├¡nsk├¢ kraj","Czechia","CZ","CZ","CZE",77989.4325271734,1742.03870703026,2586.30785613154,22006.2091228574,2697.79134347012,1339.61861829313,1773.69926974471,2001.18838064588,5170.500739672,638.694787301421,942.123661282444,654.138153840665,21202.0752931635,807.614394573266,257.846206253874,8453.98856241996,3360.7598712181,1171.46423890926,832.646244508852,350.727075857036,0,0
"CZ080",NA,NA,"CZ","Moravskoslezsk├¢ kraj","Czechia","CZ","CZ","CZE",144605.047404896,2173.84471356481,4098.69021429108,34874.6703806599,5756.38809009122,2858.39921544416,3510.18001296064,4270.01776407267,9760.91938876374,1362.8092757152,2010.24791495683,1395.76142059942,40025.4749454298,1723.23997315817,550.177030683858,18038.6222945936,7170.99124184016,2499.60131614594,1776.65145851671,748.360753407662,0,0
"DE111",NA,NA,"DE","Stuttgart, Stadtkreis","Germany","DE","DE","DEU",312024.076457837,301.022655045207,866.237742848069,46167.9930971791,6342.10312214244,9806.82330360382,9027.85202517861,5958.73208679673,9606.76694075308,1645.96812204137,2136.83967054808,5398.7683210564,151432.109927729,3074.83504217248,1564.41723606393,26120.3109453578,9838.85988037366,15087.6970221472,5850.34166872545,1796.39764807395,0,0
"DE112",NA,NA,"DE","B├Âblingen","Germany","DE","DE","DEU",142534.147024302,375.510046923194,692.705715576968,36919.232576943,1848.10081617112,2857.7268143369,3923.60860510232,1736.38577312095,4357.79644578049,479.638216401109,622.679111820038,1573.21127523588,68692.2368878001,896.012732935644,455.874134355803,7611.50789368624,2867.06233325474,4396.58337995512,1704.80060078225,523.473664119774,0,0
"DE113",NA,NA,"DE","Esslingen","Germany","DE","DE","DEU",124473.232999493,538.652764842451,365.876776631135,19500.1852983068,2443.42938947751,3778.28613252566,3576.80409375782,2295.72758822996,3820.09754423196,634.144038039602,823.262686062226,2079.98970193236,60216.4531335485,1184.64524545629,602.724834078773,10063.4023441451,3790.62890143214,5812.85444488217,2253.96788676304,692.100195149363,0,0
"DE114",NA,NA,"DE","G├Âppingen","Germany","DE","DE","DEU",46327.7743534661,531.764416326236,126.798407323688,6757.99229759502,930.060842356039,1438.15736939727,1328.4004692367,873.839998701878,1414.21714983117,241.378998195766,313.364646662886,791.722070055304,22292.3995362508,450.920398857017,229.419671100902,3830.50826083612,1442.8554900369,2212.59035549876,857.944690537819,263.43928466582,0,0
"DE115",NA,NA,"DE","Ludwigsburg","Germany","DE","DE","DEU",134801.075177362,1064.83738931407,465.676945353636,24819.2487294714,2385.21060254461,3688.26215382249,3815.19723084868,2241.02804344643,4119.1481901381,619.034497000937,803.647077313284,2030.43047267822,64930.4084698344,1156.41909354321,588.363908059995,9823.62497246545,3700.31083564128,5674.35347740757,2200.26333662619,675.609751852277,0,0
"DE116",NA,NA,"DE","Rems-Murr-Kreis","Germany","DE","DE","DEU",83063.0946208353,815.574080578717,224.582750020637,11969.6179695518,1682.29084675709,2601.33409401953,2387.28371906683,1580.59877848684,2539.32110804152,436.605500168649,566.81289306064,1432.06415212107,40027.4884928771,815.623263626039,414.973510530102,6928.61014265254,2609.83203844323,4002.12581066139,1551.84739985333,476.508070318145,0,0
"DE117",NA,NA,"DE","Heilbronn, Stadtkreis","Germany","DE","DE","DEU",39498.6327320747,218.954813292697,64.9072488992966,3459.37064493067,952.902203777769,1473.47707189385,1167.13773801366,895.300632593905,1215.24746833028,247.307024284294,321.06056807496,811.165969985423,19156.027136759,461.994551572266,235.053988111384,3924.58170165859,1478.29057366409,2266.92935536479,879.014951604596,269.909089263217,0,0
"DE118",NA,NA,"DE","Heilbronn, Landkreis","Germany","DE","DE","DEU",110094.842283918,1492.98541636445,438.510850097394,23371.3735836207,1721.30664625631,2661.66440470178,3061.07727556881,1617.25612887844,3343.63431853982,446.731283523932,579.958454799776,1465.27667772976,52705.931434156,834.539251775104,424.597603364907,7089.2989228686,2670.35943400913,4094.94337458052,1587.8379463886,487.559276693745,0,0
"DE119",NA,NA,"DE","Hohenlohekreis","Germany","DE","DE","DEU",32570.2104770086,1165.1598649842,114.748402678484,6115.76152910917,535.038980442329,827.333242724971,895.761887162758,502.696641642074,972.147469385825,138.858843651235,180.270250527328,455.456406575517,15324.0255913253,259.402373993023,131.97896452483,2203.58834725472,830.035945131677,1272.84370444381,493.552498499383,151.54953295206,0,0
"DE11A",NA,NA,"DE","Schw├ñbisch Hall","Germany","DE","DE","DEU",51492.2131109954,2044.47304982248,140.343029619817,7479.88191027292,982.262260026922,1518.87666226223,1437.49462082213,922.885915562765,1535.21969405929,254.926849398573,330.952828057879,836.158963402537,24199.770735333,476.229156096412,242.296282530663,4045.50275636733,1523.83847377734,2336.77615928916,906.098453269974,278.22531102397,0,0
"DE11B",NA,NA,"DE","Main-Tauber-Kreis","Germany","DE","DE","DEU",29595.0246704253,1020.35189713564,83.0085820279867,4424.11990670658,562.032929833126,869.074111147264,828.85559415396,528.058845517745,886.075453785991,145.864592269564,189.365300041997,478.435231741955,13967.2666516737,272.489821471393,138.637607388734,2314.76445684353,871.913171117909,1337.06160219725,518.453359283731,159.19555608728,0,0
"DE11C",NA,NA,"DE","Heidenheim","Germany","DE","DE","DEU",27028.1784148888,532.002397946579,89.0030024308313,4743.60536213156,481.806585835155,745.019745469202,759.185539996083,452.682068921654,818.226539181115,125.043422662979,162.334702907842,410.141885489316,12897.7596720325,233.593769313381,118.848040281471,1984.34771481359,747.453549110999,1146.20523355671,444.447699933575,136.471482874348,0,0
"DE11D",NA,NA,"DE","Ostalbkreis","Germany","DE","DE","DEU",77742.4200177534,1364.71577321553,297.684901132171,15865.7534540318,1245.95436912087,1926.62498653821,2160.95159421506,1170.63821495496,2354.22818953922,323.362949733674,419.798396896895,1060.62907649778,37109.8564368123,604.074718013505,307.341658257899,5131.53364402728,1932.91881557714,2964.0927721727,1149.34409337324,352.915973643157,0,0
"DE121",NA,NA,"DE","Baden-Baden, Stadtkreis","Germany","DE","DE","DEU",16900.7035101271,142.19790797433,29.2135811731159,1557.00028667633,400.894204053882,619.904556403241,497.140644746696,376.660724542071,518.63667818505,104.044205443466,135.072959618756,341.26454383638,8175.30465221362,194.365106194032,98.8892470812046,1651.10548731376,621.929638256595,953.716799019275,369.809197604888,113.553089790441,0,0
"DE122",NA,NA,"DE","Karlsruhe, Stadtkreis","Germany","DE","DE","DEU",112635.408904891,163.393727912092,193.943491627829,10336.6331664065,2703.30171922254,4180.12791437995,3334.95214886187,2539.89100845502,3476.33959841895,701.588789776223,910.821259737601,2301.20819591242,54797.7736381547,1310.63886785597,666.827978414257,11133.7012541921,4193.78340553044,6431.08390285858,2493.68993006253,765.70890711174,0,0
"DE123",NA,NA,"DE","Karlsruhe, Landkreis","Germany","DE","DE","DEU",93840.419793704,921.538554278759,248.236546173369,13230.2976230508,1919.77311266457,2968.55401691276,2700.60809794641,1803.72558211252,2869.24555166544,498.239351228108,646.827600653618,1634.2229170137,45228.109567878,930.761535433287,473.55366018867,7906.69430654043,2978.25158213995,4567.0898938904,1770.91548642719,543.774807506006,0,0
"DE124",NA,NA,"DE","Rastatt","Germany","DE","DE","DEU",56985.6699029747,530.000526921718,251.244909256138,13390.6347674269,814.899748013277,1260.08323816372,1575.16173947794,765.64022730191,1734.80137867879,211.491201271463,274.56351237729,693.690225416067,27345.7901809231,395.086969226432,201.012690412619,3356.21077069621,1264.19963265214,1938.62513186242,751.713092616105,230.819960280399,0,0
"DE125",NA,NA,"DE","Heidelberg, Stadtkreis","Germany","DE","DE","DEU",50360.4863710552,170.415611867162,62.1356566063204,3311.65270616988,1291.17256979696,1996.54609876186,1504.50190012019,1213.12304027026,1553.8869050312,335.09844431891,435.033728643256,1099.12144797829,24494.0232306186,625.997809660721,318.495707815133,5317.76736481389,2003.0683435691,3071.66568584948,1191.05611200575,365.724007158263,0,0
"DE126",NA,NA,"DE","Mannheim, Stadtkreis","Germany","DE","DE","DEU",113013.324402339,81.811928637658,301.282272742727,16057.4830675882,2341.73037873264,3621.02848323829,3278.711051203,2200.17613678711,3481.23579503773,607.750060126382,788.99732070473,1993.4175685378,54874.9527129857,1135.33862335158,577.638568176781,9644.5492078382,3632.85752852622,5570.91516511652,2160.15453356296,663.293999445026,0,0
"DE127",NA,NA,"DE","Neckar-Odenwald-Kreis","Germany","DE","DE","DEU",25177.8161056582,839.683964714125,66.782610778111,3559.32206703235,492.629138961144,761.754709274802,708.418227404125,462.850414237223,754.858551757738,127.852203457205,165.981136970934,419.354674345672,11898.8858473028,238.840856116713,121.517657650102,2028.92101288667,764.243182092957,1171.95180364966,454.431081202465,139.536965823341,0,0
"DE128",NA,NA,"DE","Rhein-Neckar-Kreis","Germany","DE","DE","DEU",109667.154028267,1027.11804414399,198.988001699272,10605.4911191797,2564.51435072433,3965.52036647016,3216.91993514507,2409.49313727803,3361.96986330552,665.569258101865,864.059744028005,2183.06428781435,52994.9558528463,1243.35073711283,632.593064972294,10562.097615676,3978.4747854211,6100.91239254503,2365.66401982733,726.397451975967,0,0
"DE129",NA,NA,"DE","Pforzheim, Stadtkreis","Germany","DE","DE","DEU",28377.9951674701,109.346258890747,69.548408804375,3706.73118795673,606.124719440811,937.253448741538,824.874209980885,569.485349697773,872.412763126504,157.307749017462,204.221111018993,515.968736380436,13751.9007448482,293.866796450635,149.513803234611,2496.35898984144,940.315234513936,1441.95481347955,559.126307834491,171.684534210969,0,0
"DE12A",NA,NA,"DE","Calw","Germany","DE","DE","DEU",25801.3769728491,430.376564591739,63.123891889444,3364.32281908787,539.282440057389,833.894923895934,741.084022954114,506.683590211075,784.853571364945,139.960150129393,181.69999594004,459.068687060437,12371.6993478755,261.459725958631,133.025705839894,2221.06527604234,836.619061766099,1282.93878359416,497.466923750348,152.751490839748,0,0
"DE12B",NA,NA,"DE","Enzkreis","Germany","DE","DE","DEU",33789.1689873392,346.978871351205,121.528655387572,6477.12959792718,578.106175706323,893.928245360801,951.010842029064,543.160486736602,1030.08399350771,150.036087090052,194.780845761588,492.117716710357,16237.282896698,280.28259599753,142.602421961953,2380.96303041186,896.848497920945,1375.29943264983,533.280298908116,163.74829522246,0,0
"DE12C",NA,NA,"DE","Freudenstadt","Germany","DE","DE","DEU",26296.2761805691,363.030540346306,98.181501927413,5232.79312253484,433.865642890975,670.888444320806,735.248750080612,407.639087202323,799.011872965087,112.601293875885,146.181999813352,369.331756883085,12594.8776031122,210.35061345789,107.02236731296,1786.90022577109,673.080078500916,1032.15498742109,400.224058226283,122.892233926047,0,0
"DE131",NA,NA,"DE","Freiburg im Breisgau, Stadtkreis","Germany","DE","DE","DEU",68638.5523502957,215.674158019383,90.0244141823545,4798.04368588625,1741.71565661982,2693.22295154053,2047.51780629273,1636.43144384426,2117.83842282487,452.028040737396,586.834846138968,1482.65001848007,33383.6287309,844.434130340333,429.631928251899,7173.35458808169,2702.0210751708,4143.49587506121,1606.66445889518,493.340119027972,0,0
"DE132",NA,NA,"DE","Breisgau-Hochschwarzwald","Germany","DE","DE","DEU",45098.5868288883,1894.90216961242,100.090967949252,5334.56219787632,936.402679518404,1447.96378144605,1271.08310444989,879.798480905785,1343.85481652794,243.024897293178,315.501396723821,797.120611975876,21183.2733695334,453.995104954196,230.984022732221,3856.62747641107,1452.69393731897,2227.67741980957,863.794786869069,265.235606980916,0,0
"DE133",NA,NA,"DE","Emmendingen","Germany","DE","DE","DEU",30535.832086815,821.025592452745,94.4070649782154,5031.62643307225,557.757791986759,862.463445781151,855.764169172542,524.042133621074,919.369110118066,144.755064329553,187.924881308457,474.795984897713,14492.0767836014,270.417110982939,137.583051951114,2297.15705946592,865.280910268534,1326.89116136529,514.509712105428,157.984625355865,0,0
"DE134",NA,NA,"DE","Ortenaukreis","Germany","DE","DE","DEU",99114.4219778247,2346.07852819662,273.694684508002,14587.1435520171,1936.79269793527,2994.8714801006,2807.6841566107,1819.71635786993,2994.88816105288,502.656449825598,652.561995740281,1648.71098130837,47208.6224244618,939.013122672685,477.751909891548,7976.79043252107,3004.65501826762,4607.57904095433,1786.61538707151,548.595596818741,0,0
"DE135",NA,NA,"DE","Rottweil","Germany","DE","DE","DEU",33766.7155495806,655.396941913361,137.191157811355,7311.89616144393,511.21144798818,790.48861941336,931.738376253546,480.309449341775,1020.301728793,132.674876268317,172.242059307678,435.173020306807,16083.0844036195,247.850097035758,126.101387048362,2105.45330517538,793.070959133115,1216.15862955147,471.572533289936,144.800395885745,0,0
"DE136",NA,NA,"DE","Schwarzwald-Baar-Kreis","Germany","DE","DE","DEU",46127.8191927071,692.210788299417,143.11558464455,7627.65115988165,860.984518955701,1331.34433198629,1307.24734645337,808.939239954125,1402.60660090518,223.451597124689,290.090816941935,732.920272082834,22109.3816768476,417.430199204753,212.380498313862,3546.01351021002,1335.69351964659,2048.25959347923,794.224488370114,243.873449405159,0,0
"DE137",NA,NA,"DE","Tuttlingen","Germany","DE","DE","DEU",38674.6930022638,386.685955097087,187.255114517264,9980.16180410281,493.420313918629,762.978106759969,1057.35965152202,463.593763803548,1175.29576741131,128.057537355739,166.247706908846,420.028168644744,18526.265802621,239.22444062124,121.712818106561,2032.17951176373,765.470576128917,1173.83398812698,455.160909105274,139.761065748156,0,0
"DE138",NA,NA,"DE","Konstanz","Germany","DE","DE","DEU",56301.6439543607,1111.04730654739,131.676372263801,7017.97387140979,1191.69490514727,1842.72332718493,1616.43648006724,1119.65865773788,1708.80506556299,309.280973092867,401.516799627267,1014.44025402413,26936.0085582663,577.768160396517,293.957385087768,4908.06296822406,1848.74306930827,2835.01093019514,1099.29186355389,337.547006663162,0,0
"DE139",NA,NA,"DE","L├Ârrach","Germany","DE","DE","DEU",43278.4090755283,639.806485104256,120.723081939154,6434.19483814225,855.619829871737,1323.04888851715,1235.60524091945,803.898838629098,1317.33130521375,222.059297591426,288.283296591983,728.353535635786,20765.1814864086,414.829242760488,211.057181441297,3523.91873434473,1327.37097692183,2035.49713882372,789.275772859939,242.353903811611,0,0
"DE13A",NA,NA,"DE","Waldshut","Germany","DE","DE","DEU",29113.7003786763,709.69547875372,75.7986758558439,4039.85253769033,584.249545629519,903.427766602442,827.167896070588,548.932498761227,879.575002148009,151.630477919205,196.850726416304,497.347311733826,13864.7995976592,283.261079436394,144.117817345829,2406.26484742049,906.379051856059,1389.91434860295,538.947316986487,165.488401787859,0,0
"DE141",NA,NA,"DE","Reutlingen","Germany","DE","DE","DEU",64553.6079357595,617.852814098459,199.518378551896,10633.7586878385,1220.51022840167,1887.28059441155,1839.43305416892,1146.73213604004,1971.8010884732,316.759423472751,411.225523163262,1038.96953892391,31081.6324604084,591.738662608125,301.065309303718,5026.74050923848,1893.4458946089,2903.56182860921,1125.87287037234,345.708933066087,0,0
"DE142",NA,NA,"DE","T├╝bingen, Landkreis","Germany","DE","DE","DEU",42250.1614731122,254.273776311729,81.7751218579015,4358.38000898415,975.301227049213,1508.11278486884,1239.83770284846,916.345667042253,1298.3734571367,253.120250206297,328.607452852163,830.233325865885,20466.3476589927,472.8542459574,240.579192826915,4016.83334775368,1513.03943333739,2320.21604437047,899.677173056998,276.253601793058,0,0
"DE143",NA,NA,"DE","Zollernalbkreis","Germany","DE","DE","DEU",37096.0555066127,477.651757029822,124.903529721371,6657.00074327167,660.958250151793,1022.04279013807,1047.02633837566,621.004272141517,1129.16051745097,171.538713388593,222.696128129698,562.646237965134,17799.0327712981,320.451678227078,163.039682411663,2722.19399201953,1025.38156267375,1572.40234517191,609.708091729141,187.216105317231,0,0
"DE144",NA,NA,"DE","Ulm, Stadtkreis","Germany","DE","DE","DEU",54055.2171145855,130.419858493509,119.050153548739,6345.03254174217,1204.46173187403,1862.46473022517,1582.12031654454,1131.65374810431,1664.87560187785,312.594351858106,405.818316220634,1025.30812204289,26243.5454835545,583.957887280603,297.106599693164,4960.64386725171,1868.54896285217,2865.38287620072,1111.06876104964,341.16320417109,0,0
"DE145",NA,NA,"DE","Alb-Donau-Kreis","Germany","DE","DE","DEU",36741.804429922,1272.44563324264,131.754600836914,7022.14323051853,597.02433277046,923.181478867851,1010.11989156574,560.93506834622,1097.52793886804,154.945922653372,201.154925105578,508.221956121735,17300.4063190473,289.454665759536,147.268995559971,2458.87853186487,926.19729483645,1420.30523222514,550.731557652459,169.106854079262,0,0
"DE146",NA,NA,"DE","Biberach","Germany","DE","DE","DEU",60373.510350585,1381.28003631819,259.30255995703,13820.0844941442,857.238316556033,1325.55156194053,1651.08839563864,805.41949011521,1817.80822858919,222.479343976196,288.828612000239,729.731285961025,28654.2327087691,415.613931920584,211.456416271839,3530.58456343021,1329.88182598851,2039.34747620499,790.768763419546,242.81233938371,0,0
"DE147",NA,NA,"DE","Bodenseekreis","Germany","DE","DE","DEU",59721.5295531224,1117.49197362326,241.063663400402,12848.0034952743,911.222360423918,1409.02733791427,1650.08024729236,856.140275976847,1805.74069444532,236.489840745824,307.017412196622,775.685654766368,28464.0113608066,441.786957903655,224.772751101605,3752.92090592738,1413.63029761737,2167.77410097324,840.566928981367,258.103293751703,0,0
"DE148",NA,NA,"DE","Ravensburg","Germany","DE","DE","DEU",74440.2942355213,1884.92656077004,174.559924261471,9303.54448866494,1558.68240060663,2410.1977837318,2125.63262401712,1464.46228557737,2248.78906487081,404.525359234265,525.165599369224,1326.84142861123,35447.8124613583,755.694313495135,384.48280737428,6419.52175560786,2418.07133094873,3708.06455858473,1437.82345082675,441.496037610649,0,0
"DE149",NA,NA,"DE","Sigmaringen","Germany","DE","DE","DEU",27370.7807575849,906.063342353775,78.2413585865034,4170.04053790018,516.024742648353,797.931439142307,766.620209007455,484.831787244898,820.30906648319,133.924072224304,173.863798780817,439.27037763935,12930.5866892048,250.183721514006,127.288690531703,2125.27713187356,800.538092797192,1227.60933133168,476.012609045871,146.163759274908,0,0
"DE211",NA,NA,"DE","Ingolstadt, Kreisfreie Stadt","Germany","DE","DE","DEU",100591.022324066,144.129816047205,633.769439756286,33778.0977121465,801.201842327563,1238.90210343568,2677.68750365532,752.770340363867,3066.48359909693,207.936179275889,269.948288104057,682.029768646976,48337.1861036968,388.44582833111,197.633804995589,3299.79517023682,1242.94930415688,1906.03817342864,739.077311257139,226.940035106769,0,0
"DE212",NA,NA,"DE","M├╝nchen, Kreisfreie Stadt","Germany","DE","DE","DEU",654280.119971035,316.61721078901,1133.16868953638,60394.6487767281,15703.2680631786,24282.0358197984,19385.0128575292,14754.0280366843,20208.8959252886,4075.4743570191,5290.88939558514,13367.5382635384,318554.178335925,7613.39858204297,3873.55152501368,64674.7990010561,24361.3594988926,37357.66294427,14485.6495890822,4447.94309907712,0,0
"DE213",NA,NA,"DE","Rosenheim, Kreisfreie Stadt","Germany","DE","DE","DEU",18227.9701945485,127.410873296286,21.5215052102086,1147.03464746177,468.310240193754,724.150283967153,543.405820850984,440.001558012404,560.84978642001,121.540711612406,157.787390097161,398.653008393573,8840.71270114944,227.050350557769,115.518874019326,1928.7622508137,726.515912004591,1114.09778118295,431.99784981907,132.648649485979,0,0
"DE214",NA,NA,"DE","Alt├Âtting","Germany","DE","DE","DEU",29696.2328550086,741.479710374349,122.824883988993,6546.21487343829,435.897950095252,674.031010322517,813.529451792629,409.548544351651,892.958900924009,113.12873923715,146.866743434388,371.061775386695,14075.7708893756,211.335934776043,107.523679946658,1795.27039810822,676.232910523932,1036.989792968,402.09878200353,123.467883960683,0,0
"DE215",NA,NA,"DE","Berchtesgadener Land","Germany","DE","DE","DEU",20441.116395456,599.292047047174,29.7372797028468,1584.9119198339,488.732176023499,755.728817513953,593.360318138665,459.189017118572,616.956996311341,126.840823376401,164.66813640323,416.037352055117,9725.13440393469,236.951495762908,120.556387252799,2012.87115029165,758.197605166176,1162.68103100889,450.836285561886,138.43315295228,0,0
"DE216",NA,NA,"DE","Bad T├Âlz-Wolfratshausen","Germany","DE","DE","DEU",21493.2460433805,859.964322282827,42.4699759123589,2263.52819528789,466.186320297394,720.866056837214,610.361155258917,438.006026026801,641.981314572281,120.989489978849,157.071779485949,396.845003819681,10119.5944066731,226.020612756551,114.994963128902,1920.01476641499,723.220956079881,1109.04503144388,430.038616922442,132.047050200531,0,0
"DE217",NA,NA,"DE","Dachau","Germany","DE","DE","DEU",25596.2754783597,762.257051672013,37.0265046903932,1973.40675475343,612.289437720281,946.785981044929,742.820128433639,575.277419601161,772.269654225056,158.907680392583,206.298184558105,521.216504370717,12173.3382202035,296.855630190133,151.034464653409,2521.74873126461,949.878907350148,1456.62051661244,564.81301893517,173.430687687978,0,0
"DE218",NA,NA,"DE","Ebersberg","Germany","DE","DE","DEU",25172.4976315519,691.757359786003,32.5966105027207,1737.30606996306,617.652904881769,955.079535049713,734.581896374585,580.316672867172,761.261494904452,160.299662799902,208.105293206707,525.782200646038,11999.8158684466,299.455994211037,152.357480112303,2543.83847457298,958.199554438119,1469.38006434641,569.760607269731,174.949887172575,0,0
"DE219",NA,NA,"DE","Eichst├ñtt","Germany","DE","DE","DEU",27113.8145765039,1072.6434554203,52.8888915586844,2818.82658722602,590.952216802858,913.792137946326,770.752291083162,555.230003077797,810.227066159758,153.370024386894,199.109051988436,503.053016623856,12771.6634436754,286.510728299401,145.771176509075,2433.87017830841,916.777281154549,1405.85982756392,545.130268556644,167.386930162392,0,0
"DE21A",NA,NA,"DE","Erding","Germany","DE","DE","DEU",24670.9136057707,1430.75781444664,24.9758270124262,1331.14011554709,602.028645211731,930.919670272565,704.101825058917,565.636877279609,727.663296207041,156.244693517301,202.84102404506,512.481918937899,11470.2052148421,291.880901183347,148.503417720412,2479.48907611435,933.960765085834,1432.21036029763,555.347839828048,170.524323162718,0,0
"DE21B",NA,NA,"DE","Freising","Germany","DE","DE","DEU",50607.3791874698,930.332225618491,62.1988251537329,3315.01940900057,1270.38289672477,1964.39893142129,1491.47042629267,1193.5900731104,1542.35875764712,329.702893586691,428.029080925801,1081.42406491377,24312.3042722328,615.918374803458,313.367484218025,5232.14391867313,1970.81615902138,3022.20759876674,1171.87845306344,359.835342295543,0,0
"DE21C",NA,NA,"DE","F├╝rstenfeldbruck","Germany","DE","DE","DEU",32853.9359140734,441.075249452172,39.7213245233821,2117.03294106865,833.027709657688,1288.11458884936,973.093947785288,782.672379671308,1005.45520264797,216.195957156007,280.671351818233,709.121804368083,15849.0576188434,403.875929392151,205.484345178403,3430.8718075539,1292.32255514348,1981.75107725506,768.435427042847,235.954696665983,0,0
"DE21D",NA,NA,"DE","Garmisch-Partenkirchen","Germany","DE","DE","DEU",15355.3582703729,415.486369356081,11.2389519192085,599.003978884064,407.289682857771,629.793914769665,453.919035766969,382.669605827226,465.253869273352,105.704026173855,137.227783114544,346.708748652898,7333.82786431796,197.465819310635,100.466830586391,1677.44562902776,631.851302822357,968.931475388658,375.708776248952,115.364606074605,0,0
"DE21E",NA,NA,"DE","Landsberg a. Lech","Germany","DE","DE","DEU",23840.2298329074,757.32494394666,58.265163790942,3105.36651388789,485.254288208564,750.350943547864,675.050413413885,455.921362632668,716.121243562767,125.938206000876,163.496334477348,413.076770967448,11288.2670669096,235.265315150554,119.698490820339,1998.54727232726,752.80216295532,1154.40722709587,447.628070304107,137.448042907444,0,0
"DE21F",NA,NA,"DE","Miesbach","Germany","DE","DE","DEU",21688.0267743534,635.221318312246,39.5390392015944,2107.31765499679,490.591383848617,758.603719147443,624.357219674771,460.935838497882,653.945331779123,127.323344198509,165.294557790582,417.620018264605,10308.1840102325,237.852893495057,121.015001171719,2020.52840303082,761.081898424663,1167.10403767188,452.551331943288,138.959772671323,0,0
"DE21G",NA,NA,"DE","M├╝hldorf a. Inn","Germany","DE","DE","DEU",23073.7386955882,1081.73580300628,64.6220929714141,3444.17264990125,427.978371721671,661.784929763279,638.52475840189,402.107693129318,683.609200189751,111.073368441078,144.198406304454,364.320168065594,10775.7775523412,207.496294102699,105.570144239121,1762.65316598662,663.946824910272,1018.14932368794,394.793281215324,121.224667209072,0,0
"DE21H",NA,NA,"DE","M├╝nchen, Landkreis","Germany","DE","DE","DEU",217629.030618686,421.287303309948,274.903601554738,14651.5753714911,5568.93779136325,8611.27418726235,6505.95777927006,5232.30349107935,6722.43246507348,1445.30826788557,1876.33770158242,4740.60486733134,105966.152641248,2699.98212561037,1373.69924449185,22935.9857360098,8639.40518728608,13248.3569745064,5137.12694099908,1577.39894133031,0,0
"DE21I",NA,NA,"DE","Neuburg-Schrobenhausen","Germany","DE","DE","DEU",20650.9478951405,992.501358545877,47.5457196035391,2534.05081062325,418.185866570759,646.64273389148,577.537477081933,392.90713086644,612.066808138322,108.531916338691,140.899025471705,355.984216162203,9648.05004063631,202.748604352346,103.154610535665,1722.32217884407,648.755163058972,994.853210717313,385.760078849759,118.450944851825,0,0
"DE21J",NA,NA,"DE","Pfaffenhofen a. d. Ilm","Germany","DE","DE","DEU",25916.5615506787,917.869483254182,65.0020429177718,3464.42289487793,518.209896922311,801.310353272701,730.195130950303,486.88485207782,775.964848370399,134.491186036144,174.6000410413,441.13050848927,12231.5858127051,251.243147512719,127.827706208964,2134.27681352492,803.928045042436,1232.80775604935,478.028328256885,146.782703168253,0,0
"DE21K",NA,NA,"DE","Rosenheim, Landkreis","Germany","DE","DE","DEU",49652.6826641518,1986.41125790555,100.326130005124,5347.09566257683,1069.2160331784,1653.33368266308,1408.58847940911,1004.58345787121,1482.89746166002,277.493990919634,360.250092450381,910.179089982875,23375.0118859495,518.386860502355,263.74531589375,4403.62679642891,1658.73473352441,2543.63690547628,986.309902457063,302.854925297367,0,0
"DE21L",NA,NA,"DE","Starnberg","Germany","DE","DE","DEU",34759.0745089936,275.696691755537,67.2911040996237,3586.42330609909,799.874646067365,1236.84985373833,1018.19900555381,751.5233712136,1066.48727802788,207.591731591279,269.501116942571,680.899981731282,16811.1103057719,387.802365194339,197.306423263519,3294.3290372626,1240.89035024422,1902.88080832796,737.853024702021,226.564107406693,0,0
"DE21M",NA,NA,"DE","Traunstein","Germany","DE","DE","DEU",41114.4209446597,1667.13991697034,134.220657345236,7153.57698619758,705.394747541446,1090.75515096518,1132.37041422729,662.754647012612,1223.0969018774,183.071332261217,237.668081220606,600.473177985769,19279.7582828467,341.995777509865,174.000907905454,2905.20822354281,1094.31839056369,1678.11560722843,650.69901970432,199.802721753775,0,0
"DE21N",NA,NA,"DE","Weilheim-Schongau","Germany","DE","DE","DEU",31401.1926017138,994.262512637672,114.807669621357,6118.92028758169,505.957967908124,782.365138939787,864.380255369376,475.37353459591,940.167774307571,131.311438844639,170.472008517381,430.700951454366,14819.9275185385,245.303057933364,124.805502287696,2083.81654989191,784.920941166434,1203.66073820009,466.726403729087,143.312350188874,0,0
"DE221",NA,NA,"DE","Landshut, Kreisfreie Stadt","Germany","DE","DE","DEU",23808.9853872253,143.007333269595,63.5485597966035,3386.95640342221,488.44168855184,755.27963539698,687.282516627063,458.916089197841,730.224439131752,126.765433066752,164.570262694575,415.790072165551,11510.5766820908,236.81065903415,120.484732219954,2011.6747611855,757.746955677258,1161.98996893111,450.568322249566,138.350872516149,0,0
"DE222",NA,NA,"DE","Passau, Kreisfreie Stadt","Germany","DE","DE","DEU",19402.0395575039,74.94294247767,29.8868621605392,1592.88423682334,476.265593231949,736.451683055253,575.493929724576,447.476021372198,597.927905234506,123.605367019023,160.467780755881,405.425069197106,9425.1775683475,230.907335823318,117.481234323509,1961.52682291791,738.857496859689,1133.02335745203,439.336351333856,134.901999394075,0,0
"DE223",NA,NA,"DE","Straubing, Kreisfreie Stadt","Germany","DE","DE","DEU",14676.7159601236,133.872597750007,30.222520801748,1610.77388196785,330.759339837318,511.454692446796,428.271200449698,310.765412251848,449.724097009928,85.8420809240581,111.442476597561,281.561654141633,7089.03102527201,160.361695335231,81.5889622519772,1362.25107637693,513.125494194885,786.86779615546,305.112533004146,93.687423354531,0,0
"DE224",NA,NA,"DE","Deggendorf","Germany","DE","DE","DEU",27643.3025581775,1093.815277494,51.803577135886,2760.98243393933,609.902909819804,943.095681947239,787.180635342173,573.035153888552,826.219317077192,158.288304016814,205.494093644666,519.184952537157,13023.7503646818,295.698572432449,150.445775805254,2511.919680926,946.176552916424,1450.94302931779,562.611540442808,172.754704812122,0,0
"DE225",NA,NA,"DE","Freyung-Grafenau","Germany","DE","DE","DEU",13790.9436812459,675.413351217993,29.3584082920021,1564.71915771401,287.1867843645,444.078248989653,386.907128926588,269.826755248129,408.625297959517,74.5336811830097,96.761610757268,244.470151902758,6441.18790655349,139.236460083684,70.8408467628048,1182.79503857454,445.528947801606,683.209829264424,264.918557601021,81.3455180489137,0,0
"DE226",NA,NA,"DE","Kelheim","Germany","DE","DE","DEU",22614.9905500275,1449.14060058934,57.5337213732809,3066.38272592855,425.468044903072,657.903199827614,619.0824538675,399.749111965586,660.679082782658,110.421862491121,143.352603921756,362.183231367666,10414.3285777526,206.279215048563,104.950917703769,1752.31424279135,660.052414279214,1012.17732201339,392.477603071004,120.513618349414,0,0
"DE227",NA,NA,"DE","Landshut, Landkreis","Germany","DE","DE","DEU",34406.4995871039,2635.44326294002,110.114182067989,5868.77083062876,552.347329323358,854.097222415046,915.460810057483,518.958725663821,992.41206858178,143.35088516407,186.101938503442,470.190283308371,15643.4578240429,267.793962183338,136.24844403278,2274.87376252096,856.887356425592,1314.01981256461,509.518772261472,156.452114418036,0,0
"DE228",NA,NA,"DE","Passau, Landkreis","Germany","DE","DE","DEU",34162.7827931731,2241.85623622265,81.4697779516124,4342.10605247024,659.840311435283,1020.31411634549,937.325868367782,619.953911216624,997.157882386565,171.248574383545,222.319461942998,561.694583283503,15718.266404517,319.909669200368,162.763918589585,2717.58969809199,1023.64724171195,1569.74279828041,608.676837060095,186.899449715398,0,0
"DE229",NA,NA,"DE","Regen","Germany","DE","DE","DEU",15163.1912843501,684.461355538631,36.7081793969361,1956.44092744756,302.394962111147,467.594724369949,424.09003640366,284.115620467658,450.386399403087,78.4806645863422,101.885689773316,257.416240393961,7099.47094219981,146.609824559533,74.5922735273606,1245.43078006347,469.122245955756,719.389685328141,278.947505769012,85.6532270548085,0,0
"DE22A",NA,NA,"DE","Rottal-Inn","Germany","DE","DE","DEU",23965.2310388089,2024.04164893079,46.2836621236623,2466.78675811542,484.312104921347,748.894041186077,652.401778774412,455.036132973506,689.011136272052,125.693680860553,163.178885425152,412.274729564826,10860.9286321668,234.808517439781,119.466080885391,1994.66683709061,751.340501237428,1152.16579776193,446.7589431331,137.181169946122,0,0
"DE22B",NA,NA,"DE","Straubing-Bogen","Germany","DE","DE","DEU",17310.3378816358,1704.17251709999,39.343014347518,2096.87009116735,320.195543611619,495.11984562934,460.815588317524,300.84018235316,491.075079112582,83.1004553937927,107.8832252874,272.569134260605,7740.8493223127,155.240061361834,78.9831728828243,1318.7434832545,496.737285288821,761.736801943054,295.367844838582,90.6952331726458,0,0
"DE22C",NA,NA,"DE","Dingolfing-Landau","Germany","DE","DE","DEU",35043.4693298817,1724.96166569643,184.95199737495,9857.41225040782,342.93934969799,530.288697860983,910.867341494287,322.209157989898,1028.97243104123,89.0031629138512,115.54627745931,291.929989395655,16219.7612631813,166.266916428663,84.5934257547761,1412.41513690245,532.021025858873,815.843720224399,316.348114930367,97.1374052683913,0,0
"DE231",NA,NA,"DE","Amberg, Kreisfreie Stadt","Germany","DE","DE","DEU",14385.7859609756,117.104210926898,47.6141824099086,2537.6996823077,261.711542152878,404.68576448185,408.418175641364,245.89145488139,439.674885633384,67.9220831414681,88.1782580229742,222.784138923379,6930.62463410577,126.885325775155,64.5568259512193,1077.87381052754,406.007777345763,622.60489606603,241.418644691819,74.1296679891291,0,0
"DE232",NA,NA,"DE","Regensburg, Kreisfreie Stadt","Germany","DE","DE","DEU",71195.7154983829,512.203162251603,213.375834680688,11372.3214486749,1375.69306604012,2127.24053185861,2037.6380025414,1292.53439376871,2179.51099852331,357.034076678725,463.511151016952,1171.07022724118,34355.7776671955,666.975791037737,339.34452067373,5665.86981610002,2134.18972452753,3272.73773007816,1269.0229585722,389.664396921897,0,0
"DE233",NA,NA,"DE","Weiden i. d. Opf, Kreisfreie Stadt","Germany","DE","DE","DEU",13110.233851223,60.1416220439521,16.7642455540579,893.486319903875,333.485271787922,515.669813592318,390.851902279755,313.326565526664,404.072784438478,86.5495429452737,112.360922642837,283.882126511264,6369.42633138287,161.683305993851,82.2613724676002,1373.47798152092,517.354385146184,793.352716785356,307.627098436085,94.4595422637583,0,0
"DE234",NA,NA,"DE","Amberg-Sulzbach","Germany","DE","DE","DEU",16637.7161453164,1048.6413028002,38.943732223208,2075.58949642166,325.508868628652,503.335864604929,458.138031624288,305.832324495415,486.779555400396,84.4794243937681,109.673439583865,277.092146616125,7673.13869469028,157.81611502072,80.2938196946737,1340.62671330071,504.98014405896,774.37706283022,300.269179009277,92.200229919029,0,0
"DE235",NA,NA,"DE","Cham","Germany","DE","DE","DEU",27860.1389366589,1237.75478624303,76.6782345739676,4086.73050065393,524.001777382129,810.266364736268,773.713074202878,492.32662167288,827.254829787282,135.99435468855,176.551494635677,446.060895167569,13040.0732208012,254.051218692727,129.256399096174,2158.13100126914,812.913313681331,1246.58648778601,483.371111075418,148.423250512811,0,0
"DE236",NA,NA,"DE","Neumarkt i. d. OPf.","Germany","DE","DE","DEU",29254.5344175887,801.698335371319,68.2587829228165,3637.9978185217,611.504937235255,945.572904327304,833.931815634097,574.540341045009,882.248760513338,158.704078722095,206.033863444796,520.548691772144,13906.9462296319,296.475281662917,150.840950600289,2518.51772158044,948.661867797241,1454.75421053008,564.089347971722,173.208478304265,0,0
"DE237",NA,NA,"DE","Neustadt a. d. Waldnaab","Germany","DE","DE","DEU",17573.7642802087,950.892058452578,60.282440387373,3212.88158437295,282.533423927716,436.88273628785,475.658360112904,265.454683774033,516.536983895076,73.3259930089444,95.1937577925374,240.508939915389,8142.20703066259,136.980376343115,69.6929945231422,1163.62991003457,438.309929058353,672.139606807789,260.626014900498,80.0274559513276,0,0
"DE238",NA,NA,"DE","Regensburg, Landkreis","Germany","DE","DE","DEU",28229.4380735547,1325.76286521337,60.6694505173236,3233.50811693357,587.939309072603,909.133264829376,793.144777884502,552.399221297515,837.823514217662,152.588083446619,198.093915426049,500.48825372185,13206.6681004649,285.049983481885,145.027977495576,2421.46134716072,912.103188598882,1398.69219907944,542.350979210686,166.533525502099,0,0
"DE239",NA,NA,"DE","Schwandorf","Germany","DE","DE","DEU",30366.4929075127,1307.54336540596,89.4287725933412,4766.29769352214,552.175581652062,853.831648198927,840.622873254132,518.797359892864,902.240747941451,143.306311434103,186.044071699594,470.044081666872,14222.0812648167,267.710693944405,136.206078746051,2274.16641000839,856.620914641199,1313.61122935824,509.360341763175,156.403466973042,0,0
"DE23A",NA,NA,"DE","Tirschenreuth","Germany","DE","DE","DEU",16776.8517527726,1017.42640218179,60.3630797934207,3217.17943397891,255.824979471018,395.583345461723,449.2806772454,240.360726468779,490.111839421547,66.3943415806422,86.1949032241771,217.773153211749,7725.66571062741,124.03134991517,63.1047776411687,1053.62966868874,396.875622871381,608.600917805931,235.98852123277,72.4623019508799,0,0
"DE241",NA,NA,"DE","Bamberg, Kreisfreie Stadt","Germany","DE","DE","DEU",26715.2588387449,32.2663553665169,56.8772332528788,3031.39378754375,603.321496942089,932.918812865045,784.069827941757,566.851577977593,823.792763337613,156.580227754716,203.276623531911,513.582469785348,12985.5004357615,292.507713098618,148.822327629585,2484.81375919705,935.966438405254,1435.28602066243,556.540444899888,170.890522791295,0,0
"DE242",NA,NA,"DE","Bayreuth, Kreisfreie Stadt","Germany","DE","DE","DEU",26038.5111206487,113.033845050796,46.1982220976922,2462.23304920378,617.388703051255,954.670998540854,768.029112294536,580.068441658289,801.630181959502,160.231094411398,208.016275897843,525.557296628321,12636.1501829418,299.327901521432,152.292309002737,2542.75034436877,957.789683336924,1468.75153511964,569.516891431587,174.87505213161,0,0
"DE243",NA,NA,"DE","Coburg, Kreisfreie Stadt","Germany","DE","DE","DEU",22677.185775013,92.9676662336213,42.4067663037153,2260.15930401107,530.28303862682,819.979107964204,667.613867238144,498.228189686433,698.105519781632,137.624532498003,178.667834901711,451.40787133163,11004.2840077932,257.096555832828,130.805808364073,2184.00073149593,822.657786148637,1261.52944357712,489.165328495767,150.202414728465,0,0
"DE244",NA,NA,"DE","Hof, Kreisfreie Stadt","Germany","DE","DE","DEU",10806.3888697474,36.5678175133384,13.3425248379492,711.118396425518,277.027765158038,428.369310743622,322.830941952244,260.281834178557,333.433375950557,71.8971075664972,93.3387406405023,235.822201844462,5255.93260999422,134.311073717595,68.3349044212799,1140.95454253369,429.768692162521,659.04178896654,255.547260377952,78.4679807623453,0,0
"DE245",NA,NA,"DE","Bamberg, Landkreis","Germany","DE","DE","DEU",22401.4189326194,798.568217778129,55.2316081746652,2943.68667956007,451.073562391654,697.497129596929,631.638725982887,423.806812655685,670.666321332886,117.067270918403,151.979850199649,383.980142266036,10571.758087112,218.693510579641,111.267073736871,1857.77201694571,699.775688070686,1073.09217667954,416.097689819471,127.766368818515,0,0
"DE246",NA,NA,"DE","Bayreuth, Landkreis","Germany","DE","DE","DEU",13627.1527087019,977.206869566184,28.1946094825792,1502.69201119037,275.216932160146,425.569211328548,374.450646461321,258.580463437566,396.01717536669,71.427141479307,92.7286181445242,234.280715111204,6242.44522670769,133.433129500952,67.8882232022938,1133.49652426056,426.959445483638,654.733864749019,253.87683787951,77.9550631897644,0,0
"DE247",NA,NA,"DE","Coburg, Landkreis","Germany","DE","DE","DEU",13434.7496715296,529.801455595518,42.1027160790109,2243.95429702397,237.199292179324,366.782359312492,371.570637119844,222.860935253437,400.188410086483,61.560410794149,79.91936548384,201.917881140056,6308.19667862879,115.00107795868,58.5103480534613,976.91872055996,367.980550699056,564.290896149991,218.807054395562,67.1865850159499,0,0
"DE248",NA,NA,"DE","Forchheim","Germany","DE","DE","DEU",21644.0523316045,445.610094020956,82.0654531344105,4373.85383528696,347.308201342174,537.044273304812,600.375880085129,326.313918819751,653.843531540879,90.1370124268227,117.018271106881,295.649010894008,10306.5793262672,168.385062077019,85.6710977324055,1430.40849986463,538.798670172981,826.237103723958,320.378209415778,98.3748803878035,0,0
"DE249",NA,NA,"DE","Hof, Landkreis","Germany","DE","DE","DEU",18934.3724501159,785.230001864371,58.0979630946449,3096.45519519251,337.220949592891,521.446309408765,523.441148602695,316.83642696753,563.138145907,87.5190646422214,113.619581541361,287.062153483819,8876.78426482169,163.494470650081,83.1828583901598,1388.86358216131,523.149751410884,802.239796324784,311.073114860359,95.5176711988396,0,0
"DE24A",NA,NA,"DE","Kronach","Germany","DE","DE","DEU",12475.9751007485,500.39675373702,39.4825467018387,2104.30676640379,218.615169384503,338.045644536446,344.574659433084,205.400196020762,371.384779439494,56.737267255284,73.6578320357849,186.097991193926,5854.16312193352,105.990957672549,53.9261712500535,900.378958165897,339.149959859321,520.079755342191,201.663929178367,61.9226412046964,0,0
"DE24B",NA,NA,"DE","Kulmbach","Germany","DE","DE","DEU",14355.2539671256,445.818018131644,38.9736805525149,2077.1856566815,278.945579294086,431.33483558596,404.214468409083,262.08371920138,431.143407657025,72.3948385038759,93.9849082047506,237.454757166249,6796.14237605478,135.2408854845,68.8079748574144,1148.85316868407,432.743904674487,663.60421850643,257.316368785197,79.0112006906704,0,0
"DE24C",NA,NA,"DE","Lichtenfels","Germany","DE","DE","DEU",13206.778342656,291.750778691776,25.8689745380757,1378.74232306968,295.968400664584,457.657302769826,381.603633484395,278.077535440989,400.467373639849,76.8127769674149,99.7203936278961,251.945576217926,6312.59399978163,143.494041678682,73.0070228144662,1218.962622725,459.152361145056,704.101064166903,273.019254604791,83.8329066271099,0,0
"DE24D",NA,NA,"DE","Wunsiedel i. Fichtelgebirge","Germany","DE","DE","DEU",14885.7019799531,372.936452506081,42.9012715135159,2286.51501674824,283.832838046937,438.892026332491,419.947561414663,266.675550173887,449.124797462361,73.6632303853125,95.6315683397558,241.615077051237,7079.58422641381,137.610369894327,70.0135231878049,1168.98162068751,440.325782979264,675.230878923603,261.824673518972,80.3955143733819,0,0
"DE251",NA,NA,"DE","Ansbach, Kreisfreie Stadt","Germany","DE","DE","DEU",13387.7749806002,86.9339267747823,28.727348367211,1531.08546939668,298.948032061422,462.264720538962,390.855912225241,280.87705239447,411.020607781119,77.5860816898666,100.724318422203,254.482012362824,6478.94533550464,144.938653167222,73.7420134988743,1231.23440340864,463.774830260435,711.189529126768,275.767847836822,84.6768857820243,0,0
"DE252",NA,NA,"DE","Erlangen, Kreisfreie Stadt","Germany","DE","DE","DEU",61325.6107510986,132.428241015027,265.91699270841,14172.6148336828,908.724311808346,1405.16459382057,1709.90157968595,853.793230816384,1878.34846976579,235.841521361961,306.17574669893,773.559169991449,29608.5325802497,440.5758316775,224.156553251229,3742.63255120676,1409.75493485054,2161.83130882173,838.262576998323,257.395722687127,0,0
"DE253",NA,NA,"DE","F├╝rth, Kreisfreie Stadt","Germany","DE","DE","DEU",26248.59963876,120.171764629358,53.1385640050991,2832.13341422334,599.138122402737,926.450041523723,769.769266582365,562.921082427671,807.396573194907,155.49451517614,201.867122535114,510.021337223608,12727.0461937258,290.479492115704,147.790407601129,2467.58429419714,929.476535114954,1425.3338823316,552.681445777339,169.705583972299,0,0
"DE254",NA,NA,"DE","N├╝rnberg, Kreisfreie Stadt","Germany","DE","DE","DEU",174371.150096739,421.305398869428,291.821564869036,15553.2544081777,4208.28591949199,6507.29192330768,5163.78564275348,3953.9010728701,5378.17697104796,1092.17783730698,1417.89436793983,3582.3385824143,84776.5633655177,2040.29874057989,1038.0649604629,17332.0639300751,6528.54970993346,10011.4018509391,3881.97889478619,1191.99495539649,0,0
"DE255",NA,NA,"DE","Schwabach, Kreisfreie Stadt","Germany","DE","DE","DEU",8291.8797553325,22.0022234790035,18.2582908757882,973.114660587499,184.699188180845,285.601206401819,242.639935803128,173.534387224963,255.335941239625,47.9350414298992,62.2305479462986,157.226728558575,4024.87752235071,89.5475089480131,45.560059165282,760.694068470002,286.534198125151,439.394525418529,170.377765227687,52.3159558996819,0,0
"DE256",NA,NA,"DE","Ansbach, Landkreis","Germany","DE","DE","DEU",33585.3870013984,2135.89602821187,95.0473844342615,5065.75362791085,598.818668334183,925.956068224395,913.564290645737,562.620938899272,980.784009328128,155.411607156013,201.759489134418,509.749399276192,15460.1639481735,290.324611542898,147.711607329144,2466.26860452091,928.980948121463,1424.57390947938,552.386761914193,169.615098761578,0,0
"DE257",NA,NA,"DE","Erlangen-H├Âchstadt","Germany","DE","DE","DEU",28554.3975059939,321.16601701791,72.356233618128,3856.38021640153,593.793856773259,918.186178936433,822.73063827823,557.899869988606,872.307872830439,154.107516148778,200.066483443148,505.471986412992,13750.2473520948,287.888437552933,146.472128616407,2445.573633486,921.185676439329,1412.62001453877,547.751570103809,168.191823312375,0,0
"DE258",NA,NA,"DE","F├╝rth, Landkreis","Germany","DE","DE","DEU",15349.8342287478,288.87910780693,29.1357019510578,1552.84954697919,349.105758464935,539.823844172953,445.494463841262,328.002816193218,466.795979796355,90.6035330217469,117.623920572999,297.179196427537,7358.13625565088,169.256569765388,86.114504168961,1437.81184069405,541.587321243013,830.513444982669,322.036385439515,98.8840375751618,0,0
"DE259",NA,NA,"DE","N├╝rnberger Land","Germany","DE","DE","DEU",30168.8148434615,396.281395815013,81.502590080587,4343.85484505808,607.561220315298,939.474716668006,864.40269804412,570.835016155203,919.769615945758,157.680564564789,204.705110095681,517.191569763147,14498.389983755,294.563253626104,149.868147319592,2502.27530006098,942.543758798376,1445.37221139139,560.451423614118,172.091422390282,0,0
"DE25A",NA,NA,"DE","Neustadt a. d. Aisch-Bad Windsheim","Germany","DE","DE","DEU",18160.9615188665,1379.88675220197,37.5252877940174,1999.9904669909,364.099716427491,563.00907051326,496.963166677563,342.090410907285,525.819517592033,94.4949198936238,122.675822690619,309.942928536035,8288.52823027893,176.526074293493,89.8130889793441,1499.56530586812,564.848288244754,866.183677797398,335.867724249065,103.131068930615,0,0
"DE25B",NA,NA,"DE","Roth","Germany","DE","DE","DEU",21858.2172230513,749.832067112663,48.2178627048087,2569.87411469415,461.092168720149,712.988946762261,620.82295407892,433.219808604326,655.615508031854,119.667403134231,155.355411119115,392.508564687704,10334.51111023,223.550820720978,113.738380197801,1899.03421459523,715.318113345756,1096.9261784227,425.339461663501,130.604134225175,0,0
"DE25C",NA,NA,"DE","Wei├ƒenburg-Gunzenhausen","Germany","DE","DE","DEU",17111.3112649258,882.452611101419,45.2491654908332,2411.65104762736,323.795038251084,500.685760788975,473.097051366878,304.222092705508,505.154927578023,84.0346334287309,109.096000102221,275.633234174639,7962.79091553901,156.98520048026,79.8710662750712,1333.56820581392,502.321382979413,770.299905302802,298.688237627859,91.7147882918324,0,0
"DE261",NA,NA,"DE","Aschaffenburg, Kreisfreie Stadt","Germany","DE","DE","DEU",28893.212940215,76.5897836281749,74.4814247062502,3969.64682051419,605.554104152791,936.37110369035,838.395142527904,568.949227285309,888.824918567957,157.159657042932,204.028854071955,515.482995344514,14010.6066489561,293.590145653665,149.373048602504,2494.00887845627,939.430007049749,1440.59733467227,558.599937586007,171.522907706068,0,0
"DE262",NA,NA,"DE","Schweinfurt, Kreisfreie Stadt","Germany","DE","DE","DEU",29265.5202365154,98.0904658684751,139.995178568947,7461.34244458001,386.505522195555,597.655271294058,806.495933074969,363.141817860062,894.410369750902,100.30990607922,130.224992688918,329.016058073466,14098.6504895893,187.389057029176,95.3399667447153,1591.84488605971,599.607669985046,919.486502184687,356.536202288885,109.477502599349,0,0
"DE263",NA,NA,"DE","W├╝rzburg, Kreisfreie Stadt","Germany","DE","DE","DEU",46116.3573411772,122.768615928578,45.3508925226806,2417.07280734968,1224.0323161337,1892.72681491327,1386.15155545305,1150.04131862147,1424.73055656051,317.673512067389,412.41221733143,1041.96774556065,22458.1230698154,593.446272618795,301.934108604015,5041.24642706508,1898.90990662739,2911.94078296598,1129.12185832205,346.706562716108,0,0
"DE264",NA,NA,"DE","Aschaffenburg, Landkreis","Germany","DE","DE","DEU",32714.1599036182,507.24045237468,79.1049001380315,4216.06483171472,688.446871065795,1064.54857141781,941.287073806513,646.831245356473,996.181767454605,178.672844271038,231.957846920208,586.046156402586,15702.8798395477,333.778956768524,169.820346731572,2835.40743429642,1068.02620030717,1637.79705350756,635.065267614143,195.002243922626,0,0
"DE265",NA,NA,"DE","Bad Kissingen","Germany","DE","DE","DEU",19259.9236686147,906.592839187785,24.9541110370006,1329.9827161936,458.627858631013,709.178372707565,551.810326347655,430.904462524776,572.926590737352,119.027839921299,154.525113115822,390.410800115564,9031.0801754764,222.356051908342,113.130504686444,1888.88481390679,711.495091045133,1091.06364934088,423.066232149336,129.906119581927,0,0
"DE266",NA,NA,"DE","Rh├Ân-Grabfeld","Germany","DE","DE","DEU",18613.1724314378,822.992822907108,49.2949037951424,2627.27732303325,356.998626071632,552.028621750184,518.281589220516,335.418571276206,552.943186803189,92.6519715636493,120.283258065871,303.898065984948,8716.08044248083,173.083260286323,88.0614510867393,1470.31906300926,553.831968947574,849.290370048739,329.317246591705,101.119688514947,0,0
"DE267",NA,NA,"DE","Ha├ƒberge","Germany","DE","DE","DEU",15508.7267699706,739.756035714977,52.4088824559903,2793.24347551941,255.762575045164,395.486849210255,422.973932833488,240.302094300942,458.41557131351,66.3781457393492,86.1738773514951,217.720030922359,7226.03531613189,124.001094444436,63.0893842365627,1053.37265252608,396.778811389438,608.452459313221,235.930955594707,72.4446259273788,0,0
"DE268",NA,NA,"DE","Kitzingen","Germany","DE","DE","DEU",19164.8016249327,1311.10840982504,47.4141748108771,2527.03984956812,362.198623593334,560.069401897145,523.260183972864,340.304236407643,557.898781200105,94.0015286412585,122.03528902108,308.324607362322,8794.19580846182,175.604369497417,89.3441432148501,1491.73554734672,561.899016425198,861.661027796235,334.114040587733,102.592585302979,0,0
"DE269",NA,NA,"DE","Miltenberg","Germany","DE","DE","DEU",24467.8975402809,521.969681046165,72.649203922228,3871.9946953238,462.429103559101,715.056255268845,691.349943662361,434.475927650231,740.356395389971,120.014378275408,155.805863492057,393.646641650006,11670.2873863621,224.199005402422,114.06816416146,1904.54045645767,717.392175261229,1100.10671134687,426.572731675997,130.982820372983,0,0
"DE26A",NA,NA,"DE","Main-Spessart","Germany","DE","DE","DEU",26678.0751914754,1079.90804660481,104.08466630614,5547.41489298844,398.266012941397,615.840572366422,723.721726133367,374.19140381193,792.274345224214,103.362110134313,134.187445314939,339.027274172595,12488.6735026287,193.090883120935,98.2409467623897,1640.28113334792,617.852378143258,947.464401280262,367.384794266969,112.808655926432,0,0
"DE26B",NA,NA,"DE","Schweinfurt, Landkreis","Germany","DE","DE","DEU",14884.594511214,855.873888033204,20.1551545271105,1074.21206564007,345.674244659441,534.517678551509,421.680512866233,324.778732474412,438.781687252979,89.712951108238,116.467743404574,294.258091603225,6916.54508828531,167.592872614202,85.2680468913484,1423.6789567143,536.263821631038,822.349963622068,318.870948388673,97.9120629461145,0,0
"DE26C",NA,NA,"DE","W├╝rzburg, Landkreis","Germany","DE","DE","DEU",26692.4997758179,1333.44276266693,38.8785325693089,2072.11454142691,617.739275964634,955.213091053436,759.869326143201,580.397822941986,791.724314931918,160.322078715621,208.134394145733,525.855724752639,12480.0033383372,299.497869410338,152.378785412474,2544.19419877009,958.33354673778,1469.58553888769,569.840281209956,174.974351740106,0,0
"DE271",NA,NA,"DE","Augsburg, Kreisfreie Stadt","Germany","DE","DE","DEU",81034.6798161464,234.463728466172,186.193570235035,9923.58453129414,1777.13077888701,2747.9855184148,2365.67290940862,1669.70577277697,2494.20695052144,461.219339139101,598.767234613326,1512.79743748291,39316.3510099955,861.604406015888,438.36783598236,7319.21377516385,2756.962538424,4227.74752226388,1639.33352174586,503.371435315611,0,0
"DE272",NA,NA,"DE","Kaufbeuren, Kreisfreie Stadt","Germany","DE","DE","DEU",9054.65361519602,39.353379839247,12.0374442401801,641.561334837593,228.79578884834,353.787983360062,269.70337318631,214.965411643137,279.092134104436,59.3794467937411,77.087979909781,194.764328651953,4399.34797963927,110.926816468213,56.4374417633678,942.308416090251,354.943725187795,544.299182085958,211.055151792641,64.80629675374,0,0
"DE273",NA,NA,"DE","Kempten (Allg├ñu), Kreisfreie Stadt","Germany","DE","DE","DEU",19780.9686387552,71.6686427048097,28.0683018734713,1495.96017703334,494.155538715138,764.114988253211,588.430315609025,464.284545315863,609.924368048477,128.248350490481,166.495425604316,420.654034901379,9614.27861418245,239.580898869339,121.89417724278,2035.20757673362,766.611171545629,1175.58306863849,455.839125176514,139.969317816882,0,0
"DE274",NA,NA,"DE","Memmingen, Kreisfreie Stadt","Germany","DE","DE","DEU",14853.7749273624,355.121951115213,39.7728360760564,2119.77835943437,294.485748716709,455.364671225757,421.490260708518,276.684507676348,448.842743851173,76.4279838167382,99.2208449074133,250.683456348037,7075.13819647281,142.775209127891,72.6412945666485,1212.85623669557,456.852240114923,700.573874061661,271.651566268001,83.4129461785361,0,0
"DE275",NA,NA,"DE","Aichach-Friedberg","Germany","DE","DE","DEU",21390.2042226483,1095.99270207275,39.4602910284032,2103.12060269063,464.932021929885,718.92652948749,602.760902264122,436.827548196191,633.072506201893,120.663961508452,156.64916975243,395.777271844775,9979.16426437971,225.412492626765,114.685563242538,1914.84886754097,721.275092752144,1106.06108851834,428.881575817444,131.691770793372,0,0
"DE276",NA,NA,"DE","Augsburg, Landkreis","Germany","DE","DE","DEU",43739.9537801127,1239.35728412821,97.8231000507576,5213.69132801705,927.622699835127,1434.38725837399,1248.51604608234,871.549238398593,1318.4186622273,240.746226260475,312.543165277169,789.646580844451,20782.3215677515,449.738316838367,228.818250387578,3820.46663275963,1439.07306295086,2206.79007837556,855.695599580186,262.74868197364,0,0
"DE277",NA,NA,"DE","Dillingen a.d. Donau","Germany","DE","DE","DEU",19435.6529450043,1001.8859045013,54.5404790378297,2906.85147411893,356.779792559411,551.690238481113,535.319516169391,335.21296593586,573.523830246372,92.5951776298054,120.20952666776,303.711782127589,9040.49450180918,172.977163469728,88.0074710564948,1469.41778479375,553.49248026024,848.769770861515,329.115381249814,101.057704028239,0,0
"DE278",NA,NA,"DE","G├╝nzburg","Germany","DE","DE","DEU",32982.9608283568,841.500949308847,96.475332350731,5141.85916602091,623.380460072096,963.936080052436,929.161839066302,585.698005563,994.646867066521,161.786137093831,210.03507374011,530.657829900737,15678.6851020538,302.232878639754,153.77030577718,2567.42773505121,967.085031682723,1483.00576795372,575.044052547198,176.572214415599,0,0
"DE279",NA,NA,"DE","Neu-Ulm","Germany","DE","DE","DEU",37335.8858569031,498.554696787146,120.016793954496,6396.55170948671,684.51881117764,1058.47459429899,1057.03057083748,643.140631053357,1136.4827527997,177.653393588378,230.634368882143,582.702362572848,17914.4536569179,331.874519713617,168.851405597223,2819.2294971493,1061.9323809389,1628.45230203696,631.441786254988,193.889622855343,0,0
"DE27A",NA,NA,"DE","Lindau (Bodensee)","Germany","DE","DE","DEU",17647.2639491567,478.445214231058,56.0856310317715,2989.2036541981,316.849083353562,489.945198700514,493.459623323288,297.696010816867,531.095276313274,82.2319474555965,106.755705141857,269.720431979843,8371.6903679215,153.617600630664,78.1576959067044,1304.96089712758,491.545734009987,753.775660741496,292.28086635315,89.7473499198558,0,0
"DE27B",NA,NA,"DE","Ostallg├ñu","Germany","DE","DE","DEU",29698.2108495295,1476.57903486658,95.6625822391991,5098.54191062684,504.009647652013,779.352442343321,811.409088688532,473.542987504219,876.710690216995,130.805790643825,169.815562550797,429.042427542756,13819.6492570838,244.358455917047,124.324906855655,2075.79228255808,781.898402801354,1199.02573540052,464.929154621207,142.760489416767,0,0
"DE27C",NA,NA,"DE","Unterallg├ñu","Germany","DE","DE","DEU",32186.3228440874,1691.7485895494,111.615252132112,5948.77356998179,515.063428303537,796.444954337934,871.728259267289,483.928582973124,947.194222454785,133.674581994273,173.539903916872,438.452050763956,14930.6858907144,249.717648513133,127.051561506624,2121.31790429254,799.046751997858,1225.32238971337,475.125834223717,145.891467450756,0,0
"DE27D",NA,NA,"DE","Donau-Ries","Germany","DE","DE","DEU",37926.2875966173,1586.4218310144,147.297344961709,7850.52701936787,566.654521915871,876.220500296722,1027.91473627436,532.401068989229,1125.08215613572,147.064035592193,190.92244932092,482.369400652274,17734.7452890654,274.73050299501,139.777623275115,2333.79874561794,879.082905833767,1348.05624857267,522.716596922226,160.504619813919,0,0
"DE27E",NA,NA,"DE","Oberallg├ñu","Germany","DE","DE","DEU",29211.7524852561,1410.3775668614,67.8520533918498,3616.32029831074,589.218031631776,911.110559419299,816.390607143922,553.600646912443,865.585795378675,152.91995073556,198.524754382692,501.576776994166,13644.2867955521,285.669945166273,145.343402138347,2426.72783845157,914.086942543477,1401.73424651649,543.530550675639,166.895723049758,0,0
"DE300",NA,NA,"DE","Berlin","Germany","DE","DE","DEU",860233.261748681,208.66317631615,748.311361235606,39882.8543841521,23251.2039810313,35953.4439359598,25976.7714585603,21845.7020565796,26636.9121445092,6034.39266356971,7834.00933378221,19792.7818361944,419879.427998945,11272.8562429026,5735.41356339155,95761.4006177365,36070.8953502594,55314.0045675317,21448.3247715327,6585.89230449198,0,0
"DE401",NA,NA,"DE","Brandenburg an der Havel, Kreisfreie Stadt","Germany","DE","DE","DEU",13292.2196428496,38.482929098557,27.5111956567579,1466.2680097502,302.11775696978,467.166080781557,390.022139618471,283.855171979409,409.378413718663,78.4087214442697,101.792291269453,257.180267199136,6453.05932064427,146.475427488699,74.5238948692519,1244.28909498698,468.692202089945,718.730221565827,278.691794886031,85.5747088323208,0,0
"DE402",NA,NA,"DE","Cottbus, Kreisfreie Stadt","Germany","DE","DE","DEU",19915.6061796574,48.2401849462037,14.6142938532132,778.900045981526,546.190881006444,844.577477992891,601.992080812359,513.174425815617,615.810413189541,141.753100095068,184.027651356118,464.949555192876,9707.06073748556,264.8091379609,134.729822579544,2249.51808140701,847.336513245607,1299.37378345577,503.839689877263,154.708303403929,0,0
"DE403",NA,NA,"DE","Frankfurt (Oder), Kreisfreie Stadt","Germany","DE","DE","DEU",12459.9146579281,108.146906294809,6.95050605949051,370.442085242574,346.52401190285,535.83167755859,375.947104679217,325.577132507034,383.486132549531,89.9334914821279,116.754054793948,294.98146307569,6044.91756052197,168.004864353756,85.4776604054507,1427.17877123979,537.582113162697,824.371537611166,319.654825379805,98.1527591076356,0,0
"DE404",NA,NA,"DE","Potsdam, Kreisfreie Stadt","Germany","DE","DE","DEU",44137.8537598655,107.002596152017,18.4130664464618,981.363755639599,1259.43840203743,1947.47540881705,1343.28387423012,1183.30715742593,1365.94237816894,326.862465258694,424.341561191163,1072.10747228353,21531.4410812184,610.612167203962,310.667787319514,5187.06839737247,1953.8373512637,2996.17093289693,1161.78258548145,356.735319458158,0,0
"DE405",NA,NA,"DE","Barnim","Germany","DE","DE","DEU",23883.5028754043,656.922159817779,22.9501954375067,1223.17974861499,613.943214815487,949.343224193436,702.158916285854,576.831228243471,722.926237566084,159.336885709376,206.855390335939,522.624295953372,11395.534642601,297.657429162232,151.442404628922,2528.55990590639,952.444504408368,1460.55480895586,566.338563516286,173.899119251933,0,0
"DE406",NA,NA,"DE","Dahme-Spreewald","Germany","DE","DE","DEU",32430.9736218703,1108.97056810373,29.4183627406766,1567.91455827858,831.782478016198,1286.18908141989,948.710756726264,781.502420496136,976.315270708037,215.872781776015,280.251796929372,708.061790519525,15389.7229223706,403.272205073398,205.177181796585,3425.74325050456,1290.39075753577,1978.78870383297,767.2867496374,235.601985404593,0,0
"DE407",NA,NA,"DE","Elbe-Elster","Germany","DE","DE","DEU",15519.2712378559,1166.64962737244,28.6185125550307,1525.28483202322,323.676659174563,500.50271067706,427.265553364606,304.110869474336,449.935765970728,84.0039104678269,109.056114735806,275.532462995759,7092.3675772606,156.927806879787,79.8418655093107,1333.0806548819,502.137734885993,770.018284583947,298.579037567447,91.6812574755483,0,0
"DE408",NA,NA,"DE","Havelland","Germany","DE","DE","DEU",20308.6864383362,1005.2946824142,30.9681501518774,1650.51379283418,465.479480933441,719.773067869229,577.48219287255,437.341914088367,602.492778986832,120.806043724812,156.83362467129,396.243300899893,9497.13397867073,225.677916587219,114.820605875038,1917.10360845693,722.124396574946,1107.36347913209,429.386585300693,131.846838291876,0,0
"DE409",NA,NA,"DE","M├ñrkisch-Oderland","Germany","DE","DE","DEU",25344.0951311891,1463.96283527254,27.3089250860613,1455.48756709599,612.886246280718,947.708828874042,722.39403767123,575.838151940301,747.529106274094,159.062570315772,206.499266783213,521.724542648835,11783.351307844,297.144980243224,151.181680424045,2524.2067211259,950.804769905275,1458.04030852794,565.363551451298,173.599733424648,0,0
"DE40A",NA,NA,"DE","Oberhavel","Germany","DE","DE","DEU",31852.5223774939,792.47052525548,64.3372468939349,3428.99116901174,703.739298741962,1088.19532285263,916.687107567768,661.199267718148,963.455995082238,182.64169308646,237.110312196803,599.063963350867,15187.0213004654,341.193168047177,173.592555567838,2898.39016389227,1091.75020009696,1674.17733794437,649.171933041499,199.333816680391,0,0
"DE40B",NA,NA,"DE","Oberspreewald-Lausitz","Germany","DE","DE","DEU",17766.2529818478,527.71279689032,42.8184890962434,2282.10295077586,365.080964316506,564.526378648949,504.448377499223,343.012343769108,534.644551061473,94.749583482978,123.006433747473,310.77822400763,8427.6378232046,177.001811653182,90.0551350452725,1503.60663088001,566.370553067952,868.518040794649,336.772886984816,103.409006921539,0,0
"DE40C",NA,NA,"DE","Oder-Spree","Germany","DE","DE","DEU",27482.0298891412,1012.66655191815,50.273650598804,2679.44172714565,613.399141328789,948.501920852028,785.41532086284,576.320043218516,823.388652442462,159.195682137327,206.672076096534,522.161148847792,12979.1304086885,297.393646598279,151.308197107556,2526.31910843338,951.600452727538,1459.26047239794,565.836677039707,173.745010699445,0,0
"DE40D",NA,NA,"DE","Ostprignitz-Ruppin","Germany","DE","DE","DEU",16889.9167730647,1483.28144532308,31.30960372584,1668.71229131322,343.821626474623,531.652966509202,459.107739610578,323.038102401098,484.266995051442,89.232140497657,115.843542259393,292.68103488015,7633.53303783303,166.694669730279,84.8110584500763,1416.04884378197,533.389751250722,817.942633540558,317.161980692288,97.387309739506,0,0
"DE40E",NA,NA,"DE","Potsdam-Mittelmark","Germany","DE","DE","DEU",33326.7892797508,1667.30480630108,30.3058932347833,1615.21739409215,835.054640858905,1291.24884191275,960.570886974852,784.57678578925,989.95306923507,216.722007281419,281.354284106911,710.847246504129,15604.696452847,404.858644268517,205.984331704392,3439.21983851792,1295.46704707177,1986.57309343167,770.305191667885,236.528823950348,0,0
"DE40F",NA,NA,"DE","Prignitz","Germany","DE","DE","DEU",12813.528414401,1425.70392209983,25.2409084904207,1345.26819983721,244.561380541721,378.166390496639,339.191706988599,229.777995935988,359.68049875957,63.4710960231309,82.3998679556347,208.184920426907,5669.66776262294,118.57043134892,60.3263667629883,1007.2398984925,379.401770825809,581.805111312201,225.598292488963,69.2718929909888,0,0
"DE40G",NA,NA,"DE","Spree-Nei├ƒe","Germany","DE","DE","DEU",23676.922148385,769.317628064461,109.206695966262,5820.40441802874,301.480369289818,466.180485272795,636.440982082217,283.256313470303,706.527300705314,78.2433000087623,101.577536754455,256.637685606163,11137.0371038647,146.166403504691,74.3666693790029,1241.66397772339,467.703386873312,717.213892989057,278.103829721888,85.3941690796324,0,0
"DE40H",NA,NA,"DE","Teltow-Fl├ñming","Germany","DE","DE","DEU",36687.5261018719,1130.35000767489,106.93190698967,5699.16467451034,687.566034456056,1063.1865297063,1028.50578778615,646.003654056143,1101.48784796679,178.444240454223,231.66106735439,585.296336872203,17362.8266310673,333.351901701476,169.603069284659,2831.77965882584,1066.65970912691,1635.70156631068,634.252730349761,194.752747378089,0,0
"DE40I",NA,NA,"DE","Uckermark","Germany","DE","DE","DEU",21642.2102148395,1766.73268005984,50.8312024023134,2709.15764293005,407.976981377716,630.85668764045,584.920017086865,383.31535813764,623.017629719342,105.882400986179,137.45935404845,347.293817265806,9820.66857376847,197.799041513563,100.636367667422,1680.27630691292,632.917547521236,970.566540544962,376.342782207646,115.559283048627,0,0
"DE501",NA,NA,"DE","Bremen, Kreisfreie Stadt","Germany","DE","DE","DEU",155818.908375214,112.95864008849,333.630974934594,17781.5763339315,3515.07398821008,5435.37511730419,4573.95512261625,3302.59280835161,4806.58099354268,912.268315381179,1184.33103313867,2992.23612865306,75766.4577354293,1704.2095447868,867.069208319365,14477.0313253705,5453.13120475754,8362.2688441289,3242.5180458011,995.643010467703,0,0
"DE502",NA,NA,"DE","Bremerhaven, Kreisfreie Stadt","Germany","DE","DE","DEU",21909.249643619,147.885884540112,26.139482953462,1393.15964759449,562.131709536606,869.226854658267,653.115949020217,528.151654129859,674.227956312371,145.890228598697,189.398581807521,478.519318790627,10627.9003775477,272.537712728894,138.661973544207,2315.17128664751,872.066413605906,1337.29659652158,518.544479690347,159.223535390611,0,0
"DE600",NA,NA,"DE","Hamburg","Germany","DE","DE","DEU",661973.839999688,1121.49129398752,836.353565185841,44575.2519364345,16944.6519647938,26201.5934713564,19793.7452537378,15920.3720623375,20452.0069111053,4397.65113180855,5709.14786856546,14424.2766913496,322386.353068161,8215.25740520662,4179.76577837054,69787.5089157754,26287.1878921744,40310.8826940955,15630.7776052364,4799.56449000541,0,0
"DE711",NA,NA,"DE","Darmstadt, Kreisfreie Stadt","Germany","DE","DE","DEU",70214.7958042456,118.480395976628,193.357219554469,10305.3865424174,1430.80136939396,2212.45475545987,2031.18992739288,1344.31147924324,2160.66044412063,371.336352884786,482.078747051767,1217.981631336,34058.6351171461,693.693890539375,352.938178480395,5892.8364849717,2219.68232288193,3403.83893868267,1319.85820946525,405.273797246618,0,0
"DE712",NA,NA,"DE","Frankfurt am Main, Kreisfreie Stadt","Germany","DE","DE","DEU",392770.39513274,95.2492559317399,377.740083588357,20132.4656142279,10489.8348579663,16220.4800134673,11837.0778867209,9855.73938953037,12159.0503263478,2722.43031202215,3534.33156640765,8929.55964821505,191663.923668783,5085.77536294951,2587.54519427036,43202.979040015,16273.4684927238,24955.0420580185,9676.46170137926,2971.24066017539,0,0
"DE713",NA,NA,"DE","Offenbach am Main, Kreisfreie Stadt","Germany","DE","DE","DEU",25440.0425621422,12.3376885465628,23.3939818155855,1246.83229274497,682.963956814366,1056.07031582704,767.229835519779,641.679765405747,787.484240590647,177.249861720939,230.110493060294,581.378779793029,12413.1667628577,331.120681343349,168.467867058252,2812.82574138228,1059.52024825673,1624.75334427881,630.007494018631,193.449211107459,0,0
"DE714",NA,NA,"DE","Wiesbaden, Kreisfreie Stadt","Germany","DE","DE","DEU",98152.7968966197,190.046364939559,115.93863994732,6179.19776987023,2539.82218041021,3927.3387496485,2939.50158750339,2386.29357323598,3032.54772574753,659.160890969018,855.740231074182,2162.04487133646,47802.2526619643,1231.37925871096,626.502205821743,10460.4015135945,3940.1684382703,6042.17036685673,2342.88646006555,719.403406653168,0,0
"DE715",NA,NA,"DE","Bergstra├ƒe","Germany","DE","DE","DEU",43513.6966240628,675.350479369242,89.3583519936941,4762.5444770579,971.241597274485,1501.8353606277,1262.3602600801,912.531436063458,1326.33710706577,252.066653147435,327.239645078731,826.777532069896,20907.1405434413,470.886020015756,239.577797127522,4000.11353257617,1506.74150223307,2310.5582915898,895.932323631929,275.103713618911,0,0
"DE716",NA,NA,"DE","Darmstadt-Dieburg","Germany","DE","DE","DEU",47568.3698324469,962.534828295622,82.0798883400201,4374.62319044198,1108.13706183018,1713.51744874691,1384.10182463438,1041.15176617714,1445.55823295956,287.595178365518,373.363723124612,943.310941115117,22786.4311261523,537.256901003283,273.346031444337,4563.92525754164,1719.11510576527,2636.22901203446,1022.21302659836,313.879287876173,0,0
"DE717",NA,NA,"DE","Gro├ƒ-Gerau","Germany","DE","DE","DEU",69134.9401496709,447.375403528834,237.506983246262,12658.442619913,1231.56611806151,1904.37636757545,1960.2253915238,1157.11971303074,2115.17547966192,319.628762174825,414.950575115804,1048.38095745608,33341.6525796859,597.098877712448,303.792484187314,5072.27481704316,1910.59751562816,2929.86350019755,1136.0714954524,348.840508475665,0,0
"DE718",NA,NA,"DE","Hochtaunuskreis","Germany","DE","DE","DEU",61747.5628885386,238.791305184153,67.7661821548902,3611.74360708719,1611.50899391987,2491.88378857546,1849.3750447931,1514.09558710991,1905.18253189107,418.235462478419,542.964420687272,1371.8105079523,30031.5196965841,781.30617396947,397.51363193045,6637.09107243406,2500.02418468771,3833.73763883467,1486.55391359679,456.459144667731,0,0
"DE719",NA,NA,"DE","Main-Kinzig-Kreis","Germany","DE","DE","DEU",85551.2621339876,943.426848082995,166.897852026016,8895.17796227287,1954.47341229436,3022.21125024651,2498.04744547174,1836.32829841077,2618.11346242262,507.245131474177,658.519144515459,1663.76183726847,41269.4976457678,947.585244417622,482.11324141779,8049.60945610064,3032.08410098887,4649.64099678309,1802.92515339912,553.603650626639,0,0
"DE71A",NA,NA,"DE","Main-Taunus-Kreis","Germany","DE","DE","DEU",73298.4324490116,195.280040220072,51.2144973707994,2729.58616801493,2018.58669433983,3121.349913924,2216.80219364394,1896.56602453358,2266.22608948986,523.884472780037,680.120780730658,1718.33880478222,35722.6734468707,978.669218062552,497.928172452635,8313.66363978433,3131.54662727828,4802.16481356246,1862.06714435159,571.763706819147,0,0
"DE71B",NA,NA,"DE","Odenwaldkreis","Germany","DE","DE","DEU",14458.6300830222,475.582287202317,38.4262542026048,2048.00939860163,282.876386419874,437.413060771003,406.946584079075,265.776914675553,433.646354492755,73.4150021780284,95.3093118673668,240.800889604996,6835.59649445998,137.146654479677,69.7775936574863,1165.042420485,438.841985986406,672.955505583317,260.942384363441,80.1245999116864,0,0
"DE71C",NA,NA,"DE","Offenbach, Landkreis","Germany","DE","DE","DEU",77829.0263810393,169.495201997854,92.4569413708569,4927.69042475754,2011.38918103066,3110.22036590358,2329.98882114991,1889.80359057839,2404.10240946404,522.016499769082,677.695728398313,1712.21186138576,37896.0271018023,975.179655418535,496.152749748084,8284.02027353057,3120.38072165168,4785.04211813633,1855.42772029732,569.725014648497,0,0
"DE71D",NA,NA,"DE","Rheingau-Taunus-Kreis","Germany","DE","DE","DEU",26202.867623287,493.517864507769,42.0513861515479,2241.21855876232,622.839879394389,963.100177657678,765.486064043201,585.190102211744,797.469075762569,161.645840011655,209.85293633001,530.197656078021,12570.5583876041,301.970789490631,153.636959832877,2565.20132290987,966.246398592161,1481.7197406968,574.545388050077,176.419095199572,0,0
"DE71E",NA,NA,"DE","Wetteraukreis","Germany","DE","DE","DEU",50615.6446827316,846.064204013597,84.1999528609974,4487.61656319464,1196.67871733758,1850.42981895704,1479.64342447368,1124.34120563107,1542.91977481168,310.574423519879,403.195991433787,1018.68276583022,24321.1476233266,580.18445670568,295.18675041685,4928.58908102875,1856.47473636984,2846.86728870816,1103.88923505109,338.958669060428,0,0
"DE721",NA,NA,"DE","Gie├ƒen, Landkreis","Germany","DE","DE","DEU",54476.2014363553,484.474510487717,88.8975207611761,4737.98349095736,1309.6905750329,2025.18057565171,1605.16914723367,1230.52165865563,1671.50343256605,339.904428345837,441.272985155723,1114.88505479948,26348.0204220584,634.97587424182,323.06357528917,5394.03481829658,2031.7963625356,3115.71953471846,1208.13824636513,370.969223202877,0,0
"DE722",NA,NA,"DE","Lahn-Dill-Kreis","Germany","DE","DE","DEU",48667.5270912195,477.685485829414,137.941310007963,7351.87712708621,963.416543603654,1489.73544405221,1394.58905235353,905.179395661199,1487.29203889238,250.035814378749,324.60315608037,820.116389692512,23444.2839008367,467.092207652481,237.647577987276,3967.88560579702,1494.6020580864,2291.94269409891,888.714018178861,272.887270943727,0,0
"DE723",NA,NA,"DE","Limburg-Weilburg","Germany","DE","DE","DEU",29862.9973083522,513.353809067722,47.1178360370619,2511.24584084837,714.477868463471,1104.80042273261,874.269884654107,671.288706305555,910.169664642541,185.428677639929,240.728449799415,608.205260631816,14347.0653091776,346.399537266755,176.241456608937,2942.61757155692,1108.40954491851,1699.72411372032,659.077842909933,202.375511370603,0,0
"DE724",NA,NA,"DE","Marburg-Biedenkopf","Germany","DE","DE","DEU",53848.4660373664,706.05039080047,181.550189741883,9676.10563727757,958.133010196637,1481.56549198057,1519.35759160405,900.215244268873,1638.74384122752,248.66457720518,322.82297944695,815.618737694162,25831.6287923501,464.530597827869,236.344279921939,3946.12507418415,1486.40541670991,2279.37330667076,883.840165601275,271.390712656501,0,0
"DE725",NA,NA,"DE","Vogelsbergkreis","Germany","DE","DE","DEU",16920.1412335471,1158.83137204569,34.8692321843031,1858.43030285878,344.216649875244,532.263793015186,466.503724849696,323.409247203854,493.10232871362,89.334661051543,115.976637173965,293.017301853468,7772.80499338589,166.886188501153,84.9084995362081,1417.67577003281,534.002573182711,818.882383852159,317.526374303725,97.4991999270581,0,0
"DE731",NA,NA,"DE","Kassel, Kreisfreie Stadt","Germany","DE","DE","DEU",57388.4977780613,331.939703776628,91.1505895181499,4858.06560891891,1395.03425604064,2157.14790314595,1697.44741544542,1310.70643658059,1765.5744061776,362.053702120016,470.027762505721,1187.53457697743,27830.8674719356,676.352959403743,344.11544451714,5745.52760266343,2164.19479613704,3318.74991391617,1286.8644486274,395.142779653735,0,0
"DE732",NA,NA,"DE","Fulda","Germany","DE","DE","DEU",46519.5225127755,1060.62820698974,84.0354496192244,4478.84901110707,1066.11980679239,1648.54597352452,1347.89252298121,1001.67439392838,1410.36007098994,276.690426261057,359.206883400762,907.543401378368,22231.6001444588,516.885720390492,262.981564527405,4390.87481267804,1653.93138407026,2536.27106409457,983.453754915301,301.977920668047,0,0
"DE733",NA,NA,"DE","Hersfeld-Rotenburg","Germany","DE","DE","DEU",25653.1192450473,839.542169545312,49.8492328656789,2656.82147637152,566.241616897759,875.582023363153,734.103679251975,532.013123487108,771.020240845738,146.956874216202,190.783329567444,482.017911802526,12153.6436335264,274.530314698741,139.675771300343,2332.09817291259,878.442343146773,1347.07395836196,522.335708219194,160.387664666844,0,0
"DE734",NA,NA,"DE","Kassel, Landkreis","Germany","DE","DE","DEU",40599.8054857456,912.053488942808,141.77955776329,7556.44474993137,691.256388180562,1068.89294068812,1132.05632506618,649.470931192188,1225.56053631084,179.401999177569,232.904455247178,588.437781342224,19318.5927172249,335.141091932475,170.513375040117,2846.97858967354,1072.38476160637,1644.48082105119,637.656937085447,195.798038289256,0,0
"DE735",NA,NA,"DE","Schwalm-Eder-Kreis","Germany","DE","DE","DEU",33387.6890683181,1485.79454010956,71.261810860415,3798.05061492589,700.128663139527,1082.61218037058,940.622615843363,657.806889858058,993.032483524462,181.704623633715,235.893783666348,595.990379598933,15653.2374662869,339.442627467646,172.701914015531,2883.5195566458,1086.14881880636,1665.58773052585,645.841263150345,198.311105888821,0,0
"DE736",NA,NA,"DE","Waldeck-Frankenberg","Germany","DE","DE","DEU",33999.4252684982,1533.92350110824,88.8970221146743,4737.95691452561,654.993342550747,1012.81922600813,946.62911815198,615.399934647692,1009.34592878549,169.990638944965,220.686376640706,557.568560485857,15910.3873952176,317.559718484105,161.568308628726,2697.62718219335,1016.12786733707,1558.21198640346,604.205698151424,185.526548118439,0,0
"DE737",NA,NA,"DE","Werra-Mei├ƒner-Kreis","Germany","DE","DE","DEU",14322.6994119468,731.242580622597,22.3499516944294,1191.18847460758,325.674265883342,503.591619142565,406.333484331815,305.987723723338,424.30373633815,84.5223499980117,109.729166746986,277.23294241238,6688.32817951842,157.896304393993,80.3346185134649,1341.30791126278,505.236734086298,774.770538562008,300.421751497042,92.2470786115843,0,0
"DE801",NA,NA,"DE","Greifswald, Kreisfreie Stadt","Germany","DE","DE","DEU",11213.5476119314,13.5734850828914,14.6523075592468,780.926067743161,285.536699822334,441.526715652938,335.127795135272,268.276415949323,346.544834628594,74.1054341957294,96.2056491083398,243.065503636758,5462.60941022164,138.436451368108,70.433817635556,1175.99907192161,442.969079207785,679.284321407856,263.396419255422,80.8781323988252,0,0
"DE802",NA,NA,"DE","Neubrandenburg, Kreisfreie Stadt","Germany","DE","DE","DEU",14032.6639508058,20.3724477751244,20.0325838838268,1067.67940106876,351.254256262376,543.14607622467,418.180360974291,330.02144038104,433.441037317479,91.1611333661054,118.347812196525,299.008123145266,6832.36006609149,170.298223643978,86.644477731552,1446.66055057053,544.920406242609,835.624664903921,324.018290487014,99.4925985392274,0,0
"DE803",NA,NA,"DE","Rostock, Kreisfreie Stadt","Germany","DE","DE","DEU",44134.5542042762,53.4216055332933,58.0538150759824,3094.10223212008,1122.47424965319,1735.68710839181,1318.75288290519,1054.62229156439,1363.90774676311,291.316113465736,378.194340210816,955.515592149823,21499.3690502624,544.207984370324,276.882609660589,4622.97377769442,1741.35718845494,2670.33680590931,1035.43852068413,317.940289406614,0,0
"DE804",NA,NA,"DE","Schwerin, Kreisfreie Stadt","Germany","DE","DE","DEU",21809.686995751,31.6915994618833,23.7922658058316,1268.05968980105,571.638079959077,883.92659908,654.732619715589,537.083378098141,674.265552015872,148.357420060323,192.601555497864,486.611696113518,10628.4930011369,277.146676086306,141.006925913304,2354.3238117034,886.814178622697,1359.9120024764,527.313733978684,161.916210224141,0,0
"DE805",NA,NA,"DE","Stralsund, Kreisfreie Stadt","Germany","DE","DE","DEU",10456.8966747615,2.53512656047418,11.190259609467,596.40881809987,275.305375500157,425.705971673051,314.40361588631,258.663560504553,323.62175568654,71.4500952086079,92.7584172874725,234.35600324403,5101.2713834283,133.476009390458,67.9100396696174,1133.8607831661,427.096652591904,654.944269135703,253.958423395768,77.9801147231316,0,0
"DE806",NA,NA,"DE","Wismar, Kreisfreie Stadt","Germany","DE","DE","DEU",8483.37518619493,6.60898530782781,25.5106770257878,1359.64609087405,165.671052869533,256.177913024012,244.190306252394,155.656475395437,261.029887786094,42.996663175695,55.8194137205227,141.028869244553,4114.63158265687,80.3221185505992,40.8663570481968,682.325615376494,257.014785793435,394.127090477088,152.825055858888,46.9262457574529,0,0
"DE807",NA,NA,"DE","Bad Doberan","Germany","DE","DE","DEU",18514.2593360984,1394.06283447723,22.8995550771715,1220.48076230818,425.431863296981,657.847252043267,516.999747878136,399.715117485676,537.64104879931,110.412472266919,143.340413282507,362.152431472897,8474.8718174956,206.261673159358,104.941992726185,1752.16522679722,659.996283726663,1012.09124692127,392.444226956853,120.503369926953,0,0
"DE808",NA,NA,"DE","Demmin","Germany","DE","DE","DEU",12102.2201655923,1550.08381473435,20.9358993876538,1115.8235327342,233.657637399973,361.305882195273,316.744430603886,219.533368424637,334.815661816215,60.6412439572469,78.7260786062614,198.903017890652,5277.72167456202,113.283981277486,57.636722116718,962.332214740657,362.486183223853,555.865392300752,215.540016611276,66.1834130092219,0,0
"DE809",NA,NA,"DE","G├╝strow","Germany","DE","DE","DEU",16327.5196597226,1994.1083848707,23.3776810756356,1245.96350994752,335.863716759208,519.347614019326,433.141129917237,315.561236911554,454.56793431562,87.166821555755,113.162290181487,285.906797683752,7165.38475674809,162.836444913661,82.8480674860268,1383.27374185781,521.044200079018,799.01097500341,309.821120742928,95.1332356538221,0,0
"DE80A",NA,NA,"DE","Ludwigslust","Germany","DE","DE","DEU",20225.1122783008,2134.17805817225,48.3419798970483,2576.48920589962,360.525374015631,557.482048359157,532.983652882385,338.732132366466,569.955328471726,93.5672696246395,121.471522395482,306.900239666094,8984.24396962199,174.793129702551,88.9313999293529,1484.84417418279,559.303210613962,857.680410927569,332.570533404377,102.118638167756,0,0
"DE80B",NA,NA,"DE","Mecklenburg-Strelitz","Germany","DE","DE","DEU",9033.66807765412,1093.33550310471,5.30343288982205,282.657798127831,212.920052437775,329.239258939383,244.899800594911,200.049340723243,252.386652718509,55.2592116694509,71.7389808935367,181.249975265368,3978.38769010096,103.229800242622,52.5213471812435,876.92329643133,330.314805879316,506.531221465797,196.410406909802,60.3095020785145,0,0
"DE80C",NA,NA,"DE","M├╝ritz","Germany","DE","DE","DEU",10297.9681937439,1186.41546777694,15.0076089823617,799.862616958684,213.538712657577,330.195896090138,274.947207235604,200.630603820288,288.479901437217,55.4197727610253,71.9474255805438,181.776614951263,4547.32798409665,103.529744612243,52.67395313742,879.471283589458,331.274568137822,508.002997905923,196.981096725623,60.4847372871518,0,0
"DE80D",NA,NA,"DE","Nordvorpommern","Germany","DE","DE","DEU",14416.4880533473,1655.74041648098,9.81567938736498,523.147625396729,338.336798084275,523.171751076591,392.356639350263,317.884824018407,404.911220127484,87.8086611704509,113.995543470203,288.012028843832,6382.64264923548,164.035466275189,83.4581066128925,1393.45926737827,524.880829689338,804.894370625515,312.102441378614,95.8337347454147,0,0
"DE80E",NA,NA,"DE","Nordwestmecklenburg","Germany","DE","DE","DEU",15321.6626826649,1857.85260355097,26.1407818612868,1393.22887566495,300.945124985788,465.35283453726,404.076451284079,282.753423916589,426.554500121639,78.1043878774125,101.397197324418,256.182054416166,6723.80711960146,145.906901583883,74.2346397669637,1239.45954373931,466.873032398196,715.940560825182,277.610087820423,85.2425613888733,0,0
"DE80F",NA,NA,"DE","Ostvorpommern","Germany","DE","DE","DEU",13823.2164868056,1486.42668916873,13.8874247116016,740.160000549952,312.465140535857,483.166287705479,376.029188197884,293.577071053284,390.431895853624,81.0941813253673,105.278626837409,265.988563993825,6154.4040921183,151.492138344865,77.0763013639396,1286.90538031246,484.744677912936,743.346375735861,288.236850851386,88.5056002328284,0,0
"DE80G",NA,NA,"DE","Parchim","Germany","DE","DE","DEU",13082.6850135693,1769.68461233561,13.7646488399481,733.616397893756,280.181027270502,433.24521448901,345.64780998061,263.244486119997,360.301772051648,72.7154747260341,94.4011666912592,238.506442588093,5679.46093508579,135.839866399428,69.1127248861261,1153.94143115463,434.660524334456,666.543316845861,258.456021142904,79.3611407336512,0,0
"DE80H",NA,NA,"DE","R├╝gen","Germany","DE","DE","DEU",10734.6269198215,1570.06974426374,6.87096968665227,366.203024150526,241.039203352433,372.720031666753,283.302425285338,226.468729304873,293.022458105274,62.5569842116234,81.2131436467075,205.186637638934,4618.93260872766,116.862777966787,59.457545396121,992.733612231146,373.937620027274,573.425944138972,222.349222018446,68.2742380022445,0,0
"DE80I",NA,NA,"DE","Uecker-Randow","Germany","DE","DE","DEU",10859.6846444804,1046.84135406662,7.57773212639792,403.871439904659,261.602405206467,404.517005518343,300.864499668734,245.788915106822,310.057088527959,67.8937587936501,88.1414865999743,222.691235185046,4887.45062760488,126.832413026693,64.5299049572259,1077.42432383189,405.838467086559,622.345262132356,241.317970134359,74.0987550017376,0,0
"DE911",NA,NA,"DE","Braunschweig, Kreisfreie Stadt","Germany","DE","DE","DEU",100938.728180744,122.08529070145,161.624254389113,8614.11029775693,2466.12907136185,3813.38675530023,2997.24340566414,2317.05510690938,3116.96123864641,640.035293990907,830.910871502468,2099.31299597143,49132.8685125958,1195.65070783366,608.324202759653,10156.8922697677,3825.84418965559,5866.85639284394,2274.90745400708,698.529869086183,0,0
"DE912",NA,NA,"DE","Salzgitter, Kreisfreie Stadt","Germany","DE","DE","DEU",30252.2208751476,173.122993199764,167.887876331326,8947.94342495438,315.733605119031,488.220329562566,816.614909582929,296.647961641347,920.834484205158,81.9424470202505,106.379867963357,268.770871804073,14515.1755733618,153.076784516788,77.8825390158518,1300.36673683444,489.815230131732,751.121967272109,291.251881382336,89.4313912483555,0,0
"DE913",NA,NA,"DE","Wolfsburg, Kreisfreie Stadt","Germany","DE","DE","DEU",126981.263661808,121.148877773448,874.84484338234,46626.7269278553,751.6398588668,1162.26417986126,3332.9914499302,706.204307701633,3866.31708410287,195.073341307086,253.249409140665,639.839715744415,60945.0148323705,364.416745143758,185.408267238432,3095.6713340059,1166.06102257701,1788.13151441171,693.358323180005,212.901627214606,0,0
"DE914",NA,NA,"DE","Gifhorn","Germany","DE","DE","DEU",20662.3145299165,1726.81895110316,24.6501831743761,1313.78423075523,471.66477965431,729.33742380406,572.941468037241,443.153320374996,595.776194971197,122.411316348701,158.917632361862,401.508588163027,9391.26001552913,228.676728320007,116.346343905905,1942.57811159375,731.719997002889,1122.0781425954,435.092281052292,133.598821168978,0,0
"DE915",NA,NA,"DE","G├Âttingen","Germany","DE","DE","DEU",52325.3605137568,1303.02552038886,87.6623350567828,4672.15162719364,1219.15321441133,1885.18223742058,1517.61407767929,1145.45715159864,1584.16964335561,316.40723718277,410.768305538098,1037.81436941607,24971.3720605771,591.080742973288,300.73057238204,5021.15157025369,1891.34068278097,2900.33352791041,1124.62107812932,345.32455950834,0,0
"DE916",NA,NA,"DE","Goslar","Germany","DE","DE","DEU",21659.9828769937,644.055862001805,43.5918987271185,2323.32347111724,475.227371556105,734.846276090264,620.608838253966,446.500558707225,652.515836696741,123.335917003919,160.117973567156,404.541274313007,10285.6507836234,230.403975923779,117.22513443783,1957.25084813778,737.246845409112,1130.55345530991,438.37863251179,134.607923605532,0,0
"DE917",NA,NA,"DE","Helmstedt","Germany","DE","DE","DEU",10652.8402166477,714.480211756434,16.5202655526145,880.482883935531,236.30351441206,365.397214020202,297.665309153946,222.019305967121,311.286759871192,61.327929293777,79.6175518059134,201.155342824379,4906.83401924661,114.566778986284,58.2893850461117,973.229409085794,366.590880464069,562.159864331151,217.980734498705,66.9328563957559,0,0
"DE918",NA,NA,"DE","Northeim","Germany","DE","DE","DEU",21860.6468068871,2209.68854173018,51.1007769007566,2723.52519235405,397.285450996665,614.324324909542,579.465201043144,373.270115430042,618.591980238879,103.107624568305,133.857065372737,338.192562616807,9750.90676495606,192.615478326876,97.9990698994905,1636.24263343641,616.331177463855,945.131670126473,366.480264287947,112.530912228895,0,0
"DE919",NA,NA,"DE","Osterode am Harz","Germany","DE","DE","DEU",12898.1665608413,335.401047030565,32.5286313885142,1733.68297768688,261.750841037174,404.746532527859,366.576474901028,245.928378204509,389.233125088609,67.9322823939144,88.1914989642448,222.817592427288,6135.50778835811,126.904379011002,64.5665198730567,1078.03566520853,406.068743906633,622.698387081258,241.454896372989,74.1407993791367,0,0
"DE91A",NA,NA,"DE","Peine","Germany","DE","DE","DEU",16530.4873215834,687.237918497413,35.4942761963262,1891.74336023912,347.678872256683,537.61744344922,466.881621914251,326.662183209242,492.861819213149,90.2332127719288,117.143160958021,295.964547609864,7769.01382604119,168.564774058218,85.7625317498594,1431.935129022,539.37371272895,827.118920109676,320.72013881282,98.4798727454186,0,0
"DE91B",NA,NA,"DE","Wolfenb├╝ttel","Germany","DE","DE","DEU",14173.0367494859,832.311767080232,27.7056790908863,1476.63342030693,298.690178468065,461.866000338494,395.493223562491,280.634785680914,416.662023344616,77.5191608614528,100.637440019745,254.262512335077,6567.87134641217,144.813638286617,73.6784083196364,1230.17241877876,463.374807535192,710.576102189723,275.529987998753,84.6038488761694,0,0
"DE922",NA,NA,"DE","Diepholz","Germany","DE","DE","DEU",40922.8888514975,4676.6031820384,77.5884768780181,4135.24381095139,787.110989258342,1217.11335235649,1081.91914227047,739.531259147928,1145.85815990119,204.279175515838,265.200668387018,670.034812131499,18062.2388262226,381.614175178062,194.157990587058,3241.76119372068,1221.08937437129,1872.51640347354,726.079051331195,222.948807776433,0,0
"DE923",NA,NA,"DE","Hameln-Pyrmont","Germany","DE","DE","DEU",29774.5447285465,856.14319395995,82.6030012197216,4402.50361012873,574.903858861586,888.976488056691,839.093288801567,540.151745351083,895.828019611634,149.204988739615,193.7018917396,489.39171771564,14120.9969991771,278.730020162558,141.812501083852,2367.77410709744,891.880564394616,1367.68120484877,530.326287074436,162.841240521916,0,0
"DE925",NA,NA,"DE","Hildesheim","Germany","DE","DE","DEU",45345.4799043516,1159.75075987092,91.2291493327878,4862.25262225315,1001.95197983173,1549.32296679314,1304.38291443765,941.385420052261,1370.81539935406,260.036928895307,337.586869411446,852.920002049405,21608.2548401382,485.775301792939,247.153178806657,4126.59598267153,1554.38423919811,2383.61748639226,924.261448415449,283.80241465464,0,0
"DE926",NA,NA,"DE","Holzminden","Germany","DE","DE","DEU",12752.7728761192,559.391651731426,47.4646810440152,2529.73168727912,196.812244688721,304.33168153783,346.282502034003,184.915226844341,377.826348308982,51.0787469938848,66.3117902690939,167.538069211106,5955.7020029293,95.4202691193504,48.5480071720208,810.582377819586,305.325861301984,468.211169216847,181.551585308952,55.7469733086806,0,0
"DE927",NA,NA,"DE","Nienburg (Weser)","Germany","DE","DE","DEU",22809.7388185305,2210.01886906798,44.998461126967,2398.28922238253,447.199283030861,691.506313555567,612.645736157709,420.166727924207,648.551979190772,116.061777913806,150.674492391128,380.682129559975,10223.1682325962,216.815147880028,110.311398735594,1841.81557794683,693.765301447488,1063.87536767327,412.523818889874,126.668981059648,0,0
"DE928",NA,NA,"DE","Schaumburg","Germany","DE","DE","DEU",23381.1864668526,754.170041784413,48.8966064305835,2606.04921316457,504.373065957662,779.914397745205,667.126903119283,473.884437694651,702.727216263905,130.900108716954,169.938008786305,429.351790414668,11077.1361186098,244.534651623685,124.414551859892,2077.28904143506,782.462193978883,1199.89029801994,465.264393770708,142.863427476423,0,0
"DE929",NA,NA,"DE","Region Hannover","Germany","DE","DE","DEU",304746.646408481,2273.34675657963,499.735495398548,26634.471993934,7334.14960677657,11340.8293574949,8989.76369092735,6890.81078462566,9361.42699322753,1903.43427449008,2471.08908948182,6243.25618748026,147564.79992297,3555.80787337214,1809.12700972242,30206.1105849794,11377.877169931,17447.7495952107,6765.46568588383,2077.39433599516,0,0
"DE931",NA,NA,"DE","Celle","Germany","DE","DE","DEU",31439.9487812069,1468.9058008715,72.3891211556694,3858.13302805022,638.205495944704,986.860101386096,880.408534132197,599.626889285122,932.901846679154,165.633683559804,215.030061074719,543.277765667491,14705.3942152805,309.420484852496,157.427222291735,2628.48548502955,990.083940382718,1518.27413954602,588.719567346549,180.771398670611,0,0
"DE932",NA,NA,"DE","Cuxhaven","Germany","DE","DE","DEU",30297.1021076186,4308.38676445487,41.4484224738219,2209.08232002077,607.58155123469,939.506154462415,788.514948438974,570.854118099685,828.29429090459,157.685841055027,204.711960175893,517.208876628304,13056.4583159276,294.573110643908,149.873162381648,2502.3590341041,942.575299292638,1445.4205781155,560.470178090763,172.097181113387,0,0
"DE933",NA,NA,"DE","Harburg","Germany","DE","DE","DEU",36337.921572162,1614.53939341406,30.3205482876501,1615.99846647693,927.536040466003,1434.25325659189,1054.64901908707,871.467817464011,1084.75861825884,240.723735525728,312.513967206087,789.572811331761,17099.1226640861,449.696301869549,228.796873975351,3820.10972123923,1438.93862341657,2206.58391800884,855.615659707181,262.724135749165,0,0
"DE934",NA,NA,"DE","L├╝chow-Dannenberg","Germany","DE","DE","DEU",7915.5954380257,1246.63702442668,14.5881617000833,777.507276992553,141.116373640146,218.208899300701,200.279468538035,132.586091299297,213.03819975432,36.6239791495686,47.5462255265701,120.126493202371,3358.13539382821,68.417299803609,34.8094130545932,581.195778115434,218.921736265118,335.71215247402,130.174326236355,39.9711447180391,0,0
"DE935",NA,NA,"DE","L├╝neburg, Landkreis","Germany","DE","DE","DEU",31019.9728222545,1411.32068628131,41.1309263051176,2192.16068269183,737.171744776931,1139.89206832615,889.453355845189,692.610770352525,923.90892006806,191.318426869501,248.37467917336,627.523612630117,14563.6381115318,357.402184935432,181.83939321989,3036.08358660695,1143.6158266346,1753.71225038119,680.012054742282,208.803540882272,0,0
"DE936",NA,NA,"DE","Osterholz","Germany","DE","DE","DEU",14008.9537222457,912.927769659227,17.8265905740482,950.106269744064,325.384620810491,503.143739630753,394.710003589553,305.715587279616,410.351610262679,84.4471783164043,109.631576867079,276.986379621844,6468.39988286918,157.755876084544,80.2631712765495,1340.11499162383,504.787391457845,774.081480528896,300.154565264619,92.1650367845082,0,0
"DE937",NA,NA,"DE","Rotenburg (W├╝mme)","Germany","DE","DE","DEU",32321.8987624037,3478.81662121847,43.9786684403035,2343.93719015217,690.197017859219,1067.25483147507,871.644396328624,648.475598286996,911.886191762601,179.127060447501,232.547522462445,587.535983496779,14374.1230409975,334.627478557862,170.252058382509,2842.615512999,1070.74130107721,1641.96060683599,636.679709466437,195.497972157084,0,0
"DE938",NA,NA,"DE","Soltau-Fallingbostel","Germany","DE","DE","DEU",28385.3596458487,1750.16245413681,40.181669506526,2141.56801146887,648.751811405247,1003.16791761578,799.821262739259,609.53569510583,833.645927712347,168.370772301303,218.583422604828,552.25540490099,13140.8165249237,314.533643645304,160.028699651167,2671.92108263051,1006.44503039846,1543.3635474765,598.448130191092,183.758637434204,0,0
"DE939",NA,NA,"DE","Stade","Germany","DE","DE","DEU",38244.5336762934,2937.97249703305,80.9590474784912,4314.885579624,758.781428486801,1173.30722189715,1044.40333164865,712.914179683409,1106.33357364115,196.926795233879,255.65561241111,645.919036607627,17439.2101290251,367.879184669067,187.169890219155,3125.08429300701,1177.14013962445,1805.1211212683,699.9461413727,214.924473362304,0,0
"DE93A",NA,NA,"DE","Uelzen","Germany","DE","DE","DEU",16141.2834241512,1998.30466119887,18.2129894672705,970.700225136024,348.195233843892,538.415895752661,430.668584911276,327.147331479277,449.108660493735,90.3672242655336,117.317138249567,296.404104729253,7079.32985829789,168.815121091718,85.8899035304052,1434.06179346728,540.174773387587,828.347330785386,321.196462147778,98.626131915753,0,0
"DE93B",NA,NA,"DE","Verden","Germany","DE","DE","DEU",25625.0214418005,1304.92528517526,64.5008815491962,3437.71242792356,496.934769468224,768.412525582791,711.065020969448,466.895775557013,757.183305259073,128.969645167542,167.431829571963,423.019878322354,11935.5310922578,240.928350329098,122.579734763588,2046.65399601464,770.922747915205,1182.19478572186,458.402856665681,140.756533586185,0,0
"DE941",NA,NA,"DE","Delmenhorst, Kreisfreie Stadt","Germany","DE","DE","DEU",10562.8985772999,91.4195249562183,17.1856972428135,915.948488999957,254.221222604193,393.103448823024,311.343081351635,238.853914403803,324.171270969199,65.9781180302743,85.6545507213963,216.407941766817,5109.93342958846,123.253802196651,62.7091762394577,1047.02450519085,394.387624995759,604.785622274177,234.509118352718,72.0080385924702,0,0
"DE942",NA,NA,"DE","Emden, Kreisfreie Stadt","Germany","DE","DE","DEU",20678.5526814737,123.564222111981,94.8437020981245,5054.89794219821,285.371107764791,441.270659890751,571.047683732006,268.1208336941,630.943971372248,74.0624580342369,96.1498563104507,242.924542012946,9945.61202747257,138.356167548776,70.3929707644178,1175.31707165296,442.712186971868,678.89038224519,263.243667069657,80.8312285284559,0,0
"DE943",NA,NA,"DE","Oldenburg (Oldenburg), Kreisfreie Stadt","Germany","DE","DE","DEU",44429.1366194186,64.6116609489923,35.1537984270127,1873.59686935577,1211.13005692037,1872.7759919945,1342.46577976359,1137.91898246799,1374.66767143868,314.32498446409,408.065069580003,1030.98458950509,21668.9784627042,587.190884147763,298.751486639539,4988.10774167014,1878.89390907966,2881.24664662621,1117.22002966321,343.05200402173,0,0
"DE944",NA,NA,"DE","Osnabr├╝ck, Kreisfreie Stadt","Germany","DE","DE","DEU",46910.176608849,90.7546852790764,69.7192717774489,3715.83769552531,1163.74500771533,1799.50427189838,1395.53629690238,1093.39829150875,1448.16195001427,302.027126963074,392.099663313005,990.64767009318,22827.4736922601,564.217241656517,287.062936913931,4792.94973247987,1805.38282757024,2768.51885711911,1073.5091781523,329.630211706715,0,0
"DE945",NA,NA,"DE","Wilhelmshaven, Kreisfreie Stadt","Germany","DE","DE","DEU",18036.8062679456,99.9492561006487,32.0012993141727,1705.57768699836,426.866135110421,660.065073162359,531.425177780908,401.062689625602,554.740398766376,110.784709305295,143.823661323462,363.373367348751,8744.41001488028,206.957049621555,105.295786964931,1758.07235650258,662.22134994382,1015.50334195533,393.767286514992,120.909626725801,0,0
"DE946",NA,NA,"DE","Ammerland","Germany","DE","DE","DEU",23702.6331574929,2186.07464348596,39.3997134125885,2099.89198910057,494.553017589995,764.729611670326,644.425832543624,464.657997162958,677.338614519741,128.351508314407,166.629347839833,420.992392117674,10676.9338909567,239.773608125148,121.992224024868,2036.84461599417,767.227802792363,1176.52866045891,456.205783866735,140.081903516325,0,0
"DE947",NA,NA,"DE","Aurich","Germany","DE","DE","DEU",29586.5073911338,1992.2710078069,37.4570372410564,1996.3529078058,685.511195304711,1060.00912245094,832.002535706602,644.073026983622,865.045893609239,177.91094736928,230.96873206267,583.54713786022,13635.776287844,332.355656243637,169.096198657709,2823.31668738842,1063.47192203209,1630.81315785253,632.357221734067,194.170715180322,0,0
"DE948",NA,NA,"DE","Cloppenburg","Germany","DE","DE","DEU",37525.0755503835,5881.83825356548,86.5979523962902,4615.42307694505,608.931902564854,941.594208951229,938.827746399047,572.122842629156,1009.20224109677,158.036298182608,205.166932956357,518.358374490951,15908.1224365683,295.22780002837,150.206255813742,2507.92053254556,944.670174962569,1448.63302852045,561.71582429079,172.479667475854,0,0
"DE949",NA,NA,"DE","Emsland","Germany","DE","DE","DEU",84186.3502048125,7495.64181827194,241.020436250099,12845.6996118505,1412.4112069531,2184.01796247359,2230.14064891882,1327.03297573939,2404.16249392169,366.563547940772,475.882564508749,1202.32685176326,37896.9742171275,684.777807843249,348.401846203482,5817.09555928198,2191.15263360565,3360.08922447084,1302.8940050759,400.064792612003,0,0
"DE94A",NA,NA,"DE","Friesland (D)","Germany","DE","DE","DEU",15949.8674614391,1158.47385699045,27.6489583429965,1473.61036674148,340.32798405177,526.25073112024,441.370316214627,319.755645650724,463.589529796506,88.3254343235253,114.66643214622,289.707042550738,7307.59276980915,165.000850828297,83.9492758020029,1401.66007957248,527.969868033976,809.631349828427,313.939232425916,96.3977372095811,0,0
"DE94B",NA,NA,"DE","Grafschaft Bentheim","Germany","DE","DE","DEU",26917.4411167875,2590.75904504766,55.7404160088732,2970.80468125355,519.128198101846,802.73032662125,721.719139582905,487.747643268448,765.563713741918,134.729513045156,174.909443514289,441.912220048004,12067.6320317768,251.688366486886,128.054225104273,2138.05888894832,805.352657108721,1234.99237047536,478.875425119173,147.042811534101,0,0
"DE94C",NA,NA,"DE","Leer","Germany","DE","DE","DEU",25939.6933207196,1764.60712152879,26.9777714102983,1437.83802371952,620.888394095194,960.082586940494,732.792891935559,583.356581399282,758.454692382902,161.139370386162,209.195423968022,528.536437897017,11955.5720525396,301.024652969876,153.155583674339,2557.16402016682,963.218950118426,1477.07720834272,572.745219313947,175.866337930538,0,0
"DE94D",NA,NA,"DE","Oldenburg, Landkreis","Germany","DE","DE","DEU",20153.8396100591,2332.07456621399,35.2878855691173,1880.74333036167,396.811476290803,613.59141563619,533.951960840354,372.824791815185,563.827915480796,102.984613756043,133.697369458808,337.789087684641,8887.65714875531,192.385681679515,97.8821537622047,1634.29054176289,615.595873948916,944.004096730001,366.043041190463,112.396659122242,0,0
"DE94E",NA,NA,"DE","Osnabr├╝ck, Landkreis","Germany","DE","DE","DEU",64922.4731969536,4483.55485442031,159.786444975124,8516.16031458027,1228.34920374679,1899.40203813618,1771.99511136657,1154.09725657135,1888.93895627079,318.793875338172,413.86670278007,1045.64253224296,29775.4711274744,595.539224601787,302.998962526758,5059.02577322175,1905.60693622884,2922.21054539817,1133.10401802454,347.929319048793,0,0
"DE94F",NA,NA,"DE","Vechta","Germany","DE","DE","DEU",39266.6922626706,4449.72950124758,95.3048314305136,5079.47481616891,683.592934797451,1057.04290738274,1025.53446846188,642.270722572088,1098.7050792283,177.413100585033,230.322414102931,581.914202561207,17318.9616612904,331.425628063057,168.623018114438,2815.41622283292,1060.49601703945,1626.24966640723,630.587701566867,193.627368817566,0,0
"DE94G",NA,NA,"DE","Wesermarsch","Germany","DE","DE","DEU",17373.4073281912,1334.32497498336,56.1259666128418,2991.35342525553,276.937446942473,428.229651270404,461.818796439941,260.196975569553,500.980431130529,71.8736672501233,93.3083097972513,235.745317708141,7896.98804878597,134.267284834189,68.3126254752523,1140.58256184698,429.62857645477,658.826924300076,255.463945362446,78.4423981713824,0,0
"DE94H",NA,NA,"DE","Wittmund","Germany","DE","DE","DEU",9473.17946253322,1020.18023003886,10.8825222262217,580.00729611273,209.297346162485,323.637451520233,256.763770733522,196.645621845155,267.415148935271,54.3190095109856,70.5183854010482,178.16611625222,4215.28288129072,101.47340745174,51.6277281357765,862.002975434985,324.69469867767,497.912898233085,193.068602295827,59.2833722746843,0,0
"DEA11",NA,NA,"DE","D├╝sseldorf, Kreisfreie Stadt","Germany","DE","DE","DEU",287757.955562621,348.652601674703,272.756443816409,14537.1380077764,7688.9366359129,11889.4381767056,8667.32592427414,7224.15144682855,8901.45437611154,1995.51226956924,2590.62719598273,6545.27161307868,140314.220789696,3727.81888749266,1896.64292247618,31667.3210607388,11928.2781646513,18291.7786341438,7092.74282094536,2177.8875907457,0,0
"DEA12",NA,NA,"DE","Duisburg, Kreisfreie Stadt","Germany","DE","DE","DEU",96847.2191875737,70.2276291298234,197.266744993365,10513.7530618474,2220.11277887166,3432.97062774854,2849.4742832673,2085.910146365,2988.30427785371,576.186604188327,748.020801241895,1889.88956958112,47104.8402331672,1076.37489308806,547.638950421124,9143.66023400461,3444.18533241483,5281.59008415769,2047.96706224403,628.845872988064,0,0
"DEA13",NA,NA,"DE","Essen, Kreisfreie Stadt","Germany","DE","DE","DEU",143022.130397857,173.052995283112,208.078025614089,11089.9633842332,3567.61389764016,5516.61782153731,4260.51853657774,3351.95675563046,4418.21840641046,925.904015462266,1202.03326228806,3036.96116594108,69644.6722951119,1729.6824126221,880.029316080258,14693.4199183852,5534.63930972754,8487.25991093836,3290.9840539202,1010.52491445326,0,0
"DEA14",NA,NA,"DE","Krefeld, Kreisfreie Stadt","Germany","DE","DE","DEU",51452.9329148306,308.932391386305,144.562883845133,7704.78806606443,1030.23989470146,1593.06470000249,1480.54989020644,967.963371049996,1577.47142801703,267.378500802589,347.117893667375,877.000326151088,24865.7876441207,499.49010116411,254.13100630997,4243.10136237967,1598.26886632434,2450.91369408917,950.355941661072,291.814952887186,0,0
"DEA15",NA,NA,"DE","M├Ânchengladbach, Kreisfreie Stadt","Germany","DE","DE","DEU",49601.0320779546,251.221795333613,75.8996885457546,4045.2362250314,1217.14015696978,1882.06943741574,1469.95646886415,1143.56578059151,1527.13026602134,315.884787718797,410.090047724035,1036.10073743397,24072.2565400319,590.104754496916,300.234008119667,5012.86067915473,1888.21771399332,2895.54451704425,1122.76411150405,344.754361959706,0,0
"DEA16",NA,NA,"DE","M├╝lheim an der Ruhr,Kreisfreie Stadt","Germany","DE","DE","DEU",33267.0994438634,32.1694131402817,63.3527147786626,3376.51842434421,777.754850532929,1202.6459119007,981.457090360684,730.74068558614,1026.64716253025,201.850973736264,262.048312140742,662.070320797101,16183.107900095,377.078048492911,191.850096123163,3203.22740641872,1206.57467220266,1850.25839478658,717.448379897841,220.298685998579,0,0
"DEA17",NA,NA,"DE","Oberhausen, Kreisfreie Stadt","Germany","DE","DE","DEU",31478.6748273244,15.2397531397761,49.364051258405,2630.96268497107,773.568752530244,1196.17292925546,936.015635003216,726.807631202336,972.715868355173,200.764554336348,260.637893529649,658.506869864423,15332.9853023019,375.048507096196,190.817504293429,3185.98672468081,1200.08054385111,1840.29977740791,713.586868487064,219.112975759908,0,0
"DEA18",NA,NA,"DE","Remscheid, Kreisfreie Stadt","Germany","DE","DE","DEU",23013.3916260487,55.3507742590619,77.5390114542324,4132.60744540078,418.735354941225,647.492410292631,656.041155021092,393.423403453208,706.580690037681,108.674525237317,141.084164143515,356.451972732875,11137.8786834823,203.015012208578,103.290153755511,1724.5852778226,649.607615152354,996.160429141725,386.266960344479,118.606587167527,0,0
"DEA19",NA,NA,"DE","Solingen, Kreisfreie Stadt","Germany","DE","DE","DEU",28272.0632143183,34.1434603597304,61.1735500245776,3260.3751782725,635.040683631878,981.966337512627,829.119737922641,596.653385336363,871.717156776821,164.812318772945,213.963743424305,540.583692719209,13740.9358554259,307.886092299432,156.646552719554,2615.45102625418,985.174189737879,1510.74513404291,585.800151974261,179.874967110628,0,0
"DEA1A",NA,NA,"DE","Wuppertal, Kreisfreie Stadt","Germany","DE","DE","DEU",72254.6537835777,69.7730185417391,175.180037435116,9336.5947464685,1557.62843871389,2408.56803759684,2107.14746631353,1463.47203416903,2226.71987190687,404.251824155461,524.810488841963,1325.94423473586,35099.9342963583,755.183322283151,384.222824822845,6415.18095385287,2416.43626081786,3705.55721087936,1436.85121227125,441.197503413268,0,0
"DEA1B",NA,NA,"DE","Kleve","Germany","DE","DE","DEU",59530.2623039975,6739.13952702267,89.0783967337481,4747.62366274864,1230.67833063843,1903.00357778921,1591.12320981662,1156.28559108376,1670.4569329837,319.398354411123,414.651453618073,1047.62522098771,26331.5243791367,596.668452690035,303.573492171593,5068.61841425411,1909.22024126175,2927.751477198,1135.25254633502,348.589043116603,0,0
"DEA1C",NA,NA,"DE","Mettmann","Germany","DE","DE","DEU",112008.716910189,297.267410911541,238.770500509788,12725.7844747124,2522.51251156475,3900.57272889134,3282.77363989403,2370.03024903976,3449.79016495303,654.668506885379,849.908098363523,2147.30987097285,54379.2731424182,1222.98703056371,622.23240071595,10389.11066198,3913.31497924162,6000.99111857517,2326.91896868799,714.500451307905,0,0
"DEA1D",NA,NA,"DE","Rhein-Kreis Neuss","Germany","DE","DE","DEU",101241.174547749,1233.6399480013,287.524535092346,15324.2350163231,1993.3205832472,3082.28080982988,2894.23701842437,1872.82721360971,3087.85083392566,517.327150607014,671.607890374979,1696.83081641682,48673.9992556543,966.419476569733,491.69573836565,8209.60373009674,3092.34989364359,4742.05739781222,1838.76014670663,564.607093047871,0,0
"DEA1E",NA,NA,"DE","Viersen","Germany","DE","DE","DEU",50780.8195217088,2343.1636208126,78.8474429809964,4202.343101916,1165.24004119876,1801.81604906797,1447.66149611768,1094.80295236289,1510.69047172937,302.415133497771,392.603383734238,991.920329848754,23813.1149628744,564.942077133887,287.431719335933,4799.10711256481,1807.70215677013,2772.07550257276,1074.88828797057,330.053679219258,0,0
"DEA1F",NA,NA,"DE","Wesel","Germany","DE","DE","DEU",76926.4693258142,2038.79329264281,154.188617642942,8217.81213503587,1699.15847904814,2627.41659161421,2211.26858219688,1596.44678660422,2323.77051960812,440.983162359043,572.496090752884,1446.42286517104,36629.7501482354,823.801179665582,419.134277736107,6998.08044167937,2635.99974140061,4042.2534655713,1567.4071298269,481.28581902274,0,0
"DEA22",NA,NA,"DE","Bonn, Kreisfreie Stadt","Germany","DE","DE","DEU",145848.056594143,70.834553872025,55.1845226541962,2941.17715604654,4191.89514450322,6481.94679235848,4450.06959248743,3938.50109671518,4521.19492666469,1087.92393405005,1412.37183739239,3568.38579813081,71267.8980724506,2032.35201875383,1034.02182044908,17264.5575948584,6503.12178242433,9972.40862704694,3866.85904699237,1187.3522762926,0,0
"DEA23",NA,NA,"DE","K├Âln, Kreisfreie Stadt","Germany","DE","DE","DEU",361747.021175781,262.920748015836,426.45530090738,22728.8473067613,9379.70945509888,14503.8879838055,10846.0822752992,8812.71947467919,11187.7220656245,2434.31909884924,3160.29791314706,7984.55611516367,176352.811318406,4547.55445669759,2313.70869540064,38630.8646872855,14551.2687621135,22314.0828347955,8652.41450807028,2656.79817566016,0,0
"DEA24",NA,NA,"DE","Leverkusen, Kreisfreie Stadt","Germany","DE","DE","DEU",46114.4253446873,44.3638729667231,176.058805746419,9383.43058301016,769.067657932258,1189.21286592235,1302.87828121898,722.578621315523,1415.81831479255,199.596383765814,259.121343370714,654.675275445713,22317.6388066463,372.866246238642,189.70721172413,3167.44871162274,1193.09774363405,1829.59179138899,709.434785057588,217.838042887664,0,0
"DEA26",NA,NA,"DE","D├╝ren","Germany","DE","DE","DEU",45234.1006560881,1272.38783396005,86.199006900179,4594.16042351915,1012.06922241932,1564.96730566077,1301.18814590013,950.891089839647,1364.93072757202,262.662660212101,340.995663765839,861.53238941152,21515.4943651854,490.680433645793,249.648816039395,4168.26441934123,1570.07968442788,2407.68614120935,933.594208344278,286.668118734081,0,0
"DEA27",NA,NA,"DE","Rhein-Erft-Kreis","Germany","DE","DE","DEU",95644.1255198625,1212.20868407106,226.39134407698,12066.0108577609,2039.83958896381,3154.2133628862,2762.49922266152,1916.53421216697,2919.70911428485,529.400243554885,687.281501310548,1736.43050906658,46023.5700811865,988.973236127045,503.170659688444,8401.1948901245,3164.51743337062,4852.72489257013,1881.67210702803,577.783578962821,0,0
"DEA28",NA,NA,"DE","Euskirchen","Germany","DE","DE","DEU",30798.0304114906,1078.71014638731,56.0612548515442,2987.90447354041,690.456003967718,1067.65530288893,881.886954114223,648.718929056778,924.179986806991,179.194275197944,232.634782442313,587.756447587512,14567.9109546704,334.753042514567,170.31594292116,2843.68216195665,1071.14308073664,1642.57672799686,636.918614005356,195.571329847306,0,0
"DEA29",NA,NA,"DE","Heinsberg","Germany","DE","DE","DEU",38454.317885262,1381.92767337964,70.4318151095937,3753.81421630325,859.289870328729,1328.72388899974,1099.88812902361,807.347030405508,1153.00700867213,223.011784405732,289.519840351991,731.477688266958,18174.9266076183,416.608584531824,211.962476488917,3539.03400384957,1333.06451629137,2044.22806883348,792.661241402146,243.39344099956,0,0
"DEA2A",NA,NA,"DE","Oberbergischer Kreis","Germany","DE","DE","DEU",55691.2738278782,783.068682548722,178.202829719395,9497.70092599836,1022.45965194225,1581.03407474627,1576.16312916792,960.653432804031,1694.28282381938,265.359291824624,344.496502773187,870.377329436964,26707.0934902025,495.718014426965,252.211840752604,4211.05799187824,1586.19893985531,2432.40470058196,943.178972518435,289.611202881087,0,0
"DEA2B",NA,NA,"DE","Rheinisch-Bergischer Kreis","Germany","DE","DE","DEU",44937.375269949,345.84818532502,79.5496273219671,4239.7675181049,1060.56599433474,1639.95808771053,1321.50038778885,996.456301466293,1379.66480994631,275.249043476035,357.335641865623,902.815672077852,21747.7486912815,514.193071464174,261.611596274401,4368.00112148567,1645.31544366054,2523.05868989234,978.330580502095,300.40480597019,0,0
"DEA2C",NA,NA,"DE","Rhein-Sieg-Kreis","Germany","DE","DE","DEU",96317.9378390206,1950.05511782531,146.219443311396,7793.07794564422,2313.72426634494,3577.72250250642,2815.58750099981,2173.86295371565,2928.64023973951,600.481624510518,779.561243930934,1969.57713115564,46164.3520091722,1121.76044997498,570.730253365328,9529.20444761453,3589.41007737795,5504.28935813483,2134.31999206698,655.361281629494,0,0
"DEA2D",NA,NA,"DE","St├ñdteregion Aachen","Germany","DE","DE","DEU",120301.178589941,665.817086140826,268.644418100196,14317.9788029865,2653.77914729532,4103.5509330416,3508.45912049911,2493.36200495567,3695.43156478611,688.736180295764,894.135659670301,2259.05169240739,58251.3349600653,1286.62889252008,654.612162366318,10929.7397365945,4116.95626527054,6313.27100284649,2448.00729758109,751.681662517431,0,0
"DEA31",NA,NA,"DE","Bottrop, Kreisfreie Stadt","Germany","DE","DE","DEU",15873.7310905117,239.164149555867,25.5540688099456,1361.95874881122,379.242962901238,586.425142366849,465.301039378371,356.318269856211,484.611364828703,98.4250516622134,127.778024465456,322.833743738168,7638.96136166848,183.86795821007,93.5484990376863,1561.9336242317,588.340854877576,902.209064065544,349.836775861586,107.420386184802,0,0
"DEA32",NA,NA,"DE","Gelsenkirchen, Kreisfreie Stadt","Germany","DE","DE","DEU",45516.1300811266,32.993483251446,98.8797936578383,5270.01007371974,1021.80099173755,1580.01558543441,1335.1651048663,960.034587663787,1403.92845897343,265.188349523731,344.27458092365,869.816639429405,22130.2182140026,495.398676907643,252.049367932925,4208.34526251657,1585.17712337929,2430.83776522664,942.571384283602,289.424637696034,0,0
"DEA33",NA,NA,"DE","M├╝nster, Kreisfreie Stadt","Germany","DE","DE","DEU",99195.8130003657,479.505753068361,80.3467683220031,4282.25285251915,2685.19491642213,4152.12928171236,2986.99273809406,2522.87873590786,3060.5669967174,696.889525253464,904.720549328837,2285.79462860331,48243.9223045997,1301.86016610985,662.361542936083,11059.127361232,4165.69330793918,6388.00829380098,2476.98711384045,760.580163958505,0,0
"DEA34",NA,NA,"DE","Borken","Germany","DE","DE","DEU",82529.979176128,4585.25599494186,210.471271162107,11217.5165240646,1576.79775164037,2438.20963457201,2277.96415520814,1481.48258962942,2428.76004086345,409.22684228285,531.269189927324,1342.26227267545,38284.706995013,764.477159672033,388.951351459536,6494.1308549512,2446.17468989326,3751.16050366526,1454.53415245919,446.627202046849,0,0
"DEA35",NA,NA,"DE","Coesfeld","Germany","DE","DE","DEU",38150.0556152748,3054.77258932895,67.4147987880325,3593.0158790593,799.07381070848,1235.61151832993,1047.17463945571,750.770945203281,1101.57402624605,207.383890525572,269.231292133436,680.21826393473,17364.1850650481,387.414097047782,197.10887985961,3291.03075147518,1239.64796948636,1900.97564200903,737.114285457382,226.337271177844,0,0
"DEA36",NA,NA,"DE","Recklinghausen","Germany","DE","DE","DEU",91472.8876679064,964.972244752004,188.220842450677,10031.6323396823,2057.14732383903,3180.97639313626,2665.76167899536,1932.79571929868,2799.62723561778,533.892125714589,693.112982410182,1751.16386312186,44130.7113949306,997.364526629584,507.439987738549,8472.47777657304,3191.36789212292,4893.89953998721,1897.63781439381,582.685986511948,0,0
"DEA37",NA,NA,"DE","Steinfurt","Germany","DE","DE","DEU",85992.3777527743,3902.99658228166,191.243012214411,10192.7053406483,1773.4434545307,2742.28379175899,2415.5463025377,1666.24134188816,2555.06306427539,460.262366628685,597.524867403113,1509.6585717879,40275.630002043,859.816684510216,437.458277486247,7304.02732094065,2751.24218557313,4218.97547431086,1635.93210948366,502.327002471522,0,0
"DEA38",NA,NA,"DE","Warendorf","Germany","DE","DE","DEU",51734.5834890775,3392.57823713201,136.919509696431,7297.41809419483,951.878935105008,1471.89478682648,1410.66526172353,894.339219044431,1508.98887988878,247.041455027028,320.715798989457,810.294903970249,23786.2926568639,461.498441321145,234.801576708107,3920.36731166865,1476.70311964491,2264.4950260249,878.071026342067,269.61924890558,0,0
"DEA41",NA,NA,"DE","Bielefeld, Kreisfreie Stadt","Germany","DE","DE","DEU",76720.3707299647,203.819757811047,134.573139885177,7172.36329700575,1829.26218591998,2828.59655350751,2267.44622463119,1718.68591104257,2365.32956560412,474.749020457882,616.331827380767,1557.17473368914,37284.8481703452,886.879220072931,451.227177770404,7533.91992791721,2837.83691073961,4351.76677258254,1687.42270240732,518.137631194366,0,0
"DEA42",NA,NA,"DE","G├╝tersloh","Germany","DE","DE","DEU",99924.5442637803,1919.68137966059,338.941907459442,18064.6338411473,1748.35013855942,2703.48188155784,2801.56575469645,1642.66488086845,3025.39578691877,453.749890030688,589.070196767781,1488.29767671463,47689.5161717806,847.650719090417,431.268467062256,7200.67907774803,2712.31351869079,4159.27913362321,1612.78450856864,495.219332834963,0,0
"DEA43",NA,NA,"DE","Herford","Germany","DE","DE","DEU",47912.8223012463,492.846389612844,142.246562478499,7581.3347649949,925.07415073035,1430.44642514095,1368.14377508826,869.154745431049,1463.12418165774,240.084800467937,311.684484690533,787.477107105765,23063.3243505483,448.502706514292,228.189595496656,3809.9702889137,1435.11935594591,2200.72714688448,853.344662874282,262.026806669872,0,0
"DEA44",NA,NA,"DE","H├Âxter","Germany","DE","DE","DEU",23245.4241216243,1512.65756356708,42.1110353343255,2244.39768952806,496.111220802137,767.139068482726,646.830606667225,466.122009226326,679.923962897389,128.755909309701,167.154351986621,422.318825633097,10717.6869103793,240.529070114215,122.376588630018,2043.26216418495,769.645130731401,1180.2355850407,457.643165284976,140.523263824035,0,0
"DEA45",NA,NA,"DE","Lippe","Germany","DE","DE","DEU",60711.5058165351,1055.09951196019,156.544287336885,8343.36258936222,1239.32705414275,1916.37713882648,1737.41590194863,1164.41151165972,1845.05206671565,321.642960484267,417.565461026613,1054.98751919912,29083.6791516215,600.861604013657,305.706887333976,5104.23867189777,1922.63749056601,2948.32656362414,1143.23065494098,351.038789874547,0,0
"DEA46",NA,NA,"DE","Minden-L├╝bbecke","Germany","DE","DE","DEU",73552.4357984988,1810.63544170017,182.209534500788,9711.2468263208,1507.91626207076,2331.69786961193,2095.32988541548,1416.76488728684,2222.4691540331,391.350006500336,508.061005411228,1283.62632863076,35032.9299461641,731.081421096573,371.960238660971,6210.43853849296,2339.31497613983,3587.29324622,1390.99367686743,427.116553374697,0,0
"DEA47",NA,NA,"DE","Paderborn","Germany","DE","DE","DEU",63236.444186187,1879.18206113199,141.585209375205,7546.08653694232,1337.32193166879,2067.90706983642,1802.5536648979,1256.48273942286,1903.86599558907,347.075603477419,450.582795777453,1138.40647821388,30010.7670467864,648.372355189942,329.879448469487,5507.83612572908,2074.66243409095,3181.4538075936,1233.62709036168,378.7957916326,0,0
"DEA51",NA,NA,"DE","Bochum, Kreisfreie Stadt","Germany","DE","DE","DEU",68850.923841436,33.3690857973932,79.9802375612962,4262.71781174087,1790.00008480792,2767.88538550555,2065.54961394743,1681.79714761729,2129.86647289658,464.559314363513,603.103279438617,1523.75254177273,33573.2276887917,867.843817777564,441.542329302812,7372.21674055739,2776.92741368304,4258.36326358511,1651.20495228344,507.016660005818,0,0
"DEA52",NA,NA,"DE","Dortmund, Kreisfreie Stadt","Germany","DE","DE","DEU",129970.736377684,125.878973106267,171.675093498773,9149.7912634812,3304.20414494114,5109.30610625688,3883.94784141709,3104.46974459419,4017.27224547809,857.541195175781,1113.2828275606,2812.73141108835,63324.5311392101,1601.97374525258,815.053589679507,13608.5519315314,5125.9970032218,7860.61501651429,3047.99887652952,935.914229146647,0,0
"DEA53",NA,NA,"DE","Hagen, Kreisfreie Stadt","Germany","DE","DE","DEU",35378.4954841142,42.7263176246461,76.3657778084476,4070.07744909528,795.309173044607,1229.79024175012,1037.64659219433,747.233874485436,1090.84620383784,206.40685286686,267.962875813097,677.013584640095,17195.0816827944,385.588891814278,196.180250359983,3275.52587801551,1233.80767617011,1892.01966772467,733.641554697815,225.270939376707,0,0
"DEA54",NA,NA,"DE","Hamm, Kreisfreie Stadt","Germany","DE","DE","DEU",29830.8806596358,314.836086493716,56.3655711283291,3004.12366034214,688.435722100415,1064.53133172123,872.622059338018,646.820770330055,913.41868877238,178.669950776364,231.954090508329,586.036665752568,14398.2798938784,333.773551427619,169.817596597543,2835.36151665099,1068.00890429257,1637.77053041127,635.054983130357,194.999085983563,0,0
"DEA55",NA,NA,"DE","Herne, Kreisfreie Stadt","Germany","DE","DE","DEU",22377.5991853246,16.2313981369969,43.2462317438422,2304.90040997775,521.156963135098,805.867415347569,659.925878745148,489.653772365908,690.67341571035,135.256039105602,175.592993674509,443.639223248905,10887.1312541501,252.671970458067,128.554663984691,2146.41447265344,808.499993963379,1239.81874929029,480.746881382418,147.617458250504,0,0
"DEA56",NA,NA,"DE","Ennepe-Ruhr-Kreis","Germany","DE","DE","DEU",55525.5390129465,293.467820822955,161.935978897631,8630.72432211265,1092.48445281328,1689.31374724398,1594.94784941789,1026.44533492006,1702.84794909202,283.532851567544,368.089902240478,929.986526788382,26842.1061328357,529.668063392216,269.48497607141,4499.45910069218,1694.83233648297,2598.99186563289,1007.77410799482,309.445693927502,0,0
"DEA57",NA,NA,"DE","Hochsauerlandkreis","Germany","DE","DE","DEU",56004.1064097454,2235.37414485095,160.962092575003,8578.81896773184,1038.75111861954,1606.22564479547,1557.70017057705,975.960103692433,1668.75345277444,269.587421562612,349.985573451635,884.245576689807,26304.6723066446,503.616588711072,256.230484218323,4278.15532018895,1611.47280481724,2471.16167260519,958.207212285467,294.225752953693,0,0
"DEA58",NA,NA,"DE","M├ñrkischer Kreis","Germany","DE","DE","DEU",83586.2962009923,837.833153149787,326.97505357691,17426.8347703896,1338.58946087502,2069.86705609306,2335.92960805804,1257.67364830697,2546.5154493304,347.404565751766,451.00986336675,1139.48547305089,40140.8933758761,648.986890013048,330.192112029074,5513.0565165618,2076.62882316003,3184.46922633751,1234.79633639706,379.15481866844,0,0
"DEA59",NA,NA,"DE","Olpe","Germany","DE","DE","DEU",30536.9070146874,514.307364095657,123.891695057171,6603.07285086806,465.822153375812,720.302943847061,844.85659160646,437.663872473195,924.703408268043,120.894977617179,156.94908101988,396.535003682195,14576.1616821751,225.844054099255,114.905133462314,1918.51492432089,722.656003532516,1108.17868788678,429.702687204071,131.943900095773,0,0
"DEA5A",NA,NA,"DE","Siegen-Wittgenstein","Germany","DE","DE","DEU",62417.3491306639,434.098042271556,190.699951170229,10163.7617408732,1193.89729708627,1846.12889599627,1784.43210028073,1121.72791824373,1910.85570638218,309.852560601619,402.258849760277,1016.31505858058,30120.946325592,578.835943713851,294.500652808836,4917.13364417529,1852.15976330901,2840.25036286593,1101.3234838356,338.170833116811,0,0
"DEA5B",NA,NA,"DE","Soest","Germany","DE","DE","DEU",62642.3056552292,2044.66861392371,183.304981052189,9769.63099307057,1167.23030665665,1804.89360572336,1752.54911995583,1096.67290912908,1877.78642258195,302.931667750681,393.273962263697,993.614559964154,29599.6729928931,565.907015397309,287.92266146139,4807.30413358804,1810.78976707664,2776.81029190745,1076.72422988382,330.617420949521,0,0
"DEA5C",NA,NA,"DE","Unna","Germany","DE","DE","DEU",67650.1030252897,793.573644332068,152.050536984182,8103.85855368957,1473.44609059231,2278.39648449981,1960.94870428982,1384.37838822331,2067.42241276195,382.40395148954,496.446998441114,1254.28330688936,32588.9177917203,714.369284896583,363.45742352971,6068.47118475924,2285.83946798469,3505.28961216484,1359.19629409949,417.35289394185,0,0
"DEB11",NA,NA,"DE","Koblenz, Kreisfreie Stadt","Germany","DE","DE","DEU",43646.9692037001,137.259321027397,43.8192797428925,2335.44222864467,1154.572202731,1785.32032125182,1310.7712484051,1084.7799694264,1347.83446766278,299.646505849991,389.009077555687,982.839243139071,21246.0048765889,559.770000472061,284.800265692069,4755.17101557514,1791.15254130513,2746.69699459472,1065.04762491271,327.032019122527,0,0
"DEB12",NA,NA,"DE","Ahrweiler","Germany","DE","DE","DEU",19855.1712774469,485.246773722143,32.7173145566929,1743.739250665,464.86842260007,718.828185550517,576.473755411828,436.767793354623,601.400100207036,120.647455553339,156.627741281724,395.723132383396,9479.91000997046,225.381657832027,114.669875088964,1914.58693009866,721.176427548744,1105.90978738044,428.82290792729,131.673756313901,0,0
"DEB13",NA,NA,"DE","Altenkirchen (Westerwald)","Germany","DE","DE","DEU",20049.3998373772,418.426591158323,58.4956277535677,3117.64958366117,382.886756631074,592.059557414206,567.430401949026,359.741801482469,606.980401293612,99.3707266547353,129.005724936933,325.935553623351,9567.87266929007,185.634574808882,94.447319761007,1576.94079510405,593.993676228853,910.877553799657,353.198032826248,108.452488999954,0,0
"DEB14",NA,NA,"DE","Bad Kreuznach","Germany","DE","DE","DEU",26703.1041338716,916.398521097923,54.9352576940723,2927.89204690256,577.185119702674,892.504012215022,761.010880316979,542.295107247026,801.252851565474,149.797045120626,194.47051510794,491.333660084557,12630.2022986993,279.836041404947,142.37522352955,2377.16960908931,895.419612141678,1373.10826456949,532.430660828508,163.487406554012,0,0
"DEB15",NA,NA,"DE","Birkenfeld","Germany","DE","DE","DEU",13726.3757950904,328.63146272659,29.5482832762702,1574.83895107951,297.355060940582,459.801501949016,394.191267404273,279.380374092607,415.3611090016,77.1726573677233,100.187599952085,253.125982374362,6547.36494659909,144.16633469034,73.3490726352524,1224.67366161653,461.303564916813,707.399892601883,274.298394384892,84.2256774809585,0,0
"DEB16",NA,NA,"DE","Cochem-Zell","Germany","DE","DE","DEU",11462.9358611457,519.228634119328,12.9460676154964,689.988360865823,280.386580099496,433.563061776365,330.216767158265,263.437613575364,341.660654901339,72.768821919765,94.4704234395219,238.68142115279,5385.61975845576,135.939524356644,69.1634289479185,1154.788012124,434.979409953869,667.032321635939,258.645635574808,79.4193634732453,0,0
"DEB17",NA,NA,"DE","Mayen-Koblenz","Germany","DE","DE","DEU",37804.3220992451,648.112839100397,97.7233425918897,5208.37454089892,771.182872608376,1192.48363213008,1081.94860046685,724.565974298959,1149.09568214914,200.145346130682,259.834020939118,656.475869628074,18113.2721059897,373.891763497284,190.228975283247,3176.1603430788,1196.3791946629,1834.62383163738,711.385987729584,218.437176423681,0,0
"DEB18",NA,NA,"DE","Neuwied","Germany","DE","DE","DEU",34353.7982299248,531.960471277592,99.9425677983222,5326.65289445438,663.881640605841,1026.56324227802,977.467390644976,623.750947836517,1044.73000923408,172.297421880551,223.681103708683,565.134798537145,16468.1490223317,321.869022479756,163.760800048191,2734.23414119462,1029.91678206376,1579.35701440365,612.404804894772,188.044154252247,0,0
"DEB19",NA,NA,"DE","Rhein-Hunsr├╝ck-Kreis","Germany","DE","DE","DEU",20974.4787588143,795.893724748337,46.5157917108693,2479.15860091298,438.769647701601,678.471529573697,593.492033100366,412.246651957437,627.159680559706,113.874031867238,147.834302184046,373.5063319898,9885.95999824596,212.728216840914,108.232046421566,1807.09764736202,680.687935903293,1043.82148627058,404.747810542304,124.28129092154,0,0
"DEB1A",NA,NA,"DE","Rhein-Lahn-Kreis","Germany","DE","DE","DEU",18979.940943928,485.414356676968,38.3952443534504,2046.35666237128,418.644729473198,647.352275713512,545.829670825334,393.338256164712,573.755584583013,108.65100517961,141.05362977794,356.374827045325,9044.14766092076,202.971074360291,103.267799019002,1724.21203169921,649.467022786644,995.944833529709,386.183361900614,118.580917547452,0,0
"DEB1B",NA,NA,"DE","Westerwaldkreis","Germany","DE","DE","DEU",38536.3405224338,679.334924957686,87.2504472025782,4650.19918311379,828.735682425629,1281.47780734826,1110.46596784911,778.63979932808,1171.89927885541,215.082045908138,279.225242557645,705.468180293026,18472.7267263078,401.795030440978,204.425623607629,3413.19485028464,1285.66409284388,1971.54045701742,764.47620006791,234.738982024223,0,0
"DEB21",NA,NA,"DE","Trier, Kreisfreie Stadt","Germany","DE","DE","DEU",26921.3290102517,110.451579396502,42.6543871033041,2273.35678410303,656.455111130387,1015.07956550359,797.578768298142,616.773341413748,829.394351489183,170.370012228173,221.178889144836,558.812903213891,13073.7986445106,318.268426173914,161.928885541003,2703.64755888781,1018.3955908281,1561.68949552329,605.554122399155,185.94059336304,0,0
"DEB22",NA,NA,"DE","Bernkastel-Wittlich","Germany","DE","DE","DEU",20576.4813961902,872.700127930689,55.59266123782,2962.92977473235,392.175336848769,606.422531837982,573.237874662756,368.468900351411,612.11315900565,101.781394952444,132.135318749897,333.84253521307,9648.78067245858,190.137947175326,96.7385494542597,1615.19633886524,608.403571099599,932.974842568299,361.766384182938,111.083474863107,0,0
"DEB23",NA,NA,"DE","Bitburg-Pr├╝m","Germany","DE","DE","DEU",17172.4649158908,1349.27994898687,49.072681068575,2615.43348756094,295.04483684664,456.229191779236,459.835286293072,277.209799730893,494.949496611595,76.5730841441147,99.4092180184084,251.159384794235,7801.92202452717,143.04627122519,72.7792057752962,1215.15887282722,457.719584852976,701.903930062111,272.167303164742,83.5713076214726,0,0
"DEB24",NA,NA,"DE","Daun","Germany","DE","DE","DEU",11527.2166608222,530.634135083301,28.1062286829331,1497.98156745634,228.802882141108,353.798951751379,321.987885784293,214.972076156534,342.111803343335,59.3812877183605,77.0903698471709,194.770366876743,5392.73124152633,110.930255501724,56.4391914778163,942.337630218303,354.954729410257,544.31605684345,211.061695077329,64.8083059254927,0,0
"DEB25",NA,NA,"DE","Trier-Saarburg","Germany","DE","DE","DEU",17473.2948891097,765.978147430094,35.8512214980022,1910.76752347826,371.891841428685,575.058069335041,493.527309247324,349.411513130748,520.111665785366,96.517212673782,125.301217058978,316.576040108013,8198.55498042607,180.30392188525,91.735185549309,1531.65761405618,576.936648301443,884.720938846696,343.055654294423,105.338184576018,0,0
"DEB31",NA,NA,"DE","Frankenthal (Pfalz), Kreisfreie Stadt","Germany","DE","DE","DEU",9887.3226558403,295.863326747887,25.0047470559102,1332.68147111485,198.979194038003,307.682445309247,279.910589015408,186.951187214167,297.38939648712,51.6411360755987,67.0418987590439,169.382702966649,4687.76895056521,96.4708688439943,49.0825322099154,819.507081457482,308.687571227674,473.366284896087,183.550511190157,56.3607606658989,0,0
"DEB32",NA,NA,"DE","Kaiserslautern, Kreisfreie Stadt","Germany","DE","DE","DEU",26662.4893387298,102.861572064991,53.2222842286095,2836.59546258482,611.934341417784,946.236893994894,782.919734367885,574.943788360728,820.675066665205,158.815522131687,206.178542248381,520.914225673584,12936.3559745573,296.683469231341,150.946872451676,2520.286247029,949.328026562337,1455.77575182029,564.485456507549,173.330106831698,0,0
"DEB33",NA,NA,"DE","Landau in der Pfalz, Kreisfreie Stadt","Germany","DE","DE","DEU",11219.6516024608,266.717331143141,13.0169686257137,693.767181838846,282.12191362416,436.246416007832,329.525175372204,265.068048677974,340.478192774829,73.2191936036841,95.055107959108,240.15863832807,5366.98052885528,136.780864244806,69.5914865849548,1161.93508154012,437.671530070188,671.160634586434,260.246412767005,79.9108958564775,0,0
"DEB34",NA,NA,"DE","Ludwigshafen am Rhein, Kreisfreie Stadt","Germany","DE","DE","DEU",75849.2727798828,271.963187575391,400.877049404768,21365.5996896258,867.834803142708,1341.93695801391,2064.92747629537,815.375434289452,2314.49862944366,225.229453646664,292.398877647259,738.75163378522,36483.5967233339,420.751415126568,214.070269427276,3574.22679365601,1346.32074928299,2064.55623992894,800.543607162417,245.813789094562,0,0
"DEB35",NA,NA,"DE","Mainz, Kreisfreie Stadt","Germany","DE","DE","DEU",67489.0752362741,277.297937636708,69.9370420343286,3727.44422710328,1775.2183548123,2745.02832824916,2023.59159018899,1667.90895199401,2082.26396048049,460.723007086124,598.12288311808,1511.16947049592,32822.8661012267,860.677207506628,437.896095121714,7311.33734828638,2753.99568781615,4223.19791553857,1637.56938545903,502.829742119557,0,0
"DEB36",NA,NA,"DE","Neustadt an der Weinstra├ƒe, Kreisfreie Stadt","Germany","DE","DE","DEU",9700.6393253817,537.329069825243,6.88415593270705,366.905813334975,247.933113961871,383.380117432555,279.454988817716,232.945912907982,286.999077061016,64.3461631134487,83.5359033672216,211.055136698257,4523.98565039546,120.205145240113,61.1580779124774,1021.12657356905,384.632529776891,589.826376703655,228.708584476311,70.2269348547427,0,0
"DEB37",NA,NA,"DE","Pirmasens, Kreisfreie Stadt","Germany","DE","DE","DEU",8343.84693178914,56.2055662085374,16.3060669470782,869.066711154477,191.840038715619,296.6431365129,244.587018108151,180.243583589181,256.247336627203,49.7883087322652,64.6365089359403,163.305437294474,4039.24390881253,93.0095998400043,47.3215047680433,790.104065877866,297.612199615388,456.382421590219,176.96492009243,54.3385983668359,0,0
"DEB38",NA,NA,"DE","Speyer, Kreisfreie Stadt","Germany","DE","DE","DEU",15050.3471051696,29.0358743889962,38.0380276762211,2027.31803559164,318.488936944409,492.480911870025,437.506087069324,299.236737610683,463.322068125034,82.6575392006953,107.30821968464,271.116371062973,7303.37675358999,154.412649085105,78.5622013479965,1311.71472702799,494.089730755852,757.676829433155,293.79356704697,90.2118376579215,0,0
"DEB39",NA,NA,"DE","Worms, Kreisfreie Stadt","Germany","DE","DE","DEU",18482.4780473886,539.551725233927,56.3772975567049,3004.74864542133,338.703421478313,523.738662521431,517.31480877959,318.229285554234,555.455747152144,87.9038110612299,114.119069593547,288.324120074039,8755.68609933807,164.213215901386,83.5485422216694,1394.96922659332,525.449593100045,805.76655806617,312.44063709659,95.9375806448103,0,0
"DEB3A",NA,NA,"DE","Zweibr├╝cken, Kreisfreie Stadt","Germany","DE","DE","DEU",9118.85229562075,69.8304843152,33.1099784282685,1764.66711147699,155.799342149824,240.913241215935,257.095146507853,146.381495426767,278.56922765302,40.4346548258264,52.4933462196012,132.625492938335,4391.10537026601,75.5360276494315,38.4312855739672,641.668415612399,241.700247905884,370.642549535258,143.718789459106,44.130088461076,0,0
"DEB3B",NA,NA,"DE","Alzey-Worms","Germany","DE","DE","DEU",20021.3014252891,2829.29766327981,34.3887872520816,1832.82396268541,377.654931827014,583.969562593765,516.989805800557,354.826232982233,547.233618297731,98.012909432003,127.242970441244,321.481919005701,8626.0801321901,183.09803481068,93.1567767436657,1555.3932283014,585.877253305028,898.431179782018,348.371879409126,106.970577149556,0,0
"DEB3C",NA,NA,"DE","Bad D├╝rkheim","Germany","DE","DE","DEU",17480.7913107075,1874.89851434214,22.094936056866,1177.59687081069,379.444001774302,586.736009703335,472.696574556517,356.507156217809,493.485152543776,98.4772273474683,127.845760330202,323.004879760132,7778.83947102948,183.965427670884,93.5980896343833,1562.7616142179,588.652737744268,902.687330272835,350.022226345988,107.477330348558,0,0
"DEB3D",NA,NA,"DE","Donnersbergkreis","Germany","DE","DE","DEU",12387.9358381775,640.545581663336,40.3689926660566,2151.55179987749,207.698601047827,321.16530457702,337.489875824481,195.143518579117,365.039689042001,53.904086662316,69.9797215038674,176.805171103233,5754.14503754568,100.698289575638,51.2333629913955,855.418453122279,322.214475813959,494.109525528315,191.593822560805,58.8305284926566,0,0
"DEB3E",NA,NA,"DE","Germersheim","Germany","DE","DE","DEU",28900.0534864105,1070.2334028495,131.182396887786,6991.64639729735,370.561979468879,573.001697654097,774.666416504836,348.162039418591,859.249803484768,96.1720731592709,124.853147745481,315.443983993234,13544.4121314849,179.659166340203,91.4071462646366,1526.18050224713,574.873558939637,881.557232116546,341.828908735849,104.961501817815,0,0
"DEB3F",NA,NA,"DE","Kaiserslautern, Landkreis","Germany","DE","DE","DEU",12584.9349638444,435.610214321149,16.7763442949132,894.131148172911,303.806826522248,469.777896819476,364.507413406058,285.44213970057,378.284706885895,78.8470862241746,102.361388106341,258.618101781183,5962.9271398389,147.294337264931,74.9405404945123,1251.24562361307,471.312550314323,722.748473739619,280.249895376336,86.0531369677594,0,0
"DEB3G",NA,NA,"DE","Kusel","Germany","DE","DE","DEU",7248.6749850848,410.33937013793,10.3295400233782,550.534926968661,166.77789956918,257.889435179765,205.194383884592,156.696414799973,213.803675744754,43.2839234659361,56.1923426829616,141.971081754069,3370.20164307161,80.8587498466918,41.1393847838327,686.884226204295,258.731899088055,396.760249751325,153.846078576925,47.2397595508636,0,0
"DEB3H",NA,NA,"DE","S├╝dliche Weinstra├ƒe","Germany","DE","DE","DEU",18435.0783267273,2174.68835157161,39.5564910561622,2108.24778890965,335.950968572572,519.482531900682,482.539414287934,315.643214477972,514.092576488082,87.1894660477511,113.191687864327,285.981071519556,8103.67567318854,162.878747116583,82.86959003747,1383.63309339337,521.179558705244,799.218544779447,309.901607122535,95.1579496878418,0,0
"DEB3I",NA,NA,"DE","Rhein-Pfalz-Kreis","Germany","DE","DE","DEU",18688.1773895079,2174.33128164347,18.4647762170518,984.119738453052,417.450725791195,645.505982314028,504.108001125114,392.216428292367,523.706433051498,108.341125008895,140.651335083996,355.358421425694,8255.21953731256,202.392186838092,102.973272124047,1719.29445990273,647.614697982453,993.104330079915,385.08194028086,118.242716580859,0,0
"DEB3J",NA,NA,"DE","Mainz-Bingen","Germany","DE","DE","DEU",44415.3378591624,2371.93398294112,97.9613723172783,5221.06084417928,905.731801562193,1400.53726142735,1238.524946581,850.981613521553,1310.77660589401,235.064874187485,305.167482644349,771.011770618367,20661.8593225576,439.124976150284,223.418385719416,3730.30772825271,1405.1124860547,2154.71220541706,835.502103532347,256.54809560436,0,0
"DEB3K",NA,NA,"DE","S├╝dwestpfalz","Germany","DE","DE","DEU",8941.81077959559,509.827400604636,14.692536845887,783.070173611602,198.76893752452,307.357324692876,251.751466772693,186.753640405289,263.490088821955,51.5865681330756,66.971057202174,169.203720351193,4153.41189615926,96.368930404481,49.0306678823646,818.641128097106,308.361388518996,472.866090163949,183.356557793585,56.3012056099436,0,0
"DEC01",NA,NA,"DE","Stadtverband Saarbr├╝cken","Germany","DE","DE","DEU",78800.4691534803,152.268517159186,152.343034072907,8119.44781158639,1831.5026008004,2832.0609173685,2321.2495779724,1720.79089605757,2429.73100569904,475.330476073203,617.086688552646,1559.08190559244,38300.0123786687,887.965438012097,451.779824674334,7543.1472035064,2841.31259185955,4357.0966608339,1689.48939736287,518.772227627817,0,0
"DEC02",NA,NA,"DE","Merzig-Wadern","Germany","DE","DE","DEU",15149.9389311343,167.151695255325,26.7195263501749,1424.07430094065,356.039026520976,550.544788539929,444.218636102483,334.516978141745,463.864373272776,92.4029263747134,119.959940966134,303.081198842423,7311.92514591111,172.61801866726,87.8247450528175,1466.36689790512,552.343288404488,847.007507880772,328.432053599984,100.847882405413,0,0
"DEC03",NA,NA,"DE","Neunkirchen","Germany","DE","DE","DEU",18214.5832018315,79.0043278137742,37.9545988241014,2022.87151649158,412.13511827501,637.286433899477,533.576292436565,387.22214162476,560.294606031344,106.96156363116,138.86035174694,350.833466073683,8831.96135554434,199.815026557596,101.662062284296,1697.40182925448,639.368298243509,980.458639187122,380.178500594118,116.737073317693,0,0
"DEC04",NA,NA,"DE","Saarlouis","Germany","DE","DE","DEU",32943.2368379817,150.443075149664,97.4676668437459,5194.7477550969,644.169080270546,996.081619329487,946.013643850986,605.229983493831,1010.78005895461,167.181414573381,217.039366713668,548.354316697684,15932.9936850089,312.311803033373,158.898269660154,2653.04684487184,999.335582848432,1532.46135027745,594.220740254732,182.46058105234,0,0
"DEC05",NA,NA,"DE","Saarpfalz-Kreis","Germany","DE","DE","DEU",30217.4847578726,109.040800844092,88.2476843171365,4703.34906788999,595.983468636927,921.571985858351,869.278448545516,559.957122956335,927.974062802635,154.67578684035,200.804227595723,507.33591182343,14627.7172283929,288.950024720075,147.012243854813,2454.59167397307,924.582543993219,1417.82904374546,549.771401266697,168.812029815854,0,0
"DEC06",NA,NA,"DE","St. Wendel","Germany","DE","DE","DEU",14228.7644351527,143.130377963837,36.8981173051344,1966.56407447849,293.561022919463,453.934763461216,409.877647853475,275.815680226934,435.031387076478,76.1879894245655,98.9092777931805,249.896275779749,6857.42885572838,142.326875313222,72.4131909000915,1209.04770112022,455.417661179255,698.373975638582,270.798542947569,83.1510180428227,0,0
"DED21",NA,NA,"DE","Dresden, Kreisfreie Stadt","Germany","DE","DE","DEU",127065.882487781,184.396459515934,200.985509641628,10711.9525769673,3111.99923084977,4812.09876126787,3773.83819953544,2923.88334182227,3923.19045666415,807.6581902165,1048.5233814597,2649.11537057885,61841.5136085743,1508.7872432762,767.642080489294,12816.9451057508,4827.8187519944,7403.36456597308,2870.6973731975,881.47228000575,0,0
"DED2C",NA,NA,"DE","Bautzen","Germany","DE","DE","DEU",46223.7001056547,1532.14300348734,109.835368014682,5853.91083936799,949.486655520952,1468.19559387395,1309.17075835693,892.091549329264,1387.13347970182,246.420585914916,319.909770165926,808.258455967942,21865.4778322511,460.338594980891,234.211469082497,3910.51457269542,1472.99184230222,2258.80385562584,875.864242146934,268.941636868126,0,0
"DED2D",NA,NA,"DE","G├Ârlitz","Germany","DE","DE","DEU",40880.1950135314,1268.53910103332,123.438315747754,6578.90903094633,750.797385209229,1160.9614589596,1143.00138607717,705.412760368049,1226.78368419867,194.854693839942,252.965555173264,639.122552997891,19337.8732792028,364.008289545589,185.200452845407,3092.20155852682,1164.75404599368,1786.12729167206,692.581174236072,212.662996957753,0,0
"DED2E",NA,NA,"DE","Mei├ƒen","Germany","DE","DE","DEU",38862.8726322691,1685.02765992304,89.4090725367058,4765.24773687194,793.948096826677,1227.6856033179,1091.85849790975,745.955073372278,1156.46409669531,206.053612305608,267.50428950488,675.854957127046,18229.4209173881,384.929002694003,195.844511401798,3269.9202085163,1231.69616238094,1888.78170309295,732.386015208987,224.885415194957,0,0
"DED2F",NA,NA,"DE","S├ñchsische Schweiz-Osterzgebirge","Germany","DE","DE","DEU",33564.2880977416,1493.67693139221,71.4419666328,3807.65240210794,704.520201305314,1089.40283608738,945.725728038128,661.932965841829,998.300688771028,182.844360987145,237.373421065275,599.728713188525,15736.2805380028,341.571772197894,173.785182115572,2901.60635533223,1092.96165799241,1676.03508466541,649.892285063155,199.555006954526,0,0
"DED41",NA,NA,"DE","Chemnitz, Kreisfreie Stadt","Germany","DE","DE","DEU",50747.3467960106,134.851328682299,84.3828795566875,4497.36603266032,1226.20205156806,1896.08188682089,1502.84482378767,1152.07989666152,1564.95051372272,318.236624222684,413.143264534769,1043.81475099442,24668.4196345184,594.498223118073,302.469320890198,5050.18260535218,1902.27593876294,2917.10252666856,1131.12335425759,347.321139230579,0,0
"DED42",NA,NA,"DE","Erzgebirgskreis","Germany","DE","DE","DEU",46052.1965935417,1610.6058805857,109.221887391792,5821.21407754168,943.58505480421,1459.06992147114,1302.16810091603,886.546691909407,1379.87922562518,244.888941527921,317.921348614211,803.234669003358,21751.1285399707,457.477328246613,232.755711315108,3886.20849585815,1463.83635848185,2244.76410227509,870.420246689846,267.270011313756,0,0
"DED43",NA,NA,"DE","Mittelsachsen","Germany","DE","DE","DEU",48726.748416791,2666.05167452976,112.160343694527,5977.82539056875,974.872514051626,1507.44986398372,1353.95654956936,915.942869130339,1436.01270100799,253.008986180163,328.463006928961,829.868380341408,22635.9642674553,472.646393495429,240.47344147128,4015.06766898946,1512.37434684622,2319.19614739112,899.281702112203,276.132169043427,0,0
"DED44",NA,NA,"DE","Vogtlandkreis","Germany","DE","DE","DEU",33586.448847701,1159.81558839617,74.2455840024455,3957.07718582073,707.667226166174,1094.26909514185,953.622139455006,664.889757564575,1007.18597836799,183.661109390709,238.433745603899,602.407644419566,15876.3399522975,343.097540879733,174.561464027082,2914.56755547914,1097.8438139665,1683.52177428672,652.795292207856,200.446400227326,0,0
"DED45",NA,NA,"DE","Zwichau","Germany","DE","DE","DEU",56024.2668175551,1077.16990174526,173.21611984048,9231.9235581011,1039.10822330967,1606.77783742457,1581.69796180742,976.295621916348,1697.60738269597,269.680101061016,350.105892445778,884.549565043709,26759.4987341693,503.789723394282,256.318571832409,4279.62607608279,1612.0268013293,2472.01121529885,958.536627371997,294.326902684802,0,0
"DED51",NA,NA,"DE","Leipzig, Kreisfreie Stadt","Germany","DE","DE","DEU",124863.966502419,151.142810908326,162.937101641451,8684.08129981037,3180.2423122746,4917.62335276973,3731.82346653757,2988.00122687656,3858.82918732093,825.369339721934,1071.51646763641,2707.20786435135,60826.9826144969,1541.87346311679,784.475716077839,13098.0081021033,4933.68806742694,7565.71306718252,2933.64894228631,900.802099879046,0,0
"DED52",NA,NA,"DE","Leipzig","Germany","DE","DE","DEU",39322.7790939231,1303.8469573917,88.4549615091228,4714.39634913332,825.169005420336,1275.96263824768,1116.96052208655,775.288722830998,1180.44449042209,214.156385044656,278.023524961737,702.43201666453,18607.4254678617,400.065802260866,203.545825396358,3398.50528901046,1280.13090698774,1963.05542594881,761.186080260476,233.728722484075,0,0
"DED53",NA,NA,"DE","Nordhausen","Germany","DE","DE","DEU",32552.4258386694,1689.9717981831,57.4127555989303,3059.9355962793,715.983297421695,1107.12827447281,918.430367151216,672.703134242944,963.095831676109,185.819382115639,241.235672759555,609.486769622246,15181.3440206015,347.129412771,176.612803300178,2948.81776599363,1110.74500120084,1703.30548973591,660.466542146445,202.801923396363,0,0
"DEE01",NA,NA,"DE","Dessau-Ro├ƒlau, Kreisfreie Stadt","Germany","DE","DE","DEU",13373.6902590377,122.124354302206,21.9353983994594,1169.09397016165,321.016162232511,496.388771987009,393.903523035377,301.61119575568,410.25770683887,83.313430816035,108.159715654987,273.267692724386,6466.91967691803,155.637921006054,79.1855962572215,1322.12324752709,498.010356929362,763.689032123533,296.124833367383,90.9276730009088,0,0
"DEE02",NA,NA,"DE","Halle (Saale), Kreisfreie Stadt","Germany","DE","DE","DEU",42418.8782427208,20.5803154044281,32.5502955633929,1734.83761621945,1161.39292193746,1795.86723081369,1283.49905660111,1091.18838594184,1313.59079022035,301.416689362781,391.30717695605,988.645437404518,20706.2194983474,563.076882436124,286.482743962043,4783.26253397409,1801.73390513087,2762.92330673097,1071.33947116871,328.963984545461,0,0
"DEE03",NA,NA,"DE","Magdeburg, Kreisfreie Stadt","Germany","DE","DE","DEU",47111.2338665478,114.061464655006,42.7192433908014,2276.81343865104,1263.50074845432,1953.7570338145,1418.71984303185,1187.12394082976,1456.05241266246,327.916767368595,425.710284280639,1075.56557864387,22951.8515828129,612.581710252305,311.669853137594,5203.79940119459,1960.13949684719,3005.83514849806,1165.52994090248,357.885977119885,0,0
"DEE04",NA,NA,"DE","Altmarkkreis Salzwedel","Germany","DE","DE","DEU",12835.1280766666,1791.2921708017,23.6052187911019,1258.09061912018,237.471437138161,367.203178317306,331.019814364983,223.116629439933,351.255799447944,61.6310406653753,80.0110590645,202.149546812186,5536.86866380707,115.133021706656,58.5774785078412,978.039564988085,368.402744420222,564.938321870761,219.0580974584,67.2636699441788,0,0
"DEE05",NA,NA,"DE","Anhalt-Bitterfeld","Germany","DE","DE","DEU",28806.6799738373,1641.29110685718,96.1560898205443,5124.84445262188,469.391635998035,725.822451286037,779.190442779086,441.017584991688,844.835198755289,121.821366623351,158.151743910029,399.573555615565,13317.1937528752,227.574642523609,115.785623739828,1933.21604068732,728.193541899381,1116.6703934445,432.995395083209,132.954954325563,0,0
"DEE06",NA,NA,"DE","Jerichower Land","Germany","DE","DE","DEU",14452.9708810971,1412.04548632636,29.0470112864238,1548.12258832793,281.055987884864,434.598170121772,387.52548933729,264.06655662044,410.603106635406,72.9425535438245,94.6959664627116,239.25126012827,6472.3642370162,136.264072613951,69.3285528913828,1157.54500600542,436.017899753897,668.624825203824,259.263138031751,79.608972905334,0,0
"DEE07",NA,NA,"DE","B├Ârde","Germany","DE","DE","DEU",30039.9576285429,2549.73051612636,85.3971695570791,4551.42478745741,510.708837995014,789.711431263203,799.553753465614,479.837221401651,861.074139288837,132.544433730465,172.07271532958,434.745169346851,13573.1692588027,247.606417172822,125.977407396631,2103.3832774491,792.291232092732,1214.96293355739,471.108895261745,144.658031847786,0,0
"DEE08",NA,NA,"DE","Burgenland (D)","Germany","DE","DE","DEU",26873.0238179809,1237.47762402478,62.0662743414618,3307.95482997883,545.492334497586,843.497312304981,752.885210784192,512.518105441083,797.829754178335,141.571806088458,183.792290646413,464.35491163534,12576.2437855992,264.470462407593,134.557510938184,2246.64107804239,846.252818911374,1297.7119596288,503.195308089453,154.510440442477,0,0
"DEE09",NA,NA,"DE","Harz","Germany","DE","DE","DEU",30722.3391632387,1524.81161499792,67.9777304927732,3623.01852818563,630.007427569436,974.183390453026,859.691901343189,591.924382382181,909.579120258802,163.506036161436,212.267892533975,536.299091403471,14337.7565185525,305.445824170869,155.404990987434,2594.72127606144,977.365817627448,1498.77114985462,581.157170442052,178.449299760446,0,0
"DEE0A",NA,NA,"DE","Mansfeld-S├╝dharz","Germany","DE","DE","DEU",17296.3853384221,1075.77701434351,36.4655264326432,1943.50821876224,353.004716197766,545.852820494798,479.289356355557,331.666087524548,506.746822365933,91.6154308124059,118.937593245431,300.498216804177,7987.88405956998,171.146897253599,87.0762666257445,1453.86991896603,547.635992807323,839.788963188882,325.633021200505,99.9884154709964,0,0
"DEE0B",NA,NA,"DE","Saalekreis","Germany","DE","DE","DEU",37509.0525577403,1478.39962889068,124.855344420116,6654.43260458905,636.683299217397,984.506321567236,1032.65432823174,598.196707166235,1116.71719794197,165.238627339435,214.517188563717,541.981982973401,17602.8878934872,308.682479848783,157.051739466713,2622.21623158609,987.722471320815,1514.65287344747,587.31540049996,180.340237182351,0,0
"DEE0C",NA,NA,"DE","Salzland","Germany","DE","DE","DEU",28972.8226224147,1455.49988664027,77.4968527369979,4130.3605064024,546.58734830065,845.190537198182,801.518839930683,513.54692723066,856.230130313266,141.855995383133,184.161232760586,465.287051292683,13496.8128212828,265.001356773149,134.827619833333,2251.15095441536,847.951575170605,1300.31696875235,504.205415423964,154.820602573642,0,0
"DEE0D",NA,NA,"DE","Stendal","Germany","DE","DE","DEU",18259.2861567805,1769.75273695304,33.6220674077974,1791.95998882761,366.365461485066,566.512602543997,491.974964602477,344.21919492657,519.351511561181,95.082949458205,123.439218338582,311.871662964481,8186.57261854005,177.624573035234,90.3719841206456,1508.89690522672,568.363265487604,871.573825876004,337.9577853007,103.772840124519,0,0
"DEE0E",NA,NA,"DE","Wittenberg","Germany","DE","DE","DEU",18976.1397441204,1278.15534169317,44.7503788722588,2385.0671480531,367.066579195263,567.596744092392,520.086632655615,344.877931077009,553.09494297622,95.2649107695487,123.675445361073,312.468495278658,8718.47258518797,177.964495181323,90.5449300045609,1511.78449822969,569.450948670519,873.241766523543,338.604538921013,103.97143137751,0,0
"DEF01",NA,NA,"DE","Flensburg, Kreisfreie Stadt","Germany","DE","DE","DEU",21363.2253156942,5.17074291599352,35.9091531535577,1913.85511495748,516.744977158224,799.045141086194,633.801656582934,485.508484611896,660.071543080899,134.110994924994,174.106466811145,439.883483289122,10404.7518887927,250.532912037541,127.466351988723,2128.24345849883,801.655432942433,1229.32275034436,476.676997164954,146.367765352178,0,0
"DEF02",NA,NA,"DE","Kiel, Kreisfreie Stadt","Germany","DE","DE","DEU",66657.0691987891,32.2985672375201,83.0190407504062,4424.67732668562,1713.39503310502,2649.4306408025,1996.0855909236,1609.82276139214,2061.5379126498,444.677979944637,577.292801385739,1458.54185087075,32496.1600228113,830.703472871922,422.646032452138,7056.71449596615,2658.08570529104,4076.12185435541,1580.5397932059,485.318316087501,0,0
"DEF03",NA,NA,"DE","L├╝beck, Kreisfreie Stadt","Germany","DE","DE","DEU",54185.1296126798,143.995640486002,88.8271614616786,4734.23354161569,1313.72380698306,2031.417180815,1605.48247871911,1234.31108752049,1671.07030946134,340.951174368555,442.631898731495,1118.31837722655,26341.1930735855,636.931301754545,324.058459392812,5410.64591253836,2038.05334121577,3125.31448776671,1211.85874483121,372.111634205958,0,0
"DEF04",NA,NA,"DE","Neum├╝nster, Kreisfreie Stadt","Germany","DE","DE","DEU",19929.5070550248,143.90802979122,32.3940685856407,1726.51116532302,480.812202404263,743.482125784536,588.219766656322,451.747794542616,612.352981826604,124.785350002094,161.999666103497,409.295408277846,9652.56101562816,233.111663463038,118.602754049352,1980.25229032843,745.910906385788,1143.83962144978,443.530420175047,136.189824247528,0,0
"DEF05",NA,NA,"DE","Dithmarschen","Germany","DE","DE","DEU",27961.3550995297,2693.60483594511,70.9079304835703,3779.18980341048,493.621891398539,763.289806946703,741.153315183681,463.783156213981,794.11619135594,128.109852825807,166.31562424596,420.199763160288,12517.7066464126,239.322171214231,121.762541562314,2033.00972003273,765.783294566583,1174.31353566583,455.346856433389,139.818162472041,0,0
"DEF06",NA,NA,"DE","Herzogtum Lauenburg","Germany","DE","DE","DEU",27325.9890255468,1217.47293729684,46.3407301564187,2469.82832097057,614.934202797221,950.875593479412,777.632822926595,577.762312423382,813.699432802167,159.594077148217,207.189283114348,523.46788276035,12826.3985913422,298.137888800608,151.686853299891,2532.64134604186,953.981879583075,1462.91234337828,567.252711105988,174.179816119418,0,0
"DEF07",NA,NA,"DE","Nordfriesland","Germany","DE","DE","DEU",35590.352660654,3057.16841262547,40.1472064156118,2139.73122733361,817.480611216217,1264.07403883576,986.145626499398,768.06508102674,1024.31245217594,212.16101355259,275.43308052686,695.887206801053,16146.3057046004,396.338246359998,201.649316276444,3366.84020198579,1268.20347032792,1944.76493774568,754.09383781161,231.550988536873,0,0
"DEF08",NA,NA,"DE","Ostholstein","Germany","DE","DE","DEU",32175.2381412263,1392.28719963451,35.5324482063864,1893.77781915241,792.236951780393,1225.03965184209,929.17388180043,744.347364589232,960.716315483374,205.609518265488,266.927754789732,674.398330596274,15143.8355476788,384.099390079824,195.422420377377,3262.8727607185,1229.04156720626,1884.71093389824,730.807550940478,224.400734186551,0,0
"DEF09",NA,NA,"DE","Pinneberg","Germany","DE","DE","DEU",54385.7898953399,1591.33644295878,119.140713218909,6349.85911304066,1160.26804521811,1794.12782875533,1552.65452615725,1090.13150640643,1638.24325186037,301.124749735561,390.928173153671,987.687876689952,25823.7379686691,562.531509664955,286.205268731146,4778.62966548889,1799.98882085659,2760.24725451267,1070.30181646386,328.645363757674,0,0
"DEF0A",NA,NA,"DE","Pl├Ân","Germany","DE","DE","DEU",16462.6458522459,1334.30670997973,18.9983816949314,1012.55938359985,379.574889759388,586.938402398248,458.03370149312,356.630132211969,475.784958000232,98.5111967495516,127.889860313053,323.116299252038,7499.83012039252,184.028885952055,93.6303759936428,1563.30068379838,588.855791608338,902.998709357152,350.142965384495,107.514404307155,0,0
"DEF0B",NA,NA,"DE","Rendsburg-Eckernf├Ârde","Germany","DE","DE","DEU",48588.7338297735,2720.93161728527,52.4344629612519,2794.60684325545,1177.88415592047,1821.36770196893,1387.21724098555,1106.68274848892,1435.29220252585,305.696664775731,396.863555071089,1002.68373824699,22624.6070016839,571.072309688418,290.550664364806,4851.18261524887,1827.31768030583,2802.15551993614,1086.55198844909,333.635118610987,0,0
"DEF0C",NA,NA,"DE","Schleswig-Flensburg","Germany","DE","DE","DEU",32946.0765699266,3001.56684354075,38.620214862018,2058.34694676188,745.325144586912,1152.49970805074,907.279605179554,700.271308840869,943.756704797814,193.434481420338,251.121797570565,634.464262404378,14876.5000699361,361.355189004547,183.850606054119,3069.66382555876,1156.26465254205,1773.10897472708,687.533246645261,211.11298744288,0,0
"DEF0D",NA,NA,"DE","Segeberg","Germany","DE","DE","DEU",51253.4997609462,1583.16603830825,100.704980977724,5367.28733539675,1130.90509031782,1748.72375618933,1468.52595390024,1062.54350000574,1542.74175314716,293.504172333393,381.034936530571,962.692415771816,24318.3414559201,548.295499790892,278.962259296719,4657.69667252125,1754.43642390343,2690.39355477325,1043.21564090636,320.328320955386,0,0
"DEF0E",NA,NA,"DE","Steinburg","Germany","DE","DE","DEU",26951.9148348473,1597.31853422668,72.4501647138774,3861.38647503662,498.240005096588,770.430817453865,738.784517047741,468.122111564134,790.332587222914,129.308393402105,167.871601555544,424.130971066545,12458.0654413611,241.561166316333,122.901699429695,2052.02968288273,772.94763306939,1185.29990705528,459.606885398273,141.126240947894,0,0
"DEF0F",NA,NA,"DE","Stormarn","Germany","DE","DE","DEU",48019.7900482404,880.811372366252,98.670534369343,5258.85715240393,1066.62110523945,1649.32113362489,1389.37503928028,1002.14538960349,1460.26021306648,276.820528412916,359.375785480695,907.970135873738,23018.1794220604,517.128764377942,263.105220657855,4392.93943872741,1654.7090764357,2537.46363995487,983.916183093597,302.119913211207,0,0
"DEG01",NA,NA,"DE","Erfurt, Kreisfreie Stadt","Germany","DE","DE","DEU",48057.0970122895,301.553916250059,44.0256500193657,2346.44117388613,1280.47368013049,1980.00235633396,1441.89335738084,1203.07088313548,1480.5725364888,332.321757943254,431.428960409462,1090.01392867603,23338.3639349507,620.810678479589,315.856594719897,5273.7033817035,1986.47055663995,3046.21330788395,1181.18680543356,362.693551824486,0,0
"DEG02",NA,NA,"DE","Gera, Kreisfreie Stadt","Germany","DE","DE","DEU",15065.4833362385,76.3917208981107,16.622598901232,885.936958606823,392.205662706733,606.469424851996,450.670827626292,368.497393054767,464.370971085687,101.789265432397,132.14553641667,333.868350353274,7319.91068112468,190.152650028458,96.7460299846112,1615.32123762902,608.450617302021,933.046986989177,361.794358598849,111.092064647737,0,0
"DEG03",NA,NA,"DE","Jena, Kreisfreie Stadt","Germany","DE","DE","DEU",27722.0020977693,6.7016304754918,59.2115638829675,3155.80693082486,626.374999635241,968.566550387882,814.217739810192,588.511529505523,855.497099929962,162.563310937618,211.044021530822,533.20695674688,13485.258014315,303.684718038547,154.508973884026,2579.76091586223,971.730628671703,1490.1296990503,577.806397978598,177.420416301424,0,0
"DEG04",NA,NA,"DE","Suhl, Kreisfreie Stadt","Germany","DE","DE","DEU",6622.58119659226,11.2129196177112,9.86768124400352,525.919175560815,164.263956029075,254.002112690956,197.042942330887,154.334435540361,204.483718014176,42.6314788670492,55.3453217212146,139.831066291712,3223.29052590985,79.6399173013534,40.5192661057082,676.530407336643,254.831877634302,390.779643991152,151.527064148705,46.5276862565853,0,0
"DEG05",NA,NA,"DE","Weimar, Kreisfreie Stadt","Germany","DE","DE","DEU",11073.783813619,21.4472508513845,11.9500459104625,636.903253939575,290.506356954252,449.21131939299,332.377966787754,272.945664437092,342.231285579115,75.395210955753,97.8800716624968,247.295965831016,5394.61464800164,140.845884895521,71.6596913125949,1196.46688631654,450.678786734257,691.107005408145,267.980733265806,82.2857853826348,0,0
"DEG06",NA,NA,"DE","Eichsfeld","Germany","DE","DE","DEU",14881.4495513732,641.634233436945,36.4239287802325,1941.29118291358,296.492229245277,458.467301319723,416.766167894953,278.569699335464,442.74520141919,76.9487263723095,99.8968867675116,252.391489677964,6979.02222722491,143.74800892661,73.136236490844,1221.1200404059,459.965005769011,705.347238624307,273.502465948706,83.9812808197441,0,0
"DEG07",NA,NA,"DE","Nordhausen","Germany","DE","DE","DEU",12674.4530495228,589.476566961772,28.001852496743,1492.41861538767,261.51481695931,404.381567407861,355.764492728426,245.706621443551,376.24835878127,67.8710269868803,88.1119755627687,222.616674957162,5930.82804844503,126.789947710937,64.5082994170935,1077.06358667469,405.702586531741,622.136891989146,241.237173407758,74.0739456730083,0,0
"DEG09",NA,NA,"DE","Unstrut-Hainich-Kreis","Germany","DE","DE","DEU",14997.0377375549,904.001449100445,27.3671335378747,1458.58991102375,322.024551837108,497.948049482662,419.128101856245,302.558629655315,440.459416980386,83.575138503816,108.499471548098,274.126092808353,6942.99125420946,156.126817454544,79.4343374157484,1326.276357232,499.574728216517,766.087964550431,297.055033272441,91.2132988696708,0,0
"DEG0A",NA,NA,"DE","Kyffh├ñuserkreis","Germany","DE","DE","DEU",10077.1555087869,911.731886633998,20.7226049702625,1104.45555059409,196.998908728382,304.620321003136,271.862821009385,185.090607310593,288.087120754079,51.1271919738696,66.3746828328588,167.696968535919,4541.13655591345,95.5107692451303,48.594051904403,811.351164240173,305.615443684288,468.655238072414,181.723775572694,55.7998458078136,0,0
"DEG0B",NA,NA,"DE","Schmalkalden-Meiningen","Germany","DE","DE","DEU",19354.7717371875,627.550976970878,54.0209646990844,2879.16284636852,369.956956147515,572.06614730228,543.311280954584,347.593588889036,580.507704263601,96.0150512564607,124.649297727624,314.928952831177,9150.58177512609,179.365833533398,91.2579041451166,1523.68867942765,573.934952365663,880.117897500209,341.270798424591,104.790129254078,0,0
"DEG0C",NA,NA,"DE","Gotha","Germany","DE","DE","DEU",22099.741683974,922.647642899678,57.3556642595739,3056.89279124907,429.987147692992,664.891109310957,617.60722786633,403.995041474964,657.992449176404,111.594706733667,144.87522156622,366.03015541036,10371.978992496,208.470206798462,106.065652384038,1770.92642360794,667.063151613299,1022.9281490487,396.64629835204,121.793652033331,0,0
"DEG0D",NA,NA,"DE","S├Âmmerda","Germany","DE","DE","DEU",10654.989976322,736.977592732996,32.3919814733071,1726.39992820757,179.949821365059,278.257238593442,286.759471676939,169.072112819744,309.470149211678,46.7024366885205,60.6303476300148,153.183790338188,4878.1986638993,87.2448785378695,44.3885248707566,741.133532220002,279.166239307535,428.095906303768,165.996660403729,50.9707000415847,0,0
"DEG0E",NA,NA,"DE","Hildburghausen","Germany","DE","DE","DEU",8430.90758483324,570.778770694617,23.8859262795787,1273.05152505775,148.953909799957,230.32811760646,228.376452504554,139.949859641985,245.32930399307,38.6580575027503,50.1869202398378,126.79826140289,3867.14223004349,72.2171640386045,36.7427112713748,613.475114732496,231.080545196263,354.357445478876,137.404146296486,42.1911230522015,0,0
"DEG0F",NA,NA,"DE","Ilm-Kreis","Germany","DE","DE","DEU",18341.1297353773,656.577675824624,59.992050518636,3197.40463527204,317.47924211578,490.919616100431,507.43476276226,298.288077385936,547.813519148973,82.3954927676894,106.968024023451,270.256859896132,8635.22114810045,153.923119826249,78.3131382276639,1307.55624168397,492.523334601533,755.274791912511,292.862163123876,89.9258420850824,0,0
"DEG0G",NA,NA,"DE","Weimarer Land","Germany","DE","DE","DEU",11652.4406879502,875.930889970333,21.649668713067,1153.86539544537,242.462749396342,374.921267478958,320.70194473895,227.806224032648,337.815764621513,62.926437587484,81.6927778628172,206.398443113775,5325.01249577254,117.552954265667,59.8086938912702,998.596567247142,376.146046757261,576.812522848577,223.662387474389,68.6774567320495,0,0
"DEG0H",NA,NA,"DE","Sonneberg","Germany","DE","DE","DEU",8983.3884860033,351.72652029118,32.9465052079159,1755.95445658389,141.911177514072,219.437908196095,245.396301497981,133.332850419271,267.259959364661,36.8302548619881,47.8140181523605,120.803076646911,4212.83661770785,68.8026437117949,35.0054686619705,584.469222890411,220.154760042458,337.602970048393,130.907501672412,40.1962725316845,0,0
"DEG0I",NA,NA,"DE","Saalfeld-Rudolstadt","Germany","DE","DE","DEU",16119.6464046541,474.363775314174,48.0855268635912,2562.82099301447,299.061429981254,462.440068265319,451.785734100748,280.983595572729,484.439523279831,77.6155118895266,100.762525491529,254.578543290416,7636.25261183833,144.993631758849,73.7699855543427,1231.70143916469,463.950750806421,711.459299804478,275.872452975332,84.7090056880806,0,0
"DEG0J",NA,NA,"DE","Saale-Holzland-Kreis","Germany","DE","DE","DEU",11405.1397104093,661.900364420946,24.6122846595349,1311.76434835455,232.531546910288,359.564603278245,316.956260281334,218.475348489563,335.297367496672,60.348989319809,78.3466658492244,197.944423943933,5285.31483342656,112.738020035347,57.3589474830512,957.694347273557,360.739215959642,553.186452554635,214.501242250834,65.8644484215719,0,0
"DEG0K",NA,NA,"DE","Saale-Orla-Kreis","Germany","DE","DE","DEU",14189.2365903714,938.881473770556,42.0410885431706,2240.66972570072,245.042668764569,378.910608695031,383.745094131308,230.230190976221,413.286135174202,63.5960049148763,82.5620280069209,208.594621051569,6514.6569953533,118.803773800863,60.4450869378005,1009.22211129999,380.148420209378,582.950083373804,226.042262019348,69.4082176477973,0,0
"DEG0L",NA,NA,"DE","Greiz","Germany","DE","DE","DEU",13819.7271010587,838.197901856513,30.6233938956232,1632.13927083907,277.625051932941,429.292898037971,382.556808512097,260.843015824786,405.303829140743,72.0521216008442,93.5399839900233,236.330647206644,6388.8313713749,134.600655622892,68.4822381538819,1143.41450194834,430.695296598541,660.462718541717,256.098234028191,78.6371619530321,0,0
"DEG0M",NA,NA,"DE","Altenburger Land","Germany","DE","DE","DEU",11499.1045540023,521.825350939063,26.3331938472169,1403.48388395981,234.491591240241,362.595428864156,322.519067905301,220.316910951652,341.608467258124,60.8576802733866,79.0070619985164,199.612928071447,5384.79712114471,113.688306221787,57.8424349120906,965.766900869588,363.779942537297,557.849346618444,216.309306357524,66.4196300319362,0,0
"DEG0N",NA,NA,"DE","Eisenach, Kreisfreie Stadt","Germany","DE","DE","DEU",9174.37679845751,52.8592809122383,27.8598519569722,1484.85039292905,176.483202335311,272.896789601852,262.691279489918,165.815045937129,281.156464399338,45.8027439045439,59.4623424868029,150.23280189815,4431.88815617031,85.5641613585295,43.5334081284775,726.8560653857,273.788278994458,419.848910535213,162.798840158813,49.9887818747126,0,0
"DEG0P",NA,NA,"DE","Wartburgkreis","Germany","DE","DE","DEU",19428.6458222766,748.148837158356,65.3380559077791,3482.33142579949,328.099185185291,507.341283041388,534.928478115829,308.266060132276,578.818129314543,85.1516901069095,110.546192844243,279.297175247505,9123.94889218065,159.071975413602,80.9327774331438,1351.29507876297,508.998647251947,780.539357994039,302.65864455322,92.9339358333758,0,0
"DK011",NA,NA,"DK","Byen K├©benhavn","Denmark","DK","DK","DNK",244819.595327822,54.5732949585403,1927.36124022236,6789.64947683506,16603.6756281825,9128.32419260962,8457.19613114055,6934.21109427457,8230.22213938804,1716.61207073272,7886.73905089061,2256.79026257992,120609.903054099,1719.77341892928,1319.86287206429,21977.6239375325,11721.0420635546,11600.5672072813,3466.28084760775,2419.18734493805,0,0
"DK012",NA,NA,"DK","K├©benhavns omegn","Denmark","DK","DK","DNK",212868.860946709,130.322364666474,9853.57290956242,34711.8665428013,9969.83358739222,5481.18833263706,6319.52493605347,4163.71243439751,6551.32399922143,1030.75590384726,4735.66682735623,1355.11099249485,96006.4672666107,1032.65416518031,792.524106549229,13196.6715208271,7038.01022504405,6965.66996163448,2081.36101859013,1452.62385184272,0,0
"DK013",NA,NA,"DK","Nordsj├ªlland","Denmark","DK","DK","DNK",93533.8301529925,500.034801349244,3868.25418772832,13626.9680399635,4592.45421527713,2524.82714403371,2820.47059676275,1917.95164412089,2900.40245991515,474.802237575093,2181.41385137491,624.211541255941,42503.9875696781,475.676643169153,365.064335520444,6078.84868109442,3241.95378406726,3208.63132740663,958.747716253301,669.129376446506,0,0
"DK014",NA,NA,"DK","Bornholm","Denmark","DK","DK","DNK",7027.0896050563,831.86412549215,131.542896559195,463.395309693717,360.284062814796,198.076004401201,205.970744880897,150.46582464067,207.704946000461,37.2488589255947,171.134780710361,48.9702149651165,3043.81497567152,37.3174571924927,28.6397764299002,476.893660207977,254.335530857562,251.721340382081,75.2150171202746,52.4940781103315,0,0
"DK021",NA,NA,"DK","├ÿstsj├ªlland","Denmark","DK","DK","DNK",41152.701661569,674.421787184136,923.70743680281,3254.00842569257,2404.06026413546,1321.69779517678,1324.21090671742,1004.01030038055,1320.90701909404,248.549716375998,1141.92763038981,326.762574519778,19357.2500010623,249.0074506603,191.104063696094,3182.15879372234,1697.0996127763,1679.65595624627,501.885741246545,350.276185689467,0,0
"DK022",NA,NA,"DK","Vest- og Sydsj├ªlland","Denmark","DK","DK","DNK",102628.946802193,6280.94112503925,3819.07355478855,13453.7160041016,4755.04057320892,2614.21343522203,2960.81632065677,1985.85276145149,3055.5852864431,491.611630315123,2258.64230409572,646.310461857955,44778.1164262522,492.516992433567,377.988684450394,6294.0577656379,3356.72846305726,3322.22629363047,992.690199303541,692.818520246723,0,0
"DK031",NA,NA,"DK","Fyn","Denmark","DK","DK","DNK",90492.7958444234,4322.25057444562,2256.54219186814,7949.27810767125,4907.98588555122,2698.29929826013,2790.56435311682,2049.72747843651,2809.65720890389,507.42425971166,2331.29126415208,667.098960701878,41174.1600459825,508.358742694555,390.146645358413,6496.50538223443,3464.69723331827,3429.08530573101,1024.6199610488,715.102945236214,0,0
"DK032",NA,NA,"DK","Sydjylland","Denmark","DK","DK","DNK",174033.405359215,8966.89220605,6293.1816291235,22169.4285762833,8314.75123038928,4571.26159963421,5098.99300608489,3472.49859121764,5241.476276144,859.641120849118,3949.50339284182,1130.15033735461,76811.2858704804,861.224253668361,660.957952034083,11005.9049434486,5869.63700699884,5809.30588021333,1735.83630443858,1211.47518196052,0,0
"DK041",NA,NA,"DK","Vestjylland","Denmark","DK","DK","DNK",106602.844832557,8614.47792512193,4178.86196798091,14721.1676682852,4635.46817522421,2548.47524340627,2980.34861035349,1935.91561095288,3100.60412795149,479.249342210758,2201.84546454569,630.05804706209,45437.8456556674,480.131937684443,368.483610263336,6135.78454619748,3272.31865297641,3238.68409068578,967.727563178958,675.396592808107,0,0
"DK042",NA,NA,"DK","├ÿstjylland","Denmark","DK","DK","DNK",187741.976285738,4430.77498695959,4520.58725907736,15924.9871160845,10678.4830535042,5870.78773282106,5958.19994865078,4459.66648095359,5966.13469555441,1104.02138160577,5072.27503043937,1451.43142482065,87430.8026018874,1106.05457015384,848.856218822114,14134.6825864797,7538.26754075041,7460.78537716826,2229.30284346425,1555.87543654034,0,0
"DK050",NA,NA,"DK","Nordjylland","Denmark","DK","DK","DNK",121610.759362117,8430.54956474718,3710.79770001387,13072.2851205792,5989.83509845584,3293.07545289366,3578.8414934975,2501.54134076722,3653.4908456654,619.273916328208,2845.16919248909,814.145122283037,53540.131632159,620.414383945756,476.145230326017,7928.50608441485,4228.40765592825,4184.94592258998,1250.47315709207,872.730447940959,0,0
"EE001",NA,NA,"EE","P├Áhja-Eesti","Estonia","EE","EE","EST",81815.4815294192,335.411855044555,795.836083810893,10786.5890401997,6770.83648744901,2212.73871223441,2745.71294761219,3461.83414519806,3047.4155963958,709.062042296336,1218.36295084929,428.455099747591,29953.3913432763,1634.77424003855,518.991330841266,8855.38475626943,3530.63614344509,1835.781285219,2456.93735389992,517.330115591841,0,0
"EE004",NA,NA,"EE","L├ñ├ñne-Eesti","Estonia","EE","EE","EST",8691.91572758409,647.000595780476,133.569437643556,1810.37108206063,530.244056922442,173.286056140836,243.615730112761,271.10638175137,293.919203630546,55.5287274495348,95.4135748307996,33.5535750598028,2888.96497742621,128.02396377422,40.643732762262,693.491143594659,276.49446795645,143.765414820047,192.409967741965,40.5136381255196,0,0
"EE006",NA,NA,"EE","Kesk-Eesti","Estonia","EE","EE","EST",8474.08887646192,1775.2327734449,144.788336176124,1962.42959061057,331.130708137177,108.21495070261,187.773273283878,169.302507020781,252.438897706793,34.6769880817546,59.5845708917459,20.9537833098459,2481.25037563627,79.9493463993441,25.3814971336388,433.076449358391,172.667298718678,89.7796835127193,120.157591658528,25.3002546781564,0,0
"EE007",NA,NA,"EE","Kirde-Eesti","Estonia","EE","EE","EST",8433.74139525406,82.5734321678987,236.803289788428,3209.58024180523,354.457910392731,115.838381511294,200.530771388812,181.229379783092,269.31282927399,37.1198817630662,63.7821318619183,22.4299168404315,2647.10615071653,85.581547001181,27.1695503181834,463.585434716872,184.831211340344,96.1044029793091,128.622347038442,27.082584566298,0,0
"EE008",NA,NA,"EE","L├Áuna-Eesti","Estonia","EE","EE","EST",22685.5451434984,1687.60320905754,295.817589981019,4009.4472202215,1499.02279207227,489.887145951404,663.405999887364,766.429420596018,782.00459827062,156.982104702396,269.7382865064,94.8574021971718,7686.41132897818,361.929260919678,114.901583469207,1960.52933885257,781.661772418957,406.431021175023,543.951267914509,114.533800326601,0,0
"EL111",NA,NA,"EL","Evros","Greece","EL","GR","GRC",11220.9468500105,562.324274889759,155.556442114971,434.561328397157,370.266430572956,150.911081267394,373.912624968213,380.886446416184,235.483284833974,270.312053744277,326.530337082667,93.0555845421697,5393.15506211613,36.1749171617782,26.6984511269127,2053.08745826187,180.993315023967,46.3075183325889,81.3482590450905,49.3819801124464,0,0
"EL112",NA,NA,"EL","Xanthi","Greece","EL","GR","GRC",6748.54232426086,383.221055498473,148.061416392752,413.623279866766,201.923913674586,82.2989977763361,218.929518410918,207.715513952883,140.878542460129,147.414032973493,178.072539536425,50.7476408027457,3226.47029893466,19.7279046843565,14.559936563122,1119.6463423566,98.7042721156852,25.2536945350534,44.3630788013393,26.930344924534,0,0
"EL113",NA,NA,"EL","Rodopi","Greece","EL","GR","GRC",7297.39571453306,456.122723765457,255.373197959082,713.408680690366,184.806367899342,75.3223260386666,227.295600661186,190.107001154113,151.27322730749,134.917412779198,162.976928564161,46.4456487869484,3464.53453030111,18.0555256910079,13.3256578882072,1024.73139558977,90.3368882560638,23.1128818678898,40.6023205122717,24.6473988207272,0,0
"EL114",NA,NA,"EL","Drama","Greece","EL","GR","GRC",6380.23402637786,462.402107341782,174.802188148265,488.326102446444,172.329775835034,70.2371877612283,201.324956122782,177.272554327796,132.245531787976,125.808908885355,151.974079059016,43.3100240805935,3028.75280386637,16.8365664575466,12.4260200708012,955.550037048995,84.2380913588496,21.5524919215148,37.8611888312907,22.9834110262156,0,0
"EL115",NA,NA,"EL","Kavala","Greece","EL","GR","GRC",11657.5509192235,577.360198121326,244.862378416495,684.045732805548,358.588112536512,146.151298968099,381.339140746975,368.873169786875,244.000919625953,261.786327747931,316.231468997061,90.120582550039,5588.2301615144,35.0339490569906,25.8563736994287,1988.33244318498,175.284729743769,44.8469648448487,78.7825097294704,47.8244571468075,0,0
"EL121",NA,NA,"EL","Imathia","Greece","EL","GR","GRC",9912.0190903626,1164.7155439736,218.705428693496,610.973871146212,251.384987534614,102.458060333839,305.796881245384,258.595234886058,202.96329172278,183.522962521367,221.691241601838,63.1782279694144,4648.36603986653,24.5602364916187,18.126379411028,1393.90266707135,122.881791284029,31.4395633997479,55.229773475193,33.5269077344993,0,0
"EL122",NA,NA,"EL","Thessaloniki","Greece","EL","GR","GRC",95482.0524005997,1317.44079348986,2075.98804257651,5799.46487109734,3168.47470743281,1291.38886106193,3205.92270228052,3259.35319063673,2020.27925962254,2313.1367974073,2794.21256918964,796.302990662678,46269.4382898704,309.55901104296,228.466207407333,17568.8508234032,1548.81105473282,396.266548857118,696.120090820048,422.575589007945,0,0
"EL123",NA,NA,"EL","Kilkis","Greece","EL","GR","GRC",5636.16322313023,380.873099375817,164.020267402362,458.205808241274,151.219215551673,61.6330659303815,177.721844190568,155.556499011245,116.924199434835,110.397198736376,133.357110854085,38.0045052299079,2677.8560461752,14.7740711665001,10.9038208773315,838.494255114937,73.9188456152203,18.91229130754,33.2231574443771,20.1679214705938,0,0
"EL124",NA,NA,"EL","Pella","Greece","EL","GR","GRC",10426.2639245107,1419.82456914375,199.908103576089,558.461802457366,259.565443014021,105.792203749829,319.242696836577,267.010322942503,212.467258074223,189.495082969284,228.905416759567,65.2341450161729,4866.03059416645,25.3594644930749,18.7162397731322,1439.26241119304,126.880554426917,32.4626553162777,57.0270355451458,34.617925057268,0,0
"EL125",NA,NA,"EL","Pieria","Greece","EL","GR","GRC",9024.10968400321,569.685147135001,109.273973735709,305.266966383358,294.089260054664,119.863224314721,299.041685396839,302.524355281284,188.741857537332,214.699106658138,259.35125976569,73.9106917135678,4322.659695903,28.7324308719635,21.2056159786602,1630.69325645706,143.756456689506,36.780390218809,64.6119856782208,39.2223242296927,0,0
"EL126",NA,NA,"EL","Serres","Greece","EL","GR","GRC",10807.0707906421,986.565432701148,167.333169562622,467.460707260812,317.892977495156,129.565007788771,347.014160867155,327.01081313644,223.736656319528,232.076949251459,280.343267784448,79.8930564590673,5124.12794590214,31.0580467945835,22.9220081067297,1762.68230461748,155.392169175733,39.7574116032581,69.841708960423,42.3969968551039,0,0
"EL127",NA,NA,"EL","Chalkidiki","Greece","EL","GR","GRC",9242.98221340098,455.67904513779,87.1937491378805,243.583813939899,318.636533967784,129.868062297639,311.787153923678,327.775696364257,194.362152071808,232.619780738721,280.998994919288,80.0799275240284,4451.37847074328,31.1306920348252,22.9756230296754,1766.80524513386,155.755633804919,39.8504047890953,70.0050697718699,42.4961640706869,0,0
"EL131",NA,NA,"EL","Grevena","Greece","EL","GR","GRC",1792.4225225307,201.766494315736,7.87115048293123,21.9887878854187,56.2370537380132,22.9207778133262,58.3062246689575,57.8500500897212,37.0229926323534,41.0557162012405,49.5942991245362,14.1335305510206,847.918952169542,5.49434297148428,4.05503201687107,311.828402970395,27.4897477675023,7.03330948180762,12.355390706993,7.50026694284929,0,0
"EL132",NA,NA,"EL","Kastoria","Greece","EL","GR","GRC",2925.4201370059,214.51533561127,63.5858375734015,177.63292646357,84.1205227661812,34.2853631850417,93.6975429317763,86.5332753431161,60.7571611794382,61.4119709307222,74.1841560195101,21.1412209469999,1391.49065975411,8.21854937797956,6.06559893201204,466.439234057567,41.1197208816376,10.5205666204038,18.4814433930796,11.2190510380866,0,0
"EL133",NA,NA,"EL","Kozani","Greece","EL","GR","GRC",12967.3601381438,569.646907315465,813.021500649034,2271.25086260565,231.57459886034,94.383855036491,378.66463467228,238.216642820361,267.412202718268,169.060439306046,204.220867953491,58.1994690383398,6124.40698616235,22.6247675696168,16.6979304614248,1284.05619660545,113.198094297181,28.9619692649241,50.8773923339561,30.8848204731209,0,0
"EL134",NA,NA,"EL","Florina","Greece","EL","GR","GRC",4748.721876922,376.840305845516,238.364225767853,665.892541534729,91.2468175094158,37.1898577768618,139.500428447304,93.8639671281229,97.3173977182087,66.6145040489689,80.4686885412893,22.9322056763618,2228.81134219768,8.914786197526,6.57944792346344,505.953770491702,44.6031900889865,11.411819505401,20.0471042873369,12.169476235265,0,0
"EL141",NA,NA,"EL","Karditsa","Greece","EL","GR","GRC",6960.50874094791,663.214454154784,107.819867746947,301.204786627153,202.661659700205,82.5996840963318,222.774532240412,208.474420077916,143.919511075098,147.952622558885,178.723142557752,50.9330515826304,3296.11607141962,19.7999822457004,14.6131325176637,1123.73706457043,99.0648964872114,25.3459610350255,44.5251630462131,27.0287372079198,0,0
"EL142",NA,NA,"EL","Larisa","Greece","EL","GR","GRC",25599.2992118686,2665.64272907374,500.148679738127,1397.21165969099,695.392276026746,283.424020151653,804.3436764607,715.337581295803,526.963397185766,507.669339615327,613.252122111987,174.766409775915,12068.7772598639,67.9396129464978,50.1419927990865,3855.87523630873,339.921048433643,86.9695114423945,152.779043243653,92.7436157038692,0,0
"EL143",NA,NA,"EL","Magnisia","Greece","EL","GR","GRC",16349.4829320191,593.939599525294,371.326684598887,1037.33548501541,510.058878104228,207.886890220193,537.984515599888,524.688433794879,343.389237847171,372.367169925466,449.810416627991,128.188307482982,7864.47075289177,49.8325965832173,36.7783328557257,2828.22151603229,249.326537819366,63.7907163551446,112.060933204409,68.0259275347858,0,0
"EL144",NA,NA,"EL","Trikala","Greece","EL","GR","GRC",9470.62317657786,581.074659696717,186.292442400263,520.425191905427,287.015343933207,116.980077903008,307.995650637487,295.247544446506,197.597547833465,209.53481241778,253.112918871379,72.1328708112898,4525.47711023793,28.0413114277646,20.6955438029235,1591.46915383645,140.298591154565,35.8956880869666,63.0578324696217,38.2788847051149,0,0
"EL211",NA,NA,"EL","Arta","Greece","EL","GR","GRC",4661.27526668002,390.383040662605,75.4462533003162,210.7660962864,138.682862887519,56.5235707682916,150.299962744517,142.660577526058,96.7046112279701,101.245066770574,122.301559707093,34.8538614532511,2214.77700186581,13.549273340689,9.99987395890375,768.981530487716,67.7908365934905,17.3444273779886,30.4688962427172,18.4959634781128,0,0
"EL212",NA,NA,"EL","Thesprotia","Greece","EL","GR","GRC",3514.7394843285,241.310956298905,26.2831559473082,73.4244304359327,118.296383120233,48.2145655469533,117.393834300575,121.689370869593,73.5193479539955,86.3619697369496,104.323143192153,29.7303189582797,1683.77659527349,11.5575204948784,8.52988535401069,655.940696989641,57.8255352588802,14.7947841816024,25.9899467615006,15.7770436536148,0,0
"EL213",NA,NA,"EL","Ioannina","Greece","EL","GR","GRC",12260.696804234,472.468762091798,212.451148429239,593.501959968178,401.572426791164,163.670600762942,408.526429669126,413.090364099513,257.881793161477,293.166915631593,354.138450197382,100.923426553265,5906.13681644953,39.2335034292618,28.9558029714149,2226.67583381225,196.296284906744,50.2228151947736,88.2262476493574,53.5572224649752,0,0
"EL214",NA,NA,"EL","Preveza","Greece","EL","GR","GRC",4302.92608590395,416.756536216841,57.8896872904612,161.720203081308,127.579755636504,51.9982296022407,138.309878073386,131.239009930873,88.9980869663372,93.1392719262496,112.50995816296,32.0634217855804,2038.27835839626,12.4645031539284,9.19927271120387,707.415997232323,62.3634253498675,15.9558128557932,28.0295218617793,17.01515567005,0,0
"EL221",NA,NA,"EL","Zakynthos","Greece","EL","GR","GRC",4232.1803037912,96.5401398387476,25.0156338681309,69.8834901122084,159.004380691841,64.8060991630459,146.983715194991,163.564958974557,89.8527591981233,116.080738490495,140.222687605209,39.961077668178,2057.85248603151,15.534679422562,11.4651784130068,881.662156901344,77.724383277783,19.8859460806522,34.9335734536038,21.2062194052161,0,0
"EL222",NA,NA,"EL","Kerkyra","Greece","EL","GR","GRC",9004.09504568238,200.118107517927,49.4887865257489,138.251508719246,339.871727083203,138.522981267773,313.176880619244,349.619959243227,191.230023985773,248.12247876566,299.725874251189,85.4167691738734,4379.64491880855,33.2053639154923,24.5068090048265,1884.55210269146,166.135802461274,42.506192657757,74.670483235771,45.3282757543924,0,0
"EL223",NA,NA,"EL","Kefallinia","Greece","EL","GR","GRC",3458.64720752685,226.213082761836,26.6209089801001,74.3679748150959,117.003723634887,47.6877107620294,115.74638721402,120.359635205905,72.4134652714077,85.4182670098751,103.183173422736,29.4054469901764,1658.44912121557,11.4312280580285,8.43667677974204,648.773039438132,57.1936585719014,14.6331172091933,25.7059469441034,15.6046432421092,0,0
"EL224",NA,NA,"EL","Lefkada","Greece","EL","GR","GRC",1756.43378739321,23.4849029250966,5.44869184299871,15.2214253111437,68.7998709327982,28.0410592379639,61.8647402038647,70.7731951636437,37.44009940302,50.2271685294503,60.6731887958827,17.2908254096124,857.471738445855,6.72172637385396,4.96088718816567,381.487870568195,33.6306931581113,8.60448320840296,15.1154662177977,9.17575447735031,0,0
"EL231",NA,NA,"EL","Aitoloakarnania","Greece","EL","GR","GRC",14380.5546755071,906.090748533325,319.593045434925,892.812772537226,422.31631173005,172.125275146924,463.834490862385,434.429227055607,299.579666149749,308.310935389983,372.432054970078,106.136792333351,6861.12219872296,41.2601746511613,30.4515626528047,2341.69844047349,206.436292726937,52.8171574110262,92.7837197458659,56.3238089792369,0,0
"EL232",NA,NA,"EL","Achaia","Greece","EL","GR","GRC",24026.3018991977,872.402476653376,355.848366266839,994.095369181711,810.226530331187,330.227510969878,807.249397217829,833.465522252235,506.201584094512,591.503791129585,714.522085226501,203.626624414407,11593.2799121402,79.158884513649,58.4222377067827,4492.61880208778,396.054228891575,101.331303107341,178.008353532334,108.058919479895,0,0
"EL233",NA,NA,"EL","Ileia","Greece","EL","GR","GRC",11047.3409914173,1638.7499760564,149.75108841787,418.34353516322,284.853651561854,116.099027647862,340.208309874093,293.023850215582,224.757503220709,207.956674471114,251.206566903163,71.5895929696952,5147.50788829011,27.8301147434151,20.5396726967077,1579.4828025775,139.241914566985,35.6253351712001,62.5829044273237,37.9905824425354,0,0
"EL241",NA,NA,"EL","Voiotia","Greece","EL","GR","GRC",18730.4397431913,945.34239900171,1420.68145987244,3968.80523903396,246.684861244922,100.542409651239,522.168214780022,253.760299141497,383.414230160298,180.091647432235,217.546297056557,61.9969893714877,8781.14299167461,24.1010355888622,17.7874718523776,1367.84097327243,120.584279633064,30.851740236874,54.1971465358108,32.9000576508868,0,0
"EL242",NA,NA,"EL","Evvoia","Greece","EL","GR","GRC",19040.6085483413,675.950996146231,769.351835325414,2149.25560792076,487.565007076053,198.718966480797,597.403951040369,501.549391487404,397.222871992794,355.945577330977,429.973535175469,122.535134134526,9097.39536029763,47.6349522549622,35.156388583404,2703.4954250814,238.331103318833,60.9775114329585,107.118985741077,65.0259475202692,0,0
"EL243",NA,NA,"EL","Evrytania","Greece","EL","GR","GRC",1243.65093018699,33.0296473658287,20.6228036079514,57.6117119246104,42.1378566846699,17.1743074432481,41.9070513159364,43.3464585687196,26.2632523764314,30.7626337153749,37.1605077076391,10.5901117718894,601.49404065536,4.11685572625106,3.03839455698871,233.649874614506,20.5977905087469,5.26998779744057,9.25776953607467,5.61987430932786,0,0
"EL244",NA,NA,"EL","Fthiotida","Greece","EL","GR","GRC",14269.5873195897,1046.74785639918,453.286477422641,1266.29775723247,364.572194802934,148.590257109191,444.476366911732,375.028888051674,295.172279692136,266.154991590096,321.508707866818,91.6245057449901,6760.18204663811,35.6185920664639,26.2878622566881,2021.51353451802,178.20986364019,45.5953664723667,80.0972243083827,48.6225468656471,0,0
"EL245",NA,NA,"EL","Fokida","Greece","EL","GR","GRC",3078.95898281623,213.675124031591,75.9913731087043,212.288938959117,86.5393022385418,35.2711955354292,98.1346401391068,89.0214304709419,63.9501086377736,63.1777946531606,76.3172278057273,21.7491100751902,1464.61712713855,8.45486339356519,6.24000757453918,479.851105588346,42.3020665626572,10.8230722366583,19.0128539743361,11.5416406922869,0,0
"EL251",NA,NA,"EL","Argolida","Greece","EL","GR","GRC",9699.95790940227,741.433011443136,285.015391241159,796.216893028779,252.981489081105,103.108753334155,303.388641328796,260.237527436857,200.643248390444,184.688484362411,223.09916342538,63.5794617091334,4595.23125600731,24.7162142050279,18.2414968372744,1402.75509611042,123.662191783456,31.6392305003212,55.5805279877445,33.7398311893648,0,0
"EL252",NA,NA,"EL","Arkadia","Greece","EL","GR","GRC",8928.11775591169,426.404943751009,478.456292130005,1336.61196579902,182.870596094759,74.5333552003854,266.954236500026,188.115707364451,184.564805315773,133.504207560276,161.26981128948,45.9591494396083,4226.99477280958,17.8664013770199,13.1860770225113,1013.99774952876,89.3906459637252,22.8707837976172,40.1770276603982,24.3892273072897,0,0
"EL253",NA,NA,"EL","Korinthia","Greece","EL","GR","GRC",12861.2416821936,497.611298225714,473.856797739907,1323.76285222365,340.912936012774,138.947351268434,406.474980339925,350.691032223155,268.420384715835,248.882610662288,300.644094955724,85.6784464353573,6147.49687064203,33.3070897098535,24.5818864718171,1890.32549400707,166.644765305959,42.6364118664483,74.8992388742223,45.4671405134077,0,0
"EL254",NA,NA,"EL","Lakonia","Greece","EL","GR","GRC",7094.42379557321,841.329969285715,131.035962893778,366.061098651475,187.499109119561,76.4198181566739,220.906813753824,192.876975825866,145.429696449974,136.883241569868,165.351601571794,47.1223901482447,3330.70308639602,18.3186056856723,13.5198208312376,1039.66235549078,91.6531516807413,23.4496506190489,41.1939210254071,25.0065264175203,0,0
"EL255",NA,NA,"EL","Messinia","Greece","EL","GR","GRC",12814.7305043179,1038.02165422062,226.486961955498,632.712305024783,377.794656853626,153.979392824246,412.446575783893,388.630597975978,265.932079092629,275.808015945956,333.169324746922,94.9475829499903,6090.50846028695,36.9104225697541,27.2412818153869,2094.83066175964,184.673256056376,47.2490389450964,83.002225084308,50.3860104262363,0,0
"EL300",NA,NA,"EL","Attiki","Greece","EL","GR","GRC",510899.921502224,1385.22347964084,7118.41882539865,19885.9622834923,18649.7609421812,7601.16326183781,17651.1994988144,19184.6751021602,10880.1674841916,13615.2099295631,16446.8399620734,4687.0692635055,249182.99566532,1822.07594711301,1344.76066402493,103410.914758663,9116.35994682693,2332.43976612212,4097.3889582859,2487.29576300925,0,0
"EL411",NA,NA,"EL","Lesvos","Greece","EL","GR","GRC",8045.97238230122,343.163893314224,81.7214328483797,228.296391549399,279.49492839765,113.914949805128,272.290196382552,287.511427660334,169.493709190078,204.044552430448,246.480819342326,70.2428354046818,3881.82904939429,27.3065691272003,20.1532763164559,1549.76926007866,136.622468163798,34.9551443284017,61.4055824663833,37.2758961008292,0,0
"EL412",NA,NA,"EL","Samos","Greece","EL","GR","GRC",3332.92264310631,62.1452079181098,36.0200325427043,100.625297016612,121.039032787191,49.3323990652061,114.682418407463,124.510685466749,70.7165073619192,88.3642340605861,106.741829430778,30.4196033407668,1619.58454895429,11.8254765295436,8.72764699818191,671.148393849775,59.1661948871482,15.1377947524932,26.5925122580063,16.1428274787905,0,0
"EL413",NA,NA,"EL","Chios","Greece","EL","GR","GRC",3965.10377191472,140.110324084306,41.1026766330821,114.824134028146,139.630486813799,56.909797926742,134.867668067611,143.635381289016,83.7106984697101,101.936877176648,123.137249725216,35.0920188747859,1917.18396285959,13.6418559088161,10.0682033806213,774.236003044637,68.2540532981431,17.4629423410402,30.6770910728914,18.6223469199204,0,0
"EL421",NA,NA,"EL","Dodekanisos","Greece","EL","GR","GRC",19590.0478403984,320.418892563122,196.922364920433,550.120864989218,719.500296958812,293.24982990828,676.536900868987,740.13707070329,416.069640317825,525.269338188713,634.51248911086,180.825252260006,9529.0334023282,70.2949592272892,51.8803270510611,3989.55161453873,351.705510288341,89.984590663988,158.075622598178,95.9588729130511,0,0
"EL422",NA,NA,"EL","Kyklades","Greece","EL","GR","GRC",16093.1914790886,234.959044903198,115.032729845412,321.354584941119,608.102477041606,247.846941430051,560.607322949614,625.544128261497,342.372983713236,443.943646745773,536.273046686785,152.828684401888,7841.19599633867,59.411426250044,43.847869865834,3371.86270713272,297.252124703105,76.052578031776,133.601303666103,81.1018821801646,0,0
"EL431",NA,NA,"EL","Irakleio","Greece","EL","GR","GRC",25679.0458260231,961.301670695083,335.253538770864,936.561811117001,878.209307086523,357.935543620399,865.980420202241,903.398187268008,541.206820984082,641.13444215981,774.474695500635,220.712097218351,12394.987220855,85.8007810359624,63.3242074583087,4869.57597349059,429.285510783488,109.833596107618,192.944302561091,117.125699108083,0,0
"EL432",NA,NA,"EL","Lasithi","Greece","EL","GR","GRC",7286.72558772536,647.577808087426,134.815227783817,376.618825150299,208.627972952507,85.0314000439309,232.506081032849,214.611859676095,150.788899125334,152.308314178068,183.984711300023,52.4325090581448,3453.44220589618,20.382889227922,15.0433398214366,1156.81962863493,101.981344549582,26.0921403737288,45.8359737379666,27.8244570951207,0,0
"EL433",NA,NA,"EL","Rethymni","Greece","EL","GR","GRC",7204.67042845425,314.856609541494,65.2128434493739,182.178118068364,252.250544710548,102.81083919396,244.320369954908,259.485618052582,151.787478064118,184.154860307774,222.454558643528,63.3957603253358,3476.31215635748,24.6448011633058,18.1887913232379,1398.70208834097,123.30489219105,31.5478146520432,55.4199380797919,33.6423460343797,0,0
"EL434",NA,NA,"EL","Chania","Greece","EL","GR","GRC",14047.5228964201,618.722285395683,163.296590347911,456.184149364041,479.927668442976,195.606183533287,473.076071118767,493.692998004666,295.62111830922,350.369957937523,423.238323575503,120.615713543932,6770.46157140993,46.8887866034865,34.6056902337876,2661.14720534728,234.597826081082,60.0223446407215,105.44104750461,64.0073650257475,0,0
"ES111",NA,NA,"ES","A Coru├▒a","Spain","ES","ES","ESP",170406.888397846,3565.23691792069,1116.7181054107,20054.7759009057,5349.40779747703,3231.90605025513,13196.1666712112,7538.53266035348,6081.52471830016,2612.54437078071,3239.79566773981,176.047770203636,68320.2899065181,1804.24378610769,874.564589447253,22130.692231342,3280.66857977557,2796.49113716647,4343.34801309396,693.9335238371,0,0
"ES112",NA,NA,"ES","Lugo","Spain","ES","ES","ESP",48839.191971557,2658.43968930426,289.619306264771,5201.17857458719,1441.44860216811,870.86769879015,3622.1145222141,2031.32903249405,1750.82678660528,703.974827482797,872.993630954136,47.4377392567693,19668.915145083,486.170578485719,235.659712755313,5963.32465005301,884.007224262218,753.541026082416,1170.35626357682,186.986961136958,0,0
"ES113",NA,NA,"ES","Ourense","Spain","ES","ES","ESP",44814.9303612657,1899.44912219053,327.128305932525,5874.79045475573,1288.41097647424,778.408262695194,3253.39905650699,1815.66419944463,1591.73598129322,629.234294948948,780.308486075479,42.4013064812814,17881.6774959988,434.554176137582,210.639880027649,5330.20249480367,790.15277361179,673.538083680503,1046.10032859284,167.134681614074,0,0
"ES114",NA,NA,"ES","Pontevedra","Spain","ES","ES","ESP",136663.718855229,2975.25439969815,1120.6507113635,20125.4002874074,3998.0479174958,2415.46648581526,10027.2092948144,5634.15913401014,4823.67088080989,1952.56708338659,2421.36303921867,131.574829904422,54189.4686375088,1348.45825646433,653.633311934875,16540.0678613411,2451.91069365692,2090.0454761585,3246.13754197235,518.633012268374,0,0
"ES120",NA,NA,"ES","Asturias","Spain","ES","ES","ESP",146352.734501577,1143.41573741624,1151.18229408643,20673.7070144512,4505.20195617576,2721.86941265776,11146.0458092811,6348.85455996406,5176.58766644485,2200.25102879395,2728.51394630917,148.265151719387,58154.1614118229,1519.51074629681,736.546969000587,18638.1823384617,2762.93658339902,2355.16861278226,3657.911437257,584.42182525724,0,0
"ES130",NA,NA,"ES","Cantabria","Spain","ES","ES","ESP",87917.466084973,568.776708861899,724.761897138772,13015.7623111947,2674.00177306439,1615.52882785187,6632.87316217677,3768.27687535736,3101.73295966159,1305.9292811761,1619.47260105847,88.0007783086903,34845.0931028878,901.885080693941,437.167505521685,11062.4413965338,1639.90369238515,1397.87852080913,2171.10392920999,346.875681080882,0,0
"ES211",NA,NA,"ES","├ülava","Spain","ES","ES","ESP",75832.399411862,814.95428901718,911.217590594909,16364.2592412553,1921.09408500514,1160.65101624254,4989.30557201346,2707.25864463978,2607.27754230034,938.224141350268,1163.48435743778,63.2227608775796,29290.3450709813,647.945005619783,314.076047919636,7947.63524342863,1178.16275035931,1004.28361152679,1559.79511994,249.207321352276,0,0
"ES212",NA,NA,"ES","Guip├║zcoa","Spain","ES","ES","ESP",154695.920596951,441.364553627286,1579.4502902305,28364.8321485248,4367.14223385421,2638.45904860251,11021.4756545833,6154.29700047285,5384.95368376747,2132.82540636284,2644.89996375251,143.721638270832,60494.9603676031,1472.94607866615,713.975845440275,18067.0243075328,2678.26773587416,2282.99561635189,3545.81652071008,566.512502723305,0,0
"ES213",NA,NA,"ES","Vizcaya","Spain","ES","ES","ESP",227654.224730659,302.023431309706,1788.86454491274,32125.6343847909,7127.46293758193,4306.13844803615,17552.3516596437,10044.2168880379,8052.178716387,3480.91113642711,4316.65044456785,234.563152572169,90458.7598940847,2403.94473607155,1165.25547010021,29486.570221159,4371.1088400978,3725.99878155316,5787.00543318976,924.585610135622,0,0
"ES220",NA,NA,"ES","Navarra","Spain","ES","ES","ESP",134571.473846773,2406.29562621905,1547.24541152895,27786.4752452506,3420.63976337306,2066.61872968493,8884.62701334938,4820.45967549034,4643.83394863887,1670.57242532225,2071.66368798829,112.572461440636,52169.1674941376,1153.71051735661,559.233942065931,14151.309584811,2097.79957320166,1788.19584220585,2777.32217887065,443.730725837408,0,0
"ES230",NA,NA,"ES","La Rioja","Spain","ES","ES","ESP",56183.4161754854,1703.98845714486,560.489774754086,10065.6528921489,1480.02233883024,894.172464031284,3814.67899500283,2085.68820357772,1959.4259145943,722.813473252926,896.355286983698,48.7071919859094,22012.3328830018,499.180696112652,241.966060194982,6122.90558435476,907.663608419672,773.706082998422,1201.67546166976,191.990806426551,0,0
"ES241",NA,NA,"ES","Huesca","Spain","ES","ES","ESP",38968.9390995963,3015.96849496656,235.939761145191,4237.16514754618,1072.98222491868,648.254512614723,2751.13604584142,1512.07607510183,1396.15276075059,524.023177477915,649.837009153211,35.3115962208301,15684.4814066507,361.894547061185,175.419839830267,4438.96601051338,658.035282636068,560.919151412876,871.187127831914,139.188927922743,0,0
"ES242",NA,NA,"ES","Teruel","Spain","ES","ES","ESP",21417.6464872014,725.414709150812,135.292668294883,2429.67686342971,656.683357736604,396.742779260865,1631.23472403937,925.416256757014,765.664506255885,320.711090758361,397.71129403806,21.6112970325221,8601.53061305889,221.4856134534,107.359923359483,2716.72264177863,402.728776744983,343.292053879543,533.181328670128,85.1859895022888,0,0
"ES243",NA,NA,"ES","Zaragoza","Spain","ES","ES","ESP",181142.881028505,3869.67989128036,1688.17738373887,30317.426526732,5050.24026344368,3051.16055469984,12815.1805075389,7116.9375396204,6345.22538005884,2466.43689747726,3058.6089425201,166.202236029044,71282.7222724808,1703.34081054105,825.654253671165,20893.0253956926,3097.19602241043,2640.09637551701,4100.44473039062,655.125044661642,0,0
"ES300",NA,NA,"ES","Madrid","Spain","ES","ES","ESP",1440360.76406691,507.568543701706,6074.77473772875,109094.896396282,51797.1402128491,31293.8360987871,123819.679694057,72993.9552171798,52195.5155165278,25296.6930562745,31370.2295312101,1704.6318737745,586368.208153247,17470.0961125562,8468.21674095535,214286.629831225,31765.9929569528,27077.8091743385,42055.6843943608,6719.20582490253,0,0
"ES411",NA,NA,"ES","├üvila","Spain","ES","ES","ESP",20393.857778809,377.572187335379,80.0709698979275,1437.96840911837,711.442925109927,429.826399692021,1714.6762969683,1002.58494584169,740.577415685696,347.454574318361,430.875677061368,23.4134216972253,8319.70041749809,239.954874519991,116.312461728449,2943.26493919556,436.311558040605,371.918520702056,577.642298398587,92.2894859994314,0,0
"ES412",NA,NA,"ES","Burgos","Spain","ES","ES","ESP",69948.772666682,1530.44561391472,861.890299922116,15478.4065310246,1683.34048834706,1017.0094550455,4440.16229561682,2372.20973429707,2400.16858869527,822.110013563095,1019.49214342006,55.3983451414506,26963.6680602055,567.755671466306,275.20616091103,6964.04007294709,1032.35394613005,879.993998348048,1366.75569375569,218.365553930525,0,0
"ES413",NA,NA,"ES","Le├│n","Spain","ES","ES","ESP",63387.5035876916,1322.01475387196,354.731722716048,6370.51120559756,2066.43798712555,1248.46220103427,5054.66001866356,2912.08127073208,2276.65148250603,1009.20721231581,1251.5099038626,68.005994994272,25576.067927977,696.966475318365,337.838048294059,8548.92818786371,1267.29881756534,1080.26453306218,1677.80428513913,268.061559052048,0,0
"ES414",NA,NA,"ES","Palencia","Spain","ES","ES","ESP",29143.792305707,833.773120951259,344.152462981711,6180.52173364253,704.571673288261,425.675054127052,1857.89217328401,992.901788707997,1003.65219457046,344.098791595014,426.714197374909,23.1872903930682,11275.1015698466,237.637344454725,115.189093730362,2914.83832356512,432.097577576132,368.326460506236,572.063318616716,91.3981364949068,0,0
"ES415",NA,NA,"ES","Salamanca","Spain","ES","ES","ESP",44010.0666584453,1293.04183906813,157.286381229794,2824.65477414987,1516.81244114428,916.399626132168,3669.39336351905,2137.53382806029,1602.03860580748,740.781027483195,918.636709265422,49.9179457222399,17997.4179272585,511.589231039019,247.980804619809,6275.10755928283,930.226130717061,792.938715647065,1231.54647241277,196.763275886283,0,0
"ES416",NA,NA,"ES","Segovia","Spain","ES","ES","ESP",21555.5534439071,700.249571701356,100.50701054522,1804.97259172945,708.099114729348,427.806198314778,1731.44383754451,997.872756246434,779.085467566826,345.821523835491,428.850544038259,23.3033776729574,8752.30266613112,238.82707695258,115.765788477242,2929.4314755274,434.260876158123,370.170488686612,574.927356348459,91.8557217009733,0,0
"ES417",NA,NA,"ES","Soria","Spain","ES","ES","ESP",16511.357636997,539.471903603427,174.13874688128,3127.30090740692,420.039903957058,253.771923611368,1092.98495775797,591.931790304983,573.609974344166,205.139134672784,254.391422871096,13.8234158411078,6443.97606780059,141.670707361144,68.6715315158668,1737.7201722666,257.600797571235,219.582786196664,341.043261486347,54.4882315464134,0,0
"ES418",NA,NA,"ES","Valladolid","Spain","ES","ES","ESP",91082.0332388764,1553.43268050791,829.684831944517,14900.0390451343,2594.59506887507,1567.55435714106,6545.46771600251,3656.3747628909,3194.92689550846,1267.14862621652,1571.38101672583,85.3875220865076,35892.0405395114,875.102853944198,424.185453250133,10733.9330086805,1591.20538982159,1356.36735678799,2106.63119429722,336.574919549788,0,0
"ES419",NA,NA,"ES","Zamora","Spain","ES","ES","ESP",21502.541855161,937.981964850234,71.123507503561,1277.28385288937,723.964827768583,437.391650743231,1762.94253424964,1020.23115561589,784.20186138736,353.570022521387,438.459396142292,23.8255146101648,8809.78060551087,244.178251371683,118.359643972235,2995.06850033371,443.990952501919,378.464551801406,587.809214642713,93.9138467447767,0,0
"ES421",NA,NA,"ES","Albacete","Spain","ES","ES","ESP",53462.315512992,2845.03124179156,342.691707641047,6154.28850534514,1550.81340119524,936.941695958101,3912.74904085472,2185.44891652081,1910.41969495394,757.386420107058,939.228925683103,51.0369094334336,21461.7934561084,523.057046396555,253.539557437607,6415.77075247082,951.07813631177,810.713278185089,1259.15289313662,201.173933460965,0,0
"ES422",NA,NA,"ES","Ciudad Real","Spain","ES","ES","ESP",67253.8553906194,3105.49889032515,482.284510250412,8661.19007714387,1924.12875613455,1162.48444759699,4866.79823552695,2711.53518669612,2390.87185597186,939.706214371515,1165.32226450157,63.322631200774,26859.2278903027,648.968536959212,314.572180577842,7960.18978690909,1180.02384426,1005.87003590102,1562.25906236489,249.600983624856,0,0
"ES423",NA,NA,"ES","Cuenca","Spain","ES","ES","ESP",28435.9631323347,2500.63818075811,133.884118164129,2404.38117145463,807.271313132057,487.722218960275,2056.61041975953,1137.62894701777,1028.0192428963,394.255253041394,488.912829605059,26.5671117265145,11548.8427585945,272.275793052915,131.979264111228,3339.710423001,495.080901029004,422.014390738217,655.448301319175,104.72049397291,0,0
"ES424",NA,NA,"ES","Guadalajara","Spain","ES","ES","ESP",35801.1990933795,661.973511613402,388.645100372909,6979.55048386824,937.176938053888,566.206191587124,2415.63149135764,1320.69552808843,1240.92610187758,457.698576484102,567.588394596623,30.8422757204026,13940.653859011,316.0902535351,153.217289669913,3877.13466005787,574.749028446428,489.92469829288,760.922656473043,121.572054272871,0,0
"ES425",NA,NA,"ES","Toledo","Spain","ES","ES","ESP",84372.9699408026,2520.11489195136,730.565951587199,13119.9954302924,2365.39628060026,1429.08128150718,6000.57306519792,3333.38152391256,2969.03736179974,1155.21249669214,1432.56990539979,77.8446431105982,33354.3811293,797.798878404462,386.714175725937,9785.72938780524,1450.64305251569,1236.54991075927,1920.53767902504,306.842895215853,0,0
"ES431",NA,NA,"ES","Badajoz","Spain","ES","ES","ESP",78390.7569578104,3487.87087050715,364.940265386585,6553.84309082491,2501.10466469791,1511.07105761705,6164.13882837281,3524.62551288017,2833.76093024805,1221.48977230184,1514.75983212082,82.3107745634288,31834.6758827982,843.570488646324,408.900883435692,10347.1598480319,1533.86987847037,1307.49370635983,2030.72347205968,324.447198487616,0,0
"ES432",NA,NA,"ES","C├íceres","Spain","ES","ES","ESP",51510.2356186301,2010.73286227359,335.452960029586,6024.29020009005,1545.56194291465,933.768967231435,3861.18260465596,2178.04841701479,1839.14586788616,754.821712332148,936.048451800591,50.8640851591183,20661.0981118363,521.285838941548,252.681006429899,6394.04528090959,947.857537914455,807.967991773048,1254.88907333593,200.492706101246,0,0
"ES511",NA,NA,"ES","Barcelona","Spain","ES","ES","ESP",1085968.37887517,3045.7403769724,8313.13426111363,149292.864361199,34149.1309373424,20631.5889656803,84028.5381838244,48123.8949506257,38464.0098590895,16677.7563377174,20681.9540884621,1123.83998070713,432107.477362138,11517.7903101231,5582.97699649725,141276.181467892,20942.8753862473,17852.0213122012,27726.7252041516,4429.87853319034,0,0
"ES512",NA,NA,"ES","Girona","Spain","ES","ES","ESP",131211.170194593,2200.37087055596,668.575697055114,12006.7326859547,4402.67094349645,2659.92412585923,10696.867847323,6204.36503569436,4728.11043822884,2150.17692150079,2666.41744081485,144.890879866823,53115.9356925408,1484.92917212757,719.784367156738,18214.0078556631,2700.05667510184,2301.56883518115,3574.66336811349,571.12134235805,0,0
"ES513",NA,NA,"ES","Lleida","Spain","ES","ES","ESP",76334.0221671335,2212.43354759915,330.443588363336,5934.32852965215,2560.82433933599,1547.1513837184,6230.61835308088,3608.78412160265,2764.93091210857,1250.65567359547,1550.92823626876,84.2761352080743,31061.4344653276,863.712690541074,418.664340384405,10594.222287391,1570.4945792965,1338.71315104652,2079.21170477663,332.194127836235,0,0
"ES514",NA,NA,"ES","Tarragona","Spain","ES","ES","ESP",153981.25698532,955.140633610044,1525.10132364727,27388.7967999516,4365.14719043713,2637.25372024949,11009.9281087779,6151.4855303947,5371.4790203092,2131.85106683853,2643.69169299352,143.655981854583,60343.5850207117,1472.27319209168,713.649679555556,18058.770741246,2677.04422170185,2281.95267450761,3544.19668386278,566.253702579245,0,0
"ES521",NA,NA,"ES","Alicante / Alacant","Spain","ES","ES","ESP",227173.090387664,2015.65396930692,911.599976066836,16371.1263771153,8074.17710787938,4878.10666782482,19364.8190651516,11378.3525462266,8244.03529688571,3943.26750744737,4890.01493343036,265.719296394231,92614.0906388078,2723.251699318,1320.03198387816,33403.1607536259,4951.70683339118,4220.90922526907,6555.67166059322,1047.39484905191,0,0
"ES522",NA,NA,"ES","Castell├│n / Castell├│","Spain","ES","ES","ESP",103965.153534247,1276.57353657721,1360.85597418652,24439.1681871068,2480.88406967706,1498.85455331194,6550.15087599072,3496.13009399504,3547.99178347795,1211.61443587292,1502.51350530712,81.6453194700089,39858.3971061967,836.750503276173,405.595056500769,10263.506520022,1521.46905332099,1296.92305687771,2014.30575171897,321.824151360134,0,0
"ES523",NA,NA,"ES","Valencia / Val├¿ncia","Spain","ES","ES","ESP",380499.334955571,4055.30058134696,3020.12677569457,54237.4708401492,11592.8322077156,7003.94248675139,28759.1399510176,16336.9381308113,13452.4023528874,5661.70867361376,7021.04026937437,381.517419830245,151125.264018542,3910.02074734792,1895.29026840194,47959.9633065074,7109.61695468426,6060.34420087113,9412.57549279769,1503.84027722591,0,0
"ES531",NA,NA,"ES","Eivissa y Formentera","Spain","ES","ES","ESP",23328.816031674,46.588417313329,37.5539745455523,674.419569316809,912.352894022593,551.20846078515,2145.79491364424,1285.71280219114,859.903827849485,445.575007119179,552.554051851935,30.0253221874886,9660.22198900515,307.717620734391,149.158853540425,3774.43669811656,559.525014058359,476.947519930279,740.76725490296,118.351840559,0,0
"ES532",NA,NA,"ES","Mallorca","Spain","ES","ES","ESP",141843.184847128,433.694323430715,334.168979407058,6001.23161124732,5402.28927265568,3263.85499975508,12771.7358516974,7613.05469024058,5203.18202939208,2638.37063146731,3271.82260991241,177.788087289701,58452.9244146217,1822.07960581025,883.210082066227,22349.4647938806,3313.09957038963,2824.13580032472,4386.28410225413,700.79339128518,0,0
"ES533",NA,NA,"ES","Menorca","Spain","ES","ES","ESP",10902.9377238265,66.3205942485724,48.3872765690559,868.971303810528,384.100243098948,232.058565466149,922.611947980141,541.284631322513,394.547749832037,187.586919134663,232.625058825518,12.6406499358931,4432.37804647508,129.549008617473,62.795824160359,1589.03650419314,235.559831429039,200.794735842778,311.862750205647,49.8260826789181,0,0
"ES611",NA,NA,"ES","Almer├¡a","Spain","ES","ES","ESP",90830.9679803183,8342.8995682856,299.853858258843,5384.97755276513,2711.03446903187,1637.90255568975,6825.03405101048,3820.46436949146,3314.32699761431,1324.01531332162,1641.9009468684,89.2195157459031,37233.389949174,914.375437404761,443.221911125273,11215.6469901212,1662.6149917821,1417.23797329044,2201.17190916951,351.67962016775,0,0
"ES612",NA,NA,"ES","C├ídiz","Spain","ES","ES","ESP",143126.401321754,2279.54143454812,853.393991821096,15325.8241074699,4656.06441875983,2813.01469902232,11387.9666341066,6561.45409330824,5127.83502689924,2273.92925492807,2819.88173340047,153.230000381304,57606.4707221113,1570.39351145122,761.211188414755,19262.3057657848,2855.4570566186,2434.03445280037,3780.40129069909,603.991939228562,0,0
"ES613",NA,NA,"ES","C├│rdoba","Spain","ES","ES","ESP",86123.6513768788,2999.41439959183,390.098832279005,7005.65758059703,2827.56465355381,1708.30560265346,6916.65709753703,3984.68191191737,3115.58618713594,1380.926337705,1712.47585932005,93.0544970977048,35000.7212654011,953.678640540043,462.27321116501,11697.7365497417,1734.08026970257,1478.1560488168,2295.78633464808,366.796097475171,0,0
"ES614",NA,NA,"ES","Granada","Spain","ES","ES","ESP",105084.533989946,3787.37206918195,360.538255685136,6474.78883563873,3585.0498473133,2165.94896681137,8697.95028665355,5052.15088962052,3829.08062257882,1750.86704027014,2171.23640666072,117.983159179986,43016.1695179522,1209.1626129068,586.11303653878,14831.480008372,2198.62849053254,1874.1439246864,2910.81176097939,465.058258383498,0,0
"ES615",NA,NA,"ES","Huelva","Spain","ES","ES","ESP",66611.0551483866,2435.7673540684,537.574482173501,9654.12463342306,1881.27534399432,1136.59406735053,4767.80020386243,2651.1449791709,2353.51009207839,918.77746021886,1139.36868155258,61.9123353440135,26439.5031240875,634.514973967813,307.566157067631,7782.90368141055,1153.7428337132,983.46770805755,1527.46506468887,244.041972156533,0,0
"ES616",NA,NA,"ES","Ja├®n","Spain","ES","ES","ESP",69259.7503034353,3160.30843868835,361.360275598592,6489.55122291495,2154.59378652733,1301.72253792354,5341.63431717909,3036.31284890852,2494.42910216764,1052.26075136128,1304.90025804774,70.9071819111721,28022.5975072553,726.69958958104,352.250473637212,8913.6318969152,1321.36273868925,1126.34943087707,1749.38067839055,279.497266861501,0,0
"ES617",NA,NA,"ES","M├ílaga","Spain","ES","ES","ESP",192658.717168831,2676.81815764552,386.131816187782,6934.41523365263,7257.03976844088,4384.42377596038,17212.5223896375,10226.8201234682,7084.12960058945,3544.19388338909,4395.12687993221,238.827496029688,79583.6258942146,2447.64830116731,1186.43974173781,30022.6342253661,4450.57532569015,3793.73720658968,5892.21283037487,941.394518756872,0,0
"ES618",NA,NA,"ES","Sevilla","Spain","ES","ES","ESP",250603.76742192,6158.46570083441,1516.52755689356,27234.8233217396,7952.3036962557,4804.47544894905,19577.653574842,11206.6051811468,8973.91827911683,3883.74695722208,4816.20396856482,261.708470677489,100813.649014984,2682.1463370165,1300.10712971927,32898.9660715344,4876.96467736927,4157.19788966617,6456.71890539772,1031.58523999015,0,0
"ES620",NA,NA,"ES","Murcia","Spain","ES","ES","ESP",203163.564275105,5754.97310200052,1473.57891038066,26463.5225996593,6079.50557716842,3673.00299421504,15177.9225034308,8567.40654057082,7217.18666447429,2969.10960503932,3681.96940233267,200.075118839482,81078.3986033293,2050.49055437248,993.926898159873,25151.1329741017,3728.42073042057,3178.1617907171,4936.13675922067,788.642946671874,0,0
"ES630",NA,NA,"ES","Ceuta","Spain","ES","ES","ESP",4899.00497180848,48.6287832129746,10.989867701961,197.363446402054,160.900575712141,97.2099274949383,410.010808887668,226.745518568938,181.571111045904,78.5806409319524,97.4472330142581,5.29520063734219,2303.73422858419,54.2684115514051,26.3053315931312,665.651461945103,98.6766167753331,84.1134291829835,130.640104901817,20.8722736643865,0,0
"ES640",NA,NA,"ES","Melilla","Spain","ES","ES","ESP",10084.6244912521,100.102576133602,22.6226937144552,406.273571208348,331.214582516381,200.107087306427,844.009154671321,466.756703249039,373.764975519395,161.758614380038,200.595581820275,10.9001951091555,4742.24761081222,111.711777265378,54.1496472775921,1370.24662648818,203.126274003163,173.147884695611,268.923262787846,42.9656722937121,0,0
"ES703",NA,NA,"ES","El Hierro","Spain","ES","ES","ESP",70.4171918758044,0.698979155542853,0.15796587819608,2.83685763834469,2.31274856385105,1.39727355984233,5.8934028372579,3.25918891283621,2.60986217389009,1.12950039897312,1.40068453582282,0.076112018960242,33.1133559036145,0.780041900549393,0.378106899831616,9.56792389228678,1.41835542056182,1.20902744867465,1.87779138549242,0.300013351275869,0,0
"ES704",NA,NA,"ES","Fuerteventura","Spain","ES","ES","ESP",1263.65045842377,12.5433194196129,2.8347289785405,50.9079723244257,41.5027311524114,25.0743508425086,105.758281445128,58.4867907124006,46.8344937451595,20.2691084226923,25.1355614822203,1.36584525864508,594.225731712675,13.9980064379374,6.78520322349835,171.698289729816,25.4526690096061,21.6962370845349,33.6973384182481,5.38379902370498,0,0
"ES705",NA,NA,"ES","Gran Canaria","Spain","ES","ES","ESP",132600.029648219,1316.22199465066,297.459747743851,5341.98250358707,4355.05194067384,2631.15455936588,11097.6505897533,6137.25902665144,4914.53567540657,2126.92074764448,2637.57764304891,143.323749525742,62354.5452127011,1468.86827469816,711.999226215886,18017.0063303115,2670.85303756385,2276.6752162245,3536.00004141914,564.944131032734,0,0
"ES706",NA,NA,"ES","La Gomera","Spain","ES","ES","ESP",135.182516704844,1.34185642530538,0.303253003978058,5.44602170108071,4.43986991015363,2.68239830804053,11.3137858280562,6.25678684305942,5.01025001879497,2.1683441569441,2.68894648619389,0.146115089233879,63.5689477008511,1.49747560847749,0.725865956041723,18.3679013170668,2.72286994448277,2.32101520840729,3.60486634833791,0.575946850338145,0,0
"ES707",NA,NA,"ES","La Palma","Spain","ES","ES","ESP",1349.99660463731,13.4004134723148,3.02842805190779,54.3865507496992,44.3386426724512,26.7876993002439,112.984821009197,62.483235258239,50.0347284443983,21.6541112039734,26.8530925070659,1.45917444918338,634.829604066991,14.9545003026221,7.24884104811925,183.430557566064,27.1918682202563,23.178756595446,35.9999018294138,5.75167788972068,0,0
"ES708",NA,NA,"ES","Lanzarote","Spain","ES","ES","ESP",9474.06229242923,94.0419787315883,21.2530282767806,381.67619674232,311.16156973848,187.991829734681,792.909573744951,438.497445871804,351.135797259553,151.965121785436,188.450748899963,10.2402551084923,4455.13358578017,104.948313893913,50.8712180474338,1287.28659223762,190.828223183159,162.664841594403,252.64160760229,40.364364196191,0,0
"ES709",NA,NA,"ES","Tenerife","Spain","ES","ES","ESP",55135.0326493538,547.28451299284,123.683629236248,2221.1939207625,1810.82863688417,1094.03288159885,4614.39812057682,2551.86954112807,2043.46172198307,884.372689622108,1096.70359690346,59.5939505480776,25926.9918359635,610.754767536142,296.048957816013,7491.46312335446,1110.53949096675,946.640530258725,1470.26722579907,234.903515422925,0,0
"FI193",NA,NA,"FI","Keski-Suomi","Finland","FI","FI","FIN",36971.4374206733,2153.65216860636,500.61708783603,4120.36528480177,1470.56104788873,739.729066440141,1036.61120207971,634.83318204399,434.560929354387,125.605905763032,288.594521574585,35.4388091259983,16340.2903163993,117.606005812648,107.736970359839,4537.66287652972,1453.36500126641,1646.78314305746,949.745131492735,277.678770240417,0,0
"FI194",NA,NA,"FI","Etel├ñ-Pohjanmaa","Finland","FI","FI","FIN",24539.0128247858,1899.21366043377,335.044801527283,2757.61056226367,934.172907204568,469.912387202298,676.289543922535,403.277347860795,285.040176858796,79.7910663533313,183.329473883249,22.5124794354042,10718.0349798824,74.7091353415418,68.4398372709229,2882.5472613788,923.249130263338,1046.117873511,603.324949932362,176.395250259686,0,0
"FI195",NA,NA,"FI","Pohjanmaa","Finland","FI","FI","FIN",27755.5875171585,1680.98108090465,550.075372820643,4527.43528989751,928.810658608479,467.215041754654,748.590559877032,400.962494394458,321.898856059358,79.3330574234707,182.277143842022,22.3832554873364,12103.9891191812,74.2802972185234,68.0469855638222,2866.00114353886,917.949585270742,1040.11304929129,599.861802649017,175.382723375458,0,0
"FI196",NA,NA,"FI","Satakunta","Finland","FI","FI","FIN",29751.2564443318,1296.31589469385,544.963183892221,4485.35904779185,1081.28829607473,543.915115225143,821.765903328479,466.786258679674,349.621679859893,92.3567205961432,212.200560417329,26.0577890253404,13146.4182900782,86.4744770819841,79.2178776065728,3336.49648001257,1068.64422123121,1210.86257610158,698.337751031433,204.174321603617,0,0
"FI197",NA,NA,"FI","Pirkanmaa","Finland","FI","FI","FIN",75248.0769808037,1738.35837105722,1074.59968994439,8844.57076094826,3159.3550131695,1589.23476029788,2164.42420752062,1363.87632400337,901.963353574003,269.851869547245,620.016795507361,76.1367774794013,33915.4812514982,252.664875474891,231.462228581893,9748.72003961988,3122.41100721958,3537.95076109977,2040.43351122539,596.565383034802,0,0
"FI1B1",NA,NA,"FI","Helsinki-Uusimaa","Finland","FI","FI","FIN",335283.862953623,1202.65663554299,3450.95422410505,28403.3292708932,15926.1635180606,8011.25943605124,10016.8421904279,6875.23790898636,4095.06262404523,1360.31088059087,3125.47618992903,383.801998452424,153981.887511489,1273.67203283895,1166.79046364967,49142.8499790602,15739.9304808369,17834.6472951753,10285.7316167535,3007.25869673482,0,0
"FI1C1",NA,NA,"FI","Varsinais-Suomi","Finland","FI","FI","FIN",70399.6441756472,1886.801779385,1134.19963673087,9335.11244975982,2808.49171671437,1412.74172785459,1997.93925469471,1212.41055298295,839.129650199058,239.883374044442,551.160609411635,67.6813805339677,31552.8184223146,224.605087721374,205.757108332168,8666.07246280077,2775.6505405059,3145.04237898981,1813.8324407658,530.313601905392,0,0
"FI1C2",NA,NA,"FI","Kanta-H├ñme","Finland","FI","FI","FIN",21735.8540962508,895.996840344113,286.67336736453,2359.48596175949,902.879149033925,454.170842469961,619.563480237478,389.768003174897,258.275703088577,77.1181539670036,177.188139471806,21.7583362978332,9711.64153300542,72.2064620179147,66.1471784919358,2785.98511938416,892.321306526538,1011.07408290311,583.114232049314,170.486204662769,0,0
"FI1C3",NA,NA,"FI","P├ñij├ñt-H├ñme","Finland","FI","FI","FIN",24360.8195246487,839.879617658448,367.538484723978,3025.05218076244,980.548883160181,493.240665513592,690.883172003373,423.297603686669,289.600183950957,83.7522051812042,192.430661904433,23.6300864618397,10889.4996346581,78.4179873512108,71.8374569441162,3025.64811717717,969.08280745085,1098.05123292929,633.276346676688,185.152196454162,0,0
"FI1C4",NA,NA,"FI","Kymenlaakso","Finland","FI","FI","FIN",25560.6161951294,834.253208148737,347.992915494898,2864.18095427013,1069.45470802376,537.962523828718,732.10697099713,461.677763273665,305.035577302858,91.345971298994,209.878243579831,25.7726133307876,11469.8988180191,85.5281028888795,78.3509194296728,3299.98195838008,1056.94900957211,1197.61093085217,690.695162744715,201.939843693133,0,0
"FI1C5",NA,NA,"FI","Etel├ñ-Karjala","Finland","FI","FI","FIN",18415.0132769612,836.258845099827,325.14886931072,2676.1613737389,678.311183449352,341.207527024652,509.791096447194,292.823237514284,216.435005068686,57.9369967052169,133.117147191748,16.3465097846862,8138.35432170101,54.2469617960156,49.6947691977485,2093.04297859109,670.379332709947,759.595410374469,438.079564968078,128.082146287605,0,0
"FI1D1",NA,NA,"FI","Etel├ñ-Savo","Finland","FI","FI","FIN",18379.9701591062,2531.17738389641,180.575911417123,1486.24314821282,675.833659879852,339.961270570505,491.239423739354,291.753704104928,207.211283145285,57.7253825104556,132.630938387118,16.2868043511643,7791.52541039044,54.0488254100873,49.5132596414086,2085.39816388367,667.930780131397,756.820997128152,436.479484541856,127.614327764186,0,0
"FI1D2",NA,NA,"FI","Pohjois-Savo","Finland","FI","FI","FIN",33432.6958141968,2292.94839618819,404.220208182261,3326.96376867394,1348.24709338442,678.202081546872,936.900885016693,582.030915141954,391.59981348197,115.158631190494,264.590664521015,32.4911852287464,14724.8733328368,107.824123132528,98.7759449675604,4160.24264536515,1332.4813284,1509.81191107251,870.750054769549,254.582831096127,0,0
"FI1D3",NA,NA,"FI","Pohjois-Karjala","Finland","FI","FI","FIN",20607.9590515941,1554.80892801055,283.189532552084,2330.81200641922,786.099825842169,395.427915851463,568.623025637788,339.355006417503,239.621888239381,67.1436121518554,154.270442206049,18.9440905714164,9010.22378107573,62.8672035207551,57.5916339945379,2425.64292185739,776.907545607094,880.300715033791,507.693634026798,148.435342578566,0,0
"FI1D4",NA,NA,"FI","Kainuu","Finland","FI","FI","FIN",9847.95307352871,1031.80867449579,101.377721917695,834.396699975955,384.657305644673,193.492266106482,270.257652004461,166.054460431589,113.218865915158,32.8549633170497,75.4881895260784,9.26979322159616,4257.23762395229,30.7624150581662,28.1809536546837,1186.92466287999,380.159304714362,430.752036917462,248.42654703362,72.6329367616205,0,0
"FI1D5",NA,NA,"FI","Keski-Pohjanmaa","Finland","FI","FI","FIN",9741.97927814004,627.135649009677,149.200593394446,1228.00631546891,365.668275739441,183.94030810748,268.927123638125,157.856999812069,113.698802527225,31.2330420073344,71.7616322311374,8.81217970921221,4275.28412340702,29.2437946890101,26.7897699598624,1128.33082470782,361.392323559865,409.487490031874,236.162697987601,69.0473321519286,0,0
"FI1D6",NA,NA,"FI","Pohjois-Pohjanmaa","Finland","FI","FI","FIN",54083.993315283,2357.24972137813,696.652807446877,5733.85150669083,2252.15722021751,1132.89153169109,1541.23462662777,972.243985808473,642.11745525842,192.364844677686,441.981131223732,54.2743668912044,24144.7974895912,180.113036117858,164.998655464611,6949.40901974889,2225.82155695806,2522.04051718495,1454.53013210753,425.263710198171,0,0
"FI1D7",NA,NA,"FI","Lappi","Finland","FI","FI","FIN",25730.3339685684,1364.12764961259,405.92506581406,3340.99572318024,978.612073928052,492.26640192405,715.39936670739,422.461493707005,302.105605194825,83.5867753418642,192.050567154521,23.5834116143117,11359.7264770879,78.2630938171145,71.6955614688252,3019.67176729073,967.168646351487,1095.88232957137,632.025480456965,184.78647834505,0,0
"FI200",NA,NA,"FI","├àland","Finland","FI","FI","FIN",4242.17392624636,136.543641187174,27.9666243433721,230.181331954983,206.685370196248,103.967921740896,126.35112745456,89.2249467861275,51.3029520951537,17.6537405017894,40.5615704386353,4.98087678443345,1929.08537030372,16.5293653626874,15.1422857518325,637.762391984884,204.268489056122,231.453147793104,133.485396187042,39.0273763235988,0,0
"FR101",NA,NA,"FR","Paris","France","FR","FR","FRA",1429551.06410132,2.21753591214043,3738.2201352138,26170.4004745205,21442.5298099837,19515.6934861655,50669.2728357378,28628.8939916829,18117.8998950847,15725.5245508493,10676.5616338191,32622.1076913911,733086.760129485,23301.6845456713,3681.12637666134,299085.355736913,52348.7839059886,46221.9290298408,40893.884008667,3622.21832773281,0,0
"FR102",NA,NA,"FR","Seine-et-Marne","France","FR","FR","FRA",243645.914053146,1855.61234005047,2216.30146404777,15515.8055942254,3210.21838985557,2921.74657912348,8294.90002159308,4286.10815924038,3045.44058005732,2354.31026798698,1598.41654884185,4883.94284418776,123224.666265364,3488.55740931737,551.111258534359,44776.8671715263,7837.27621091309,6920.00840857438,6122.33256246285,542.291977243547,0,0
"FR103",NA,NA,"FR","Yvelines","France","FR","FR","FRA",350049.788686919,621.785108652626,3649.25502776124,25547.5766690521,4543.07624686369,4134.83317051471,11892.5575293833,6065.66713070561,4382.04803500137,3331.80168989068,2262.06674243242,6911.71815493449,177306.498838888,4936.97947534439,779.928392391786,63367.8762475359,11091.2527030633,9793.14240066567,8664.27771014559,767.447413691611,0,0
"FR104",NA,NA,"FR","Essonne","France","FR","FR","FRA",335158.378159827,528.981342016175,1905.68558185056,13341.2568151759,4753.82002005145,4326.63940411199,11677.0619933957,6347.04069975111,4225.07899779884,3486.35697830911,2366.99927153797,7232.33825550771,170955.215103477,5165.99559267301,816.10763379069,66307.3790455618,11605.7526403329,10247.4257251655,9066.19537063901,803.047688680658,0,0
"FR105",NA,NA,"FR","Hauts-de-Seine","France","FR","FR","FRA",1072203.3313678,225.503303749568,7122.80401725364,49865.0766649915,14982.8510863716,13636.4846844866,37212.3882334938,20004.2839742346,13508.5474230784,10988.124754326,7460.1893755792,22794.5203292252,546583.065464817,16281.9253466466,2572.16703534449,208984.265701439,36578.4280477431,32297.3215248368,28574.3790436487,2531.00535653577,0,0
"FR106",NA,NA,"FR","Seine-Saint-Denis","France","FR","FR","FRA",366160.693270515,293.101561342358,2330.9572748563,16318.4839751277,5139.65175835284,4677.80011176405,12718.2973963369,6862.18215145212,4611.90044986442,3769.31829523032,2559.11076074949,7819.33263672872,186606.790986191,5585.28051536068,882.344938875514,71689.0491995533,12547.7041018161,11079.1320295645,9802.03011088561,868.225016462457,0,0
"FR107",NA,NA,"FR","Val-de-Marne","France","FR","FR","FRA",320211.713766809,15.835895100339,1505.63650835168,10540.6072856565,4633.44724097796,4217.08338244413,11227.7095136972,6186.32554337181,4045.93277644679,3398.07797814688,2307.0638345256,7049.20623718498,163706.597782435,5035.18600300648,795.442748816476,64628.3917353297,11311.8801982413,9987.94785101701,8836.6277539047,782.713498154449,0,0
"FR108",NA,NA,"FR","Val-d'Oise","France","FR","FR","FRA",225636.893319553,450.398162521772,1483.88715318924,10388.3451624866,3147.23182171373,2864.42001511752,7822.04141866183,4202.01193560387,2840.06805946705,2308.11717265421,1567.05457883046,4788.11671605629,114914.879998138,3420.10964898023,540.298097987679,43898.3159788131,7683.50376550406,6784.23335272579,6002.20842438203,531.651856719235,0,0
"FR211",NA,NA,"FR","Ardennes","France","FR","FR","FRA",38327.1276384165,2261.69107173053,551.08300922727,3858.0026120791,406.733085081179,370.183849082535,1210.62539295648,543.047787685835,460.831010340904,298.289948609921,202.518587585721,618.79314711234,18646.1518329539,441.998501428527,69.8255243677475,5673.20696389271,992.979026589349,876.76164889635,775.696513013716,68.7081257823596,0,0
"FR212",NA,NA,"FR","Aube","France","FR","FR","FRA",51664.8777334961,4366.99619461,519.817450823527,3639.11978686028,573.357090529188,521.83493906943,1633.98556153371,765.515053941871,615.530569232084,420.488677568362,285.483213476607,872.290579451925,24905.6079000317,623.069487319284,98.43054564439,7997.31705656115,1399.76703770765,1235.93955480276,1093.47164552993,96.8553888022769,0,0
"FR213",NA,NA,"FR","Marne","France","FR","FR","FRA",120529.624604471,10510.6260320953,1356.46770595688,9496.31156315395,1293.46670817583,1177.2351506568,3776.41571967385,1726.9660622272,1430.97369548641,948.602737427683,644.036741630299,1967.84664045074,57900.0809326274,1405.61554403006,222.054694991374,18041.5722387618,3157.80879382807,2788.22167522082,2466.82075305251,218.501215023858,0,0
"FR214",NA,NA,"FR","Haute-Marne","France","FR","FR","FRA",26778.7565245506,1886.23037105562,339.574659263982,2377.28237035163,288.402564586447,262.486567628441,845.183612526607,385.05934335372,320.546732947677,211.508700238366,143.600022172992,438.768167925407,12969.9671202209,313.408242483916,49.5112422369883,4022.70554776676,704.092458551201,621.686106558756,550.023767182032,48.7189274991134,0,0
"FR221",NA,NA,"FR","Aisne","France","FR","FR","FRA",74268.4586975699,4207.41400468153,833.553396242598,5835.51139513559,851.690238159704,775.156932525059,2393.55814746658,1137.13026205856,898.54146943507,624.612667842165,424.069519838112,1295.73939806376,36356.7995454509,925.535253353584,146.213130083882,11879.5720521302,2079.27649523441,1835.91983280335,1624.29163532749,143.873321737289,0,0
"FR222",NA,NA,"FR","Oise","France","FR","FR","FRA",131038.301043411,2367.61964637284,1569.35617541859,10986.6936970841,1598.25894223501,1454.63860396076,4352.69754106554,2133.90799658355,1620.91269952471,1172.13129502233,795.797429444622,2431.54962564369,65585.3960021977,1736.83450713537,274.379618502703,22292.8846798429,3901.91422067741,3445.23766803388,3048.10189743293,269.988797232826,0,0
"FR223",NA,NA,"FR","Somme","France","FR","FR","FRA",96525.6827426039,4792.74039745633,1135.83041700104,7951.68176535404,1109.74210547225,1010.02013153339,3121.04637289904,1481.66701304431,1171.85415493807,813.862770827986,552.55746834509,1688.3328037875,47415.5818699986,1205.96126939851,190.513944574001,15478.9390679481,2709.27218875522,2392.18139347913,2116.43240526527,187.465202526,0,0
"FR231",NA,NA,"FR","Eure","France","FR","FR","FRA",90591.6137025185,2643.2866845911,1406.80553245214,9848.71485422508,999.393263123753,909.587290683437,2921.36948304199,1334.33526918313,1107.2966183802,732.93512633423,497.613101845676,1520.45094233676,44803.4537761682,1086.04473262926,171.569909620906,13939.7679411536,2439.87171439105,2154.31130982964,1905.98182879509,168.824323733203,0,0
"FR232",NA,NA,"FR","Seine-Maritime","France","FR","FR","FRA",230955.600279783,4597.67509313391,2746.56552707919,19228.0596576113,2811.73559222988,2559.07164258909,7662.79146786594,3754.075704496,2854.08371107822,2062.07091597562,1400.00590482883,4277.70147003519,115481.981521506,3055.52452889544,482.7020945978,39218.7371216183,6864.43904813351,6061.0312377514,5362.37049408942,474.977546267498,0,0
"FR241",NA,NA,"FR","Cher","France","FR","FR","FRA",48356.7382914152,2473.84675955614,612.082747966377,4285.04744462004,543.303941947715,494.482381269224,1553.61416050353,725.389732327315,585.744225399479,398.448296604161,270.519293828888,826.568500099435,23700.3923715878,590.410608257186,93.2711992927541,7578.12880246255,1326.39669406221,1171.15641059515,1036.1561149896,91.778606045645,0,0
"FR242",NA,NA,"FR","Eure-et-Loir","France","FR","FR","FRA",70244.6994429203,4019.73863295888,880.582849457059,6164.75354252181,781.228758021738,711.027155808422,2245.95939291389,1043.05394442054,847.881615411224,572.937620838949,388.985677485105,1188.54113304909,34306.9997082717,848.964475682029,134.116720967375,10896.7590613328,1907.25515119873,1684.03171311151,1489.91180135383,131.970488115667,0,0
"FR243",NA,NA,"FR","Indre","France","FR","FR","FRA",32851.4485638325,2154.88328974543,364.44949728277,2551.42526433432,370.805787011146,337.484995769321,1050.95671631505,495.079622689945,395.363261393768,271.941583335272,184.629839589078,564.134289361532,15997.1947106306,402.956160173791,63.6577388620373,5172.0847166969,905.267810624592,799.316075247021,707.17816312495,62.6390416449738,0,0
"FR244",NA,NA,"FR","Indre-et-Loire","France","FR","FR","FRA",112845.613215766,2609.04886444485,1142.76571022522,8000.23412303229,1415.65155167942,1288.44040374969,3769.67150580034,1890.10058800624,1395.46816453196,1038.21066957395,704.874433075512,2153.73548651282,56463.4555618731,1538.39431149887,243.03066444251,19745.8346419747,3456.10512480382,3051.60567025276,2699.84422846008,239.141511828006,0,0
"FR245",NA,NA,"FR","Loir-et-Cher","France","FR","FR","FRA",52809.1824929376,2523.82198672318,688.555638022456,4820.41617246974,592.471225747195,539.231468652151,1698.19507768735,791.035202718544,640.622900354342,434.506603871959,295.000432038999,901.37032811196,25920.8942098707,643.840895971165,101.71194704346,8263.92542702588,1446.43138855357,1277.14235173683,1129.92495749721,100.084278840858,0,0
"FR246",NA,NA,"FR","Loiret","France","FR","FR","FRA",134579.293207348,3372.79356972161,1703.1933494971,11923.6562935398,1595.84325232855,1452.43998914292,4426.26296114732,2130.68269943524,1656.096629812,1170.35967612904,794.594620708756,2427.87445778915,67009.0087615293,1734.20936706751,273.964907183128,22259.1900793725,3896.01666894178,3440.03036048183,3043.49484109624,269.580722423984,0,0
"FR251",NA,NA,"FR","Calvados","France","FR","FR","FRA",121342.763878069,2389.41543629483,1060.33668068122,7423.16786265567,1574.85552088915,1433.33822562103,4096.25943807358,2102.66102737372,1506.68964176567,1154.96769165045,784.144510099022,2395.9442685213,60963.7007820266,1711.40191376493,270.361857894051,21966.4483562973,3844.77820839004,3394.78880355333,3003.4683207792,266.035331737763,0,0
"FR252",NA,NA,"FR","Manche","France","FR","FR","FRA",80679.9074088927,4290.55431434183,1057.2360358979,7401.4609773536,893.45089326454,813.164954527574,2580.79991337982,1192.88680658079,975.412972942451,655.239101053645,444.862785000688,1359.27297363368,39467.1755702018,970.916727475186,153.382351737079,12462.0593098614,2181.22899474022,1925.93990289772,1703.93500768685,150.927816316023,0,0
"FR253",NA,NA,"FR","Orne","France","FR","FR","FRA",42055.418422306,2406.9132414621,572.546700981148,4008.2648728725,456.225247482971,415.228621316042,1336.40883256299,609.127018232612,506.796851654404,334.586515377972,227.161487791819,694.089236988793,20506.0224515283,495.781836043863,78.3220453505661,6363.53507019838,1113.80686442242,983.447904591974,870.084944161175,77.0686792860525,0,0
"FR261",NA,NA,"FR","C├┤te-d'Or","France","FR","FR","FRA",114273.188019615,5219.78439081476,885.375602372372,6198.30647911525,1440.97970571066,1311.49255734464,3791.55829344296,1923.91735511307,1399.04208784132,1056.78583358564,717.485706091419,2192.26908193059,56608.0637049236,1565.91851972384,247.378851746096,20099.1175813351,3517.94008895538,3106.2035254715,2748.14853780631,243.420116290847,0,0
"FR262",NA,NA,"FR","Ni├¿vre","France","FR","FR","FRA",30885.447885361,2523.37096753275,257.337315047034,1801.55805389282,358.367377637021,326.16430800757,989.047679898613,478.47253823897,369.584319401003,262.819501485806,178.436566431184,545.210816538687,14954.1267405857,389.439290007155,61.5223864928649,4998.59091137505,874.901262916351,772.503601139269,683.456388003019,60.5378607301258,0,0
"FR263",NA,NA,"FR","Sa├┤ne-et-Loire","France","FR","FR","FRA",90860.3650083514,4646.58135714447,1172.53985386986,8208.67590408903,1015.19537119173,923.969413512357,2915.14778704951,1355.43338030772,1100.19272102552,744.524077851625,505.481211729497,1544.49185895028,44516.0157659029,1103.21694787717,174.282721837159,14160.1793923577,2478.45023790671,2188.37463743662,1936.11864474689,171.493723564654,0,0
"FR264",NA,NA,"FR","Yonne","France","FR","FR","FRA",52323.5413762419,3346.76308945795,574.099953177719,4019.13882639902,594.243914173946,540.84486242096,1677.53932620894,793.401999430474,630.454274321292,435.806658278921,295.883080561047,904.06725022298,25509.4510979922,645.767283710109,102.016271681604,8288.6512944223,1450.7591467149,1280.96359295134,1133.3057206604,100.383733455851,0,0
"FR301",NA,NA,"FR","Nord","France","FR","FR","FRA",494610.332473504,6328.69574627513,4443.42227307503,31107.3548794972,6469.91323402397,5888.52363392814,16774.3728352867,8638.27457644557,6164.45723985946,4744.90558274223,3221.46817659346,9843.15788037358,249426.369065617,7030.88108320577,1110.71634137996,90243.8433493073,15795.3419106695,13946.6692121862,12339.0235985647,1092.9418544733,0,0
"FR302",NA,NA,"FR","Pas-de-Calais","France","FR","FR","FRA",212605.548200087,6607.08580474679,2380.35192968838,16664.2843430835,2569.21434128076,2338.34347108384,7011.58468978351,3430.27458374765,2612.48049667701,1884.2106578951,1279.25088635784,3908.73594050007,105706.228332236,2791.97569695646,441.067484237877,35835.9947280362,6272.35907104823,5538.24777195069,4899.84876769628,434.009203080512,0,0
"FR411",NA,NA,"FR","Meurthe-et-Moselle","France","FR","FR","FRA",117723.233035928,1091.10916176518,1138.60842355262,7971.12993623375,1529.28873459156,1391.86609325541,3989.89653926036,2041.8227444838,1468.80429671599,1121.54991758293,761.456114341969,2326.62014385302,59430.7833346573,1661.88430136212,262.539222205717,21330.872302055,3733.53359918015,3296.56416396884,2916.56612733401,258.337879528267,0,0
"FR412",NA,NA,"FR","Meuse","France","FR","FR","FRA",25285.2737503103,1725.31261237815,295.82077241323,2070.9716931353,279.933868085779,254.77887237984,804.17901531724,373.752402590952,303.533356009787,205.297926793483,139.383329415714,425.884113119435,12281.5715859437,304.205275477676,48.0573866359559,3904.58221400085,683.417381169592,603.430821753374,533.872786142394,47.2883375478082,0,0
"FR413",NA,NA,"FR","Moselle","France","FR","FR","FRA",154225.503215852,1377.47647607897,1800.65369934335,12605.9532941463,1926.4219130966,1753.31268811021,5172.42945202973,2572.05326153348,1918.98454988702,1412.79948579526,959.194762473376,2930.80824254387,77645.9840578364,2093.45054518451,330.716691534061,26870.1775529125,4703.07586530675,4152.63206989794,3673.95428450084,325.424323640938,0,0
"FR414",NA,NA,"FR","Vosges","France","FR","FR","FRA",54845.7823580692,1680.50006753904,778.230649640942,5448.20985013631,621.754227345988,565.883085258082,1779.65534325922,830.132266169508,671.124383527089,455.982174368774,309.580883793678,945.920725856456,27155.0457179226,675.662853168013,106.739079127611,8672.3714932238,1517.92153157299,1340.26535231906,1185.77171072169,105.030963118419,0,0
"FR421",NA,NA,"FR","Bas-Rhin","France","FR","FR","FRA",238710.326475781,3453.90169882279,3044.53414782846,21314.067932082,2884.96495356691,2625.72057733258,7920.57224533044,3851.84754584935,2955.74984727203,2115.77587195578,1436.46791731748,4389.11071758563,119595.598377144,3135.10317434807,495.273677146715,40240.1571583377,7043.21776716416,6218.88585530891,5502.02906213537,487.3479492523,0,0
"FR422",NA,NA,"FR","Haut-Rhin","France","FR","FR","FRA",133383.11454252,2874.97522779015,1941.33094271454,13590.8016079187,1528.64153129969,1391.27704797115,4354.56268642817,2040.95863401744,1640.21413683119,1121.0752715712,761.133861981989,2325.63550558167,66366.37107231,1661.18098290681,262.42811418209,21321.844961135,3731.95354749925,3295.16904012433,2915.33182072084,258.228549535662,0,0
"FR431",NA,NA,"FR","Doubs","France","FR","FR","FRA",93395.2639399727,2045.28301102849,1239.57243809436,8677.95526981502,1099.93280948915,1001.09230373426,3069.88938308198,1468.57017711488,1150.42827189155,806.668828407213,547.673270721209,1673.40919576303,46548.6474418117,1195.30146747035,188.829942802762,15342.1167431277,2685.32423484123,2371.03628668523,2097.7247147225,185.808149370099,0,0
"FR432",NA,NA,"FR","Jura","France","FR","FR","FRA",42089.0713188895,1408.84086437716,657.828845260388,4605.30511886805,458.940515014905,417.6998935659,1351.23592803242,612.752295054874,513.040654201607,336.577838538715,228.513460782595,698.220174458515,20758.6592917097,498.732528338425,78.7881863805691,6401.40824854562,1120.43579088472,989.300987426428,875.263336659047,77.5273607898688,0,0
"FR433",NA,NA,"FR","Haute-Sa├┤ne","France","FR","FR","FRA",31388.5068364754,1553.11510904818,443.994904942721,3108.30396571418,342.086221890125,311.346184960866,1001.51133845712,456.73482883292,379.746083180546,250.879225936098,170.329931423937,520.441089234016,15365.2921918513,371.746491693941,58.7273342115558,4771.49759255866,835.153214925427,737.407629156222,652.405961558904,57.7875368986708,0,0
"FR434",NA,NA,"FR","Territoire de Belfort","France","FR","FR","FRA",22936.8998161898,140.862956400763,258.339005567032,1808.57065376968,290.426168178606,264.328329201914,772.84461362288,387.761148282266,286.042474173409,212.992770833192,144.607605171154,441.846825849312,11573.8552407001,315.607300755857,49.8586425029557,4050.93123781335,709.032789197634,626.048225322269,553.883060432903,49.060768414553,0,0
"FR511",NA,NA,"FR","Loire-Atlantique","France","FR","FR","FRA",313832.022107704,3558.68415097604,2994.67140869509,20964.9906159592,4071.66014606263,3705.77875346578,10624.883966006,5436.25811528606,3911.54818657381,2986.07450506191,2027.3414977911,6194.51794842585,158269.126322068,4424.68967708084,698.998471416059,56792.4556484913,9940.35960372628,8776.94880094379,7765.22169778081,687.812591893909,0,0
"FR512",NA,NA,"FR","Maine-et-Loire","France","FR","FR","FRA",142306.61207582,4719.13010457525,1671.84806877989,11704.2153511436,1692.71173117602,1540.60381861691,4670.25026054466,2260.01619863684,1745.02912213681,1241.40109035667,842.8269092472,2575.24764448245,70607.3967119076,1839.47673787335,290.594713260696,23610.3339841509,4132.50681779199,3648.84191369845,3228.2364911342,285.944406306916,0,0
"FR513",NA,NA,"FR","Mayenne","France","FR","FR","FRA",57543.0291895763,3748.47386114357,795.171814850174,5566.8109656389,610.40222217191,555.551176878152,1813.15010360821,814.975689235643,689.857256144169,447.656839734835,303.928547806156,928.650080154494,27913.0155143282,663.326582873823,104.790234189788,8514.03110447753,1490.20727998871,1315.79475196768,1164.12185937633,103.113305007997,0,0
"FR514",NA,NA,"FR","Sarthe","France","FR","FR","FRA",90491.3785052038,2755.14591227145,1065.98503578086,7462.71066902686,1081.50877920041,984.323865910871,2976.41021450568,1443.97141872629,1111.4089587259,793.157011322255,538.499665896393,1645.37935481072,44969.8473580979,1175.27999865801,185.667014526046,15085.1341155251,2640.34467371622,2331.3210931891,2062.58752875252,182.69583656121,0,0
"FR515",NA,NA,"FR","Vend├®e","France","FR","FR","FRA",123273.213333584,4539.12138978467,1778.86739665321,12453.4325100198,1371.78632339586,1248.5169265542,3972.39771214158,1831.53413238839,1502.27335756241,1006.04078428455,683.033268926453,2087.0000679939,60785.0090187908,1490.72578912557,235.500142144824,19133.992311712,3349.01461931069,2957.04894179918,2616.18714259672,231.731498399231,0,0
"FR521",NA,NA,"FR","C├┤tes-d'Armor","France","FR","FR","FRA",101723.356600972,7188.08890465508,1066.76807590802,7468.19254889867,1151.53709594368,1048.05940350949,3250.42765065367,1537.46940027162,1221.54666252942,844.51438491388,573.367829608773,1751.91861629199,49426.2409200982,1251.38005590294,197.689060719346,16061.9052432987,2811.30851301034,2482.27547754907,2196.14125993997,194.525497268952,0,0
"FR522",NA,NA,"FR","Finist├¿re","France","FR","FR","FRA",162953.240531325,7387.54390981446,1618.17835615972,11328.4863084927,1966.0587218769,1789.38771366834,5343.78604528729,2624.97416250905,1988.95887178863,1441.86833238731,978.930532257114,2991.11065350155,80477.2862083143,2136.5240268483,337.521303843374,27423.0409118251,4799.84330627339,4238.07393606988,3749.54718678892,332.120043618438,0,0
"FR523",NA,NA,"FR","Ille-et-Vilaine","France","FR","FR","FRA",235993.21269937,5127.36777811539,2144.41908328189,15012.5739428883,3030.56957129134,2758.24109216276,7937.65848188941,4046.25087430324,2925.23602746377,2222.55940034694,1508.9666704534,4610.62979960919,118360.947703946,3293.33230592322,520.270214571117,42271.0839787717,7398.69003356725,6532.75396539276,5779.71730140167,511.944473990647,0,0
"FR524",NA,NA,"FR","Morbihan","France","FR","FR","FRA",127292.711316798,5530.16864756375,1473.35095952896,10314.5837472695,1488.51908565404,1354.76002511635,4143.36269623381,1987.38933723878,1551.65883713732,1091.65026856867,741.15628621871,2264.59425931581,62783.2450962975,1617.57975768195,255.540130615263,20762.2078271166,3634.00049552746,3208.68032579953,2838.81274144628,251.450792467862,0,0
"FR531",NA,NA,"FR","Charente","France","FR","FR","FRA",66260.0776523552,3955.14891051989,1096.44717065759,7675.96891498282,665.668659539012,605.851344875425,2065.51114508833,888.764416158342,793.732652447207,488.188144825976,331.446547317423,1012.73100192473,32116.0234884267,723.384845630287,114.278048460725,9284.90013097436,1625.1321611768,1434.92814566477,1269.52263527779,112.449288407046,0,0
"FR532",NA,NA,"FR","Charente-Maritime","France","FR","FR","FRA",105066.049065171,5492.64480030304,727.675189797585,5094.28295915118,1330.22747415039,1210.6925760368,3481.53065477096,1776.04702802111,1282.77323039366,975.562351473396,662.340485969783,2023.7735146147,51903.5913044893,1445.56361825391,228.365565324976,18554.3198886935,3247.55479913965,2867.46388829063,2536.92864205417,224.711094242145,0,0
"FR533",NA,NA,"FR","Deux-S├¿vres","France","FR","FR","FRA",71350.7617574487,4750.41788378715,706.789338205852,4948.066021508,825.16465879415,751.014954828001,2295.94467043962,1101.71475808334,859.725016819715,605.159335924943,410.862030540965,1255.3840708562,34786.2076086211,896.709798137029,141.659375898902,11509.5871477846,2014.51819318266,1778.74078453922,1573.7036694741,139.392440023094,0,0
"FR534",NA,NA,"FR","Vienne","France","FR","FR","FRA",75640.3389804506,3323.21231504076,764.863725067541,5354.63115317746,911.661238053499,829.738908735778,2481.09831083273,1217.20026376775,923.775748969748,668.594205446452,453.929992565996,1386.977719019,37377.8293742612,990.705983383911,156.508595754216,12716.0614027843,2225.68687413497,1965.194471827,1738.66466571492,154.00403191341,0,0
"FR611",NA,NA,"FR","Dordogne","France","FR","FR","FRA",57731.6273011398,2765.57249843386,495.751201633111,3470.63763320114,712.65314318972,648.613779609504,1902.97401461625,951.495531078551,704.973721163334,522.645629913122,354.840836143194,1084.21197450867,28524.6581677086,774.443075525357,122.344066024562,9940.25055516939,1739.83787003491,1536.20880088837,1359.12857457907,120.386227719096,0,0
"FR612",NA,NA,"FR","Gironde","France","FR","FR","FRA",344087.739077648,7281.69592791289,2580.95593043493,18068.6657990803,4561.58507138097,4151.67878291536,11678.2091161003,6090.37910171423,4276.49639834742,3345.37569337502,2271.28256759295,6939.87699962279,173035.666800457,4957.0930903905,783.105877638877,63626.0416046126,11136.4392768302,9833.04037822917,8699.5766104924,770.574050519699,0,0
"FR613",NA,NA,"FR","Landes","France","FR","FR","FRA",66198.7228235829,3503.05269565295,672.98844856566,4711.43393824832,782.77652138597,712.43583639197,2153.40545604003,1045.1204334809,804.010843224444,574.072719682175,389.756332398458,1190.89586001443,32531.899810766,850.646436438725,134.382431804454,10918.3476220339,1911.03378788992,1687.36810154191,1492.86360116713,132.231946855591,0,0
"FR614",NA,NA,"FR","Lot-et-Garonne","France","FR","FR","FRA",51987.9388320652,3051.44088802068,466.778671462803,3267.80775965392,623.220250522478,567.217370867547,1693.59045740562,832.089620198207,630.322349425229,457.057326585341,310.310839024665,948.151095424102,25504.1131507027,677.255986529512,106.990757293928,8692.81992291678,1521.5006116138,1343.42554003106,1188.56762063832,105.278613748536,0,0
"FR615",NA,NA,"FR","Pyr├®n├®es-Atlantiques","France","FR","FR","FRA",129628.79732567,2920.75329849207,1224.64385065514,8573.44373821122,1650.33393083897,1502.03410835768,4348.54778257208,2203.43567552685,1605.18140743296,1210.3220551161,821.726358089583,2510.77516019209,64948.8762058098,1793.42460951236,283.319543773325,23019.2386422545,4029.04764893856,3557.49151349016,3147.41613705829,278.785659347943,0,0
"FR621",NA,NA,"FR","Ari├¿ge","France","FR","FR","FRA",20023.7379271093,495.491807921022,204.271813607932,1430.05895169693,250.043893011952,227.574825235256,667.683901295246,333.844941326553,247.349465017199,183.377214031835,124.500656338564,380.410281701587,10008.2580751212,271.723717731444,42.9260529445934,3487.66994165504,610.445401652201,538.999417492349,476.868450155792,42.2391191725825,0,0
"FR622",NA,NA,"FR","Aveyron","France","FR","FR","FRA",45449.2499903657,2841.32916503478,495.371984538541,3467.98282345941,518.575826455465,471.976346453661,1459.66035740366,692.374103886305,548.170534604544,380.313188913251,258.206789125349,788.947787723523,22180.0850837416,563.538464358333,89.0260230476795,7233.21533916125,1266.02663578189,1117.8520099739,988.996162518779,87.6013641837909,0,0
"FR623",NA,NA,"FR","Haute-Garonne","France","FR","FR","FRA",341930.858413972,1462.2421000291,3631.24485305192,25421.4916693168,4400.44234525431,4005.01642178161,11579.6918676262,5875.23014006219,4272.88461698782,3227.19682556645,2191.047154021,6694.71864321745,172889.526844362,4781.97863308031,755.441849895483,61378.3856612562,10743.0330032804,9485.67802328756,8392.2550393224,743.352722573356,0,0
"FR624",NA,NA,"FR","Gers","France","FR","FR","FRA",27126.2282471594,2194.58529694209,212.608339925821,1488.42101289562,318.661912220096,290.026795332108,871.732499650914,425.459970674189,325.004730399784,233.700303483057,158.666611464121,484.803953158011,13150.3466856097,346.291198896494,54.7059876192671,4444.76991384557,777.966206865755,686.913737402976,607.732547968347,53.8305428054757,0,0
"FR625",NA,NA,"FR","Lot","France","FR","FR","FRA",27353.8205492734,989.111777697005,376.586262747661,2636.39190653111,309.420640098058,281.615948489215,885.28091132007,413.121529162174,333.81262553528,226.922938455516,154.06524155767,470.74452187625,13506.7318817874,336.248670813441,53.1195008164599,4315.87051696589,755.40499969384,666.993073752019,590.108157861392,52.2694441128938,0,0
"FR626",NA,NA,"FR","Hautes-Pyr├®n├®es","France","FR","FR","FRA",34073.6282446046,799.612276435604,303.752005935087,2126.49639473559,437.638337587498,398.311940327863,1145.40656964482,584.310791894305,422.026123321346,320.955245631546,217.90678273417,665.811595235068,17076.0278634492,475.583365298986,75.1311548687446,6104.28056024084,1068.42965668525,943.381604687727,834.637124147368,73.9288517435042,0,0
"FR627",NA,NA,"FR","Tarn","France","FR","FR","FRA",57218.1470964832,1681.30584563992,612.819582133236,4290.20584742472,700.800654677737,637.82636157171,1894.88897911472,935.670736142777,704.314173786991,513.953250761242,348.939301891699,1066.17990646095,28497.9715510436,761.562927947862,120.309301074849,9774.92930929085,1710.90176196556,1510.65934904278,1336.524231961,118.384024551009,0,0
"FR628",NA,NA,"FR","Tarn-et-Garonne","France","FR","FR","FRA",37091.0804354061,1674.12038327642,313.062090742811,2191.67411008059,461.689168955452,420.201552105196,1226.59555952246,616.422147585386,453.785018069191,338.593646626982,229.882057373871,702.40190514279,18361.0567790967,501.719501779311,79.2600589912417,6439.74710822734,1127.14622535496,995.226038644424,880.50540167753,77.991682153452,0,0
"FR631",NA,NA,"FR","Corr├¿ze","France","FR","FR","FRA",37958.5529365267,1303.26770507946,393.370267888412,2753.89278133572,463.769982597019,422.095382804768,1253.98374416677,619.200336245435,466.095129820093,340.119673933282,230.918126125532,705.567600949322,18859.1487209089,503.980730445135,79.6172807392707,6468.77077724985,1132.22622592562,999.711480489073,884.473802442549,78.3431873804877,0,0
"FR632",NA,NA,"FR","Creuse","France","FR","FR","FRA",14924.3931876966,1092.29823821769,111.556434278857,780.980374346047,179.439709227451,163.315168292274,483.953989038657,239.578093578269,179.761048424644,131.597511014754,89.3457596700863,272.994911067085,7273.49446404953,194.997863425529,30.8051453121945,2502.86648745301,438.075667644759,386.803683079632,342.216460498039,30.3121790780532,0,0
"FR633",NA,NA,"FR","Haute-Vienne","France","FR","FR","FRA",60243.087524318,1050.56555125064,516.868351541653,3618.47383599218,787.526157290048,716.758667666836,2039.36522635051,1051.46188777766,749.203181027777,577.556008113113,392.121248335032,1198.12183266462,30314.2712918598,855.807885135514,135.197821134023,10984.5966400639,1922.62932562628,1697.60650790633,1501.92181684718,133.034287734875,0,0
"FR711",NA,NA,"FR","Ain","France","FR","FR","FRA",104942.572788792,1801.90662898961,1591.37134942904,11140.8167555264,1197.45599242894,1089.85200526733,3427.85995319046,1598.77780144169,1292.71131555049,878.190389584314,596.23154638223,1821.77843225058,52305.7062676855,1301.28030788192,205.572144596902,16702.3926117223,2923.41274747382,2581.25913261585,2283.7149764424,202.282430331987,0,0
"FR712",NA,NA,"FR","Ard├¿che","France","FR","FR","FRA",45374.0481180581,909.472388532476,643.487993995801,4504.90819007179,525.929291974353,478.669025927557,1486.39816161127,702.192049188343,558.779732733504,385.706074154677,261.868191419308,800.135159091914,22609.354630928,571.529505310918,90.288422406399,7335.78317374537,1283.97904069025,1133.70328145863,1003.0202431033,88.8435617141617,0,0
"FR713",NA,NA,"FR","Dr├┤me","France","FR","FR","FRA",101045.839886599,2047.07435875929,1392.53034011683,9748.77758815914,1180.95948412676,1074.83788135238,3316.85786693317,1576.75256507261,1244.95350082412,866.092178757138,588.017684063195,1796.68107316402,50373.3287917449,1283.35348506909,202.740121865811,16472.2955057514,2883.13894788176,2545.69894252912,2252.2538427499,199.49572767865,0,0
"FR714",NA,NA,"FR","Is├¿re","France","FR","FR","FRA",259316.403078944,1427.5326705404,3366.92003923899,23571.0157790194,3174.32894306571,2889.0821757557,8661.2686418603,4238.19053120524,3226.97741006069,2327.98966208778,1580.54664757315,4829.34157239108,130570.012432523,3449.55620120308,544.949971111994,44276.2728827242,7749.65740328372,6842.64442787146,6053.8864002252,536.229287202473,0,0
"FR715",NA,NA,"FR","Loire","France","FR","FR","FRA",131349.083577948,1563.95153087919,1649.61350727509,11548.5564124217,1601.95280773543,1458.00053688211,4372.72189259495,2138.83984393403,1629.33800475122,1174.84030245424,797.63666124384,2437.16937663482,65926.3008392581,1740.84864583111,275.013759429445,22344.4075685611,3910.93225019969,3453.20023544168,3055.14661224299,270.612790177425,0,0
"FR716",NA,NA,"FR","Rh├┤ne","France","FR","FR","FRA",548950.213377545,1491.08060684141,5571.71351609424,39006.2566599346,7150.45381234695,6507.91049961715,18662.3716300594,9546.8951658303,6870.89817250566,5244.00049678005,3560.31967840632,10878.5146331051,278010.393568201,7770.42730359751,1227.54751267612,99736.1804366207,17456.7816749878,15413.6555515744,13636.9090495703,1207.90340879604,0,0
"FR717",NA,NA,"FR","Savoie","France","FR","FR","FRA",93646.7016489833,625.787031296474,835.669377834942,5850.32488488884,1240.04940527661,1128.61795299043,3193.68064910584,1655.64619859285,1171.47310710853,909.427550748412,617.439454287345,1886.57894381212,47400.1639065244,1347.56674323703,212.884329161643,17296.4953666903,3027.39830257109,2673.07431129252,2364.94653353762,209.477600026268,0,0
"FR718",NA,NA,"FR","Haute-Savoie","France","FR","FR","FRA",150876.057210255,1066.17338846188,1811.71250789613,12683.3734133819,1878.58280076011,1709.77242204634,5059.19037943308,2508.18109309653,1878.47173278408,1377.71523304128,935.374941030017,2858.02706008401,76006.7537935287,2041.46358681308,322.503956384875,26202.9065705196,4586.28370616557,4049.50916066742,3582.7184495363,317.343014624545,0,0
"FR721",NA,NA,"FR","Allier","France","FR","FR","FRA",49839.3154344645,1264.03752861091,634.810396235022,4444.15836787242,589.609694391053,536.6270759176,1638.02242952952,787.214642431356,613.12461689033,432.408013733911,293.575632066156,897.0168686606,24808.2582172619,640.731258182655,101.220696307372,8224.01212709401,1439.44538046916,1270.97397979414,1124.46761956171,99.6008894546495,0,0
"FR722",NA,NA,"FR","Cantal","France","FR","FR","FRA",21270.0479854811,1057.72302120142,169.874615858483,1189.25225553031,264.874171024895,241.072447138082,702.300821365856,353.645518071097,259.679623800817,194.253444731063,131.884877260954,402.972681321349,10507.1611602971,287.839841297298,45.4720271393569,3694.52608290724,646.65134497349,570.967849570168,505.151851146809,44.7443508453325,0,0
"FR723",NA,NA,"FR","Haute-Loire","France","FR","FR","FRA",32770.8707570012,924.495869326402,480.334773754611,3362.71084535192,369.516970914566,336.311993324005,1062.89759531965,493.358865870171,401.311524416362,270.99639126382,183.988118457676,562.173518040723,16237.8734257621,401.555598468339,63.4364825564695,5154.10801226227,902.121355615212,796.537878519465,704.720211734463,62.421326042968,0,0
"FR724",NA,NA,"FR","Puy-de-D├┤me","France","FR","FR","FRA",128551.223033843,1516.42743407788,1672.14396454387,11706.2868478351,1553.55717754888,1413.95376193717,4269.5187781333,2074.22464327678,1593.68512810632,1139.34791058647,773.539741100883,2363.54152237841,64483.7135647807,1688.25691724362,266.705484595573,21669.3741467251,3792.7814345506,3348.87768564649,2962.84942040448,262.437470371538,0,0
"FR811",NA,NA,"FR","Aude","France","FR","FR","FRA",52682.0830844406,3160.91650731315,273.425857185496,1914.19015569136,680.470911728796,619.323459369408,1750.44954642351,908.527574355384,641.869517373362,499.043821944351,338.81681375632,1035.25076378536,25971.3348479628,739.470513419879,116.819211348344,9491.36536157546,1661.26968357139,1466.83616473999,1297.75258712957,114.949785766672,0,0
"FR812",NA,NA,"FR","Gard","France","FR","FR","FRA",111679.507636365,3040.65668874629,1007.8962246919,7056.04455673279,1421.26900273935,1293.5530678817,3739.69477376652,1897.60070167395,1379.9050362031,1042.3303963664,707.671447373627,2162.28173059186,55833.7400103934,1544.49881846279,243.995035132421,19824.1881461313,3469.81930565116,3063.71475563221,2710.55748823422,240.090449960061,0,0
"FR813",NA,NA,"FR","H├®rault","France","FR","FR","FRA",214474.475732934,3561.26174917807,1025.78824158593,7181.302361377,3014.30372532317,2743.4369031505,7413.57470501481,4024.53360567708,2683.44383122723,2210.63035268421,1500.86765841777,4585.88336420406,108577.547928583,3275.65614480895,517.477790581842,42044.2042042831,7358.97936215013,6497.69099546273,5748.69607283304,509.196736391394,0,0
"FR814",NA,NA,"FR","Loz├¿re","France","FR","FR","FRA",12138.9433295501,1108.44398591041,86.5357809203899,605.816661445072,141.768289965259,129.028921379027,387.976498478002,189.281273280909,144.66278065022,103.970041974366,70.5885872118734,215.682592653677,5853.34778270652,154.060178562122,24.337939421789,1977.41683524354,346.106436221786,305.59844829527,270.37182913217,23.9484660977086,0,0
"FR815",NA,NA,"FR","Pyr├®n├®es-Orientales","France","FR","FR","FRA",68830.2928854582,1477.19210588817,306.885486986373,2148.43315903125,965.050404929773,878.330498696118,2373.50775601905,1288.48256172186,859.12329742236,707.748757726534,480.513270555302,1468.20261024338,34761.8608285821,1048.72420864611,165.674131358355,13460.7458271125,2356.02867542866,2080.28118520391,1840.48522592425,163.022893982175,0,0
"FR821",NA,NA,"FR","Alpes-de-Haute-Provence","France","FR","FR","FRA",25817.3003704401,1241.03269247904,233.614687536795,1635.48151484617,315.573482542588,287.215893471463,848.711225989483,421.336468148056,315.011901422856,231.435310632511,157.128835366998,480.105296496237,12746.0166770741,342.934989777303,54.1757843247358,4401.69178374844,770.426259889842,680.256259081506,601.84248340413,53.3088242078606,0,0
"FR822",NA,NA,"FR","Hautes-Alpes","France","FR","FR","FRA",23453.9932697979,943.186307274868,90.9871297495923,636.979508280831,321.797396403215,292.88052335724,798.415149678814,429.646297804737,289.746780299384,235.999805171402,160.227816715068,489.574197321959,11723.7389353967,349.698542338729,55.2442689523172,4488.50437104936,785.621030498847,693.672647320351,613.712352013473,54.3602101709897,0,0
"FR823",NA,NA,"FR","Alpes-Maritimes","France","FR","FR","FRA",222541.755420208,467.850317196963,1371.67557044125,9602.778247705,3126.77012197617,2845.79701382883,7730.7386151703,4174.69259232361,2802.61002463009,2293.11096935513,1556.86638740357,4756.98681775124,113399.252383544,3397.87383647219,536.785354702127,43612.9114673481,7633.54953401164,6740.12571983542,5963.18511961794,528.195326894501,0,0
"FR824",NA,NA,"FR","Bouches-du-Rh├┤ne","France","FR","FR","FRA",447825.147271042,5041.60385743507,3673.56273247905,25717.7491961029,5962.90400175917,5427.07450179593,15271.2537252463,7961.34355702102,5592.81818378262,4373.0751037763,2969.02057058989,9071.80720850598,226296.700284495,6479.91208390063,1023.67600264009,83171.9615360329,14557.5534140056,12853.7503747686,11372.0865384653,1007.29439823965,0,0
"FR825",NA,NA,"FR","Var","France","FR","FR","FRA",171435.76830431,4868.16323896144,896.547803992159,6276.52043655925,2341.8155894384,2131.37888344336,5853.01791375875,3126.66419737874,2128.63063522842,1717.44093964737,1166.02559013519,3562.7773881638,86128.6873715049,2544.8605464371,402.029014857411,32664.1844429814,5717.19845212049,5048.0626556293,4466.1677485272,395.595455545768,0,0
"FR826",NA,NA,"FR","Vaucluse","France","FR","FR","FRA",108067.987716144,6346.4977198718,805.865713091051,5641.67643355536,1337.07582656355,1216.92553211824,3550.25401657237,1785.19057390825,1313.23153534209,980.584796817314,665.750384767972,2034.19242002886,53135.9957345271,1453.00575073562,229.541249860716,18649.842289075,3264.2740446655,2882.22632826471,2549.98940175538,225.867964622904,0,0
"FR831",NA,NA,"FR","Corse-du-Sud","France","FR","FR","FRA",28258.1762844966,219.767885176376,112.681013448598,788.853288774009,408.791825102916,372.057589708663,988.135319317226,545.796504854986,355.810080326116,299.799787562812,203.543665546431,621.925260687222,14396.7932551855,444.235742601707,70.1789566476072,5701.92274497019,998.005137662601,881.199508422202,779.622816318362,69.0559021830387,0,0
"FR832",NA,NA,"FR","Haute-Corse","France","FR","FR","FRA",26174.555650544,743.087614989127,141.181846940502,988.380924750993,356.460052551349,324.428376096536,892.854427301317,475.925982017792,324.919067886911,261.420707233122,177.486880269459,542.309061713174,13146.880607621,387.366592062172,61.1949482314304,4971.9871007795,870.244809147455,768.392134557292,679.818854022117,60.2156623727728,0,0
"HR041",NA,NA,"HR","Grad Zagreb","Croatia","HR","HR","HRV",125359.346679824,119.049204260841,204.948170642381,12821.3833840786,4043.5170120209,5385.62677449925,8165.28095244803,6209.79912903069,7685.43920516403,7018.77501975148,1338.80846171948,1208.43328254385,50877.9239075418,1527.29701457106,180.942722545593,15683.7462829926,795.561081287923,884.172185783897,899.211444796519,309.431444144723,0,0
"HR042",NA,NA,"HR","Zagreba─ìka ┼¥upanija","Croatia","HR","HR","HRV",22377.0353440054,428.241119529519,65.8088340823335,4116.94473380354,568.461404127734,757.143088365455,1234.95142407146,873.010085464115,1330.24152203683,986.740674299893,188.217567959923,169.888658449402,8806.25363497329,214.716397344706,25.4379921783871,2204.91329887028,111.844656024406,124.302126274522,126.416433762271,43.5016923873084,0,0
"HR043",NA,NA,"HR","Krapinsko-zagorska ┼¥upanija","Croatia","HR","HR","HRV",7879.65259931636,98.8972560516537,35.3443772904378,2211.11420654231,155.160333419787,206.660598563475,367.033272294105,238.286249437282,449.062221040911,269.328772211304,51.3735855909768,46.3707486521396,2972.81038883498,58.6063848148502,6.94324596053242,601.826403921631,30.5277614169717,33.9280014746781,34.5050972148092,11.8736945835343,0,0
"HR044",NA,NA,"HR","Vara┼¥dinska ┼¥upanija","Croatia","HR","HR","HRV",14216.2659038109,187.936347332683,64.692192323911,4047.08857435341,275.371488826135,366.771812446152,655.527323128434,422.899576380855,808.838317922875,477.992431138228,91.1754985228724,82.2966915118385,5354.54296029472,104.011940974114,12.3225565149117,1068.0940754001,54.1792797594524,60.2138708589935,61.2380740793178,21.0728920418632,0,0
"HR045",NA,NA,"HR","Koprivni─ìko-kri┼¥eva─ìka ┼¥upanija","Croatia","HR","HR","HRV",7365.93564635858,435.868307054938,25.1069217182064,1570.66768605061,148.040997402046,197.178237895816,352.550525913972,227.352785704889,435.225520911332,256.970961510871,49.0163734724079,44.243085390708,2881.21086439254,55.9173048348976,6.62466388509235,574.212359149798,29.1270336239421,32.3712579592132,32.9218743898594,11.3288850974429,0,0
"HR046",NA,NA,"HR","Me─æimurska ┼¥upanija","Croatia","HR","HR","HRV",8895.99566371927,269.725258294429,42.9092360550057,2684.36534200219,149.514953775383,199.141424617941,378.430189206888,229.616402495957,503.760973578482,259.529468904961,49.5044004199791,44.6835875410051,3334.91838229539,56.4740402614862,6.69062173275619,579.92945090999,29.4170342156688,32.6935593677368,33.2496579594834,11.4416800845425,0,0
"HR047",NA,NA,"HR","Bjelovarsko-bilogorska ┼¥upanija","Croatia","HR","HR","HRV",6584.39832980902,581.078765453956,15.7930052667827,987.996988104473,143.04949265116,190.529970669168,333.890233166676,219.687121936824,401.111049167799,248.306660420425,47.3636862752643,42.7513393555078,2655.37165713588,54.0319386347353,6.40129980462983,554.851616051522,28.1449561638836,31.2797948460814,31.8118461185775,10.946908585676,0,0
"HR048",NA,NA,"HR","Viroviti─ìko-podravska ┼¥upanija","Croatia","HR","HR","HRV",3957.32235635101,216.417014638635,10.4468537312685,653.54629136801,93.3981060940824,124.398472758351,209.808917004019,143.435399468316,238.380946757754,162.121314686299,30.9241124435969,27.9126759192841,1578.09168043376,35.2778653286264,4.17945752349369,362.266857029869,18.376056797475,20.4228169110654,20.7701972496819,7.14732020742259,0,0
"HR049",NA,NA,"HR","Po┼¥e┼íko-slavonska ┼¥upanija","Croatia","HR","HR","HRV",3718.77715672081,167.876582640817,9.38368441366003,587.035322372667,92.548678691182,123.267106437781,203.771046426623,142.130898082264,224.360341120122,160.646870577657,30.6428670348998,27.6588186109759,1485.27469395759,34.9570238600019,4.14144662693292,358.972150012857,18.2089321430917,20.2370775952039,20.5812986151662,7.08231750131447,0,0
"HR04A",NA,NA,"HR","Brodsko-posavska ┼¥upanija","Croatia","HR","HR","HRV",7814.92055853744,296.610127918056,25.1085475295058,1570.76939542384,177.38348877944,236.259984484938,401.914389179985,272.415283737479,462.614305503271,307.903935178267,58.7316722153585,53.0122937476372,3062.52574584426,67.0004038666421,7.93770653096532,688.024218653747,34.9001623380004,38.7874087161824,39.4471601712612,13.5743287186071,0,0
"HR04B",NA,NA,"HR","Osje─ìko-baranjska ┼¥upanija","Croatia","HR","HR","HRV",18780.6347223437,879.8135150696,45.0773346013248,2819.99974454256,474.058822959625,631.406738744731,1039.48885640058,728.032071380532,1136.94807566967,822.875782293013,156.960873824522,141.675788143071,7526.64306314204,179.059126716879,21.2135855538798,1838.75034540709,93.270968977412,103.659666681325,105.422857835094,36.2775044007126,0,0
"HR04C",NA,NA,"HR","Vukovarsko-srijemska ┼¥upanija","Croatia","HR","HR","HRV",8782.48889569289,474.585738210209,18.4860730786979,1156.47302176538,226.846309213282,302.14032807662,494.706723732299,348.377417280219,536.277218882997,393.761966054708,75.1088118045999,67.7946028817519,3550.17726473512,85.6832529201483,10.1511106955765,879.877578938704,44.6319613612054,49.6031540012922,50.4468750466529,17.3594870134315,0,0
"HR04D",NA,NA,"HR","Karlova─ìka ┼¥upanija","Croatia","HR","HR","HRV",7468.74794619173,152.102370075716,24.4379607267976,1528.81805493187,178.910755781259,238.294176509443,396.191028975029,274.76077190273,440.239135357018,310.554979664783,59.2373503117435,53.4687281513608,2914.40119840728,67.5772755170878,8.00604996776587,693.948088416553,35.200651784136,39.1213672476437,39.7867991447618,13.691203318754,0,0
"HR04E",NA,NA,"HR","Sisa─ìko-moslava─ìka ┼¥upanija","Croatia","HR","HR","HRV",9780.1995957048,313.592571164508,32.8138730933938,2052.80801447614,221.243978240912,294.678491364989,501.037432118438,339.773681994986,576.267909479029,384.037387039867,73.2538800486894,66.1203071667316,3814.91728268853,83.5671684957963,9.90041284622194,858.147600481141,43.529703976641,48.3781250953672,49.2010091054644,16.9307668279585,0,0
"HR031",NA,NA,"HR","Primorsko-goranska ┼¥upanija","Croatia","HR","HR","HRV",27622.8912537066,133.706713803341,70.97832781769,4440.34386869141,776.990601053998,1034.88655349549,1630.89468747414,1193.25714306287,1654.40563089541,1348.70762384499,257.261583981242,232.209064471855,10952.2333797589,293.481002259082,34.7694332258495,3013.74358385854,152.872729578583,169.89998459883,172.789885362171,59.4594564722391,0,0
"HR032",NA,NA,"HR","Li─ìko-senjska ┼¥upanija","Croatia","HR","HR","HRV",3046.39576194227,177.253977127436,4.34383706635753,271.746755343931,86.0119204429592,114.56069067759,182.699393248145,132.092123531342,189.343856646623,149.300303871894,28.4785464127983,25.7052627823218,1253.46412529741,32.4879922402998,3.84893423474079,333.617772233908,16.922826397867,18.8077229489665,19.1276314706493,6.58208996702704,0,0
"HR033",NA,NA,"HR","Zadarska ┼¥upanija","Croatia","HR","HR","HRV",12305.462977217,306.758802057916,17.9963303942848,1125.83513562701,380.426438223153,506.696226411575,781.220222905196,584.236880348304,760.396731361624,660.347804526535,125.959191723645,113.693096416258,5033.85766317236,143.692770831632,17.0236443313533,1475.57478271929,74.8488179086609,83.1856214314869,84.6005608821381,29.1122559445819,0,0
"HR034",NA,NA,"HR","┼áibensko-kninska ┼¥upanija","Croatia","HR","HR","HRV",7061.39821985762,48.4490718425165,13.1764999792503,824.310640903751,217.588799232586,289.810098361001,445.37988193586,334.160269870126,430.763622989799,377.692692794711,72.0436502979802,65.0279314071674,2851.67291647898,82.1865525689824,9.73684780143746,843.970115876754,42.8105483120253,47.5788685067055,48.3881576231297,16.651053074859,0,0
"HR035",NA,NA,"HR","Splitsko-dalmatinska ┼¥upanija","Croatia","HR","HR","HRV",30334.0343183825,184.925760971402,45.2328043780437,2829.72580165106,982.858709188788,1309.08567072193,1984.66139237533,1509.41745469012,1867.88489612249,1706.05543033234,325.4245135175,293.73418553474,12365.4749033875,371.240474029553,43.9817936191603,3812.25220052738,193.377234499303,214.915958220704,218.5715547364,75.2135798786972,0,0
"HR036",NA,NA,"HR","Istarska ┼¥upanija","Croatia","HR","HR","HRV",20057.9925335321,119.498790298163,47.9977193206667,3002.69653075113,576.680201036921,768.089839067059,1203.17367578002,885.632037526298,1207.0248316424,1001.00693959991,190.93881157395,172.344903272412,7990.5540723752,217.820760191567,25.8057738606149,2236.79186524998,113.461702505605,126.099282464568,128.24415854276,44.1306384729021,0,0
"HR037",NA,NA,"HR","Dubrova─ìko-neretvanska ┼¥upanija","Croatia","HR","HR","HRV",10143.373671573,92.8016994123302,6.71711742895622,420.217157940883,360.170017134286,479.716366193994,711.059369537485,553.128242580496,637.928799107116,625.186517482252,119.252290806126,107.63932358527,4223.11491028295,136.041616808303,16.1171928511312,1397.00541649311,70.8633715221182,78.7562684555856,80.0958671663515,27.5621267842253,0,0
"HU101",NA,NA,"HU","Budapest","Hungary","HU","HU","HUN",387048.6162524,830.293860288991,806.212485949287,35941.1177183263,10807.1951469758,14295.1623488731,12241.9374658435,12838.1302194554,15606.5315389916,3941.32432130251,11797.7673500691,3364.80081685666,126144.367316485,4787.76564828436,2885.23808361307,94505.3051855932,12882.6797629808,7376.88029552297,7961.26548412035,8034.64120286801,0,0
"HU102",NA,NA,"HU","Pest","Hungary","HU","HU","HUN",117374.271059091,3195.79556799639,496.930717091862,22153.2731285116,2610.17613783023,3452.59719492335,3275.40500828762,3100.69177963877,4518.49743648721,951.916806812965,2849.42118635104,812.673656880217,36522.0804457918,1156.35106785059,696.848673072523,22825.1168910212,3111.45147758812,1781.67939573038,1922.82131588949,1940.54317133547,0,0
"HU211",NA,NA,"HU","Fej├®r","Hungary","HU","HU","HUN",49335.1953028039,2509.63506431324,343.409194249892,15309.2522023621,758.61890897632,1003.45929885204,1156.4828732313,901.181870774732,1794.0169408455,276.664121993304,828.152843892191,236.194636063432,14500.6679666527,336.080685426706,202.53138185813,6633.86850494981,904.309058323858,517.825467693584,558.846810249772,563.997472095392,0,0
"HU212",NA,NA,"HU","Kom├írom-Esztergom","Hungary","HU","HU","HUN",34917.793397691,1919.388279937,263.981964595663,11768.3700394148,485.890063237743,642.708606925773,785.461904792409,577.200635257445,1254.23082092327,177.201419764686,530.426058364772,151.280999320384,10137.6883761082,215.257309780639,129.719922314441,4248.94601128582,579.203576837232,331.663561594143,357.937442317231,361.236404919234,0,0
"HU213",NA,NA,"HU","Veszpr├®m","Hungary","HU","HU","HUN",30032.7319031227,1669.55038389914,159.000487374156,7088.27428696665,563.346874630742,745.164209774659,767.842123357533,669.213467220175,1118.4192668311,205.449490650978,614.982451403394,175.397038561075,9039.95166744736,249.571954401155,150.398862504473,4926.27990781,671.535702154395,384.534784695814,414.99704295058,418.821900489295,0,0
"HU221",NA,NA,"HU","Gy┼ær-Moson-Sopron","Hungary","HU","HU","HUN",64569.8497582528,3057.14692843388,486.178742142558,21673.947883502,923.599938192405,1221.68711514054,1470.64251490333,1097.16685189248,2331.44823872847,336.831791232148,1008.25580061644,287.561183472126,18844.6140175832,409.17000171618,246.576996108108,8076.57239840754,1100.97412612848,630.439822020277,680.382301704299,686.653106328301,0,0
"HU222",NA,NA,"HU","Vas","Hungary","HU","HU","HUN",26255.2101050112,1846.12802592438,171.599451661749,7649.93869490022,406.067306616032,537.123462073341,614.628787172122,482.377239357891,949.934595396672,148.090501733878,443.286860908191,126.428327278125,7678.12490744479,179.894512412098,108.409336708112,3550.92271544471,484.051134656745,277.1773686043,299.134936348086,301.891940369727,0,0
"HU223",NA,NA,"HU","Zala","Hungary","HU","HU","HUN",22197.8820637841,1861.96616198368,90.3659008333331,4028.53036411262,448.132829397147,592.76541812838,584.84081360561,532.347897967173,828.649417050758,163.431565328154,489.208049938399,139.525352314728,6697.80189018192,198.530232616049,119.639729671741,3918.77163592369,534.195196245484,305.890861967257,330.123068794503,333.165677723485,0,0
"HU231",NA,NA,"HU","Baranya","Hungary","HU","HU","HUN",28432.5377389143,2774.58173826349,98.1799890613348,4376.88401747152,595.240420527227,787.351235202722,760.82332679925,707.100586848421,1063.0531094058,217.080890512355,649.799314552274,185.327036846983,8592.43846557347,263.701321121058,158.913604025334,5205.1782942467,709.554293722563,406.30499121827,438.491851979078,442.533251536489,0,0
"HU232",NA,NA,"HU","Somogy","Hungary","HU","HU","HUN",22881.8927338177,2885.52440579823,70.6528103793317,3149.7167548629,469.3572907258,620.839966272851,603.1850094861,557.56095229527,845.905294554592,171.172009032881,512.377915336457,146.133550264774,6837.27757988104,207.933018951512,125.306105016757,4104.37244797394,559.495742290987,320.378461055559,345.758353352323,348.945066286446,0,0
"HU233",NA,NA,"HU","Tolna","Hungary","HU","HU","HUN",19593.9802444978,2033.53989034559,114.195695603136,5090.86749477189,305.062002295576,403.519210116967,456.995372253784,362.390579351608,702.480789995095,111.254425667446,333.023553427421,94.9805070192823,5678.00696679598,135.14749713725,81.4435655983098,2667.66512822148,363.648109428966,208.232186339003,224.728022059641,226.799248069408,0,0
"HU311",NA,NA,"HU","Borsod-Aba├║j-Zempl├®n","Hungary","HU","HU","HUN",52896.8681337443,2399.85133611101,348.902018134873,15554.1234159649,867.180895915725,1147.05911426292,1275.4546134652,1030.14529803374,1941.38081196733,316.256078432893,946.665468819737,269.995215896167,15691.7796650802,384.175435702723,231.514589331526,7583.20675300892,1033.72000104794,591.928763822203,638.820456302612,644.70820244365,0,0
"HU312",NA,NA,"HU","Heves","Hungary","HU","HU","HUN",26248.9640723936,1276.83946948831,179.433027464394,7999.16110832735,413.146525506911,546.487462812851,621.621760565387,490.786815824043,957.745652381739,150.67225372512,451.014950977719,128.63242937703,7741.26006588743,183.030723108905,110.299302760211,3612.82811575066,492.489893160032,282.009570635779,304.349938043161,307.155006596554,0,0
"HU313",NA,NA,"HU","N├│gr├íd","Hungary","HU","HU","HUN",9703.75802486338,521.473200657835,41.0661982708454,1830.73952837468,204.93133906312,271.071885205946,262.724563887569,243.442926787155,367.838583471999,74.7373263702553,223.715055398198,63.8050046937552,2973.16320866932,90.7879622862077,54.7113007537574,1792.05598463465,244.287697098521,139.884025087945,150.965423878215,152.356810273406,0,0
"HU321",NA,NA,"HU","Hajd├║-Bihar","Hungary","HU","HU","HUN",44238.0360936811,5236.37947998903,141.03398325123,6287.32385401898,912.376914334511,1206.84191748176,1170.8527314261,1083.83474862385,1640.41763631601,332.738816478929,996.004090284668,284.066915132278,13259.1565493517,404.198017092423,243.580742648472,7978.43081029231,1087.59575918246,622.779101321932,672.11471041422,678.309316040158,0,0
"HU322",NA,NA,"HU","J├ísz-Nagykun-Szolnok","Hungary","HU","HU","HUN",30126.7340993187,2652.16384936171,194.41961694653,8667.26633636714,448.669259372649,593.474978146897,691.866652163321,532.985136194619,1079.57839222078,163.627198374506,489.793648325816,139.692368825044,8726.00890947465,198.767879940308,119.782942427082,3923.46253655573,534.834645750714,306.257023553348,330.518237142121,333.564488175689,0,0
"HU323",NA,NA,"HU","Szabolcs-Szatm├ír-Bereg","Hungary","HU","HU","HUN",37600.8329656001,4173.59840711733,163.348996038445,7282.13169370022,693.810752774092,917.734640247981,944.576140076509,824.19468424837,1374.87246070536,253.028945725566,757.404463867353,216.016732919965,11112.8098042303,307.369603617426,185.229301358942,6067.14286549275,827.054718874257,473.588086580764,511.105011379169,515.815656645336,0,0
"HU331",NA,NA,"HU","B├ícs-Kiskun","Hungary","HU","HU","HUN",47795.9535424119,4725.9304475292,236.131511859766,10526.7911532842,845.246860909768,1118.04598115004,1180.024087231,1004.08932385959,1743.78494146527,308.256857131011,922.72099122594,263.166093454933,14094.6531026178,374.458296528163,225.658776397103,7391.40095659286,1007.57361014365,576.956817037099,622.662454763306,628.401279231171,0,0
"HU332",NA,NA,"HU","B├®k├®s","Hungary","HU","HU","HUN",23706.6061669059,4192.83070597525,75.961459865891,3386.37743606917,429.366961239315,567.942961581101,583.325607726787,510.055466321873,847.956804440911,156.587756960216,468.722128879582,133.68263293678,6853.85951008165,190.216643594624,114.629734317286,3754.67039844166,511.825407723684,293.081473299872,316.298939923627,319.21413752661,0,0
"HU333",NA,NA,"HU","Csongr├íd","Hungary","HU","HU","HUN",34810.6876653146,3093.8317024275,112.38842097265,5010.29882165447,758.404625708601,1003.17585675083,951.691448462708,900.927318464218,1312.88050159442,276.585974070256,827.918919723599,236.127919352532,10611.7416174125,335.985754405823,202.474173837335,6631.99466947848,904.053622692406,517.679200138145,558.68895560202,563.838162566094,0,0
"IE011",NA,NA,"IE","Border","Ireland","IE","IE","IRL",71980.3017703089,3918.84386448403,154.247975064298,5447.37276566684,3652.66505084384,3337.60327983006,1650.92163378122,2450.88809864078,1105.71409133265,1267.04233137158,3326.98409105798,4056.58178581666,19936.639020926,703.605227837247,298.551645404649,15267.1120990738,2654.69384324933,2125.74972514254,563.643803072472,61.4414377128736,0,0
"IE012",NA,NA,"IE","Midland","Ireland","IE","IE","IRL",30631.213965553,1892.35674816332,42.0513097423378,1485.07077227785,1657.02907183616,1514.10150888499,695.593775803394,1111.84375647222,445.39250920783,574.79291123196,1509.28412095872,1840.265630112,8030.67424780569,319.190043815509,135.437755445366,6925.91525338535,1204.30009701338,964.344949503421,255.696636524505,27.8728673690247,0,0
"IE013",NA,NA,"IE","West","Ireland","IE","IE","IRL",66073.3189394931,1743.12795549449,217.259553575552,7672.66976914971,3112.36975148636,2843.9113211886,1559.63204071811,2088.3573709353,1103.2921293713,1079.62382838871,2834.86290271621,3456.53988768818,19892.9697019543,599.529274550486,254.390451212943,13008.8297799798,2262.01655563176,1811.31285011628,480.27067877199,52.3531365629059,0,0
"IE021",NA,NA,"IE","Dublin","Ireland","IE","IE","IRL",695055.199495295,532.450931170798,537.281429195606,18974.4612444907,43043.6781276076,39330.9321536239,16556.1278389643,28881.7170411796,9975.45132911783,14931.0603426427,39205.7936760688,47803.5073724236,179862.926391527,8291.41367586711,3518.18761106949,179910.462630244,31283.4014960577,25050.2265264502,6642.08245222683,724.037225367655,0,0
"IE022",NA,NA,"IE","Mid-East","Ireland","IE","IE","IRL",111117.211670412,2779.97918008479,317.418428963931,11209.8489755739,5490.40514655577,5016.82852647739,2620.47517528344,3683.98647100174,1808.43131520526,1904.52057339871,5000.86657872831,6097.54171385816,32607.0207551862,1057.60525815766,448.759869198435,22948.3485824779,3990.3315898453,3195.26347714687,847.226010087742,92.354043180777,0,0
"IE023",NA,NA,"IE","Mid-West","Ireland","IE","IE","IRL",112876.529499815,3345.21240911403,536.687516385184,18953.4868072748,4444.62337371053,4061.25098885772,2675.68429088817,2982.28125983004,2048.11923264598,1541.75810897136,4048.32938395576,4936.1159514048,36928.7269947567,856.15850289582,363.282590370197,18577.2750416647,3230.27546777813,2586.64749806297,685.851121499424,74.7629597490548,0,0
"IE024",NA,NA,"IE","South-East (IE)","Ireland","IE","IE","IRL",131287.651372625,5619.73897896661,572.87102714818,20231.3322442369,5295.99958622701,4839.19147880432,3073.03603657294,3553.54300917671,2319.06677875162,1837.08485975898,4823.79471546574,5881.63851876258,41814.0616962466,1020.15732174303,432.870073910866,22135.7880435539,3849.04098780146,3082.12483435245,817.227231706235,89.0839494383418,0,0
"IE025",NA,NA,"IE","South-West (IE)","Ireland","IE","IE","IRL",328641.197525144,6400.43004631648,2093.00757744734,73915.994495022,10498.484418815,9592.93434841142,7913.62089519675,7044.33890260349,6516.94859632017,3641.73117127467,9562.41269194629,11659.4212935584,117504.201765371,2022.30109211346,858.096692103811,43880.7107307584,7630.11706853294,6109.82667643003,1620.02417466418,176.594888258145,0,0
"IS001",NA,NA,"IS","H├Âfu├░borgarsv├ª├░i","Iceland","IS","IS","ISL",52495.3924754608,1847.96546755163,214.237094335066,7565.92955330508,1421.2274075099,1298.63899116443,1351.92872041869,953.624077226405,4803.45937240264,492.997650415418,1294.5071362261,1578.3886927919,21238.9702559819,273.76806248318,116.164437499748,5940.33064808859,1032.92352188223,827.114922618285,219.310013332497,23.9064502271226,0,0
"IS002",NA,NA,"IS","Landsbygg├░","Iceland","IS","IS","ISL",29354.8780287085,1033.36308851489,119.79915716166,4230.78919383051,794.73559928165,726.185430593302,755.984493495311,533.256675532173,2686.04457160025,275.679163712309,723.874940243055,882.618557056371,11876.6114875922,153.088256004682,64.9579464649714,3321.77117651522,577.600101037642,462.51407074505,122.635880755807,13.3682385715017,0,0
"ITC11",NA,NA,"IT","Torino","Italy","IT","IT","ITA",410769.989751842,4372.03779101994,10215.9555123355,51885.4874650471,16465.1117182681,2356.92517633352,12981.0713563632,11217.235236141,18012.5202587185,7420.4197783054,4709.622088041,8849.55475786576,187188.499411914,3845.80978178834,2489.16461411354,57100.1288092572,2858.44536747857,5576.77638511162,1883.71958695272,1341.50465678684,0,0
"ITC12",NA,NA,"IT","Vercelli","Italy","IT","IT","ITA",27747.9439775521,1100.77131037771,995.138479605387,5054.17677741503,873.491151169878,125.037310449138,795.519211944829,595.08589355571,1150.95555351842,393.660919234717,249.850307100786,469.478003250508,11960.8827559064,204.024173716814,132.052748954081,3029.22070004593,151.643473625802,295.853736543036,99.9332660866791,71.1682050511921,0,0
"ITC13",NA,NA,"IT","Biella","Italy","IT","IT","ITA",26911.4281237421,377.452465343211,825.855934995199,4194.41311303557,979.952689895451,140.276920433388,819.424275373398,667.615260129112,1157.67094772752,441.64050911576,280.302187591368,526.698217281203,12030.6700231465,228.89074213255,148.147404094851,3398.42363522658,170.125856095586,331.912538040793,112.113182578347,79.8422215056684,0,0
"ITC14",NA,NA,"IT","Verbano-Cusio-Ossola","Italy","IT","IT","ITA",21624.7448463216,228.003370585888,494.948740301403,2513.77921817891,892.153893699252,127.70881905956,691.117175615309,607.800315218045,953.59224254019,402.07175702021,255.188531702216,479.508725469198,9909.85705320943,208.383291286288,134.874147259863,3093.94209523567,154.88344131265,302.174856229321,102.068409427968,72.6887629702611,0,0
"ITC15",NA,NA,"IT","Novara","Italy","IT","IT","ITA",64445.2356570536,903.274199955131,2241.51224013093,11384.3443325131,2191.66265755131,313.729113048256,1915.13645776147,1493.12048461491,2739.95601548217,987.728307571893,626.895403939841,1177.95973878822,28473.9862954215,511.913786618244,331.331437441627,7600.56914243532,380.486210950063,742.321871961688,250.740957405208,178.567003462771,0,0
"ITC16",NA,NA,"IT","Cuneo","Italy","IT","IT","ITA",115041.619657783,8261.46948142585,3553.07237784197,18045.584879488,3685.33154061334,527.542772854094,3277.44677246972,2510.71669124261,4711.69661931656,1660.88803535045,1054.13914721087,1980.76659469992,48964.5761495898,860.794893501927,557.141489176375,12780.5331220659,639.796379771966,1248.2314276797,421.626729672639,300.264553811133,0,0
"ITC17",NA,NA,"IT","Asti","Italy","IT","IT","ITA",32409.1273898022,2145.68969093716,850.251185927561,4318.31336739057,1140.22028282785,163.218685493728,956.30956543014,776.801235992139,1352.2537106565,513.869160628493,326.144560761187,612.837738459977,14052.7999017495,266.32496591126,172.376357286458,3954.22309513771,197.949302812093,386.195590768121,130.448873773541,92.9001178582508,0,0
"ITC18",NA,NA,"IT","Alessandria","Italy","IT","IT","ITA",69137.6510571915,2296.98204426112,1944.72492949099,9877.00081800779,2523.68922232237,361.257595278486,2092.60880517211,1719.32120195062,2949.06617613793,1137.36449166267,721.867103495772,1356.4150882741,30647.0868178755,589.466312981817,381.526588869409,8752.01955108868,438.128078930629,854.78013749478,288.727030876787,205.619063019898,0,0
"ITC20",NA,NA,"IT","Valle d'Aosta/Vall├®e d'Aoste","Italy","IT","IT","ITA",26548.6569823783,556.932243435868,431.499888697271,2191.53088902333,1178.4097694971,168.685381629299,870.754208709731,802.818700242999,1182.56327423691,531.080220416774,337.068145916634,633.363560527698,12289.3543815392,275.245008720998,178.14977203607,4086.66219699659,204.579234216384,399.130469745002,134.818008054891,96.0116287355355,0,0
"ITC31",NA,NA,"IT","Imperia","Italy","IT","IT","ITA",29159.8619803048,2615.45928446868,250.983115751909,1274.71006413056,1277.55250047286,182.877328983532,929.533951912937,870.361961068533,1255.58320166058,575.761404146095,365.426580627653,686.6501122151,13048.1871514836,298.402099368415,193.137983589936,4430.48389745529,221.791026333312,432.710371923719,146.160603686101,104.089341026001,0,0
"ITC32",NA,NA,"IT","Savona","Italy","IT","IT","ITA",42275.8088688483,1121.72918360022,945.903569878685,4804.11917992619,1707.02709658857,244.355168035039,1332.48546426188,1162.95138621233,1843.07969636555,769.315012638215,488.27196903002,917.48115791164,19153.5286402935,398.715879865806,258.065145069552,5919.87887868107,296.35047607908,578.17454043987,195.295387746155,139.081036224864,0,0
"ITC33",NA,NA,"IT","Genova","Italy","IT","IT","ITA",163594.450085421,584.746663062401,3070.92053220084,15596.7993974981,7229.28599751226,1034.84789329108,5386.78968952103,4925.11699956843,7336.86366541046,3258.06090580289,2067.83929542815,3885.54680890962,76245.6602514146,1688.56788100206,1092.90985680641,25070.7780621321,1255.04882222204,2448.57806749125,827.078969533365,589.010326613606,0,0
"ITC34",NA,NA,"IT","La Spezia","Italy","IT","IT","ITA",36452.5034963556,318.403379628949,688.99779633239,3499.32871985231,1594.18928001962,228.202815396049,1193.18739526517,1086.0780340211,1627.60601708935,718.461791589008,455.996240667376,856.833866015227,16914.2975883839,372.359983462443,241.006536239973,5528.56335219768,276.761132285559,539.956076966521,182.385982158334,129.887508784601,0,0
"ITC41",NA,NA,"IT","Varese","Italy","IT","IT","ITA",151936.154489614,1277.16839256054,4968.07088517282,25232.1752308776,5416.02396650334,775.285552913344,4600.11005995078,3689.79062616625,6528.59577995164,2440.86842825533,1549.18026299834,2910.96723068735,67846.0331904183,1265.03836142629,818.784314208651,18782.4820999086,940.255303583986,1834.42147702424,619.629590353054,441.27373665325,0,0
"ITC42",NA,NA,"IT","Como","Italy","IT","IT","ITA",97792.2270348335,1492.84520092224,2981.87934077018,15144.5709577531,3563.32580237281,510.078063167537,2977.05763507526,2427.59748200671,4204.88457060666,1605.90305810901,1019.24105908871,1915.19179145485,43697.7181242136,832.297615767749,538.696891195895,12357.4237324543,618.615427996672,1206.90776516771,407.668452147602,290.324064563021,0,0
"ITC43",NA,NA,"IT","Lecco","Italy","IT","IT","ITA",61950.784755334,874.291819561487,2470.12288345064,12545.4275668732,1920.99366085772,274.983759619998,1784.4187910265,1308.72101870216,2595.00885441386,865.744466174038,549.47420527517,1032.48243207557,26967.6761742011,448.692747312686,290.412207725148,6661.90350564351,333.496396792869,650.645575148717,219.774602643894,156.514087835761,0,0
"ITC44",NA,NA,"IT","Sondrio","Italy","IT","IT","ITA",31524.201505523,888.207514759453,851.707184302643,4325.70819064995,1183.03285873824,169.347161252257,965.71225863569,805.968285889478,1354.56935483083,533.163732720171,338.390517946512,635.848346667629,14076.864383118,276.324838735509,178.848681970229,4102.69482378241,205.381831140771,400.696322157509,135.346920576395,96.3882976492878,0,0
"ITC46",NA,NA,"IT","Bergamo","Italy","IT","IT","ITA",219975.168041439,4596.81584068701,7954.17516350844,40398.2040879752,7191.11147295553,1029.38333893142,6432.46328667493,4899.10972860011,9261.93898809886,3240.85658906972,2056.91998998224,3865.02902857501,96251.2983150008,1679.65133294169,1087.13870400083,24938.390848081,1248.42148833315,2435.648256221,822.711547018379,585.900034783234,0,0
"ITC47",NA,NA,"IT","Brescia","Italy","IT","IT","ITA",254758.108835198,8734.84208391426,9085.44236284277,46143.7606362399,8150.86596050048,1166.76895486283,7358.59043839651,5552.9644998246,10621.7133868747,3673.39426652709,2331.44475549738,4380.87125527627,110382.254205107,1903.82431515233,1232.23258186277,28266.7681953951,1415.04081140739,2760.71961031981,932.513919318613,664.096595878239,0,0
"ITC48",NA,NA,"IT","Pavia","Italy","IT","IT","ITA",78193.3624471751,2952.72504258432,2056.1687244844,10443.0091195519,2912.29061406635,416.88457306227,2380.50106249637,1984.06481856681,3340.40064432982,1312.49755498557,833.021265660995,1565.27788581015,34713.8865114688,680.233205983059,440.274616205972,10099.6684406749,505.591687257918,986.400444831952,333.18564528953,237.280589863957,0,0
"ITC49",NA,NA,"IT","Lodi","Italy","IT","IT","ITA",36532.4899640519,1903.02750952657,974.711248336535,4950.42957034606,1313.75903353481,188.060172002251,1092.24021932129,895.028492665179,1540.4800029182,592.078795648434,375.782968774764,706.110150045798,16008.872494161,306.858977244305,198.611619143683,4556.04622202063,228.076704710371,444.973619329602,150.302874729957,107.039289592388,0,0
"ITC4A",NA,NA,"IT","Cremona","Italy","IT","IT","ITA",68766.8574044991,5032.01534525556,2181.35666053309,11078.8220964963,2162.22618649538,309.515381558226,1945.71650071637,1473.06621313433,2806.09348610272,974.462016048067,618.475500288342,1162.13842722076,29161.2956614924,505.038214179667,326.881287125581,7498.48503163523,375.375857266196,732.351662256789,247.373227015788,176.168649678322,0,0
"ITC4B",NA,NA,"IT","Mantova","Italy","IT","IT","ITA",78460.4847390917,6637.0863623485,2536.7092581977,12883.6109612811,2372.80160570595,339.658542172419,2181.60378421703,1616.52555022545,3164.20259780244,1069.36316414058,678.707745442943,1275.31705211262,32882.8130439563,554.223000828014,358.715682850909,8228.74934849661,411.933054195477,803.674107268541,271.464472097207,193.325405751978,0,0
"ITC4C",NA,NA,"IT","Milano","Italy","IT","IT","ITA",966367.200630298,2369.7255838742,16258.0517962356,82572.4957064555,43890.5033347086,6282.77743155247,32192.9070183442,29901.4126938366,43608.6031661231,19780.3673972829,12554.2837180411,23589.9652098837,453186.387627522,10251.6478442693,6635.28372389814,152209.923430669,7619.66320545544,14865.828226121,5021.36895439789,3576.0045616273,0,0
"ITC4D",NA,NA,"IT","Monza e della Brianza","Italy","IT","IT","ITA",152809.387302642,624.770349340135,4640.65725839156,23569.2847055878,5705.08550115335,816.663736079287,4712.168330552,3886.72043067475,6633.03730992264,2571.14133290161,1631.86239790789,3066.33003192725,68931.4034212773,1332.55540573898,862.484093211903,19784.9320768501,990.43817624071,1932.32737452821,652.700175234097,464.8251951229,0,0
"ITF11",NA,NA,"IT","L'Aquila","Italy","IT","IT","ITA",43975.8894125743,2885.19583286369,770.634552258109,3913.9510105579,1774.29578652579,253.984453982496,1366.98525372167,1208.77972506385,1882.78316597625,799.631352169459,507.513266227563,953.636269718679,19566.1323621007,414.428046913032,268.234699063148,6153.16310571635,308.028737266587,600.958621587834,202.991378577654,144.561792283544,0,0
"ITF12",NA,NA,"IT","Teramo","Italy","IT","IT","ITA",42391.0053897664,1640.79227856551,1156.04805730207,5871.41524977392,1551.58806706521,222.104595531364,1281.81793235822,1057.05497998835,1804.45169220387,699.262475568821,443.810740991426,833.936859712301,18752.1012980646,362.409479372371,234.566165010255,5380.82461900533,269.36529787507,525.526934762908,177.512116700068,126.416549914659,0,0
"ITF13",NA,NA,"IT","Pescara","Italy","IT","IT","ITA",44281.1419418042,1396.47829735029,793.772348849911,4031.4648205567,1887.46402264282,270.184105064701,1423.53810951259,1285.87818315542,1946.85845770182,850.633485159969,539.883506624416,1014.46115323633,20232.0112916017,440.861120486637,285.343260098394,6545.62450956027,327.675443940039,639.288999025962,215.938586385422,153.782240850735,0,0
"ITF14",NA,NA,"IT","Chieti","Italy","IT","IT","ITA",58651.6177358172,3000.4871784237,1766.21479535304,8970.37144633377,1994.86630093054,285.558378742484,1719.37387955483,1359.04845014572,2450.41957274618,899.037043160553,570.604472918776,1072.18698948269,25465.0851831754,465.947420506515,301.580134476377,6918.08987934167,346.321144624084,675.666431472874,228.226129813959,162.532904614081,0,0
"ITF21",NA,NA,"IT","Isernia","Italy","IT","IT","ITA",9765.30103223096,710.808647472737,156.07985256196,792.708936904773,397.673377188801,56.925601884252,303.908593792777,270.924114904618,417.465146179461,179.221583423771,113.749080667109,213.7387457428,4338.35316478184,92.8858661950438,60.1195130291841,1379.11005099948,69.0385611859339,134.693012524993,45.4965105999888,32.400672191433,0,0
"ITF22",NA,NA,"IT","Campobasso","Italy","IT","IT","ITA",27946.6764004285,2385.65918450187,498.73210873828,2532.99444629636,1081.54460463805,154.819460178387,848.724105060957,736.827083605131,1175.94159170164,487.425479565458,309.361178129966,581.301139378206,12220.540978442,252.619896610998,163.505878642992,3750.73897429259,187.762841682939,366.321985164446,123.735981314923,88.1194824833681,0,0
"ITF31",NA,NA,"IT","Caserta","Italy","IT","IT","ITA",89298.119255784,5643.16486864376,1283.65975010774,6519.53816685858,3784.12477530774,541.684690995122,2833.28055413764,2578.02184970544,3865.2987850545,1705.41170972526,1082.39761324663,2033.86530153497,40168.6976037033,883.870351164365,572.076864539923,13123.142788071,656.947497169917,1281.6929545542,432.929340577232,308.313790686611,0,0
"ITF32",NA,NA,"IT","Benevento","Italy","IT","IT","ITA",27225.7581174628,2546.33657756495,367.735735730008,1867.68118592826,1106.69553867,158.419731506181,840.552318223492,753.961734634072,1152.26229624604,498.760385245234,316.555261989131,594.819090044782,11974.4625996367,258.494482206058,167.30814953404,3837.96107138314,192.129199597876,374.840672275282,126.61341742813,90.1686696193998,0,0
"ITF33",NA,NA,"IT","Napoli","Italy","IT","IT","ITA",333484.388465708,5363.44928845017,5073.15617909331,25765.8895460866,15126.7318503625,2165.340614981,11054.1733497942,10305.433235007,14954.5848717974,6817.24497982084,4326.79666323178,8130.2115714655,155410.029316964,3533.20003605373,2286.83086354832,52458.6988474834,2626.09433343751,5123.46362481232,1730.59992307825,1232.45937023995,0,0
"ITF34",NA,NA,"IT","Avellino","Italy","IT","IT","ITA",43329.6842698133,2128.49934554284,882.299228996292,4481.08114128251,1728.62082718586,247.446237695943,1348.69485492245,1177.66261076278,1865.21261868522,779.046774460017,494.448563050416,929.087207394762,19383.536904385,403.75959786647,261.329644637438,5994.76478408369,300.099281446973,585.488393447489,197.765855847283,140.840398119842,0,0
"ITF35",NA,NA,"IT","Salerno","Italy","IT","IT","ITA",117862.838366651,7961.59936026878,1760.71413227126,8942.43430574671,4917.66720350139,703.947464134257,3710.61823146284,3350.27364396974,5075.48794749548,2216.27132596364,1406.63206418141,2643.11387271436,52745.143879301,1148.63554881453,743.443676325684,17054.2074396884,853.737483059632,1665.62673849924,562.614222840207,400.669826412751,0,0
"ITF43",NA,NA,"IT","Taranto","Italy","IT","IT","ITA",59132.082795634,3938.88250290957,802.253050076135,4074.53718090878,2518.97539119668,360.582826260988,1877.97529021367,1716.10979631274,2558.28823521237,1135.24008422984,720.51877597946,1353.88153081151,26586.0706294426,588.365288089724,380.813960747854,8735.67223628949,437.309728653092,853.183550568739,288.187736873017,205.235000857755,0,0
"ITF44",NA,NA,"IT","Brindisi","Italy","IT","IT","ITA",41051.0435652536,2850.69281276722,715.010793535356,3631.44529364446,1647.24340957686,235.797334996129,1271.60638777522,1122.22237738635,1752.54612734694,742.371979325571,471.171655489937,885.349033885404,18212.6917841742,384.752009335495,249.027159736863,5712.5522423684,285.971657756225,557.925649351454,188.455731621668,134.210125179838,0,0
"ITF45",NA,NA,"IT","Lecce","Italy","IT","IT","ITA",75413.3325729922,2770.18465063002,1047.12979506816,5318.23379523169,3364.67537824314,481.641925354936,2465.79992887553,2292.26232149582,3339.17064598133,1516.3762111976,962.419797181216,1808.4225307241,34701.1042055046,785.898189068041,508.665293792667,11668.5146621786,584.128484068373,1139.62434716639,384.94150675589,274.138904474071,0,0
"ITF46",NA,NA,"IT","Foggia","Italy","IT","IT","ITA",68351.0728754395,9734.73755417687,961.744765702727,4884.57451925957,2509.17324437835,359.179682024038,1992.0421482153,1709.43185883125,2770.24315860197,1130.82249840564,717.715004711114,1348.61314050249,28788.7343035091,586.075768725297,379.332090632424,8701.67891419666,435.608015257908,849.863537814792,287.066305310827,204.436365183228,0,0
"ITF47",NA,NA,"IT","Bari","Italy","IT","IT","ITA",153986.731051813,5480.38356071053,2469.91850582549,12544.3895599344,6688.28871835951,957.405958527386,4981.46411003095,4556.55018713462,6783.77553919157,3014.24677450972,1913.09435478855,3594.77532022262,70497.8950912701,1562.20538412461,1011.12290591044,23194.6283673319,1161.12834400889,2265.34087466727,765.185240012084,544.932255252134,0,0
"ITF48",NA,NA,"IT","Barletta-Andria-Trani","Italy","IT","IT","ITA",36480.2093527698,2934.23560398944,615.504538146243,3126.06617756947,1445.94459217019,206.982088623672,1120.22351184292,985.082938174264,1545.71376074656,651.651566880593,413.592856573977,777.156332990612,16063.2623996326,337.733988790511,218.595183220382,5014.45868553459,251.024936352775,489.745213623292,165.425792215995,117.809185691702,0,0
"ITF51",NA,NA,"IT","Potenza","Italy","IT","IT","ITA",51733.8384890552,2889.81506806006,1720.61319322678,8738.76693781265,1645.97729673433,235.616095215575,1479.38406918934,1121.3598089548,2132.86725506319,741.801373493129,470.809501068446,884.668532281693,22165.0393829169,384.4562792343,248.83575117924,5708.16143059425,285.751852725361,557.496813621585,188.310879791837,134.106967891669,0,0
"ITF52",NA,NA,"IT","Matera","Italy","IT","IT","ITA",22312.7681199087,2730.26686758944,358.642398366997,1821.49732762991,825.853957011228,118.218206870397,657.204398260142,562.631961750654,914.625414555013,372.192010686369,236.224333244018,443.87429248125,9504.90860887073,192.897399091348,124.851047559987,2864.01745277293,143.373361688973,279.718894339555,94.4832504876621,67.2869366520725,0,0
"ITF61",NA,NA,"IT","Cosenza","Italy","IT","IT","ITA",60877.0374698487,3912.51139681679,491.050769623872,2493.98194043196,2800.69202812227,400.909612105097,1998.02014896774,1908.0357206794,2679.88370013056,1262.20282461629,801.100002425761,1505.29664704839,27849.7068272874,654.166760713738,423.403351930923,9712.65049986936,486.217481575786,948.601712011069,320.418016024929,228.188029467376,0,0
"ITF62",NA,NA,"IT","Crotone","Italy","IT","IT","ITA",18413.7408293995,2860.58353528631,308.822311239434,1568.46769148443,629.173544905557,90.0640696306733,519.83559480801,428.638917143329,731.810384127823,283.552999608484,179.96656658033,338.163860234524,7605.07056710391,146.958114517716,95.1172728684054,2181.94027907047,109.228424048892,213.102724561127,71.9816877292189,51.2622844509111,0,0
"ITF63",NA,NA,"IT","Catanzaro","Italy","IT","IT","ITA",39335.3243332857,2687.35786019719,356.78524635469,1812.06509808086,1774.67827520466,254.03920594606,1278.64090093103,1209.04030425453,1721.12974550567,799.803730383843,507.622671931042,953.84184709743,17886.2085775295,414.517386039773,268.292522982051,6154.48955604386,308.0951396701,601.088171503338,203.035137856576,144.592955773513,0,0
"ITF64",NA,NA,"IT","Vibo Valentia","Italy","IT","IT","ITA",14714.0293339461,1692.75695413717,139.094248576721,706.441299815103,609.81484149575,87.2929365689326,454.394016479168,415.450356158738,618.889383368958,274.828509418411,174.429271800028,327.759077758843,6431.58055124051,142.436439098195,92.1906605060158,2114.80532868603,105.867633242914,206.54588110513,69.7669217795532,49.685022709966,0,0
"ITF65",NA,NA,"IT","Reggio di Calabria","Italy","IT","IT","ITA",53913.9641602137,4848.84548490089,342.783017918544,1740.94963099321,2432.39941637786,348.189767640579,1739.87096091806,1657.12792652904,2335.87232204862,1096.22242757108,695.754891574839,1307.34927260493,24274.6949622702,568.143455616116,367.725567748232,8435.43137558179,422.279603234556,823.860041554713,278.282862717515,198.181172412945,0,0
"ITG11",NA,NA,"IT","Trapani","Italy","IT","IT","ITA",39252.1369731891,2954.78497492441,397.551745013101,2019.11275530497,1726.36730578951,247.123653713195,1259.41737424589,1176.12734759269,1702.76904435197,778.031167944467,493.803973792491,927.876000247414,17695.40173608,403.233235532715,260.988961512237,5986.94969213607,299.708056175859,584.725119858973,197.508037833864,140.656791139269,0,0
"ITG12",NA,NA,"IT","Palermo","Italy","IT","IT","ITA",128750.316266508,4349.40585816104,1088.83113331944,5530.02937915919,6183.27466022385,885.11490041682,4347.38835665564,4212.49776984184,5799.95958511025,2786.64939348774,1768.64192691173,3323.34384514766,60273.9492193511,1444.24760540126,934.775830673384,21443.2665628421,1073.45477581877,2094.29129287576,707.408233133889,503.785937976914,0,0
"ITG13",NA,NA,"IT","Messina","Italy","IT","IT","ITA",62809.662588717,2361.47766322866,623.304711822382,3165.68222846259,2944.61360625918,421.511500311673,2096.37926997975,2006.08559881822,2809.70830298088,1327.06473039657,842.266819568415,1582.65062486246,29198.8613178999,687.782992566891,445.161145357147,10211.762852744,511.20315888821,997.348326792396,336.88361312263,239.91412465497,0,0
"ITG14",NA,NA,"IT","Agrigento","Italy","IT","IT","ITA",38549.7400503653,4331.01643797672,352.662220209492,1791.12479336669,1612.24775658553,230.787825373065,1196.04257908902,1098.38078562778,1626.55169549989,726.60030160756,461.161623178373,866.539811528873,16903.3409385983,376.577960662336,243.73658275419,5591.18918527163,279.896195658755,546.072530191196,184.451993406833,131.358833779059,0,0
"ITG15",NA,NA,"IT","Caltanissetta","Italy","IT","IT","ITA",23147.2272517085,2091.702724922,204.519903609421,1038.72955224462,1009.87150013448,144.559697149691,736.405056518617,687.998136247975,995.49101905047,455.124179013655,288.860057830009,542.778773188197,10345.2746954663,235.878976105422,152.670473541186,3502.18047257455,175.319946848906,342.04611728803,115.536095816346,82.2798741586203,0,0
"ITG16",NA,NA,"IT","Enna","Italy","IT","IT","ITA",14696.0571951517,1286.75488949837,141.876280354304,720.570871419919,637.135419225875,91.2037850700494,466.763170381911,434.063126750879,632.01136702353,287.141220003814,182.243952838182,342.443153565691,6567.94594566209,148.817795439801,96.3209340496513,2209.55163434289,110.610654741084,215.799432208821,72.8925797330308,51.9109828418007,0,0
"ITG17",NA,NA,"IT","Catania","Italy","IT","IT","ITA",115602.891899745,5782.86237074087,1449.0206050281,7359.38408776335,5136.23754451728,735.235070823776,3756.63865736253,3499.17970502602,5083.68445601471,2314.77558813793,1469.15114837912,2760.58955307184,52830.3230828825,1199.68773539369,776.486729288869,17812.1977187367,891.682647929173,1739.65708442825,587.620140780124,418.477973440565,0,0
"ITG18",NA,NA,"IT","Ragusa","Italy","IT","IT","ITA",34286.5713244112,4625.44820960047,345.455075676639,1754.52065909197,1358.20298560889,194.422173753078,1032.33300511301,925.30695501449,1415.50909049484,612.108588743047,388.495559004912,729.997579069386,14710.1581981789,317.239895913579,205.330572206809,4710.1754761457,235.79245004465,460.026902090677,155.387561944721,110.660386715419,0,0
"ITG19",NA,NA,"IT","Siracusa","Italy","IT","IT","ITA",41266.439049474,4549.13167714504,379.062149498392,1925.20654406963,1731.38370852899,247.841734836094,1282.95489251525,1179.54488708655,1744.05986964119,780.291936941419,495.238847818773,930.572181815457,18124.5014686189,404.404933062316,261.747331841144,6004.34630914571,300.578934759462,586.424188581642,198.081948066488,141.065505501521,0,0
"ITG25",NA,NA,"IT","Sassari","Italy","IT","IT","ITA",35634.237623319,1779.36748758725,305.822482369612,1553.2319572416,1666.25552001347,238.518854443432,1183.26019282735,1135.17481395356,1584.41642100494,750.940268610522,476.609812046943,895.5675319588,16465.4655779196,389.192729905185,251.901374825603,5778.48522681708,289.272277875506,564.365100861303,190.63084500271,135.759148054537,0,0
"ITG26",NA,NA,"IT","Nuoro","Italy","IT","IT","ITA",16099.3963186729,1094.01985016277,178.409021350901,906.115833196032,707.748419201517,101.311797713193,517.735479745171,482.169853568747,700.669655566694,318.964757589859,202.44184460342,380.395742080976,7281.45198590454,165.311103877328,106.996074543278,2454.43375012858,122.869508863537,239.716239910109,80.9711821393557,57.6642185269198,0,0
"ITG27",NA,NA,"IT","Cagliari","Italy","IT","IT","ITA",79700.6942240343,4125.67657197085,1052.99187987228,5348.00654896541,3499.12817957021,500.888390116225,2575.68430066579,2383.86137812235,3493.3568905697,1576.97077279472,1000.87819902895,1880.6872956435,36303.4281079849,817.302767875653,528.991615354181,12134.7898023602,607.470323083741,1185.16386248719,400.323812063873,285.09352550456,0,0
"ITG28",NA,NA,"IT","Oristano","Italy","IT","IT","ITA",16972.9605561978,2324.91733404598,136.75480929078,694.559596963191,689.897852358031,98.7565493112915,515.992185752276,470.008745232039,703.684613318197,310.919947355598,197.335931851132,370.801542451883,7312.78382671238,161.1416888286,104.29745942976,2392.52893687727,119.770539905797,233.670206251973,78.9289571622864,56.2098330993219,0,0
"ITG29",NA,NA,"IT","Olbia-Tempio","Italy","IT","IT","ITA",19971.8039854116,527.755670384394,169.148845504618,859.084624297725,969.845532079053,138.830114901409,679.217220625299,660.729526905114,904.841289321954,437.085462357101,277.411172060231,521.26589176328,9403.23068184387,226.52998035568,146.619422990543,3363.37255126877,168.371190902115,328.489217264381,110.956855705323,79.0187348807624,0,0
"ITG2A",NA,NA,"IT","Ogliastra","Italy","IT","IT","ITA",5408.48569591806,398.765721380483,48.3621111845826,245.624769080187,242.262347994235,34.6790375331474,174.958899524215,165.046784547238,235.703654235827,109.181665411999,69.2958617431318,130.20949696718,2449.46363466007,56.5860058296186,36.6247660069166,840.152894969788,42.0582440124156,82.0548906325948,27.7164429799508,19.7384672244766,0,0
"ITG2B",NA,NA,"IT","Medio Campidano","Italy","IT","IT","ITA",8974.2542504107,1240.59723559956,90.6445386989304,460.371628552943,353.160235715317,50.5536959044008,269.168935217955,240.598515689053,369.416638962025,159.160608373242,101.01669974685,189.814129277722,3839.0267054175,82.4887867323567,53.3901000428214,1224.74085172945,61.3108041434094,119.616295133453,40.4039076523047,28.7739378214113,0,0
"ITG2C",NA,NA,"IT","Carbonia-Iglesias","Italy","IT","IT","ITA",11775.8711478285,1349.95654262028,215.563253228828,1094.81726499533,427.116024388649,61.140217468441,345.178654050311,290.982594024985,482.68951530955,192.490658383342,122.170750920883,229.563376821525,5016.17345906523,99.7628812156761,64.5705970430494,1481.2155803371,74.1499870866361,144.665314105984,48.864947581838,34.7995291808396,0,0
"ITH10",NA,NA,"IT","Bolzano-Bozen","Italy","IT","IT","ITA",146691.35583368,10863.2336670573,2802.12886330627,14231.6420463038,5691.05337552211,814.655084650517,4477.22627371153,3877.16072304798,6208.36680627005,2564.81739994887,1627.84869852062,3058.78814176168,64518.1712260349,1329.27787644338,860.362742857302,19736.2694139589,988.002112326123,1927.57465689154,651.094805628932,463.681919437861,0,0
"ITH20",NA,NA,"IT","Trento","Italy","IT","IT","ITA",123087.029484084,7448.75252498541,2537.99732674149,12890.1528911281,4788.45104624326,685.450607298913,3778.89192837491,3262.24217129735,5245.20970815145,2158.03679069893,1369.67153340776,2573.66366315471,54508.9149251301,1118.45411002131,723.909020762928,16606.0927016943,831.304757886679,1621.86088821518,547.83102485511,390.141864036306,0,0
"ITH31",NA,NA,"IT","Verona","Italy","IT","IT","ITA",180431.109451202,8274.2864048873,4469.35014462011,22699.2385220928,6774.14410554329,969.695867459666,5493.57079877351,4615.0411400543,7690.23263704009,3052.93968009297,1937.65212486486,3640.92028195389,79917.9174696163,1582.25890659687,1024.10236182702,23492.3702685741,1176.03337095118,2294.42031876542,775.007674092751,551.92737339576,0,0
"ITH32",NA,NA,"IT","Vicenza","Italy","IT","IT","ITA",175788.474769863,3151.08185023524,7754.37694647981,39383.4553576523,4963.34538313251,710.486141394626,4907.79784350618,3381.39295216809,7248.42777608804,2236.8573549789,1419.69768847921,2667.66466585819,75326.6227608997,1159.30475003499,750.349217588958,17212.6169291191,861.66749794174,1681.09805736063,567.840113993562,404.391482951571,0,0
"ITH33",NA,NA,"IT","Belluno","Italy","IT","IT","ITA",40132.6431961861,825.049265425237,1270.90546026078,6454.76081488392,1418.93524551725,203.115791800918,1206.23537669883,966.682200896283,1712.35426068402,639.4791204659,405.867198967956,762.63953551792,17795.0125754275,331.42532770549,214.511961005483,4920.79171264515,246.335946497149,480.597077299123,162.33574119226,115.608583294848,0,0
"ITH34",NA,NA,"IT","Treviso","Italy","IT","IT","ITA",172307.951145,7319.17803671436,6106.50550292282,31014.1341497197,5431.43437982713,777.491501573882,4936.93672119636,3700.28932391558,7139.06364237004,2447.81352147889,1553.58820290287,2919.24991342183,74190.0961790491,1268.63782186823,821.114031503667,18835.9245909678,942.930646778131,1839.64102430575,621.392645345803,442.529309138308,0,0
"ITH35",NA,NA,"IT","Venezia","Italy","IT","IT","ITA",151858.001966913,3218.85272556559,3140.68090583787,15951.1031126553,6342.69656799167,907.935608499851,4859.34988205163,4321.10760327782,6680.59037213468,2858.49691555363,1814.24240330011,3409.02883329319,69425.5811504378,1481.48429974112,958.876934772777,21996.1332317309,1101.13140635314,2148.28790982689,725.647172254989,516.774931633549,0,0
"ITH36",NA,NA,"IT","Padova","Italy","IT","IT","ITA",181633.429470326,3817.90926791337,5265.56387344077,26743.1027887627,6701.56794556667,959.306835087616,5543.37963921535,4565.59696543079,7806.51525043305,3020.23139471119,1916.89269778415,3601.91254773268,81126.341809802,1565.30705648261,1013.1304344977,23240.6800186654,1163.43370009414,2269.83858363934,766.704472970702,546.014188095454,0,0
"ITH37",NA,NA,"IT","Rovigo","Italy","IT","IT","ITA",35236.5707253137,1779.32720257797,1008.81531971553,5123.63964021228,1230.92713466147,176.203065218004,1043.08613375884,838.59736054674,1479.39147713139,554.7485016795,352.090026558319,661.590231971736,15374.032432411,287.511660786213,186.08924850185,4268.78961689628,213.696574064113,416.918238626764,140.826348059381,100.29051193631,0,0
"ITH41",NA,NA,"IT","Pordenone","Italy","IT","IT","ITA",58994.7855919776,2619.4757084038,2070.10936533275,10513.8117914233,1863.36886981046,266.7349652526,1690.21682978332,1269.46280729912,2442.80073535284,839.774394028501,532.99141467049,1001.51065657177,25385.9092145469,435.233137145744,281.700600222883,6462.06380533016,323.49237618011,631.127907767648,213.181938746611,151.819074108615,0,0
"ITH42",NA,NA,"IT","Udine","Italy","IT","IT","ITA",97122.6776247943,2644.25018151322,2669.94229756105,13560.2839543721,3624.60377683285,518.849798411784,2970.11544522982,2469.34450845111,4170.9009065588,1633.51952992154,1036.76879330427,1948.1270547992,43344.5553803961,846.610511885248,547.960780093852,12569.9324778979,629.25366387511,1227.66277532152,414.679064812385,295.316723556365,0,0
"ITH43",NA,NA,"IT","Gorizia","Italy","IT","IT","ITA",23560.8446985839,611.609086452153,760.979705155477,3864.91531852541,814.8950192308,116.649471911138,701.254585512112,555.165933877615,998.970358606293,367.253087705064,233.089677596653,437.984158139292,10381.4324535725,190.337684293469,123.194295963152,2826.0124413535,141.470822218427,276.007073462446,93.2294742544717,66.3940507538511,0,0
"ITH44",NA,NA,"IT","Trieste","Italy","IT","IT","ITA",45377.2519142855,184.682842367373,811.996402452816,4124.02237952749,2026.97460922967,290.154574717013,1500.53714128232,1380.9229720675,2039.16289021708,913.50746583533,579.788619407586,1089.44434171555,21191.2511960363,473.447062673925,306.434208120382,7029.4397791236,351.895345800829,686.541599437254,231.899536364846,165.148947908645,0,0
"ITH51",NA,NA,"IT","Piacenza","Italy","IT","IT","ITA",55525.8654100843,2929.68610819633,1504.20891685556,7639.6782274631,1980.66863780357,283.526031179853,1654.79246573544,1349.37596630086,2337.27799715615,892.638506541077,566.543423774046,1064.55612736491,24289.302924413,462.631226078774,299.433758474595,6868.8531412489,343.856342375018,670.857645853617,226.601821605253,161.376141664262,0,0
"ITH52",NA,NA,"IT","Parma","Italy","IT","IT","ITA",102063.512110937,3711.42054677209,3614.77905479944,18358.9849339343,3264.59777167633,467.316153714843,2945.49618729719,2224.08215521827,4250.97452994448,1471.27370209589,933.793953975888,1754.6335085478,44176.6910942635,762.522736483314,493.535749505706,11321.450863058,566.754391758882,1105.72780018085,373.491955065567,265.985022645227,0,0
"ITH53",NA,NA,"IT","Reggio nell'Emilia","Italy","IT","IT","ITA",114600.863036084,4138.00545011025,4341.04703142117,22047.6039722387,3501.86487893215,501.280139394127,3257.82876078823,2385.72581737054,4739.57492865879,1578.20413570291,1001.66099479638,1882.15819795341,49254.291237593,817.941987660859,529.405344415226,12144.2805297086,607.945431042142,1186.09078971587,400.636908888231,285.31649969393,0,0
"ITH54",NA,NA,"IT","Modena","Italy","IT","IT","ITA",155364.881032853,3845.81665229122,6004.08599896346,30493.9590292973,4807.73844162088,688.211532856496,4454.13923274853,3275.38215204848,6473.06704508684,2166.72914411755,1375.18843149175,2584.03011948075,67268.9712132887,1122.95912979146,726.824852911163,16672.9803596283,834.653169176639,1628.39357945425,550.037632686008,391.713315913409,0,0
"ITH55",NA,NA,"IT","Bologna","Italy","IT","IT","ITA",239594.06017861,3712.91704975729,6878.8388077456,34936.7128999731,8977.11054897107,1285.04307930834,7368.36577875122,6115.86258822202,10352.5045463016,4045.76232517819,2567.7808235769,4824.95550166181,107584.600230456,2096.81295530619,1357.14268435189,31132.1403372238,1558.481989137,3040.57081255591,1027.04186067408,731.415359458108,0,0
"ITH56",NA,NA,"IT","Ferrara","Italy","IT","IT","ITA",53948.8007319494,4210.47222887267,1326.33753328313,6736.29298546647,1903.23156245108,272.44117517627,1586.53342726664,1296.62018151843,2239.38532087083,857.739526482402,544.393597720408,1022.93578185213,23271.9892495877,444.543996124953,287.726967103481,6600.30549621026,330.412786503677,644.629505981435,217.742499051373,155.066910426064,0,0
"ITH57",NA,NA,"IT","Ravenna","Italy","IT","IT","ITA",72189.010193202,5121.65683863958,1723.68799036209,8754.38342596486,2614.55264605125,374.264387741172,2149.14224544267,1781.22399470222,3020.8558441778,1178.3143958054,747.857354561833,1405.25173496892,31393.1345691423,610.689578864403,395.26315032937,9067.12905582483,453.90253203336,885.555816663684,299.122418041137,213.022213885169,0,0
"ITH58",NA,NA,"IT","Forl├¼-Cesena","Italy","IT","IT","ITA",76072.2066745265,5145.96353659535,2049.4108912874,10408.6869781517,2636.75337523468,377.442347201195,2231.45246134761,1796.34875097024,3163.63040841791,1188.31971691979,754.207572302349,1417.18402986829,32876.8667759866,615.875075502228,398.619414801577,9144.11999993287,457.756716115126,893.075261679358,301.66233086548,214.831031346796,0,0
"ITH59",NA,NA,"IT","Rimini","Italy","IT","IT","ITA",56649.5697348877,1055.79412262071,1048.26441118997,5323.99636051445,2449.30467822767,350.609698822833,1839.62941118077,1668.64502414384,2512.38752646934,1103.8412121584,700.590412643527,1316.43539622169,26109.0643766728,572.092072697989,370.281273431187,8494.05792155946,425.214461390847,829.5858979401,280.216938441625,199.558538560456,0,0
"ITI11",NA,NA,"IT","Massa-Carrara","Italy","IT","IT","ITA",26474.6502467641,346.274754315067,601.321647646235,3054.03315174357,1090.0123761431,156.031593092466,844.710444228899,742.595947280237,1165.66123835727,491.241695345188,311.783269422091,585.852338841245,12113.706183071,254.597741586562,164.786020408893,3780.10475400543,189.232899259568,369.190041511219,124.704751361239,88.8093991447918,0,0
"ITI12",NA,NA,"IT","Lucca","Italy","IT","IT","ITA",61982.4097955818,1096.67505781953,1734.01770777089,8806.84669506236,2339.07267669768,334.830359812615,1909.78387554742,1593.54694325195,2678.95180409828,1054.16236768098,669.060042361338,1257.1886598314,27840.0224401286,546.344825002136,353.616606816935,8111.77922257674,406.077503226653,792.250030833048,267.605655630792,190.577321432403,0,0
"ITI13",NA,NA,"IT","Pistoia","Italy","IT","IT","ITA",45713.4520592085,5686.53963599352,911.720685668829,4630.50883011132,1581.09942840441,226.329047312707,1311.71964750612,1077.16027219316,1848.86737110723,712.562518296327,452.252065993616,849.798422793022,19213.6749237906,369.302544178379,239.027637098437,5483.16844531143,274.488652975931,535.522510002543,180.888415041889,128.821005428965,0,0
"ITI14",NA,NA,"IT","Firenze","Italy","IT","IT","ITA",232167.277177225,3221.6239370272,5224.32320408182,26533.6468812374,9573.88301853054,1370.46904434974,7410.20502408868,6522.42752917375,10221.6491150392,4314.71295922424,2738.47950162193,5145.70465524901,106224.733234272,2236.2030451036,1447.36162360491,33201.7154160164,1662.0853858366,3242.69920818845,1095.31664733199,780.037747247191,0,0
"ITI15",NA,NA,"IT","Prato","Italy","IT","IT","ITA",47446.5732355946,353.306930120296,1621.33495613714,8234.54589653596,1653.57687669937,236.703949440656,1425.53720295247,1126.53719721807,2031.77820149068,745.226316757668,472.983257935425,888.753102139955,21114.5085314083,386.231337883589,249.984641381431,5734.51636837571,287.071186873682,560.070811223967,189.180322883248,134.726148136975,0,0
"ITI16",NA,NA,"IT","Livorno","Italy","IT","IT","ITA",47994.3073889989,848.862327331859,728.687599825579,3700.90798467482,2172.16646339145,310.938298649647,1588.58364073201,1479.8382549014,2149.69150242248,978.941853691658,621.318781793625,1167.48105873188,22339.8791927651,507.359997036335,328.384039486303,7532.95738146664,377.101550898357,735.718460029195,248.510461588456,176.978539582138,0,0
"ITI17",NA,NA,"IT","Pisa","Italy","IT","IT","ITA",75753.6881977531,1700.35335648655,1950.06375329444,9904.11599829587,2931.68588979623,419.660941328206,2352.36825715683,1997.2782952838,3282.22631666749,1321.23852741833,838.569021457864,1575.70232492435,34109.3311831195,684.763423718522,443.206757502908,10166.9302219138,508.958827245164,992.969675428373,335.404595358736,238.860831356181,0,0
"ITI18",NA,NA,"IT","Arezzo","Italy","IT","IT","ITA",58266.2199713022,2833.5233380338,1962.13208259416,9965.4094473373,1870.62587883439,267.773781603564,1675.87335665711,1274.40681124669,2414.0550056982,843.044949018587,535.067183761949,1005.41110376183,25087.179779617,436.928180384339,282.797701194668,6487.23072536852,324.752237891414,633.585875696666,214.012189416936,152.410343185104,0,0
"ITI19",NA,NA,"IT","Siena","Italy","IT","IT","ITA",48400.3409510458,3954.36916027254,977.430528430981,4964.2404344482,1819.35700714736,260.434815642749,1455.46712527686,1239.47871577759,2028.89846002621,819.939332974951,520.402417761103,977.855463986545,21084.5818761882,424.953143007794,275.046969624028,6309.43301422472,315.851644243631,616.220974819719,208.146685468324,148.233181724362,0,0
"ITI1A",NA,NA,"IT","Grosseto","Italy","IT","IT","ITA",31190.8683216479,3522.66765128742,339.810611894123,1725.8531737568,1271.10227021271,181.954000289903,957.374012581222,865.967593669549,1308.72450764267,572.85444444755,363.581579668902,683.183286914138,13600.438651035,296.895498073888,192.162849913883,4408.11484311749,220.671226412013,430.525662071223,145.422653935786,103.563804723582,0,0
"ITI21",NA,NA,"IT","Perugia","Italy","IT","IT","ITA",99477.7993497529,4191.63028888141,2328.92497914753,11828.3020777338,3841.59987326054,549.912057301231,3065.29375038271,2617.1780792524,4269.52004409282,1731.31431888496,1098.83758617014,2064.75662102615,44369.4185368638,897.294997027586,580.765841721784,13322.4633607209,666.925530134387,1301.15992049282,439.50487857711,312.996608080885,0,0
"ITI22",NA,NA,"IT","Terni","Italy","IT","IT","ITA",31629.8899603808,1650.05062857008,763.087677752742,3875.62143266618,1184.78785845746,169.598383539325,960.034121764497,807.163919725838,1343.57820235595,533.954667810696,338.892511834167,636.791611820091,13962.6428689141,276.73475973712,179.113999526137,4108.78106915639,205.686509961247,401.290745150652,135.547704355015,96.5312872831435,0,0
"ITI31",NA,NA,"IT","Pesaro e Urbino","Italy","IT","IT","ITA",57357.066142863,1267.83090331723,1790.5112212432,9093.76978136445,2036.57855141009,291.529346628945,1725.60532554048,1387.46587809058,2447.31951748585,917.835725717481,582.535696925135,1094.60620236194,25432.8689977698,475.690286735395,307.886114031532,7062.745738109,353.562649643335,689.794479762162,232.99829198259,165.931434743779,0,0
"ITI32",NA,NA,"IT","Ancona","Italy","IT","IT","ITA",81792.9222701712,1995.2400007131,2352.27087728247,11946.8728079585,3008.59848404642,430.670719632004,2490.47836667289,2049.67676527833,3508.01036834791,1355.90113677929,860.568826799442,1617.04077594934,36455.7089924515,702.728148912698,454.834258807672,10433.6589944776,522.311329948884,1019.02017218001,344.203913744877,245.127330188236,0,0
"ITI33",NA,NA,"IT","Macerata","Italy","IT","IT","ITA",48003.6959601326,1355.3291292401,1445.43204124722,7341.15824673991,1713.9729644891,245.349445584222,1443.90094041281,1167.68341812883,2044.3679341621,772.44534399755,490.258740419411,921.214375115293,21245.342703024,400.338248858618,259.115208311646,5943.96677790697,297.556321764377,580.527124056951,196.090041778056,139.64695489541,0,0
"ITI34",NA,NA,"IT","Ascoli Piceno","Italy","IT","IT","ITA",31184.718973524,1368.73421761952,780.198153707106,3962.52327797856,1170.78150977016,167.593421993088,950.137535417834,797.621773233715,1330.35076043891,527.64235189086,334.8861855924,629.263576068683,13825.1815382427,273.463251246291,176.996546081428,4060.20779933126,203.254921083772,396.54675823228,133.945283805709,95.3901117897669,0,0
"ITI35",NA,NA,"IT","Fermo","Italy","IT","IT","ITA",25152.8975160592,825.77600510115,893.503335863726,4537.98531884332,809.530168711047,115.881511664428,728.382159524224,551.51100633649,1050.43190241255,364.835281887187,231.555134804645,435.100695260043,10916.2276418167,189.084598680706,122.383247954351,2807.40742603614,140.539450942131,274.189984565624,92.6156992508123,65.9569464038558,0,0
"ITI41",NA,NA,"IT","Viterbo","Italy","IT","IT","ITA",38852.474981786,4405.4839547027,454.369954055281,2307.68492748062,1563.76186635269,223.847233815467,1186.39723973312,1065.34866014442,1625.76362991965,704.74890666966,447.292891310276,840.479949443435,16895.1512565724,365.252953330058,236.406577084233,5423.04270530241,271.478744827227,529.650232408568,178.9048812654,127.408417368362,0,0
"ITI42",NA,NA,"IT","Rieti","Italy","IT","IT","ITA",17271.57225984,1228.1087787036,216.38847639607,1099.0084643646,740.572065368914,106.010391889458,549.1500097447,504.531715830455,746.7003598907,333.757565399745,211.830603795894,398.037569180691,7759.80916999229,172.977829840959,111.958291620458,2568.26440346502,128.567897124507,250.833694680641,84.7264281564313,60.3385443948355,0,0
"ITI43",NA,NA,"IT","Roma","Italy","IT","IT","ITA",883619.94771161,5278.50736197536,9085.71088415124,46145.1244204662,43300.7020958874,6198.34937466489,30366.2278109124,29499.5970638167,40473.8025407275,19514.5585250017,12385.5790660815,23272.9629053434,420609.123780209,10113.8860475453,6546.11868219332,150164.52420807,7517.27005758686,14666.061004565,4953.89172345122,3527.95015896089,0,0
"ITI44",NA,NA,"IT","Latina","Italy","IT","IT","ITA",76225.6402982559,5864.24488874324,1766.70061418526,8972.83885595581,2758.47078351626,394.865783427177,2263.66762833939,1879.27152880436,3180.23851854619,1243.17475095971,789.023187546917,1482.60386351437,33049.4604590652,644.305007068612,417.02042360129,9566.22947663299,478.887612023835,934.301266080445,315.587621502819,224.748028741997,0,0
"ITI45",NA,NA,"IT","Frosinone","Italy","IT","IT","ITA",63621.6066227106,1750.51259884571,1761.98556376244,8948.89173820312,2365.35129360753,338.592055138697,1942.68071641149,1611.44985412204,2729.96671650083,1066.00549222218,676.576684626477,1271.31270971845,28370.1761755917,552.482807160594,357.589358683978,8202.91206371115,410.639633873258,801.150667082823,270.612106254275,192.718387193855,0,0
"LI000",NA,NA,"LI","Liechtenstein","Liechtenstein","LI","LI","LIE",23536.1742762543,58.460332610467,43.0781152969677,5529.12450074254,478.68250174671,357.216163942167,731.762303883311,386.186990143734,666.612913795901,117.820497542513,218.989844037543,453.248684754575,10530.0911688261,144.973845165695,79.5990318701218,2336.11295954074,612.90383891573,385.316341722951,350.490404891615,55.4276550881228,0.0761817368185469,0
"LT001",NA,NA,"LT","Alytaus apskritis","Lithuania","LT","LT","LTU",8484.71143422985,568.561774198446,62.9708512362968,1519.92632386017,468.860780237105,187.460470657602,352.936720738281,332.633416407258,396.645877515949,60.5454950354878,276.250049863329,55.8219283481247,2223.38742636852,99.6590226764897,89.9498848103884,1589.90314040519,100.235432557515,51.248078512976,36.8602890151758,10.8544717855412,0,0
"LT002",NA,NA,"LT","Kauno apskritis","Lithuania","LT","LT","LTU",59477.180160929,3506.60364644375,422.452262219948,10196.7227902466,3395.1593276924,1357.45661047807,2533.93363641298,2408.69676889198,2798.38746351963,438.427803911294,2000.40816613977,404.223063027513,15686.2830378129,721.660404731832,651.353671092744,11512.9580139852,725.834358849188,371.102466070317,266.916234725422,78.6004346774699,0,0
"LT003",NA,NA,"LT","Klaip─ùdos apskritis","Lithuania","LT","LT","LTU",31145.6156906745,918.213844228826,225.059125149409,5432.24812788229,1861.5767883139,744.297829146882,1376.69913086271,1320.69619192324,1491.43681399691,240.391376173628,1096.83023676253,221.636806642772,8360.20754893778,395.688722922787,357.139314552709,6312.59193901637,397.977315401196,203.476676716698,146.351030697199,43.0968713466568,0,0
"LT004",NA,NA,"LT","Marijampol─ùs apskritis","Lithuania","LT","LT","LTU",8977.89534082254,1294.16201151867,66.725351844655,1610.54863871786,423.744423414857,169.421995611816,331.058695468336,300.625603985745,399.435942201537,54.7194753018275,249.66775433523,50.4504361184134,2239.02705630629,90.0692847048998,81.2944133564242,1436.91393674636,90.590229264524,46.3167072102264,33.3133897609049,9.80999495396265,0,0
"LT005",NA,NA,"LT","Panev─ù┼¥io apskritis","Lithuania","LT","LT","LTU",16715.0159426523,1704.80135815386,137.619198143003,3321.71215442472,820.876115963745,328.20365775173,637.699802250844,582.370798346703,761.495776362934,106.002363385352,483.655442137692,97.7323966078848,4268.54337930187,174.481882263748,157.483234228288,2783.58431685067,175.491054120904,89.7245523907174,64.5345743458797,19.0038856217558,0,0
"LT006",NA,NA,"LT","┼áiauli┼│ apskritis","Lithuania","LT","LT","LTU",21121.3496342286,2300.64928154653,141.452158932015,3414.2282612768,1122.3196372881,448.727162310103,849.319994192754,796.229991903579,964.675540602963,144.928731282011,661.264214948077,133.62185326038,5407.46189254329,238.555415375545,215.314494941227,3805.77687679571,239.935177035871,122.673354890782,88.2330703304428,25.9825247723684,0,0
"LT007",NA,NA,"LT","Taurag─ùs apskritis","Lithuania","LT","LT","LTU",5527.18548146479,677.51853220659,31.7825802896855,767.135578987501,302.01920937367,120.753676833865,226.11263857144,214.267615610286,251.320719350727,39.000708339282,177.947964867028,35.9579972905571,1408.77129718266,64.1958988774556,57.9417051687453,1024.14471349696,64.5671964222287,33.0117271625525,23.7437546813334,6.99196675222043,0,0
"LT008",NA,NA,"LT","Tel┼íi┼│ apskritis","Lithuania","LT","LT","LTU",9630.88124673008,651.275142439057,92.753180728866,2238.7818846937,465.819509198491,186.244506080638,365.863561600839,330.475785787603,445.648918803103,60.1527659603946,274.458150622705,55.4598387446417,2498.07261037701,99.0125832382212,89.3664238105961,1579.59021473742,99.5852542296839,50.9156572409571,36.6211943111997,10.7840641249471,0,0
"LT009",NA,NA,"LT","Utenos apskritis","Lithuania","LT","LT","LTU",7745.56827577163,540.861410954653,78.1403715110996,1886.0727667514,361.899347313219,144.695024275025,287.472658908284,256.749596823765,357.176805030683,46.7332224397573,213.228994522053,43.087245268703,2002.1446391152,76.923762406094,69.4295747819144,1227.19778035796,77.3686756266506,39.556829973118,28.4513337405248,8.3782359715193,0,0
"LT00A",NA,NA,"LT","Vilniaus apskritis","Lithuania","LT","LT","LTU",119707.573469778,1312.24382825384,554.129889574404,13375.0233555108,8346.58531625186,3337.14159452012,5929.0312378315,5921.48737131626,5861.49305896691,1077.82130886027,4917.75961435094,993.733123166543,32856.4361961114,1774.11413017516,1601.27359634829,28303.2037767327,1784.37528754191,912.310173152495,656.1810243358,193.229586776383,0,0
"LU000",NA,NA,"LU","Luxembourg","Luxembourg","LU","LU","LUX",262653.113318395,5269.34657873297,246.079570018772,31584.5893058083,11457.7867993164,8550.35776905151,7974.04574434036,9243.80603341538,3750.92983281976,2820.16187453163,5241.76032138606,10849.0007009624,70761.0446827337,3470.10681051504,1905.28948368043,55917.4069072222,14670.5206251614,9222.96611562834,8389.3694041466,1326.72126611764,1.82349280636629,0
"LV003",NA,NA,"LV","Kurzeme","Latvia","LV","LV","LVA",30213.9139219475,7058.36100228525,226.654972053342,5597.55857487881,1286.36091680596,658.867130392979,851.656911514591,921.262370952963,1377.51413306405,407.100080975447,369.645797253185,219.048364786591,5725.81666140202,204.81466069961,173.01080771131,3529.01687511545,860.183905400137,367.385624959601,300.71054229885,78.9445893973537,0,0
"LV005",NA,NA,"LV","Latgale","Latvia","LV","LV","LVA",19539.8911839196,2947.96031986212,140.015290798695,3457.87160336344,1006.46272890878,515.50478670493,643.302842879325,720.805667986691,972.453298819877,318.519517411099,289.214879721988,171.385815680354,4042.12861935064,160.249211271202,135.365531854155,2761.14106709105,673.017214283902,287.446496413163,235.279188802806,61.7671027154108,0,0
"LV006",NA,NA,"LV","R─½ga","Latvia","LV","LV","LVA",134127.717816551,2543.22744674722,590.782982842897,14590.2043160406,9656.70746378227,4946.11353048938,5835.70389982149,6915.91379795099,7791.82439039416,3056.09906139194,2774.92986816936,1644.39540375359,32387.7315276611,1537.54303075449,1298.79160375084,26492.3188760729,6457.39794406073,2757.96276168179,2257.4331202985,592.63679088724,0,0
"LV007",NA,NA,"LV","Pier─½ga","Latvia","LV","LV","LVA",49079.1318532582,4433.78669660322,423.349740053857,10455.208399547,2613.59950717121,1338.67158492515,1671.50157039894,1871.8004000593,2529.67974376319,827.13689222516,751.03811139387,445.05759680139,10514.942879484,416.137873338924,351.519512029595,7170.17801543789,1747.70253189333,746.445943585085,610.976993225935,160.397861321125,0,0
"LV008",NA,NA,"LV","Vidzeme","Latvia","LV","LV","LVA",22425.2871224756,6251.76807654995,166.419922552573,4109.9705692562,862.028707422786,441.526459142021,582.233484825771,617.365313617988,975.738591973288,272.809871638779,247.710642205786,146.790823860628,4055.7843676467,137.252395433866,115.939687682574,2364.89916289011,576.434817344357,246.196033533106,201.515077689028,52.903117210058,0,0
"LV009",NA,NA,"LV","Zemgale","Latvia","LV","LV","LVA",26232.0825958301,7097.75805268346,211.761381010567,5229.74070837904,981.163632376097,502.546725777976,668.864682704248,702.687031645858,1138.76793926176,310.513005309788,281.944987901247,167.077751237739,4733.43705417517,156.221083702453,131.962896506407,2691.73524371552,656.099819348884,280.221055816249,229.365059308803,60.2144849688644,0,0
"1627","MDA-20210908-01","Anenii Noi","MDA","Anenii Noi","Moldova (the Republic of)","MD","MD","MDA",743.157162538707,52.086765,6.29412497821704,28.6809767698298,12.2043372866566,3.14869191854937,30.7205815453231,13.9024280885371,67.5597420489734,2.6057665919731,5.32387702579972,2.43479236096724,432.529940027495,2.56647770639645,2.2077627241164,63.0699866164734,4.69438099345995,3.312651941632,8.46131358744902,1.35256532685809,0,0
"1628","MDA-20210908-02","Balti","MDA","Balti","Moldova (the Republic of)","MD","MD","MDA",1985.84313741083,4.38449724746742,31.4536756722453,143.327649896297,63.6404100074391,16.4190844596436,88.0539409255439,72.4952287758199,180.531194310075,13.5879606079197,27.761746401545,12.6964029668657,884.78420959837,13.3830858385566,11.5125403093804,328.883061255976,24.4791932685732,17.2740660001174,44.1221389788622,7.05305089012959,0,0
"1629","MDA-20210908-03","Basarabeasca","MDA","Basarabeasca","Moldova (the Republic of)","MD","MD","MDA",230.68516621573,8.442876,0.811415124362946,3.69744458730697,2.44939909914834,0.631939528352984,10.0977678142787,2.79020433770445,20.9713787468845,0.522974922198195,1.06849714856929,0.488660553661264,161.519694955938,0.515089679544077,0.443095917506017,12.6580874301622,0.942157882592405,0.664846151908368,1.69817773730072,0.271458598310592,0,0
"1630","MDA-20210908-04","Bender","MDA","Bender","Moldova (the Republic of)","MD","MD","MDA",1404.40097842889,2.57945207870509,35.7884541748274,163.080305263832,63.5164398812083,16.3871004423688,60.4974901486532,72.3540096563734,127.672816220809,13.5614915579625,27.7076671269868,12.6716706516858,362.747120411837,13.3570158801674,11.4901141327542,328.24240424867,24.4315083356952,17.2404164975089,44.0361900175318,7.03931170131765,0,0
"1631","MDA-20210908-05","Briceni","MDA","Briceni","Moldova (the Republic of)","MD","MD","MDA",709.556823194407,96.15849,0.944865994882859,4.30555156493159,4.37790341011081,1.12948935807247,27.6462469491752,4.98703746938975,64.505165744946,0.934732806952526,1.90976526121922,0.87340144160424,471.054630499137,0.920639215296916,0.791962048540907,22.6242771728201,1.68395432516417,1.18830460771,3.03521713129071,0.485188193161767,0,0
"1632","MDA-20210908-06","Cahul","MDA","Cahul","Moldova (the Republic of)","MD","MD","MDA",1014.27579484107,107.680014,6.73846609614481,30.7057438860329,16.4607233922371,4.24683008189891,40.5922650647443,18.7510405416343,92.2068904400972,3.51455405465545,7.18063300264484,3.28395083076185,567.372960650349,3.46156277273033,2.97774231109666,85.066282556853,6.33159386012747,4.46797282189011,11.4122823080492,1.82428616912154,0,0
"1633","MDA-20210908-07","Calarasi","MDA","Calarasi","Moldova (the Republic of)","MD","MD","MDA",581.168184907275,37.755111,2.41398402478978,11.0000071459255,7.44686516538956,1.92127467588309,24.6477362073758,8.48300936094683,52.8334713552069,1.58999149295196,3.24853315973103,1.48566611950879,376.07122183352,1.56601812786743,1.34713675454081,38.4841614324534,2.864426102963,2.02132010692386,5.16294002106143,0.825310820236487,0,0
"1634","MDA-20210908-08","Cantemir","MDA","Cantemir","Moldova (the Republic of)","MD","MD","MDA",397.775960031847,71.31309,1.0811241156388,4.92645057942955,1.93232961977348,0.498536750898102,14.4195419774149,2.2011906874798,36.1614509119861,0.412574632249059,0.842936820521339,0.385504045536265,250.03774984416,0.406353968599369,0.349558128806076,9.98595830278922,0.743267842169689,0.524496768359083,1.33969149517816,0.2141535408583,0,0
"1635","MDA-20210908-09","Causeni","MDA","Causeni","Moldova (the Republic of)","MD","MD","MDA",770.403995846085,94.835193,3.50025640751267,15.9499172736091,8.94870248313502,2.30874536882527,30.2527632408129,10.1938097772435,70.0367268950986,1.91065105989447,3.9036770651011,1.78528599585063,463.96520146851,1.8818428960703,1.61881889261402,46.2454070704191,3.44210569293971,2.42896733837855,6.20416956137176,0.991754358697603,0,0
"1636","MDA-20210908-10","Chisinau","MDA","Chisinau","Moldova (the Republic of)","MD","MD","MDA",17868.8240197254,26.515848,227.981153088241,1038.86118853889,828.489134957973,213.748357045185,835.380995046733,943.763708782495,1624.43854724776,176.891973646658,361.410387809413,165.285420220687,5610.69550786648,174.224855059199,149.873556141019,4281.49414641488,318.677168377428,224.878752289172,574.394677074205,91.8186421189772,0,0
"1637","MDA-20210908-11","Cimislia","MDA","Cimislia","Moldova (the Republic of)","MD","MD","MDA",508.076373834158,45.644721,3.27876123919622,14.9406113257452,6.32195290653797,1.63104981112163,20.5713776067571,7.20157871729388,46.1887612576508,1.34980976786793,2.75781462333919,1.26124362853054,312.553404614598,1.32945778327984,1.14364030121766,32.6708018501967,2.43173020123332,1.71598252972295,4.38303406165178,0.700640608217371,0,0
"1638","MDA-20210908-12","Criuleni","MDA","Criuleni","Moldova (the Republic of)","MD","MD","MDA",611.496847094305,47.096526,2.0476839419962,9.33085627876791,7.00374495817677,1.8069506464315,25.6140375846088,7.97823415925776,55.5906224631186,1.49538022442813,3.0552315952596,1.39726265521815,399.919369085775,1.47283337671271,1.26697637771669,36.1941898525171,2.69398054498649,1.90104294804815,4.85572309136693,0.776201309918259,0,0
"1639","MDA-20210908-13","Donduseni","MDA","Donduseni","Moldova (the Republic of)","MD","MD","MDA",463.314267479231,38.538417,2.88183597993403,13.1319081017615,3.8614155769868,0.996236644058682,18.7414870226081,4.39868639468932,42.1194788617483,0.824456705177905,1.68445866371307,0.770360973196521,308.261333498906,0.812025820058563,0.698529479557619,19.9551538965962,1.48528801414525,1.04811310176906,2.67713414673223,0.427947597591584,0,0
"1640","MDA-20210908-14","Drochia","MDA","Drochia","Moldova (the Republic of)","MD","MD","MDA",822.194501318438,75.873078,4.27722966017208,19.4904176429895,8.85864404167458,2.28551049091562,33.3295619366349,10.0912207569009,74.7449546653126,1.89142254526309,3.86439102635856,1.76731913700708,523.539827171711,1.86290430261355,1.60252733450821,45.7800000135509,3.40746484141598,2.40452256403669,6.14173170042974,0.981773486942817,0,0
"1641","MDA-20210908-15","Dubasari","MDA","Dubasari","Moldova (the Republic of)","MD","MD","MDA",231.00300564894,13.078494,2.67137279819768,12.1728725492144,3.50115977284353,0.903291446587239,9.47516392980215,3.98830520864526,21.0002732408127,0.747537941221153,1.52730489501264,0.698489141132265,136.66326962906,0.736266811747272,0.633359260409081,18.093411778844,1.346716131049,0.950328022493661,2.42736742372569,0.388021668142199,0,0
"1642","MDA-20210908-16","Edinet","MDA","Edinet","Moldova (the Republic of)","MD","MD","MDA",805.992085522157,103.76625,5.70847846019604,26.0123112703643,4.65905779746263,1.20202656566729,30.3555670403977,5.30731120159878,73.2720077747415,0.994762507258254,2.03241275516891,0.929492365551832,519.049375741011,0.97976380766482,0.842822833648491,24.0772363160281,1.79209996070436,1.26461900359101,3.23014254034768,0.516347580754395,0,0
"1643","MDA-20210908-17","Falesti","MDA","Falesti","Moldova (the Republic of)","MD","MD","MDA",750.272383559253,91.57761,6.52841627889155,29.7485919467249,5.28673789317926,1.36396663651227,28.2710158916986,6.02232564182139,68.2065803235685,1.12877943791561,2.30622456179533,1.05471593699909,471.668551458351,1.11176007543159,0.956370065705746,27.3209827240824,2.03353621751175,1.43499168659387,3.66531554464225,0.585911237828468,0,0
"1644","MDA-20210908-18","Floresti","MDA","Floresti","Moldova (the Republic of)","MD","MD","MDA",774.861690101379,84.712698,1.85485267243471,8.45216556609059,7.1802995272247,1.85250133318218,31.231196634893,8.17935423175651,70.4419718273981,1.53307665864486,3.13224969070194,1.4324856833855,504.458612366648,1.50996143658036,1.29891507190065,37.1065945202499,2.76189200906519,1.94896556950832,4.97812904745639,0.795768254258096,0,0
"1645","MDA-20210908-19","Gagauzia","MDA","Gagauzia","Moldova (the Republic of)","MD","MD","MDA",1449.74119833703,108.424107,12.3940054684523,56.4768230939256,28.9065879460611,7.45783549903298,60.0970200632774,32.9286015918674,131.794654394276,6.1718895003117,12.609871052036,5.766928417297,783.810675423604,6.07883179471503,5.22919728041943,149.384441945839,11.1188779736636,7.84618307707461,20.0410476709959,3.20361914418438,0,0
"1646","MDA-20210908-20","Glodeni","MDA","Glodeni","Moldova (the Republic of)","MD","MD","MDA",510.189473815661,64.72344,1.11903181982145,5.09918785217562,4.29085636170862,1.10703141288464,20.0982290841165,4.8878788422307,46.3808612559691,0.916147259427197,1.87179287728169,0.85603536235583,328.720442878368,0.902333894501161,0.776215250972732,22.1744324947538,1.65047180170075,1.16467722286067,2.97486708064125,0.475541063890531,0,0
"1647","MDA-20210908-21","Hincesti","MDA","Hincesti","Moldova (the Republic of)","MD","MD","MDA",942.21842291486,86.062407,4.06106057633026,18.5053815190676,14.5032530260227,3.74180707424751,38.9341837493745,16.5212110668711,85.6562202649873,3.096611583446,6.32672907762247,2.89343115054213,560.114352937156,3.04992189966844,2.62363622515493,74.9504010550963,5.57865566556733,3.93665204166085,10.0551606374782,1.60734636456626,0,0
"1648","MDA-20210908-22","Ialoveni","MDA","Ialoveni","Moldova (the Republic of)","MD","MD","MDA",918.388841333706,32.299221,3.53425603701446,16.1048462887301,24.1222160689032,6.22347817908145,41.7052708996406,27.4785403219508,83.4898946667006,5.15037099355065,10.5227927518048,4.81243561486792,493.625960923479,5.07271540564563,4.36370514917125,124.659603294379,9.2785761302911,6.54754977842882,16.7240244012551,2.67338342881179,0,0
"1649","MDA-20210908-23","Leova","MDA","Leova","Moldova (the Republic of)","MD","MD","MDA",436.837690438716,76.53126,1.47300205634019,6.71215425591566,3.22625895400327,0.832367645781494,15.9624593846997,3.67515515586974,39.7125173126106,0.688843449827245,1.4073853844795,0.643645817974708,263.326763992515,0.678457296453471,0.583629744876257,16.672770038299,1.2409759217497,0.875711047405379,2.2367776375685,0.357555342347125,0,0
"1650","MDA-20210908-24","Nisporeni","MDA","Nisporeni","Moldova (the Republic of)","MD","MD","MDA",505.929193850537,26.405619,4.07560164397162,18.5716420437115,6.96332601754285,1.79652264950376,21.2823331834,7.93219139574022,45.9935630773216,1.48675031501863,3.03759971043097,1.38919898690234,318.117608459438,1.46433358621884,1.25966459761885,35.9853114853468,2.6784334569119,1.8900719400348,4.82770048567002,0.771721815754365,0,0
"1651","MDA-20210908-25","Ocnita","MDA","Ocnita","Moldova (the Republic of)","MD","MD","MDA",551.389594767485,40.339686,9.61222637518076,43.8008527518943,3.00050197404368,0.774122846276316,20.6936137806161,3.41798673241057,50.1263267970441,0.640641734120271,1.30890380610368,0.5986067996872,356.014889944631,0.630982350250276,0.542790342182199,15.5060954888998,1.15413882023646,0.814433299959169,2.08025946233895,0.332535461609857,0,0
"1652","MDA-20210908-26","Orhei","MDA","Orhei","Moldova (the Republic of)","MD","MD","MDA",1106.33793228226,72.2202,1.0696883675328,4.87434032948868,24.5477534860307,6.33326588773603,48.9822281195964,27.9632862939475,100.576175662024,5.24122813385581,10.7084242060534,4.89733127353351,626.61750484483,5.16220263208351,4.44068480199337,126.858709937587,9.44225849304859,6.66305439928403,17.0190511155237,2.72054429811329,0,0
"1653","MDA-20210908-27","RIscani","MDA","RIscani","Moldova (the Republic of)","MD","MD","MDA",662.007958375768,89.854368,1.429124108032,6.5122118619387,7.86613370890731,2.02944502906725,26.0353886913058,8.96061421888648,60.1825416705244,1.67951015653054,3.43142995404654,1.56931112398331,397.243621108006,1.65418705868747,1.42298236909828,40.6508715787949,3.02569715239535,2.13512315268758,5.45362050134735,0.871776931528283,0,0
"1654","MDA-20210908-28","Rezina","MDA","Rezina","Moldova (the Republic of)","MD","MD","MDA",461.189223020783,41.960802,3.97490063253202,18.1127691456052,5.62037010051912,1.45004300512979,18.3565485066591,6.4023788689338,41.9262930018894,1.20001375727869,2.45176436473616,1.12127630244325,279.161352165637,1.18192034732196,1.01672408031782,29.0451385186584,2.16186737193295,1.52555026044152,3.89662402644418,0.62288656430231,0,0
"1655","MDA-20210908-29","SIngerei","MDA","SIngerei","Moldova (the Republic of)","MD","MD","MDA",715.018883973957,70.37919,2.74838029706697,12.5237791953036,7.22938135207173,1.86516433499978,28.9846906739344,8.23526521851169,65.0017167249052,1.54355619362128,3.15366057058422,1.44227761631827,461.167078914347,1.52028296459949,1.30779396641034,37.360241233177,2.78077126324134,1.96228796453555,5.01215766381797,0.801207826510789,0,0
"1656","MDA-20210908-30","Soldanesti","MDA","Soldanesti","Moldova (the Republic of)","MD","MD","MDA",357.984928264927,35.737974,0.842737287357463,3.84017296215425,3.43390269444923,0.885939269715093,14.6150322136861,3.91169009437402,32.5440843877206,0.733177780252379,1.49796545559241,0.685071204799542,235.153803208419,0.722123168529129,0.621192465348913,17.7458383764905,1.32084579142515,0.932072275696578,2.38073783476045,0.380567794155827,0,0
"1657","MDA-20210908-31","Soroca","MDA","Soroca","Moldova (the Republic of)","MD","MD","MDA",987.641942861704,76.46406,10.2939593081327,46.9073634234957,13.1419714562045,3.39059945214722,39.6027505996091,14.9705230870052,89.7856311692458,2.80596228774199,5.73289956398529,2.62185245769967,589.677754470109,2.76365491777452,2.37738060010292,67.9155241606702,5.055040644284,3.56715618707673,9.11137893327706,1.45648014314185,0,0
"1658","MDA-20210908-32","Stefan Voda","MDA","Stefan Voda","Moldova (the Republic of)","MD","MD","MDA",582.269588497606,90.2552549999997,1.75929507837582,8.01673011718082,5.51867528496786,1.42380596854488,22.0502802107713,6.28653440913473,52.9335989543278,1.17830074274,2.40740221057411,1.10098796115619,350.601831427883,1.16053471442457,0.998327503942028,28.5195966145687,2.1227506056519,1.4979469977426,3.82611862296457,0.611616072656176,0,0
"1659","MDA-20210908-33","Straseni","MDA","Straseni","Moldova (the Republic of)","MD","MD","MDA",764.378750620382,36.682905,2.11423151998308,9.63409931015602,16.9682491532319,4.37777060120486,34.1217616402669,19.3291825766815,69.4889773291257,3.62291665079673,7.4020300908682,3.38520334589965,438.147256875294,3.56829151353947,3.06955364262042,87.6890913338975,6.52681292283806,4.60573173153821,11.7641518538196,1.88053352862047,0,0
"1660","MDA-20210908-34","Taraclia","MDA","Taraclia","Moldova (the Republic of)","MD","MD","MDA",380.206833913533,60.221019,0.471625423753847,2.1490958424815,4.65686410473298,1.20146059781443,14.6337243831627,5.30481228218137,34.564257628503,0.994294128591415,2.03145580436931,0.929054718986107,220.361536005941,0.979302491056381,0.842425994973606,24.0658996766146,1.7912561599134,1.26402356441972,3.22862164481161,0.516104461226131,0,0
"1661","MDA-20210908-35","Telenesti","MDA","Telenesti","Moldova (the Republic of)","MD","MD","MDA",489.196873522456,49.365237,0.845054239904965,3.85073081768169,4.08156295910337,1.05303417977724,19.9658642886386,4.64946471037071,44.472443047496,0.871460707128661,1.78049317688748,0.814280864270853,328.797788769661,0.858321111236844,0.738354106871071,21.0928389767131,1.5699673918201,1.10786822289399,2.82976316638255,0.452345785617329,0,0
"1662","MDA-20210908-36","Transnistria","MDA","Transnistria","Moldova (the Republic of)","MD","MD","MDA",9328.94707563588,86.944194,221.981018063916,1011.51986089698,421.351468256659,108.707743141382,402.689026095592,479.977597295861,848.08609778508,89.9633920034672,183.805424985362,84.0605525803764,2432.29477912171,88.6069537770352,76.222415319989,2177.4743551896,162.072243473073,114.368418919066,292.124579951556,46.6969547791671,0,0
"1663","MDA-20210908-37","Ungheni","MDA","Ungheni","Moldova (the Republic of)","MD","MD","MDA",1087.66409564386,68.236116,11.5223879290903,52.5050490212576,21.3619874768909,5.51134533180917,45.0907223369185,24.334258202648,98.8785541494422,4.56103039419354,9.31870298914012,4.26176388788257,592.137319688701,4.49226068864082,3.86438022456861,110.395200708016,8.21685812499522,5.79833444703391,14.8103473910668,2.36747665156794,0,0
"ME000",NA,NA,"ME","Crna Gora","Montenegro","ME","ME","MNE",16021.1545765111,1053.86460696325,16.574342972981,1036.87681099924,324.818916796922,432.631654563273,904.723610832314,498.838071070738,540.976872216618,563.823743631917,107.547541667676,97.0744005009306,8814.26648497395,122.688976063489,14.5352718845546,1259.88773234153,63.9080503189423,71.0262503643468,72.2343659249802,24.8568724234853,0,0
"MK001",NA,NA,"MK","Vardarski","North Macedonia","MK","MK","MKD",3569.32886816368,342.55474972022,86.296375803767,241.076918418,44.1553372670249,17.9965806794365,126.4573238593,45.4218047148387,89.441365633986,32.2354902170072,38.9396822701149,11.0971462189577,2198.62544062254,4.31396296286782,3.18386712020259,244.836587043473,21.5839736148737,5.52230480848713,9.70101396624863,5.88894322232907,0,0
"MK002",NA,NA,"MK","Isto─ìen","North Macedonia","MK","MK","MKD",3596.71104638145,166.891598689544,138.400707276084,386.635194192403,40.7551117702748,16.6107361526359,127.726655753507,41.9240536374137,91.0617316227712,29.7531643529047,35.9410934542376,10.2425994789639,2238.45687500205,3.98176197050142,2.93869027793528,225.982703066367,19.9218783405775,5.09705425503555,8.95397777370661,5.43545931454267,0,0
"MK003",NA,NA,"MK","Jugozapaden","North Macedonia","MK","MK","MKD",3469.57919641994,78.357467870455,60.4489099773173,168.869628687496,62.6615498925026,25.5392373365726,133.595863315571,64.4588142342627,91.4797013660775,45.745903067776,55.2599299289965,15.7481388321976,2248.73130344497,6.12201428328857,4.51827708159447,347.451541854532,30.6301643981983,7.83679164731559,13.7668650785715,8.35709412224701,0,0
"MK004",NA,NA,"MK","Jugoisto─ìen","North Macedonia","MK","MK","MKD",4253.63639418324,658.475968777626,64.9090268939893,181.329378381971,48.9986141763584,19.9705758756359,146.658139785493,50.4039969382898,104.144643192463,35.7713120472182,43.2108683977424,12.3143615176825,2560.05775856021,4.78714963743504,3.53309670512027,271.69203560265,23.9514600274086,6.12803116051345,10.7650913767714,6.53488512866305,0,0
"MK005",NA,NA,"MK","Pelagoniski","North Macedonia","MK","MK","MKD",5099.85415287091,508.87223762114,151.214211147372,422.430904019795,54.8209978122654,22.3436298105785,177.105505575472,56.3933787175688,126.583720544566,40.0219282207495,48.3455085764791,13.7776465144609,3111.64958613048,5.355994740101,3.95292581224417,303.976525453842,26.7975525396934,6.85620988452556,12.0442804502738,7.31140929930008,0,0
"MK006",NA,NA,"MK","Polo┼íki","North Macedonia","MK","MK","MKD",3230.42106740871,217.346119195592,45.3099221568679,126.577464066114,53.4276086901119,21.7757202144398,120.900162427768,54.9600242803579,83.4028280233069,39.0046880818274,47.116707415542,13.4274591127673,2050.18760852006,5.21986104850485,3.8524540213745,296.250332920684,26.1164372791319,6.68194512004581,11.7381501346409,7.1255746995698,0,0
"MK007",NA,NA,"MK","Severoisto─ìen","North Macedonia","MK","MK","MKD",2058.83339390355,80.0550208816498,29.3584634723819,82.015586836502,37.0661797370898,15.1072222613322,78.883649439781,38.1293153161016,54.0029919912809,27.0600690256554,32.6879002916627,9.3154948366306,1327.48813952199,3.62135443771645,2.6726959466477,205.527972455242,18.1186577878769,4.63569650383447,8.14351219039432,4.94347096977962,0,0
"MK008",NA,NA,"MK","Skopski","North Macedonia","MK","MK","MKD",18616.2762147224,210.052940926237,318.103496055274,888.651578385872,349.128390375464,142.29575932978,724.248678522448,359.142123004075,494.156380770155,254.880281954781,307.889134907591,87.7431594227503,12147.2294469796,34.1097370915154,25.1742704652789,1935.87930316514,170.660636572578,43.6638809322292,76.7041902672909,46.5628255943514,0,0
"MT001",NA,NA,"MT","Malta","Malta","MT","MT","MLT",42529.8132783889,224.113624909189,0,6694.41912328439,0,1447.65646415543,2429.02094849569,1796.16197821276,1820.7267521003,2013.29863408983,764.349381678278,839.248532835005,13986.1111358625,751.117985890338,229.186677041091,5844.73281439739,793.411197426787,1793.79922896491,753.480735138185,348.978063906898,0,0
"MT002",NA,NA,"MT","Gozo and Comino / G─ºawdex u Kemmuna","Malta","MT","MT","MLT",1912.85743460777,54.3093532241139,0,273.655650709809,0,64.1154665389774,107.921854603522,79.5504776610586,81.4858173815866,89.1672744211892,33.8523803253781,37.1695996648356,625.942194006213,33.266373123455,10.1504818904534,258.858217035202,35.1395032867449,79.445833517858,33.3710172666556,15.4559399507213,0,0
"NL111",NA,NA,"NL","Oost-Groningen","Netherlands (the)","NL","NL","NLD",18916.7303131812,937.506733529319,1127.7437533633,2794.91286702049,418.703113526584,127.108759383111,478.799419540242,335.51680413057,397.333754939162,57.0431639572859,257.834314826919,131.12851370057,7535.13603130058,89.6729545048719,39.1655769072682,3277.9179950093,334.347242360942,511.855268589843,38.7626186505058,26.2414279403779,0,0
"NL112",NA,NA,"NL","Delfzijl en omgeving","Netherlands (the)","NL","NL","NLD",8248.72143158374,395.133953629426,674.873402497928,1672.55402712368,148.974984992755,45.2254232409582,194.394177390244,119.377213221977,165.453927289701,20.296014574385,91.7377061241242,46.6556558324337,3137.70937793017,31.9057265638679,13.935151288581,1166.28648877479,118.961081978981,182.118614582008,13.7917783393133,9.33672620840938,0,0
"NL113",NA,NA,"NL","Overig Groningen","Netherlands (the)","NL","NL","NLD",81901.2731730679,1929.82475121839,5635.57554511774,13966.7744176292,1769.88708078666,537.297535698179,2069.2007271584,1418.25278540667,1724.92508340037,241.125407654236,1089.88351902158,554.28931580338,32711.9077743959,379.053793838258,165.55560811546,13855.9865542455,1413.30896674525,2163.64769652526,163.852275635477,110.92433467209,0,0
"NL121",NA,NA,"NL","Noord-Friesland","Netherlands (the)","NL","NL","NLD",48076.6307698388,2221.5711200223,2015.36829365749,4994.73285392153,1230.5689803842,373.572804640835,1289.7117140862,986.084311824699,1050.06254757753,167.64993103962,757.77537747991,385.386867665509,19913.6470008249,263.548926741126,115.107680081476,9633.80513444764,982.646968304073,1504.3432819682,113.923385255042,77.1235899165723,0,0
"NL122",NA,NA,"NL","Zuidwest-Friesland","Netherlands (the)","NL","NL","NLD",14090.4899738028,795.206648169393,771.229472103304,1911.35545515414,320.286826590433,97.2318090299533,359.597673400798,256.653483079297,297.26798150167,43.6351519067385,197.230285169086,100.306718942058,5637.4638462524,68.5953008265131,29.959696820874,2507.44243003712,255.7588271391,391.543540886103,29.6514540179491,20.0733727758428,0,0
"NL123",NA,NA,"NL","Zuidoost-Friesland","Netherlands (the)","NL","NL","NLD",33276.2030542437,1253.23088927075,1684.36546986234,4174.40106446479,810.70226544039,246.110802284883,876.950783613521,649.63508608995,719.120684635595,110.448240660439,499.224525411089,253.893939850375,13637.5833019293,173.626765641945,75.8332596540058,6346.7776059734,647.370554622239,991.065536456869,75.0530429298366,50.8092354519938,0,0
"NL131",NA,NA,"NL","Noord-Drenthe","Netherlands (the)","NL","NL","NLD",26390.798728203,1254.85139463253,980.762727013448,2430.64646294781,697.340980056644,211.696889701718,717.133947371688,558.795980873521,581.303269826164,95.0041558670664,429.417475020093,218.391703580014,11023.9796119276,149.348366321694,65.2294212836423,5459.30152735768,556.84810104096,852.483879661754,64.5583030220038,43.7045306969448,0,0
"NL132",NA,NA,"NL","Zuidoost-Drenthe","Netherlands (the)","NL","NL","NLD",23785.6894995043,1812.87824851691,1426.46386681254,3535.23768480572,495.758768320952,150.501106771862,584.42065165664,397.263340522527,487.995528106134,67.5410518598847,305.284623448004,155.260632996999,9254.46841914831,106.175836865884,46.3733789906341,3881.16671542191,395.878539493697,606.054097323018,45.8962626697769,31.0707457728967,0,0
"NL133",NA,NA,"NL","Zuidwest-Drenthe","Netherlands (the)","NL","NL","NLD",21108.331255777,712.99767893529,910.252173062272,2255.89856129803,547.598492671383,166.238470159124,571.218205646845,438.803749655314,464.570155175908,74.6035785048755,337.207146536338,171.495683048251,8810.22382774623,117.278265037644,51.2224776605667,4287.00646156893,437.274144927181,669.427010429689,50.6954709895295,34.3197027236419,0,0
"NL211",NA,NA,"NL","Noord-Overijssel","Netherlands (the)","NL","NL","NLD",70937.4356271107,2567.12470716227,3102.52022805479,7689.04609732586,1824.29231005856,553.813728134532,1911.5854625919,1461.84899490116,1556.30995103625,248.537452879674,1123.38586127591,571.327825003551,29514.2485181518,390.705671963154,170.644684652912,14281.9109725067,1456.75320632557,2230.15688249025,168.888992790736,114.334079805088,0,0
"NL212",NA,NA,"NL","Zuidwest-Overijssel","Netherlands (the)","NL","NL","NLD",26589.3787822638,853.185924415709,1275.84111289205,3161.94590487525,667.697402680082,202.697772613058,710.330938614397,535.041874388354,580.318993114043,90.9655820185719,411.163176890974,209.107993675359,11005.3135438524,142.999650299354,62.4565548490711,5227.22965452,533.176797844555,816.245263874436,61.8139654516277,41.8466753944843,0,0
"NL213",NA,NA,"NL","Twente","Netherlands (the)","NL","NL","NLD",108419.389305711,2472.27817545389,5725.1251165513,14188.707147196,2671.08530320028,810.880855975993,2881.16922724973,2140.40444299918,2361.13839297658,363.902612548107,1644.83479283029,836.524579017374,44777.2150204786,572.06192916763,249.853878532771,20911.233517754,2132.94331086734,3265.34253299542,247.283236369699,167.405233546424,0,0
"NL221",NA,NA,"NL","Veluwe","Netherlands (the)","NL","NL","NLD",129500.397620858,3865.75206748619,5053.47886806646,12524.1510488997,3482.15485340326,1057.10315757627,3560.80541872774,2790.33384314071,2882.50025290921,474.400891252818,2144.28548951179,1090.53354429619,54664.4508449955,745.767355580757,325.721494080372,27260.8865007994,2780.60715360607,4256.85706692742,322.370281719696,218.237487878192,0,0
"NL224",NA,NA,"NL","Zuidwest-Gelderland","Netherlands (the)","NL","NL","NLD",62851.2971613134,2577.89640470841,3709.60761331325,9193.604503794,1422.80668129251,431.931806233417,1608.17463228627,1140.1289724887,1331.30836385388,193.839960054029,876.153947632216,445.591445044943,25247.2625256398,304.720157741722,133.089634875138,11138.7841966264,1136.1546521499,1739.34960710093,131.720331228995,89.171725248838,0,0
"NL225",NA,NA,"NL","Achterhoek","Netherlands (the)","NL","NL","NLD",130653.295054308,1867.25647363769,6264.72632929253,15526.0130449698,3388.55130569643,1028.68724558875,3552.83961403595,2715.32708496936,2892.93335016155,461.648555895547,2086.64510946998,1061.21899254969,54862.3066929996,725.720438316846,316.965798629179,26528.0886220336,2705.86185785848,4142.42880617507,313.704669960723,212.371062067731,0,0
"NL226",NA,NA,"NL","Arnhem/Nijmegen","Netherlands (the)","NL","NL","NLD",45602.7324310836,4362.45756534544,1626.22850254375,4030.31890260515,1116.9821498554,339.090421672219,1186.10848000876,895.064471897178,968.60907916142,152.175118486473,687.829438038273,349.813995666183,18368.9431917296,239.222222789556,104.482744171019,8744.56332143497,891.944410026074,1365.48590123631,103.407764870891,70.0047495449489,0,0
"NL230",NA,NA,"NL","Flevoland","Netherlands (the)","NL","NL","NLD",65795.3716589825,4451.26653865304,2120.85743301284,5256.16897541271,1738.39675448729,527.737787563593,1778.69742406844,1393.01883490651,1440.06897474204,236.835236914799,1070.49200641331,544.427245161483,27309.825768008,372.309562648281,162.609996399978,13609.4569634431,1388.1629780504,2125.15147114451,160.936970088209,108.950737863975,0,0
"NL310",NA,NA,"NL","Utrecht","Netherlands (the)","NL","NL","NLD",322526.109774281,2494.9750670727,6727.44974767883,16672.790965098,10095.3282637791,3064.71246503579,9530.85751506841,8089.62762942796,7562.84747998242,1375.36465994493,6216.62930547815,3161.63254531103,143423.71831553,2162.0997858955,944.319119552125,79033.7045804328,8061.42838846769,12341.3148673211,934.603414683458,632.705658520495,0,0
"NL321",NA,NA,"NL","Kop van Noord-Holland","Netherlands (the)","NL","NL","NLD",54948.0074686647,5952.74416568568,1783.30292934469,4419.60000944928,1346.82442122477,408.865317114219,1424.77265635271,1079.24257292548,1162.50805300707,183.488309018088,829.364627632756,421.795489131517,22046.0914986494,288.447162557035,125.982238359249,10543.9388049126,1075.48049353658,1646.46297961096,124.686059746268,84.4096804063222,0,0
"NL322",NA,NA,"NL","Alkmaar en omgeving","Netherlands (the)","NL","NL","NLD",36445.1960029982,1099.30817412745,1124.37247373058,2786.55774840803,1035.13074707854,314.242194074614,1025.80635600719,829.474988117155,824.106760442979,141.023868739585,637.425942886679,324.179954638792,15628.5653233843,221.692243001375,96.8263468172378,8103.76993487708,826.583561449338,1265.42437697409,95.8301409905109,64.8748672527039,0,0
"NL323",NA,NA,"NL","IJmond","Netherlands (the)","NL","NL","NLD",31104.2250384166,587.735317369688,2186.78847988809,5419.56738103295,670.135416441688,203.437898240466,785.963759331779,536.995513038973,655.614785530452,91.2977314921261,412.664487933225,209.871525425215,12433.2416556461,143.521795681282,62.6846071668026,5246.31623143589,535.123626400868,819.225681617837,62.0396714343462,41.9994733087486,0,0
"NL324",NA,NA,"NL","Agglomeratie Haarlem","Netherlands (the)","NL","NL","NLD",31619.9260859632,64.1223551986102,649.613544875773,1609.95195029841,999.879095339576,303.540592930537,940.010454620459,801.226997716127,745.083907047246,136.221263540465,615.718233583833,313.139920426755,14129.9563013305,214.14245495231,93.5288999325903,7827.79390351757,798.434039349257,1222.33001467737,92.5666201591307,62.6655364667543,0,0
"NL325",NA,NA,"NL","Zaanstreek","Netherlands (the)","NL","NL","NLD",24368.0333020284,128.210821927983,1207.61085733754,2992.84931834957,634.782175716662,192.705456986611,665.357580025735,508.666116957312,541.736014371309,86.481286039611,390.894220875802,198.799675799533,10273.6163504846,135.950250486804,59.3776576271278,4969.54488627344,506.892982388271,776.007129039101,58.766745716786,39.7837756247004,0,0
"NL326",NA,NA,"NL","Groot-Amsterdam","Netherlands (the)","NL","NL","NLD",497628.866510055,2453.34133197479,8046.99393218772,19943.0471814478,16076.4261416871,4880.4379909497,14930.5059334988,12882.4241966319,11796.0591453407,2190.21588954396,9899.74563168441,5034.77953106401,223703.395919684,3443.06164303913,1503.79226737296,125858.167381237,12837.5179783591,19653.0743500085,1488.32037704366,1007.55968729882,0,0
"NL327",NA,NA,"NL","Het Gooi en Vechtstreek","Netherlands (the)","NL","NL","NLD",47367.3803551748,119.509415553011,1082.45912416304,2682.68294559322,1476.32831983165,448.179760583605,1398.72293352897,1183.01713962755,1110.93289687651,201.131626879088,909.112181176084,462.353233256511,21068.0074258809,316.182798698277,138.096060150442,11557.7912123903,1178.89331750512,1804.77862299499,136.67524748641,92.5260929991669,0,0
"NL332",NA,NA,"NL","Agglomeratie 's-Gravenhage","Netherlands (the)","NL","NL","NLD",167372.41123769,2202.87038912174,1659.08278832328,4111.74242260971,5539.64080818113,1681.70918201508,5069.31737166865,4439.04647457132,3989.10239122644,754.708118179505,3411.27029157842,1734.89243844779,75650.3286897437,1186.41572540831,518.179161086376,43368.4099888402,4423.57261756523,6772.08800737227,512.847832201924,347.186539548463,0,0
"NL333",NA,NA,"NL","Delft en Westland","Netherlands (the)","NL","NL","NLD",59900.6510203836,9717.18888084008,1678.42825257831,4159.68672449887,1369.5536022674,415.76538045454,1488.37648648643,1097.45600850206,1221.7604495441,186.584881168959,843.361091072791,428.913763707143,23169.7686656081,293.315033732871,128.108330713009,10721.8796635891,1093.63043978064,1674.24889925558,126.790277624117,85.8341889595316,0,0
"NL337",NA,NA,"NL","Agglomeratie Leiden en Bollenstreek","Netherlands (the)","NL","NL","NLD",72673.0532265346,2218.07442423476,2970.19087705657,7361.09127187336,1926.77779809322,584.925995557477,1986.13410523692,1543.97306397132,1610.83793730317,262.499843672435,1186.49567520721,603.424003149142,30548.3307951461,412.654819722139,180.23119866207,15084.2432566558,1538.5910030828,2355.44311827367,178.376875162661,120.757164473708,0,0
"NL338",NA,NA,"NL","Oost-Zuid-Holland","Netherlands (the)","NL","NL","NLD",49213.0753744294,3173.21710414985,1421.7508238011,3523.55724364502,1338.21622889565,406.252065356261,1347.84835131147,1072.34462283554,1087.13215418759,182.31554838999,824.063765758615,419.099594524336,20616.6442291283,286.603560218861,125.177026246401,10476.5475015557,1068.60658867661,1635.93965543602,123.889132124418,83.8701781876763,0,0
"NL339",NA,NA,"NL","Groot-Rijnmond","Netherlands (the)","NL","NL","NLD",317900.670051173,7303.58003122572,12250.3287426638,30360.2669719884,8677.51466550894,2634.29644544921,8812.03533133263,6953.49973360744,7121.58592913937,1182.20494621412,5343.55006185066,2717.60482294776,135055.524650499,1858.44898850062,811.69653870835,67934.0099347576,6929.26086582669,10608.0691934582,803.345332162041,543.846865332822,0,0
"NL33A",NA,NA,"NL","Zuidoost-Zuid-Holland","Netherlands (the)","NL","NL","NLD",71673.4224065806,574.482370605119,3274.92465735583,8116.31989631409,1909.79045017928,579.769022397272,1974.05517838799,1530.3606964044,1602.07803182939,260.185525863587,1176.03499061084,598.103943155061,30382.2057716721,409.016667467154,178.642198581391,14951.2537191632,1525.02608620837,2334.6764622632,176.804223639901,119.692514482387,0,0
"NL341",NA,NA,"NL","Zeeuwsch-Vlaanderen","Netherlands (the)","NL","NL","NLD",19154.7049082708,1361.46345655613,1205.67384216673,2988.04876981329,393.116734165663,119.341315500787,468.67842419313,315.013827307342,392.227094605799,53.5573335781773,242.078409560631,123.115428084087,7438.29205618091,84.193161882717,36.7722216245755,3077.60887232834,313.915735871125,480.576487379647,36.3938876003327,24.637849871422,0,0
"NL342",NA,NA,"NL","Overig Zeeland","Netherlands (the)","NL","NL","NLD",47065.7867709944,3454.87136839029,2431.65626081298,6026.42874433881,1060.14237107939,321.835155278385,1191.45227956867,849.517399744338,985.144613396858,144.431395750077,652.827918006121,332.013039644647,18682.5271706023,227.048941217041,99.1659393632077,8299.57944703063,846.55610820501,1296.00053250586,98.1456624462964,66.4424236134917,0,0
"NL411",NA,NA,"NL","West-Noord-Brabant","Netherlands (the)","NL","NL","NLD",132942.386670864,5716.88890900555,6333.61978159232,15696.7532469987,3280.17958563496,995.788051758531,3516.43149497443,2628.48623760401,2877.77574434905,446.8842381819,2019.91059690971,1027.27937729547,54574.8540910338,702.510645963414,306.828685243775,25679.674555208,2619.32372479498,4009.94678230761,303.671853099485,205.579068908627,0,0
"NL412",NA,NA,"NL","Midden-Noord-Brabant","Netherlands (the)","NL","NL","NLD",85584.9858005528,3063.76231811735,3469.83814493293,8599.3784038522,2253.60869648629,684.144436215605,2329.21329229557,1805.87046806838,1890.26892581713,307.02654510132,1387.75575192764,705.780180003757,35847.5294754493,482.65165360173,210.803029329559,17642.9175262219,1799.57547170948,2754.98664177752,208.634165037837,141.240674607258,0,0
"NL413",NA,NA,"NL","Noordoost-Noord-Brabant","Netherlands (the)","NL","NL","NLD",138447.078840273,5624.98598084098,6803.73693217445,16861.8552209626,3392.24353900419,1029.80812379562,3654.06484718117,2718.28575969497,2993.62306893243,462.15157739966,2088.91875973513,1062.37531799901,56771.8115323459,726.511197828135,317.311170905865,26556.9941582244,2708.81021908322,4146.94247949246,314.046488846357,212.602465826515,0,0
"NL414",NA,NA,"NL","Zuidoost-Noord-Brabant","Netherlands (the)","NL","NL","NLD",195497.543818508,4906.88193731251,13233.0258157715,32795.7073686396,4251.8455768433,1290.76378680143,4948.78600216098,3407.10540120831,4121.68202675564,579.261812309246,2618.25540732611,1331.58358026016,78164.6018323457,910.610746986485,397.718525508674,33286.5953896243,3395.22873758584,5197.78690300922,393.626565773202,266.476402285611,0,0
"NL421",NA,NA,"NL","Noord-Limburg","Netherlands (the)","NL","NL","NLD",58331.6349855077,5753.90143973571,3035.56626822916,7523.11258339013,1242.17775938344,377.096966389042,1435.56384177949,995.386703671934,1193.9059296994,169.231484800278,764.923978678584,389.022479359978,22641.5286318647,266.035159772181,116.193567699709,9724.6872519967,991.916933394327,1518.53475678816,114.998100629273,77.8511482454761,0,0
"NL422",NA,NA,"NL","Midden-Limburg","Netherlands (the)","NL","NL","NLD",40153.4974716001,1834.90873246386,2111.1339261848,5232.07098837866,948.723283578637,288.010849878469,1043.23737479398,760.234624074164,858.568928205513,129.251911597822,584.216858865827,297.119056605469,16282.1144336631,203.186499210635,88.7437745894763,7427.30833151371,757.584559036235,1159.79316954076,87.8307269713663,59.4594424476541,0,0
"NL423",NA,NA,"NL","Zuid-Limburg","Netherlands (the)","NL","NL","NLD",110063.394559162,704.399292801891,6570.72305820061,16284.3716635308,2652.69889312705,805.299159307359,2911.94318914659,2125.6709735123,2395.58738987039,361.397689679109,1633.51257598927,830.766363835056,45430.514355131,568.124142079977,248.134009884777,20767.2910857644,2118.26120006781,3242.86555452929,245.581062731634,166.252899972988,0,0
"NO011",NA,NA,"NO","Oslo","Norway","NO","NO","NOR",254733.293827347,31.967895321045,849.732070093283,12358.2672277179,17365.8275740433,6786.3617821678,9402.42507889434,4790.38580449931,3789.79591468757,1308.46891582345,8014.54186760195,1678.67756203662,137947.136012994,2080.58345624179,707.280495039701,27862.2340819776,6157.52314848273,8485.19303572975,3336.65820636126,1780.23369763392,0,0
"NO012",NA,NA,"NO","Akershus","Norway","NO","NO","NOR",127685.155205211,742.732230861523,540.86256998446,7866.1550017813,8426.26024230913,3292.88369536036,4628.41647011341,2324.39469283388,1873.42448253258,634.896295998023,3888.82218318447,814.529220697094,68191.9416558611,1009.54230850136,343.187187025958,13519.3346994758,2987.75812876954,4117.19190579529,1619.0158670273,863.806367098402,0,0
"NO021",NA,NA,"NO","Hedmark","Norway","NO","NO","NOR",35608.9410172919,1756.16635575727,293.051784191233,4262.06375875305,1935.00138658642,756.175851820594,1164.08797330484,533.772613742004,483.047858912569,145.797207511608,893.026811451514,187.048005418845,17582.7591232417,231.830694827016,78.809301357626,3104.5719734432,686.106998324751,945.46949862221,371.789840037593,198.363979987822,0,0
"NO022",NA,NA,"NO","Oppland","Norway","NO","NO","NOR",34792.8114322353,1270.01035764787,370.67030849911,5390.92601896239,1792.59100679384,700.523545318775,1108.61467735646,494.488527863399,463.26093646221,135.066964195837,827.302679021756,173.28182536554,16862.5226398049,214.768641266354,73.0091698355876,2876.08465715687,635.61155222993,875.885739502211,344.427207281974,183.764977670273,0,0
"NO031",NA,NA,"NO","├ÿstfold","Norway","NO","NO","NOR",51877.0397313363,780.444153814019,596.643226015757,8677.41337090054,2717.20492975435,1061.85182427845,1667.87196701698,749.544464144425,695.651890339867,204.734163882867,1254.02331559027,262.660154120827,25321.4653492285,325.545765093028,110.667115612361,4359.5618739575,963.458388769332,1327.66539620973,522.081892646546,278.550489960866,0,0
"NO032",NA,NA,"NO","Buskerud","Norway","NO","NO","NOR",57312.8106740573,707.114984111095,709.941351879127,10325.1898466848,2930.57481680769,1145.23427413811,1821.44697247206,808.402821092279,762.077490297365,220.811017323434,1352.49612869308,283.285675149615,27739.3320308008,351.109410428704,119.357306661316,4701.89866808824,1039.11444449822,1431.92099082162,563.07863648679,300.423807622989,0,0
"NO033",NA,NA,"NO","Vestfold","Norway","NO","NO","NOR",44226.2447746279,451.023789019089,432.210644495069,6285.95157382714,2472.43399745641,966.198214149599,1468.99481911053,682.024088600289,607.601106120237,186.291325207692,1141.05853596721,238.999233261432,22116.4501504623,296.219990082502,100.69801362578,3966.84433814925,876.668244431318,1208.0667994122,475.051773497409,253.458137752476,0,0
"NO034",NA,NA,"NO","Telemark","Norway","NO","NO","NOR",35587.0075589327,386.244208691369,539.909156191364,7852.28881637019,1653.36050874644,646.113899315304,1081.15657491219,456.081616441768,457.892741911805,124.576316511304,763.046100917998,159.823030382876,16667.122391227,198.087566344552,67.33854946557,2652.69923475724,586.243619083857,807.855716322737,317.675554825169,169.491956513896,0,0
"NO041",NA,NA,"NO","Aust-Agder","Norway","NO","NO","NOR",18677.4598065775,239.701522282011,123.176583909589,1791.44602602207,1141.85929137779,446.225221492005,649.629051855381,314.983349732652,265.575980335441,86.036060339862,526.982031730887,110.378475385993,9666.86510456526,136.805086936808,46.5059785620876,1832.03194488713,404.877048847249,557.928867234875,219.396061537566,117.056119542815,0,0
"NO042",NA,NA,"NO","Vest-Agder","Norway","NO","NO","NOR",39017.8473727846,281.89761945222,525.891610834182,7648.42152984811,1942.82114149659,759.231720344108,1224.61436151184,535.929703161245,514.138150084727,146.386405244091,896.635724004325,187.80390645796,18714.4339473102,232.767572302541,79.1277866184274,3117.11821351392,688.879703608707,949.290343302486,373.292322385842,199.165611303056,0,0
"NO043",NA,NA,"NO","Rogaland","Norway","NO","NO","NOR",121708.311706052,2563.88872782409,1113.41375927045,16193.1804816685,6792.51744104813,2654.43616609079,4037.27870311473,1873.72464615776,1670.05034627726,511.798121564023,3134.82989426121,656.60254712382,60789.2001185631,813.805121225677,276.647633277851,10898.1106798087,2408.47049767109,3318.92168341016,1305.10964507108,696.325492624046,0,0
"NO051",NA,NA,"NO","Hordaland","Norway","NO","NO","NOR",120422.298634345,2856.35326678571,1033.36799699605,15029.0171466012,6804.63744840316,2659.17252284448,4019.33971906896,1877.06796572812,1659.9061358917,512.711331879857,3140.4234259238,657.774134502069,60419.9547023714,815.257207899052,277.141260475598,10917.5563687954,2412.76797359213,3324.84369326332,1307.4383749764,697.567958346857,0,0
"NO052",NA,NA,"NO","Sogn og Fjordane","Norway","NO","NO","NOR",26386.391251108,1877.20092592349,402.589814766723,5855.15445297768,1049.42894506944,410.104526003983,746.435004069239,289.486320180067,322.058296339313,79.071679603752,484.324296177156,101.443643588456,11722.8000159726,125.731094144705,42.7414484344605,1683.73403428419,372.103373386677,512.766071080087,201.636558155904,107.580750950071,0,0
"NO053",NA,NA,"NO","M├©re og Romsdal","Norway","NO","NO","NOR",62243.3549509568,4800.97869911832,746.105913416752,10851.1571855498,2788.52528592003,1089.72298315698,1854.1715096585,769.218275846815,788.305143747835,210.107963012817,1286.93853244733,269.554376760164,28694.0086833909,334.090589835695,113.57187189882,4473.99030818129,988.746947127737,1362.5135476648,535.785336992413,285.861797229814,0,0
"NO061",NA,NA,"NO","S├©r-Tr├©ndelag","Norway","NO","NO","NOR",76820.5174577663,2420.20733189634,595.657729573534,8663.08058435097,4386.33479505559,1714.12820322201,2576.84209682269,1209.97607781288,1062.65083291115,330.498659465195,2024.3471674703,424.007538290093,38680.0878680032,525.522643203666,178.647924035241,7037.56191869793,1555.29345908745,2143.22624687439,842.787360830767,449.659020162895,0,0
"NO062",NA,NA,"NO","Nord-Tr├©ndelag","Norway","NO","NO","NOR",26263.7647268993,2320.93239452807,256.165688170432,3725.60262275958,1246.45462860752,487.099852783964,802.907990018582,343.836107630065,338.850585079961,93.9170407838765,575.254059413377,120.489242923708,12334.0329665117,149.336555841029,50.7659679912846,1999.84771740659,441.964150367135,609.035652860112,239.49293793615,127.778565286205,0,0
"NO071",NA,NA,"NO","Nordland","Norway","NO","NO","NOR",55532.6864447866,5732.208869412,603.585864904426,8778.38518268857,2438.53078156934,952.949234934093,1637.40963815236,672.67184302375,697.693743872382,183.736808070773,1125.41178708555,235.721959687925,25395.7880445159,292.158077698122,99.3171935517694,3912.44904180362,864.646943647205,1191.50120067484,468.537632836431,249.982596657589,0,0
"NO072",NA,NA,"NO","Troms","Norway","NO","NO","NOR",37096.244739325,2816.19419841202,227.497442482486,3308.65961962848,2043.87695452966,798.723147084897,1219.73224106711,563.806078770279,505.083194778731,154.000691954773,943.274217969834,197.572523883688,18384.8370034889,244.874974144301,83.2436172728503,3279.255071436,724.711771236164,998.667666514533,392.709117031512,209.525207638803,0,0
"NO073",NA,NA,"NO","Finnmark","Norway","NO","NO","NOR",17779.3113994796,2315.88338497985,166.540666053095,2422.12119302539,774.949081569793,302.841013931984,521.821347407501,213.770697868179,222.486316611871,58.3903519861975,357.64848136487,74.910892061173,8098.41766405986,92.8459200501248,31.5623524249716,1243.35063331991,274.779125170734,378.651263347202,148.898185330187,79.4428289166634,0,0
"PL113",NA,NA,"PL","Miasto ┼ü├│d┼║","Poland","PL","PL","POL",91599.8433712446,156.399050116905,3184.51590012982,24138.7436088055,6151.0156729603,4371.55108927025,2362.42968279813,4688.59608721896,14295.2123186033,1177.18261539902,1350.50245157073,836.683213255702,16327.6244754709,888.518517503143,367.880723326365,3330.56109487949,3653.85346076436,1877.60180915576,2262.43967402313,178.531925992736,0,0
"PL114",NA,NA,"PL","┼ü├│dzki","Poland","PL","PL","POL",37622.4756288993,1699.50396040827,1707.59462080188,12943.6278643268,1867.75016145793,1327.41740338902,766.529802876013,1423.68782076273,5158.83809921858,357.450401182091,410.078807481986,254.058075890968,5892.29242186049,269.797817589721,111.706637882682,1011.32176431488,1109.48918912474,570.132034880123,686.987692946626,54.2110525037645,0,0
"PL115",NA,NA,"PL","Piotrkowski","Poland","PL","PL","POL",70497.1770319418,4321.64886704647,3887.74569607032,29469.2504345332,2577.40290975418,1831.77040942274,1152.34333384115,1964.61882725855,8692.10928644169,493.263886739741,565.888486288533,350.587587976324,9927.90405386854,372.307653588034,154.149639207067,1395.57405044379,1531.04024478239,786.754029509527,948.009062081306,74.8085730882621,0,0
"PL116",NA,NA,"PL","Sieradzki","Poland","PL","PL","POL",37656.9454805552,4564.77045575256,1586.15085955239,12023.0798414481,1647.72391957905,1171.04388582802,695.803744448323,1255.97337625338,4876.71332690775,315.341734801999,361.770366264128,224.1293173178,5570.05675058443,238.01487300946,98.547280580276,892.185205408719,978.7882304388,502.968871627328,606.058603277534,47.8248374752024,0,0
"PL117",NA,NA,"PL","Skierniewicki","Poland","PL","PL","POL",30284.0177714818,3769.25530240578,1113.88888087213,8443.31727248577,1495.82267255445,1063.08707069405,611.751830597126,1140.18703619022,4095.98807334064,286.270843625301,328.419287773924,203.467164883887,4678.33241136831,216.072631599397,89.4623515863147,809.935962275132,888.555181679854,456.600910400992,550.186951167656,43.4159359808986,0,0
"PL121",NA,NA,"PL","Ciechanowsko-p┼éocki","Poland","PL","PL","POL",103471.534875285,9822.68017628171,6241.31157552923,47309.3633786625,2738.41383894847,1946.20151158981,1367.07581560597,2087.34899943783,11609.6672554027,524.07819072046,601.239665047915,372.488872052022,13260.2638566411,395.565794961077,163.779401224392,1482.7558696972,1626.68466712448,835.902727549434,1007.23139763182,79.4818811764373,0,0
"PL122",NA,NA,"PL","Ostro┼é─Öcko-siedlecki","Poland","PL","PL","POL",68670.0700258727,13489.9225372212,2418.83961705893,18334.8901930829,2889.77501621172,2053.77449701514,1227.3217263685,2202.72367269594,8669.58870685325,553.045723237714,634.472167098794,393.077562259964,9902.18162608679,417.430022916254,172.83202965776,1564.7126838351,1716.59690126166,882.105832105765,1062.90440364489,83.8751072604036,0,0
"PL127",NA,NA,"PL","Miasto Warszawa","Poland","PL","PL","POL",469052.464456867,302.751587424718,7966.94653769489,60389.73767116,41003.0322298937,29141.0166610271,15010.1140531221,31254.4572634246,83016.4547443648,7847.16854679163,9002.52876800993,5577.37950663095,94819.2631309829,5922.91669328573,2452.31453751896,22201.7161356459,24356.8020601265,12516.204085474,15081.5559257898,1190.10431849901,0,0
"PL128",NA,NA,"PL","Radomski","Poland","PL","PL","POL",50506.5461718076,6492.3356021603,2020.67614559537,15316.7969401464,2284.16429717308,1623.3645713625,955.510061226169,1741.09843897321,6609.80441706728,437.143822144284,501.505710135505,310.700220154529,7549.54889601302,329.94913083697,136.61158717807,1236.79553864901,1356.84935072903,697.242739216941,840.151318525975,66.2973845198959,0,0
"PL129",NA,NA,"PL","Warszawski-wschodni","Poland","PL","PL","POL",81239.7118185127,6217.07053091698,3034.91871772343,23004.7916537971,4450.62362556182,3163.07575735586,1780.00559054576,3392.47656419166,11518.6566427646,851.761243712462,977.168395743516,605.389788290795,13156.3138716168,642.89569658103,266.183460696192,2409.857929709,2643.77907673129,1358.55595490696,1637.00891039507,129.178407272359,0,0
"PL12A",NA,NA,"PL","Warszawski-zachodni","Poland","PL","PL","POL",110291.321136875,5991.37321113154,4167.91110602042,31592.9141909508,6296.90673634104,4475.23644319326,2497.57042268213,4799.80118005169,15950.228250759,1205.10327642234,1382.53394835655,856.527838954068,18217.9411800359,909.592583680838,376.606194496807,3409.55603256474,3740.51631372564,1922.1351576477,2316.10068667978,182.766383180838,0,0
"PL213",NA,NA,"PL","Miasto Krak├│w","Poland","PL","PL","POL",121880.300809227,125.207998653188,2896.05163896079,21952.1742654466,9713.38833949729,6903.34338810071,3611.93323101694,7404.00561201743,20599.7086434623,1858.95021209931,2132.64856781552,1321.24992027207,23528.4583074612,1403.10574159029,580.939558322468,5259.46201782578,5769.98978494546,2965.01854148182,3572.73600278374,281.929037474106,0,0
"PL214",NA,NA,"PL","Krakowski","Poland","PL","PL","POL",62241.3081267449,2355.25126081352,2684.86541758351,20351.3752079413,3306.12162085764,2349.67367039148,1334.90875570615,2520.08281552027,8766.85815197879,632.726220090311,725.884242790491,449.71052070528,10013.2802888804,477.571581253305,197.732940046419,1790.14989244353,1963.91694776235,1009.19592253677,1216.0431902418,95.9594792015661,0,0
"PL215",NA,NA,"PL","Nowos─àdecki","Poland","PL","PL","POL",51504.2049831352,2490.71325748675,1743.36699023779,13214.783694969,3209.09556656759,2280.71687108046,1248.97322516029,2446.12495186169,7731.73333467976,614.157354325085,704.581431815556,436.512688804155,8830.98729977212,463.556099827052,191.929993519939,1737.61365797601,1906.28110303341,979.57865203117,1180.35549144359,93.1433185437376,0,0
"PL216",NA,NA,"PL","O┼øwi─Öcimski","Poland","PL","PL","POL",52623.8915325231,1236.62400735349,2622.67080108297,19879.9378062649,2491.09796586267,1770.43314554015,1036.37342626582,1898.83310279418,7113.78351095309,476.746829236752,546.939576953035,338.848079964269,8125.18087720066,359.840844059849,148.98790220727,1348.84292444709,1479.77300134074,760.409385404306,916.264755204827,72.3035903870507,0,0
"PL217",NA,NA,"PL","Tarnowski","Poland","PL","PL","POL",31682.4409434128,1484.03287654696,1250.63915397699,9479.88919878006,1778.32679793367,1263.863866379,708.390851592435,1355.52508884694,4555.20300831696,340.336539903209,390.445225308215,241.894389255846,5202.83591958578,256.88055016379,106.358394047083,962.902122525243,1056.36952829821,542.835491014686,654.096382603968,51.6155583337664,0,0
"PL224",NA,NA,"PL","Cz─Östochowski","Poland","PL","PL","POL",48775.6708144352,1939.73610796557,2209.56567660683,16748.5862928977,2459.48189986368,1747.96348278772,1005.74278012411,1874.73383671886,6732.76277541785,470.696140173329,539.998028286794,334.547549271943,7689.98877591994,355.273881206186,147.097004533318,1331.72392410829,1460.99228636483,750.758559284799,904.635872129939,71.3859407735199,0,0
"PL225",NA,NA,"PL","Bielski","Poland","PL","PL","POL",76047.2713072418,1096.69875284576,3903.14699055606,29585.9927936528,3558.87915655933,2529.30944751611,1485.94485902022,2712.74660568352,10251.8840564213,681.099008058827,781.379089457632,484.091507259279,11709.4387483479,514.082584126646,212.849894709514,1927.00930877478,2114.0610939751,1086.35033597738,1309.0113612048,103.295713094835,0,0
"PL227",NA,NA,"PL","Rybnicki","Poland","PL","PL","POL",66585.0488102505,793.373688626166,3960.44643308432,30020.3246027861,2522.33987369428,1792.6368926079,1119.35859591512,1922.64716775592,8367.2394811372,482.725911834923,553.798976337077,343.0977163207,9556.84610340156,364.353759504455,150.856422182225,1365.75933114903,1498.33145723173,769.945999483177,927.756017059537,73.2103801390886,0,0
"PL228",NA,NA,"PL","Bytomski","Poland","PL","PL","POL",32474.6265735514,641.007174772835,1288.5322992593,9767.12058564914,1926.24807262336,1368.99209948342,758.873373308458,1468.27770509783,4793.6819244506,368.645743174765,422.922470486774,262.015171578073,5475.22041455969,278.247881785496,115.205288352265,1042.99634903684,1144.23837633602,587.98856291969,708.504138702069,55.9089419747384,0,0
"PL229",NA,NA,"PL","Gliwicki","Poland","PL","PL","POL",63654.7098011328,462.872873386373,3428.19340119165,25985.8277201224,2853.8979993099,2028.27655965719,1206.04658681765,2175.376507608,8461.51686552348,546.179572534367,626.595094131163,388.19744174338,9664.52731124105,412.247562723514,170.686292493303,1545.28652675038,1695.28507743639,871.15434776179,1049.70827625066,82.8337844501704,0,0
"PL22A",NA,NA,"PL","Katowicki","Poland","PL","PL","POL",95239.2687172635,108.183945279529,3344.43319294063,25350.9223671584,6364.46115231694,4523.24763296192,2446.87885282272,4851.2943621958,14832.3707792251,1218.03185412535,1397.36603613531,865.716832907831,16941.1530774519,919.35086633285,380.64649755153,3446.13439971567,3780.64528587061,1942.75619007498,2340.94825641225,184.727135784105,0,0
"PL22B",NA,NA,"PL","Sosnowiecki","Poland","PL","PL","POL",68003.7467896741,1056.67359013494,3327.16075514545,25219.9966753068,3357.6067887821,2386.26438221666,1382.34489699793,2559.32725411626,9346.67007525787,642.579461872477,737.188204477205,456.713717904632,10675.5265807652,485.008649781474,200.8121714813,1818.02732055778,1994.50039430204,1024.91180582814,1234.98023945923,97.4538252865583,0,0
"PL22C",NA,NA,"PL","Tyski","Poland","PL","PL","POL",56452.9832533339,493.735640014194,3459.01419537293,26219.4504344984,2046.47195612145,1454.43568747049,921.045502197768,1559.91805520088,7002.69953596466,391.654214154908,449.318541970589,278.368455410116,7998.30361309082,295.61430587116,122.395653581996,1108.093401352,1215.6542978914,624.686986913643,752.724361548667,59.3984147077694,0,0
"PL311",NA,NA,"PL","Bialski","Poland","PL","PL","POL",19161.1036126895,3394.06761744874,431.597004773178,3271.52062268663,1128.50570187059,802.033451474822,441.615988474185,860.200607430462,2758.91922906377,215.973647971763,247.772042540464,153.503393101265,3151.16670716996,163.013438191636,67.4938117467481,611.046595527692,670.359934603728,344.477149812733,415.082030029128,32.7546387720026,0,0
"PL312",NA,NA,"PL","Che┼émsko-zamojski","Poland","PL","PL","POL",35085.0710006801,5732.37118595819,905.218475446075,6861.58818923022,1997.02551603267,1419.29390755585,787.97097907801,1522.22763172394,4990.01101477667,382.19114451557,438.46219854508,271.642573283136,5699.46246070849,288.471733005247,119.438354639361,1081.31987346717,1186.28190545301,609.593426711035,734.537188284283,57.9632422660307,0,0
"PL314",NA,NA,"PL","Lubelski","Poland","PL","PL","POL",67870.3187474875,2815.84602547856,2420.24579747559,18345.5490905763,4148.45692446487,2948.32469158824,1621.79633964583,3162.15076309202,10115.1523748591,793.932519742944,910.825389594407,564.28798984732,11553.2673323039,599.247505197336,248.111436420047,2246.2451684433,2464.284680158,1266.31935938985,1525.86727638238,120.408082827429,0,0
"PL315",NA,NA,"PL","Pu┼éawski","Poland","PL","PL","POL",33748.2182856972,3370.73873393574,1383.33042105806,10485.693715274,1610.7176466549,1144.74338176288,665.520689527108,1227.76543862815,4523.38575033375,308.259466854199,353.645356515371,219.095591346835,5166.49506443718,232.669290994213,96.3340047288105,872.147595456028,956.805600970255,491.672681097699,592.447117873689,46.7507382483048,0,0
"PL323",NA,NA,"PL","Kro┼ønie┼äski","Poland","PL","PL","POL",30315.6222257316,1089.47542060974,1351.57869841666,10245.0145301121,1567.89706015185,1114.31062211418,637.268139989372,1195.12555523243,4227.47048537329,300.064454405414,344.243769830381,213.270981589073,4828.50824653269,226.483827314522,93.7729856754448,848.961736884097,931.369127303974,478.601667307134,576.697037086979,45.5078798023192,0,0
"PL324",NA,NA,"PL","Przemyski","Poland","PL","PL","POL",20693.9168673088,1135.60262993911,703.208767982526,5330.34743305952,1269.28207596912,902.0837755602,495.502413039994,967.507041337425,3083.06562871134,242.915458732576,278.680570245742,172.652300418965,3521.39840226932,183.348683924036,75.9133829337133,687.272106822007,753.984537277874,387.449235846545,466.861780050857,36.8406431879185,0,0
"PL325",NA,NA,"PL","Rzeszowski","Poland","PL","PL","POL",59912.4325689357,1070.9721506713,2495.2374906382,18913.9887877901,3434.17220967693,2440.67972870725,1363.55093483574,2617.6890518925,8722.79794002974,657.232567507425,753.998727181376,467.128421066611,9962.95584605436,496.068578398553,205.391405857893,1859.48483352859,2039.98212333442,1048.28345376961,1263.14219759767,99.6761203974111,0,0
"PL326",NA,NA,"PL","Tarnobrzeski","Poland","PL","PL","POL",54611.807785314,1171.83745256583,3119.19101233446,23643.5786395548,2149.24613789713,1527.47770364764,942.094908389561,1638.2574144483,6935.08171036839,411.323157713291,471.883398219676,292.348168228246,7921.07226880732,310.460108334378,128.542384844139,1163.74204697078,1276.70467066302,656.058877329206,790.526311450488,62.3814135473592,0,0
"PL331",NA,NA,"PL","Kielecki","Poland","PL","PL","POL",63364.7659743955,2496.00120346297,2478.94032240752,18790.4556738704,3641.44457123009,2587.98901323835,1443.33467783099,2775.68188348922,9207.44081277262,696.900393708176,799.50695660289,495.32235109442,10516.5024919171,526.009216042541,217.787977472714,1971.71560973478,2163.10696577484,1111.55348618898,1339.38021080381,105.692156753134,0,0
"PL332",NA,NA,"PL","Sandomiersko-j─Ödrzejowski","Poland","PL","PL","POL",35844.1284279887,4608.69342535351,1491.71973614909,11307.2885726932,1555.62568548494,1105.58930775828,658.071513912861,1185.77173103378,4623.41604109929,297.715956256006,341.549495835169,211.601785193995,5280.74709423506,224.711218658248,93.0390577473279,842.317214219986,924.079631198132,474.855821661398,572.183433744484,45.1517057539434,0,0
"PL343",NA,NA,"PL","Bia┼éostocki","Poland","PL","PL","POL",44474.699118332,2810.33281302517,1366.09976194913,10355.0847073478,2845.70922577795,2022.45676602364,1100.56009583018,2169.134635764,6740.04261715522,544.612403410473,624.797186384176,387.08357539746,7698.30362423973,411.064688657567,170.196537290218,1540.85259063473,1690.42074606415,868.654718949927,1046.69631739617,82.5961070342919,0,0
"PL344",NA,NA,"PL","┼üom┼╝y┼äski","Poland","PL","PL","POL",32040.7666786347,5453.41016046934,1186.12515316193,8990.87078163553,1389.21631095348,987.321509206613,586.205335262797,1058.92660759593,4104.37477151823,265.868496721964,305.013047187017,188.966185221309,4687.9114826952,200.673268079241,83.0864248285015,752.212324539063,825.228400545556,424.059244430377,510.975465648353,40.3217089342393,0,0
"PL345",NA,NA,"PL","Suwalski","Poland","PL","PL","POL",20510.0378732263,3315.77928346036,761.725761985086,5773.90832560467,908.555643512138,645.714077842142,381.365961396666,692.544233616231,2650.75291391631,173.879561609119,199.480327996147,123.584997283788,3027.62191921848,131.241498374203,54.3390108379672,491.95128734868,539.704230788625,277.337241632497,334.180961849216,26.3706349539713,0,0
"PL411",NA,NA,"PL","Pilski","Poland","PL","PL","POL",37370.0940553259,4688.52505748066,1630.48399970132,12359.1266180977,1551.31063410286,1102.52258372886,664.617137856435,1182.48259406813,4749.84262593794,296.890140855491,340.602093360522,211.014836428511,5425.14829338866,224.087906467091,92.7809826085166,839.980763945808,921.516385343452,473.538649228038,570.596290423555,45.026462302299,0,0
"PL414",NA,NA,"PL","Koni┼äski","Poland","PL","PL","POL",63759.7235306733,6414.96206902683,2919.50044513378,22129.917048932,2690.72541172537,1912.30915834981,1149.34068882013,2050.99861680642,8181.50851261083,514.951569936589,590.769306768799,366.002121140374,9344.70895986172,388.677168283601,160.927245737575,1456.93424464698,1598.35657724275,821.345801995902,989.690848968349,78.097734685455,0,0
"PL415",NA,NA,"PL","Miasto Pozna┼ä","Poland","PL","PL","POL",104895.966306991,145.299851283857,3047.49784059862,23100.1418518902,7726.64609952123,5491.3578453803,2914.57375763504,5889.61638137167,17075.2133283461,1478.72708302165,1696.44414103742,1051.00611508046,19502.87025125,1116.11943500609,462.116227158091,4183.71018075828,4589.81639649275,2358.56409193399,2841.98116410908,224.264265115732,0,0
"PL416",NA,NA,"PL","Kaliski","Poland","PL","PL","POL",73628.5104188575,5473.37451367094,3711.62145361984,28134.2224223842,2965.83458172211,2107.83033008967,1286.28718370948,2260.6998834891,9341.29604114515,567.602018167547,651.171625391306,403.423457158235,10669.3884969819,428.416880369131,177.381009771541,1605.89629370557,1761.77813984736,905.323067339564,1090.88030026894,86.0827200259561,0,0
"PL417",NA,NA,"PL","Leszczy┼äski","Poland","PL","PL","POL",59811.2053420525,5227.28440108155,2729.76040602652,20691.680814612,2633.86084637558,1871.89528756607,1112.75815934245,2007.65374617433,7804.11281776463,504.068817994294,578.284257307783,358.267199009318,8913.65728698175,380.463042033661,157.526282621113,1426.14405988712,1564.57763731718,803.98785390174,968.775173324893,76.4472527305372,0,0
"PL418",NA,NA,"PL","Pozna┼äski","Poland","PL","PL","POL",93593.2077192975,4303.38587031157,4478.19709537901,33944.8930089013,4376.19481306609,3110.17890687812,1824.01890722183,3335.74339074554,12553.3659596625,837.517042622238,960.826981725527,595.265714266487,14338.1322868351,632.144402542074,261.732012864963,2369.55731588906,2599.56654524424,1335.83650816426,1609.63283021029,127.018126767364,0,0
"PL422",NA,NA,"PL","Koszali┼äski","Poland","PL","PL","POL",46237.2464602353,3449.43191837193,1648.72145366057,12497.3671667418,2633.25651647938,1871.46578792626,1043.89064285779,2007.19309724457,6660.96247471024,503.953161217333,578.151572065253,358.184995889329,7607.98031595085,380.375746157337,157.490138782248,1425.81683626296,1564.21865060668,803.803381780914,968.552891346428,76.4297121834081,0,0
"PL423",NA,NA,"PL","Stargardzki","Poland","PL","PL","POL",28935.8980734135,2500.26297181985,1144.12085482629,8672.47670863049,1477.68382438198,1050.19571978512,600.706226776449,1126.3607452019,3985.97890517473,282.799427217462,324.436765174726,200.999853698125,4552.68276401512,213.452462290081,88.3775010606807,800.114406740049,877.780263082167,451.064014389763,543.515199390649,42.8894597578326,0,0
"PL424",NA,NA,"PL","Miasto Szczecin","Poland","PL","PL","POL",44908.5714389822,54.3244662784139,1187.79222231479,9003.50722501377,3441.3435899786,2445.77645696096,1288.6732617868,2623.15541832857,7448.06102368513,658.605027710486,755.573258477261,468.103897936336,8506.98406954505,497.10448930057,205.820312677985,1863.36788658832,2044.24209829252,1050.47252259084,1265.77994332531,99.8842681904516,0,0
"PL425",NA,NA,"PL","Szczeci┼äski","Poland","PL","PL","POL",28856.1262197396,1764.64699625832,1195.24943393217,9060.03315388765,1504.01475461559,1068.90921571234,609.254475677528,1146.4314299522,4021.14420357961,287.838645936176,330.217921933754,204.581481267814,4592.84766497118,217.2559835847,89.952304666332,814.371689844293,893.421478399199,459.101549143691,553.200126950877,43.6537094261355,0,0
"PL431",NA,NA,"PL","Gorzowski","Poland","PL","PL","POL",35799.6785840281,1948.671263112,1651.14614291005,12515.7463973563,1705.70641647692,1212.25227497044,707.065699667385,1300.17038737101,4828.35846618536,326.438436708589,374.500866131491,232.016304507633,5514.82707019617,246.390485253679,102.015105088158,923.580711227529,1013.2312489935,520.668069103509,627.385471612033,49.50776715632,0,0
"PL432",NA,NA,"PL","Zielonog├│rski","Poland","PL","PL","POL",60235.1165162281,2673.36668597768,2939.86583233831,22284.2874071407,2763.17180304712,1963.79709428347,1157.70429395065,2106.22069474348,8026.14455686619,528.816374864214,606.675465083039,375.856539126386,9167.25623863697,399.14210019698,165.260128672501,1496.16144633683,1641.39150216003,843.460113297447,1016.33776367004,80.2004758361162,0,0
"PL514",NA,NA,"PL","Miasto Wroc┼éaw","Poland","PL","PL","POL",106402.755965475,107.609825637411,2767.69914150042,20979.2577767523,8209.02101190347,5834.18359738272,3070.27088218764,6257.30543420732,17704.3885306763,1571.04409067572,1802.35323579264,1116.62048076321,20221.4980130466,1185.79882859221,490.966166926862,4444.89942197396,4876.35886959061,2505.80936919149,3019.40619398252,238.265094692017,0,0
"PL515",NA,NA,"PL","Jeleniog├│rski","Poland","PL","PL","POL",49075.6898951941,1797.21907284822,2289.31598578019,17353.096468457,2419.17139906405,1719.3146509445,995.132665390629,1844.00725978071,6720.12492437666,462.981508430811,531.147550081504,329.064370374312,7675.55414694215,349.451001162531,144.686109003169,1309.89718966043,1437.04686487951,738.453750899728,889.809040084994,70.2159370329791,0,0
"PL516",NA,NA,"PL","Legnicko-G┼éogowski","Poland","PL","PL","POL",75692.2121430496,1356.75839671295,5003.34283614986,37925.5163724734,2242.49389943168,1593.74925540134,1080.47061344936,1709.33528404222,8857.90424812224,429.168933051808,492.356656174372,305.032063197429,10117.2708022534,323.929812728626,134.119358759633,1214.23246729548,1332.09611726416,684.522821345257,824.824295137478,65.0879100588959,0,0
"PL517",NA,NA,"PL","Wa┼ébrzyski","Poland","PL","PL","POL",54680.5223143651,1637.67327988417,2739.83990746792,20768.0837934725,2527.37752470153,1796.21717103978,1057.73406496246,1926.48710445209,7321.64130662171,483.690018496892,554.905031076191,343.782955678898,8362.59071458797,365.081451717032,151.15771465081,1368.48704399295,1501.32394490297,771.48374595433,929.608943813207,73.3565968916742,0,0
"PL518",NA,NA,"PL","Wroc┼éawski","Poland","PL","PL","POL",74489.4541740172,2678.25913479443,4048.47848774189,30687.6107032099,3028.68106928431,2152.49557657361,1313.44593111625,2308.60445914721,9537.61139592076,579.629591584786,664.970051543668,411.972061803567,10893.6148547377,437.495099467892,181.139740448255,1639.92548133139,1799.11048759043,924.507001346529,1113.99622036955,87.9068260050194,0,0
"PL521",NA,NA,"PL","Nyski","Poland","PL","PL","POL",28665.4865955443,1873.22991174219,1234.8685385044,9360.34737346513,1425.12025522939,1012.83858395549,583.955841459776,1086.29429800644,3921.00631766888,272.739800791575,312.896032265209,193.849968495895,4478.47274276103,205.859617950008,85.2337724687545,771.6530618605,846.556219888355,435.018948374007,524.181497351511,41.3638133057973,0,0
"PL522",NA,NA,"PL","Opolski","Poland","PL","PL","POL",59591.3193317183,1928.88896647747,2832.11314078209,21467.5181787225,2910.31619431117,2068.37319327441,1200.33319404576,2218.38113357469,8137.13696151831,556.976898029674,638.982139574301,395.871646978665,9294.02891345976,420.397210464308,174.060559035505,1575.83501748835,1728.7988624787,888.376040996837,1070.4597699054,84.4713106003457,0,0
"PL613",NA,NA,"PL","Bydgosko-Toru┼äski","Poland","PL","PL","POL",83307.3525822778,1499.87857282536,3182.23821820433,24121.4786989272,5099.17317769244,3624.00248097415,1995.25119168207,3886.83181447243,12462.9230831096,975.880787310626,1119.56240133316,693.607824479125,14234.8307553905,736.579133142507,304.971994336194,2761.02495988309,3029.03334229052,1556.5261564398,1875.5555692437,148.002420541029,0,0
"PL614",NA,NA,"PL","Grudzi─àdzki","Poland","PL","PL","POL",48344.9750073683,4502.80640947039,2423.17619878883,18367.7616365926,1848.53728906074,1313.76273922921,813.190978828112,1409.04285753467,6013.14355190554,353.773437802322,405.860474664498,251.444672078029,6868.05817531259,267.022504729704,110.557551980377,1000.91866200963,1098.0762739198,564.267292227842,679.920898278154,53.6534029552513,0,0
"PL615",NA,NA,"PL","W┼éoc┼éawski","Poland","PL","PL","POL",58745.3082933492,5986.78024564591,2387.52319608707,18097.5106100341,2811.85260688561,1998.39473349649,1160.79951502674,2143.3275139316,7879.7476263056,538.132916884134,617.363707224467,382.478276664547,9000.04542334572,406.174076370863,168.171636345444,1522.52040881593,1670.30908797598,858.319962502533,1034.24332395851,81.6134258479925,0,0
"PL621",NA,NA,"PL","Elbl─àski","Poland","PL","PL","POL",41582.9200778627,3569.46952721726,1852.44397579676,14041.5911189551,1890.70257325004,1343.72977293999,791.952345660363,1441.1832384047,5488.43980165236,361.843038362633,415.118184723531,257.180145264747,6268.75502373535,273.113309531693,113.079378630081,1023.74969716579,1123.12348201528,577.138274531697,695.42994863478,54.8772413904937,0,0
"PL622",NA,NA,"PL","Olszty┼äski","Poland","PL","PL","POL",52614.4582779093,4429.78289704605,1841.22168755946,13956.5257756001,2972.34632526444,2112.45825189789,1179.86905657491,2265.66344347932,7544.56700113159,568.848236955067,652.601328400612,404.309207870081,8617.21071915789,429.357506279747,177.770464952903,1609.42217639797,1765.64627446818,907.310781581555,1093.27542128969,86.2717220018891,0,0
"PL623",NA,NA,"PL","E┼écki","Poland","PL","PL","POL",18580.9862592549,2539.5263981102,627.337389379259,4755.23968896685,952.68940076749,677.080113121705,385.765445497192,726.185078085438,2544.53590230323,182.325888940331,209.170231345344,129.588229237135,2906.30357571488,137.616650487821,56.9785681737714,515.848182219505,565.92075993728,290.809101707861,350.414047356891,27.6516079026716,0,0
"PL631",NA,NA,"PL","S┼éupski","Poland","PL","PL","POL",39755.2811948176,3388.19951017942,1738.55604154924,13178.3165330674,1847.44157101897,1312.98400809704,769.379884458286,1408.20764923795,5288.80273292675,353.563739063329,405.619901403055,251.295628580053,6040.73468959217,266.864227491954,110.492019137153,1000.32536879191,1097.42539065567,563.932823534065,679.517876061819,53.6215999713634,0,0
"PL633",NA,NA,"PL","Tr├│jmiejski","Poland","PL","PL","POL",109232.553624713,147.217825010172,3585.44239323384,27177.7806638948,7580.15510198305,5387.24611588635,2892.32624220244,5777.95399024989,17300.607988049,1450.69160647873,1664.28092412707,1031.07988418626,19760.3102444718,1094.95870791961,453.354875049683,4104.39039958856,4502.79716799709,2313.84761312354,2788.09948629535,220.012394965887,0,0
"PL634",NA,NA,"PL","Gda┼äski","Poland","PL","PL","POL",46376.2803279054,2313.97491838061,1882.00664715248,14265.6772176359,2527.09836557342,1796.01877154685,1013.47790713921,1926.27431611512,6586.57760125999,483.636592966864,554.843739558346,343.744983453052,7523.01982335499,365.041126985664,151.14101866637,1368.33588903241,1501.15811756638,771.398532436459,929.506264724034,73.3484943571581,0,0
"PL635",NA,NA,"PL","Starogardzki","Poland","PL","PL","POL",44985.7401968928,2980.68075512714,2330.23361093447,17663.2535201584,1787.12940329438,1270.11991271329,778.700450871098,1362.23485244468,5689.01661095442,342.021184285826,392.377904519569,243.0917512087,6497.84870543676,258.152092666866,106.884861381818,967.668427231117,1061.59849076084,545.522492418893,657.334118396185,51.8710520883522,0,0
"PT111",NA,NA,"PT","Minho-Lima","Portugal","PT","PT","PRT",24281.3982943651,489.904199278977,282.84755589249,4849.46488067943,758.673273382582,303.865151079703,861.56209561979,750.419380158206,1007.42801973869,584.392358396918,297.134763138493,308.31971873951,10283.9772926031,161.03855313499,107.556776522027,2186.68848116363,251.340621149084,511.334213012647,188.642311690345,96.8086489845018,0,0
"PT112",NA,NA,"PT","C├ívado","Portugal","PT","PT","PRT",47141.5922114327,678.178762339013,480.042665027817,8230.40537838344,1601.92318828169,641.60508706866,1743.89991363414,1584.49526059053,1987.06517432299,1233.93258048589,627.394009800727,651.01081609375,20284.2612387934,340.029630046273,227.103946339469,4617.14825923236,530.700610264947,1079.67179222573,398.314404882744,204.409493619124,0,0
"PT113",NA,NA,"PT","Ave","Portugal","PT","PT","PRT",57584.5323454178,475.557804689905,926.020396065907,15876.762220358,1454.6614223397,582.623546099492,1859.13263464048,1438.83561104668,2317.26041890525,1120.49949443972,569.718866260426,591.164624262207,23654.9441371013,308.771349899315,206.226710505072,4192.702560934,481.914307884282,980.419608398196,361.698115729651,185.61851585823,0,0
"PT114",NA,NA,"PT","Grande Porto","Portugal","PT","PT","PRT",164520.618428263,1071.94777523799,1091.4922582419,18713.8027662134,6601.68679203483,2644.11918123673,6640.59733045346,6529.86454681551,7172.29562527963,5085.16043618361,2585.55390058746,2682.88113782031,73215.87637134,1401.29635053528,935.918234991311,19027.7329792175,2187.0706629005,4449.43619182805,1641.49377762127,842.392109723678,0,0
"PT115",NA,NA,"PT","T├ómega","Portugal","PT","PT","PRT",42672.6552283726,539.546135334969,497.650763505247,8532.29893695567,1357.43592229429,543.682618170956,1528.6144899007,1342.6678639553,1778.48020223735,1045.60844283522,531.640451031416,551.652834562991,18154.9943587007,288.13393666169,192.443094095333,3912.47405087094,449.704503703372,914.89110450241,337.52322552686,173.212293527142,0,0
"PT116",NA,NA,"PT","Entre Douro e Vouga","Portugal","PT","PT","PRT",32223.9465134534,278.885915691751,539.641411560052,9252.2350609084,779.585805687332,312.241075224111,1021.60980258008,771.1043971217,1288.88510590279,600.500905385974,305.325166769418,316.818431300695,13157.1337129542,165.47751792115,110.521537035578,2246.96369462789,258.268727151607,525.428940774012,193.842163294024,99.4771415626589,0,0
"PT117",NA,NA,"PT","Douro","Portugal","PT","PT","PRT",19005.5175453916,1262.57327048361,145.407891600654,2493.04068216534,643.891180656674,257.892425835415,697.744416319005,636.886045192283,792.716205034284,495.977779653742,252.180299693918,261.673047784834,8092.16667823632,136.674518198089,91.2841696842933,1855.85742540687,213.314499108571,433.972833468768,160.102016319281,82.1621605496766,0,0
"PT118",NA,NA,"PT","Alto Tr├ís-os-Montes","Portugal","PT","PT","PRT",19281.6372481268,1268.19358812331,158.443811196716,2716.5435300828,637.203580205376,255.213896364574,699.227052537501,630.271201673368,800.730851218571,490.826441473177,249.561097666145,258.955251913374,8173.98139626336,135.254985523871,90.3360715075883,1836.58206750705,211.09896613753,429.465492781174,158.439160313863,81.3088056374206,0,0
"PT150",NA,NA,"PT","Algarve","Portugal","PT","PT","PRT",55824.342401837,2224.09546097097,119.584567253046,2050.29581159019,2486.30199636026,995.818039543348,2378.9115978941,2459.25257743185,2474.04579902282,1915.15364823881,973.761407839557,1010.41641918063,25255.432963449,527.750864829247,352.481941266351,7166.1519218873,823.686176979989,1675.72961803749,618.213099906052,317.25849015605,0,0
"PT161",NA,NA,"PT","Baixo Vouga","Portugal","PT","PT","PRT",51232.0713157905,1168.46712734847,697.433552854643,11957.6056102165,1433.32609149109,574.0782819402,1726.36047091575,1417.73239532445,2086.90238147875,1104.06527334715,561.362873370471,582.494089214716,21303.4145194547,304.242640465282,203.202010027781,4131.2087350075,474.846133090141,966.039920867886,356.393136269895,182.89607310513,0,0
"PT162",NA,NA,"PT","Baixo Mondego","Portugal","PT","PT","PRT",41213.82193571,800.567123284237,341.632101905563,5857.33496998448,1506.02783832495,603.196913188316,1581.0145221509,1489.64319238236,1759.24749349955,1160.066119538,589.836548512497,612.039590449715,17958.6639648071,319.674558962043,213.508904723183,4340.75357853846,498.93147107282,1015.03978919881,374.470253347603,192.173001839444,0,0
"PT163",NA,NA,"PT","Pinhal Litoral","Portugal","PT","PT","PRT",34947.87990731,764.015447280876,399.105229840488,6842.72059449083,1099.82775040096,440.504941009976,1244.05800515069,1087.86230870754,1451.2742639328,847.177507679359,430.748082967905,446.962605066666,14814.8267500991,233.453155444119,155.9220967877,3169.98206928152,364.361576506175,741.267126352495,273.469564008491,140.340832302246,0,0
"PT164",NA,NA,"PT","Pinhal Interior Norte","Portugal","PT","PT","PRT",11971.1931300489,459.618040872679,124.114850625734,2127.96821730024,380.979172724535,152.590446954868,427.591911760192,376.834356342169,496.487510315038,293.461395121961,149.210681619884,154.827374973055,5068.21944804081,80.8679268172743,54.0112498725334,1098.078445344,126.21446580096,256.774150736522,94.7295685377196,48.6139162887007,0,0
"PT165",NA,NA,"PT","D├úo-Laf├Áes","Portugal","PT","PT","PRT",27106.2297498,1122.89542782139,225.757168269439,3870.64139773021,942.438293393248,377.467039439025,1011.15548762753,932.18515107607,1141.45838133707,725.943243610104,369.106424207506,383.000587661168,11652.1794551304,200.045137362476,133.609062642149,2716.34580085083,312.220074657476,635.189033240409,234.33504847027,120.257535273226,0,0
"PT166",NA,NA,"PT","Pinhal Interior Sul","Portugal","PT","PT","PRT",3742.28338622305,226.499970466292,44.4908854488983,762.803078902236,103.776998572256,41.5649456177097,124.993544169036,102.647969390112,151.097832341738,79.937552923934,40.6443128706886,42.1742746634143,1542.42948013995,22.0280564573685,14.7124194764327,299.111587753603,34.3802479898157,69.9441139624802,25.8039047871981,13.2422102898839,0,0
"PT167",NA,NA,"PT","Serra da Estrela","Portugal","PT","PT","PRT",2961.74823266803,89.6362665361486,23.5221037489212,403.290089214873,107.333068039391,42.9892288023052,112.992113426773,106.165351033766,125.9657374617,82.6767291878569,42.0370492380976,43.6194373920772,1285.87726201832,22.7828797810921,15.216561881856,309.361080407182,35.5583370830745,72.3408505369592,26.6881130338137,13.6959738438225,0,0
"PT168",NA,NA,"PT","Beira Interior Norte","Portugal","PT","PT","PRT",9224.52873011703,423.981200554116,59.3282015231139,1017.19114670226,344.750750694833,138.08017577535,356.971477828642,341.000077005524,393.512766818213,265.555294124702,135.021802195304,140.104387776245,4017.03772281179,73.177959514202,48.8751624041809,993.658959483014,114.212363689734,232.356746938107,85.7214572461414,43.9910770315609,0,0
"PT169",NA,NA,"PT","Beira Interior Sul","Portugal","PT","PT","PRT",8590.36358794749,478.4446124511,74.8174511822223,1282.75671615859,284.031726708899,113.760885714377,311.972184540828,280.9416382257,357.470144171285,218.784523528693,111.241166389299,115.428584562546,3649.10919034651,60.2895342677615,40.2670530603876,818.651357402128,94.0967780488316,191.433051015202,70.623815810561,36.2431743625661,0,0
"PT16A",NA,NA,"PT","Cova da Beira","Portugal","PT","PT","PRT",7729.64565634682,293.942547565495,71.247087533889,1221.54228187008,260.078743666157,104.167194903785,283.749805346313,257.2492487367,323.763138901972,200.333972096219,101.859968721517,105.694253258396,3305.02299262372,55.2051931319893,36.8712491820232,749.612795023961,86.161402113557,175.28910583725,64.6679633354683,33.1867124983202,0,0
"PT16B",NA,NA,"PT","Oeste","Portugal","PT","PT","PRT",39331.9786461163,2287.43985727456,316.639358390688,5428.83053562663,1333.35496385921,534.0376704316,1445.83490855299,1318.84889136661,1643.32874429771,1027.05931426292,522.209131737863,541.866494919603,16775.3478754969,283.022431036614,189.029147201843,3843.06663100678,441.726730842132,898.660905862231,331.53555227371,170.139501675706,0,0
"PT16C",NA,NA,"PT","M├®dio Tejo","Portugal","PT","PT","PRT",23350.4710911133,827.934755618873,201.219220484841,3449.93450616851,812.190139013168,325.299820034952,871.835579067735,803.35401558494,984.496374592288,625.615436126319,318.094670058847,330.068613208239,10049.8875975112,172.398223907422,115.143839041212,2340.93763917157,269.070206098836,547.403764069996,201.949153516951,103.637537837384,0,0
"PT171",NA,NA,"PT","Grande Lisboa","Portugal","PT","PT","PRT",384115.848092681,577.023291372162,1263.34103703701,21660.1765290162,17566.8999160904,7035.92558784263,16681.6763794015,17375.7829738206,17244.9302417908,13531.4666166048,6880.08504948736,7139.070046722,176038.850959397,3728.80954793804,2490.45168025439,50632.2537566159,5819.73254031768,11839.8225676474,4367.96803797926,2241.58133334569,0,0
"PT172",NA,NA,"PT","Pen├¡nsula de Set├║bal","Portugal","PT","PT","PRT",70948.9967337343,1117.7588148914,530.447958537307,9094.61189380944,2702.78761926177,1082.52524120376,2782.6364311867,2673.38297143743,3055.36861180555,2081.9086245442,1058.5481092307,1098.39472117953,31189.6639846195,573.702834813836,383.173012877236,7790.1183044457,895.405628341858,1821.63762547441,672.041737060734,344.8826090132,0,0
"PT181",NA,NA,"PT","Alentejo Litoral","Portugal","PT","PT","PRT",13683.7526795705,1652.03318434216,126.47523288781,2168.43733448527,371.808070414576,148.91722096055,449.328611558706,367.763029919765,544.151710687949,286.397060188795,145.618814859587,151.100300639553,5554.78280016222,78.9212376449196,52.7110667288529,1071.64500622818,123.176174309645,250.592967680984,92.4491956799996,47.4436601910168,0,0
"PT182",NA,NA,"PT","Alto Alentejo","Portugal","PT","PT","PRT",11035.4593520308,1079.9432611641,70.5596227226021,1209.7555918684,368.509317153362,147.595998514392,400.732606827345,364.500165041794,456.294161928466,283.856089963898,144.326856511624,149.759709487378,4657.91968069028,78.2210331287295,52.2434039288497,1062.13716403633,122.083331418271,248.369658304044,91.628968498255,47.0227308426986,0,0
"PT183",NA,NA,"PT","Alentejo Central","Portugal","PT","PT","PRT",18362.5396894799,1682.95438483977,111.058194749664,1904.10984267038,631.958930115163,253.113299905024,677.487530149471,625.083610113306,764.389212754182,486.786581967489,247.507027861693,256.8238613696,7803.00046519822,134.141738370111,89.5925397693814,1821.46565792421,209.361467720713,425.93067862534,157.135090496544,80.6395748796714,0,0
"PT184",NA,NA,"PT","Baixo Alentejo","Portugal","PT","PT","PRT",15371.2235743142,1784.23517648366,130.395911829311,2235.65797839446,441.431545545282,176.802937423133,517.954440285364,436.629044955592,617.172338795403,340.026769127948,172.886883365025,179.394812945566,6300.18839404619,93.6997517861775,62.5815561978341,1272.31749124681,146.241712664368,297.518127841744,109.760907792927,56.3277935874108,0,0
"PT185",NA,NA,"PT","Lez├¡ria do Tejo","Portugal","PT","PT","PRT",28211.2706104445,2736.0783306671,218.189078946895,3740.88534144145,885.033416411638,354.475137353221,993.585209668195,875.404803442979,1153.86398819127,681.725300762062,346.623775716575,359.671631513373,11778.8177624734,187.860184160166,125.470798462555,2550.89040962736,293.202431696078,596.499021842476,220.061461834182,112.93252623352,0,0
"PT200",NA,NA,"PT","Regi├úo Aut├│noma dos A├ºores","Portugal","PT","PT","PRT",0,0,0,0,0,0,0,0,0,0,0,0,0,0,0,0,0,0,0,0,0,0
"PT300",NA,NA,"PT","Regi├úo Aut├│noma da Madeira","Portugal","PT","PT","PRT",0,0,0,0,0,0,0,0,0,0,0,0,0,0,0,0,0,0,0,0,0,0
"RO111",NA,NA,"RO","Bihor","Romania","RO","RO","ROU",49302.0422489124,3090.01805673119,2581.14504275118,11761.7240310469,2106.17433368746,543.388301041834,1711.90063682838,2399.22386019488,2096.72935314177,449.692481179985,918.772800527833,420.186451593257,6439.34956177408,442.912166898504,381.006610616195,10884.3588895943,810.136964322152,571.683847473921,1460.21869836803,233.420161140477,0,0
"RO112",NA,NA,"RO","Bistri┼úa-N─âs─âud","Romania","RO","RO","ROU",22156.4198582986,1395.14429967637,1294.32712815771,5897.97095286909,883.248364498863,227.87611666634,725.70616208066,1006.14204469659,927.549352366914,188.583699923008,385.297912158808,176.210007983791,2848.63399596042,185.740297359355,159.779492280123,4564.48074315933,339.740228200785,239.742178610504,612.35945976332,97.8874218865971,0,0
"RO113",NA,NA,"RO","Cluj","Romania","RO","RO","ROU",101592.649749366,1925.80558160858,4160.16888933402,18956.9968322042,5256.51548960427,1356.16932350292,4158.38819157547,5987.89814424448,4526.96880585804,1122.3266066217,2293.0406947587,1048.68650044501,13902.9553587768,1105.40453779058,950.902837581935,27164.7983656677,2021.91121292635,1426.78834858936,3644.36223697727,582.56179129895,0,0
"RO114",NA,NA,"RO","Maramure┼ƒ","Romania","RO","RO","ROU",36441.7054100749,1786.73163181188,2167.29770204744,9875.91051351136,1477.72431304584,381.249591275925,1210.71432167592,1683.33236899836,1530.60364504499,315.511162682405,644.625130878013,294.809278415579,4700.69820704411,310.753989876916,267.320099259308,7636.63363749682,568.404556986515,401.102181939874,1024.51190218653,163.771175897135,0,0
"RO115",NA,NA,"RO","Satu Mare","Romania","RO","RO","ROU",28459.3575408979,2269.45870578825,1637.29467916169,7460.80047995878,1105.91287332882,285.323065487329,912.554559921394,1259.78771583535,1185.50893603531,236.125137421753,482.430467182247,220.632071421061,3640.86401342141,232.564920810445,200.059467426003,5715.17391575978,425.387815088789,300.180529352787,766.733612964201,122.564574532531,0,0
"RO116",NA,NA,"RO","S─âlaj","Romania","RO","RO","ROU",18786.0329453401,1377.54337915754,1109.38173621213,5055.21449213213,726.854220945006,187.526774924132,600.168371803619,827.98748512021,781.628500534507,155.19174877639,317.074364392201,145.009029423385,2400.49061880363,152.85181899185,131.487815944217,3756.26180351883,279.583443137955,197.29174880552,503.930803559552,80.5547891572566,0,0
"RO121",NA,NA,"RO","Alba","Romania","RO","RO","ROU",36055.8134185351,2139.08417696172,2568.85907524918,11705.7395137805,1232.50213885603,317.982814884491,1039.69037695676,1403.9903971802,1461.51870950666,263.153403788488,537.652284362771,245.886910700463,4488.52869231043,259.185663929362,222.9594459451,6369.36619962265,474.08019617504,334.540951093752,854.498433558082,136.594033673401,0,0
"RO122",NA,NA,"RO","Bra┼ƒov","Romania","RO","RO","ROU",69747.0748568827,1623.88493252713,3956.98835646003,18031.146747624,3069.34753826729,791.884848964974,2483.00085227943,3496.41135173669,2982.77939802804,655.341055111308,1338.93618796017,612.34164246653,9160.53337107169,645.460039748204,555.244494082757,15861.8779219971,1180.62016867713,833.120213196765,2127.99035458803,340.165382095475,0,0
"RO123",NA,NA,"RO","Covasna","Romania","RO","RO","ROU",16376.0103604273,1599.6501302914,953.143446858089,4343.27013719328,606.374604302018,156.443301371786,504.498014832849,690.744538848564,675.64370903147,129.467962823238,264.517748817175,120.973078649119,2074.9964773222,127.515887762918,109.693071961597,3133.64316960587,233.241129812467,164.589683414732,420.401825838941,67.2024416895554,0,0
"RO124",NA,NA,"RO","Harghita","Romania","RO","RO","ROU",24792.3450238966,1370.50286379481,1471.46162942669,6705.13486105545,993.641811050028,256.357380732723,815.6582989317,1131.89544826741,1038.83498403946,212.153972379367,433.454655133716,198.233745451085,3190.40776016537,208.955185054699,179.749649655966,5134.97572645848,382.202910534132,269.706531157609,688.895657291223,110.121953316724,0,0
"RO125",NA,NA,"RO","Mure┼ƒ","Romania","RO","RO","ROU",45770.2376664328,2814.95811111435,2588.12642727824,11793.5367020909,1870.26084571968,482.523145024464,1530.61857820089,2130.48576942005,1926.63952658172,399.322234020853,815.860666163833,373.121187428433,5916.9798775416,393.301385642112,338.329897197187,9665.19719492029,719.393176437196,507.649295198141,1296.65897740008,207.27466905282,0,0
"RO126",NA,NA,"RO","Sibiu","Romania","RO","RO","ROU",48664.5825233937,1304.78861752392,3433.06765887906,15643.7525651828,1813.26367672576,467.81800199408,1506.12673651583,2065.55811095108,2004.98615769958,387.152681892547,790.99688934294,361.750125780138,6157.59335681555,381.315321989927,328.019118157794,9370.64529905016,697.469296383618,492.178419713434,1257.14262275282,200.957866042587,0,0
"RO211",NA,NA,"RO","Bac─âu","Romania","RO","RO","ROU",39376.4641188788,2266.65788733715,1448.42811942759,6600.176099115,1985.37947065204,512.223494620289,1576.28828314821,2261.62180468215,1744.90968539738,423.901386490739,866.078665562225,396.087608464406,5358.86207781784,417.509941792306,359.154838610031,10260.1111147223,763.673391919819,538.896214014221,1376.47115912122,220.032875983837,0,0
"RO212",NA,NA,"RO","Boto┼ƒani","Romania","RO","RO","ROU",21613.3820584379,2741.82198371126,907.620929178566,4135.83379352531,910.532417416239,234.915341731035,742.01267547789,1037.22235448632,918.395594303999,194.409159504779,397.199987551,181.653237063676,2820.52152265396,191.477922591095,164.715173225262,4705.48019375821,350.235000381485,247.147953192886,631.275597710677,100.911220974201,0,0
"RO213",NA,NA,"RO","Ia┼ƒi","Romania","RO","RO","ROU",65092.9774292274,2752.62148487433,2140.96017789416,9755.89606813106,3484.4225700608,898.973285436552,2745.06178070922,3969.23921983941,2930.06279699578,743.964355631872,1520.00365388187,695.150032049798,8998.63330454824,732.747107497842,630.331503019084,18006.9166967506,1340.27818978423,945.785004221269,2415.76345720173,386.166740699537,0,0
"RO214",NA,NA,"RO","Neam┼ú","Romania","RO","RO","ROU",28905.5768409743,2528.76823961799,1233.31886899649,5619.96940859937,1304.90333330516,336.662162275563,1052.17346537452,1486.46537109408,1246.75424251527,278.611892789833,569.235732665989,260.33110959706,3828.95692911007,274.411074953794,236.056810802514,6743.52353874466,501.929212728963,354.192977396777,904.69445780347,144.618012602766,0,0
"RO215",NA,NA,"RO","Suceava","Romania","RO","RO","ROU",40392.8716257669,3941.84758211556,1735.54563055843,7908.50898024692,1783.3181183722,460.092114437088,1442.72545337445,2031.44597837043,1733.51591605812,380.758960242375,777.933790020245,355.775920461848,5323.87021609198,375.018002757031,322.601971291645,9215.89163072547,685.950779919214,484.050226457776,1236.38125293573,197.639101330413,0,0
"RO216",NA,NA,"RO","Vaslui","Romania","RO","RO","ROU",18409.2960270005,1809.45139446235,752.79131205519,3430.30845563233,829.494603853719,214.007765787505,669.074539602154,944.909076915975,793.978522397369,177.106652837856,361.849001773325,165.48601349577,2438.41926598518,174.436297388659,150.055445308464,4286.69024254927,319.063920559283,225.151669073714,575.091772494424,91.930074827995,0,0
"RO221",NA,NA,"RO","Br─âila","Romania","RO","RO","ROU",23770.007102467,3597.07325905583,996.547553634174,4541.0533369976,952.958134170427,245.861082441481,782.807629739333,1085.55111355172,999.676648402033,203.467538731929,415.707284868787,190.117261667011,3070.14702596581,200.399722576627,172.389978812307,4924.72924637219,366.553992038863,258.663665163133,660.689508945493,105.613119332218,0,0
"RO222",NA,NA,"RO","Buz─âu","Romania","RO","RO","ROU",30819.2523776927,3188.70948180561,1748.16654936435,7966.01979872275,1147.41034003735,296.029319747302,953.79300566842,1307.05906971727,1273.27732216798,244.98532457168,500.532835582043,228.910908081196,3910.41302218316,241.291516993248,207.566352723619,5929.62592642209,441.349756685261,311.444284232384,795.503964902072,127.163598084901,0,0
"RO223",NA,NA,"RO","Constan┼úa","Romania","RO","RO","ROU",80034.1992937866,2928.8772498308,4737.17470200039,21586.2884917144,3340.17872783536,861.758694455663,2724.08906783813,3804.92553392171,3382.045196887,713.166633777706,1457.08041112811,666.373065556826,10386.7345701256,702.413743492793,604.237814310823,17261.4884948757,1284.79500086032,906.632559250826,2315.75865124948,370.180684674994,0,0
"RO224",NA,NA,"RO","Gala┼úi","Romania","RO","RO","ROU",36918.2742444632,3023.49100978362,1670.90137924815,7613.93900005909,1639.39248414148,422.95962041221,1325.00764735027,1867.49477536841,1585.68912571943,350.029179460505,715.149358591726,327.062437169686,4869.87343479086,344.751555431294,296.565846360321,8472.10787487796,630.589989248255,444.984153430911,1136.59706179984,181.688311219148,0,0
"RO225",NA,NA,"RO","Tulcea","Romania","RO","RO","ROU",15871.6322349242,1576.81747903333,757.136604725796,3450.10902180715,663.259763727982,171.119546182371,541.068178504523,755.544602928167,672.472890577645,141.613599618552,289.33266389724,132.321794140142,2065.25844966951,139.478396669581,119.983588487503,3427.61621864591,255.121925544911,180.030155879263,459.840523825546,73.5068310591016,0,0
"RO226",NA,NA,"RO","Vrancea","Romania","RO","RO","ROU",21699.441754617,2148.85199553439,962.218608933172,4384.62370318675,941.429924478471,242.88682994093,763.617640928947,1072.41888830527,927.448391800045,201.006133169711,410.678353818618,187.817358261007,2848.3239319166,197.975429272195,170.304527465308,4865.15337478607,362.119682563845,255.534536122972,652.69695719816,104.335486934502,0,0
"RO311",NA,NA,"RO","Arge┼ƒ","Romania","RO","RO","ROU",59027.1060274966,2129.6277225593,4084.1809711892,18610.7361966684,2190.4214843985,565.123878842906,1820.80343743209,2495.19301664427,2430.70321466979,467.680218296342,955.523789919937,436.993945041406,7465.03007492759,460.628690872624,396.246907125879,11319.7341617634,842.54251111767,594.551249515079,1518.62756926957,242.756987242695,0,0
"RO312",NA,NA,"RO","C─âl─âra┼ƒi","Romania","RO","RO","ROU",18883.1651950159,3365.14905461037,783.060424503736,3568.2383051324,718.130703761357,185.276126862519,595.17140808404,818.0501925433,785.895931324418,153.329177371836,313.268919522288,143.268668394299,2413.59649655831,151.017330822003,129.909733037388,3711.18011664814,276.227954650447,194.923904042014,497.882755825157,79.5879913218875,0,0
"RO313",NA,NA,"RO","D├ómbovi┼úa","Romania","RO","RO","ROU",37949.9486488819,2756.59701951357,2382.18027590979,10855.0842875493,1404.67462379857,362.402933667003,1168.51075274216,1600.11866981942,1564.11393466099,299.914212571672,612.758790806394,280.235703368227,4803.61300071091,295.39220541384,254.105421793393,7259.12498504422,540.306097830076,381.274133170266,973.866274024268,155.675326487791,0,0
"RO314",NA,NA,"RO","Giurgiu","Romania","RO","RO","ROU",13330.2456134846,2136.77390906638,372.007632826706,1695.15894778507,611.54126098667,157.776287323155,492.20739217284,696.630075386059,578.769172257656,130.571103539922,266.771590560281,122.003838118647,1777.48120431531,128.602395689265,110.627719355287,3160.34359260296,235.228476963768,165.992081176786,423.983888623729,67.775044734137,0,0
"RO315",NA,NA,"RO","Ialomi┼úa","Romania","RO","RO","ROU",20516.4174479918,2920.90014780156,734.153336196472,3345.37919946241,896.880120369992,231.393079409904,726.885636196592,1021.67049997175,879.869698640345,191.494236825143,391.24446953419,178.929573518733,2702.20310020857,188.606950150125,162.245474804995,4634.92739176934,344.983663724226,243.442278131984,621.810408099472,99.3981831759989,0,0
"RO316",NA,NA,"RO","Prahova","Romania","RO","RO","ROU",76961.1280355473,2496.60317455905,5914.15515236661,26949.5358171686,2604.61169719567,671.984033978293,2200.64903977009,2967.01295353541,3110.2449865636,556.114599768994,1136.20527277545,519.625811272155,9551.99804935634,547.72968803318,471.17385244287,13460.2003390095,1001.86018785527,706.975872040684,1805.78722349847,288.660284357069,0,0
"RO317",NA,NA,"RO","Teleorman","Romania","RO","RO","ROU",21646.6287860881,3029.79910799224,1047.29250309372,4772.28718152282,823.383583710027,212.431136160793,682.169111997658,937.947779788587,899.635397262481,175.801879644581,359.183201985673,164.266851421329,2762.90632953567,173.151197133418,148.949962711361,4255.10950615836,316.713325345517,223.492940519359,570.854978921738,91.2528111827887,0,0
"RO321",NA,NA,"RO","Bucure┼ƒti","Romania","RO","RO","ROU",482403.499602251,3043.47116160468,13763.795958087,62718.6643901685,28272.5613728971,7294.25805109982,22028.2200546977,32206.3576360838,22257.6738198588,6036.51752361453,12333.290732488,5640.43870952093,68356.4342452009,5945.5009118438,5114.50197157534,146107.897997184,10875.0005533253,7674.08775478832,19601.474629682,3133.35212853038,0,0
"RO322",NA,NA,"RO","Ilfov","Romania","RO","RO","ROU",57608.750875888,1055.22012750472,2886.41730583065,13152.7842206931,2737.6636343359,706.311138300361,2190.42217400454,3118.57751166632,2510.37915991811,584.522720968363,1194.24629005817,546.169967874178,7709.72606411185,575.709480990607,495.242927255383,14147.7906356088,1053.03842639322,743.090471920463,1898.03263896989,303.405979483337,0,0
"RO411",NA,NA,"RO","Dolj","Romania","RO","RO","ROU",53693.3597240154,4294.9798803782,2940.86691048056,13400.8993838802,2154.53617908823,555.865549761109,1768.61047439703,2454.31469078411,2252.52956581037,460.018292251207,939.869605016835,429.834747029405,6917.83383999941,453.082288810569,389.755260955614,11134.2848684108,828.739279427474,584.810816788586,1493.74815023356,238.779940511985,0,0
"RO412",NA,NA,"RO","Gorj","Romania","RO","RO","ROU",37794.7233700215,1416.50559440894,2708.00306666074,12339.7888215315,1354.65906750434,349.499031209509,1132.8659265839,1543.1440338063,1545.30448856246,289.235315175666,590.940590863776,270.257488940488,4745.84655683951,284.874320895646,245.057615409587,7000.65290319335,521.067685179711,367.69829322269,939.19029808915,150.1322719443,0,0
"RO413",NA,NA,"RO","Mehedin┼úi","Romania","RO","RO","ROU",14966.2638908142,1680.78506407502,499.090809189942,2274.24970968199,709.326586792912,183.004684235412,568.105962208561,808.021085664166,653.958938821177,151.449396984802,309.428314747131,141.512227529356,2008.39951031662,149.165893141013,128.317069641978,3665.6819034861,272.841463570259,192.534181889565,491.778827952561,78.6122608856154,0,0
"RO414",NA,NA,"RO","Olt","Romania","RO","RO","ROU",29462.8662453482,3507.38200337135,1683.38944115305,7670.84441814884,1052.41434035454,271.52056278081,881.250742193541,1198.84548767108,1207.60247341878,224.702584384289,459.092894323855,209.958995419537,3708.71636167758,221.314593244235,190.381591100456,5438.70238933141,404.809680408177,285.659296862314,729.642876012941,116.635513491429,0,0
"RO415",NA,NA,"RO","V├ólcea","Romania","RO","RO","ROU",30350.762213806,1741.79570669748,1617.69564234995,7371.49187527521,1296.7409364214,334.556282005277,1053.93137253451,1477.1672721444,1290.54855605256,276.869127032827,565.675064337654,258.702693312508,3963.45540086659,272.694586041624,234.58023447099,6701.34162832008,498.789558367387,351.977438834522,899.035436913067,143.713401827947,0,0
"RO421",NA,NA,"RO","Arad","Romania","RO","RO","ROU",48255.9082450281,4938.31731148161,3073.8561945562,14006.9030111374,1644.04221053435,424.159239496216,1388.22692388319,1872.79145680961,1958.05098555148,351.021949605396,717.177700724351,327.990067899323,6013.44886828114,345.729356916772,297.406981144326,8496.13688804607,632.378499897446,446.246239589433,1139.8207348418,182.203624631967,0,0
"RO422",NA,NA,"RO","Cara┼ƒ-Severin","Romania","RO","RO","ROU",21333.430027105,1464.6115166753,873.734858269745,3981.42224054213,1014.0836469201,261.631328993296,811.618023419875,1155.18152652846,931.397755763434,216.518539806314,442.371961972885,202.31193705228,2860.45298189093,213.253944979641,183.447574597436,5240.6157366007,390.065833651212,275.255106692272,703.068060063878,112.387452685167,0,0
"RO423",NA,NA,"RO","Hunedoara","Romania","RO","RO","ROU",32753.4277296029,1359.82931749784,1575.10352548133,7177.40873922143,1523.02714044987,392.937620145011,1222.47905718011,1734.93855501229,1420.68221225162,325.183838174618,664.387505217157,303.847292975709,4363.11408869954,320.280823971897,275.515373717107,7870.75111974508,585.83022516663,413.398834813066,1055.92052520801,168.791934674616,0,0
"RO424",NA,NA,"RO","Timi┼ƒ","Romania","RO","RO","ROU",100781.116925548,5358.1298809943,6241.81984530274,28442.6335041257,3935.6531360814,1015.38976945039,3244.23082744779,4483.25324191253,4198.43121940631,840.307279184069,1716.84318620143,785.171530913409,12893.9704079178,827.637404359981,711.959042494858,20338.8012629841,1513.84338575036,1068.26357684201,2728.60332959011,436.175094589043,0,0
"SE110",NA,NA,"SE","Stockholms l├ñn","Sweden","SE","SE","SWE",716847.9930038,2254.70181071069,4060.2474933725,59051.1118737238,63887.3278165358,24966.4185602654,22929.6367678164,17623.4013009073,10212.7814824917,4813.74021517457,29484.7833431309,6175.70474236411,285935.333440071,7654.28061241721,2602.0217379322,102502.66938945,22652.9774206108,31216.2669327964,12275.2673739639,6549.3206900649,0,0
"SE121",NA,NA,"SE","Uppsala l├ñn","Sweden","SE","SE","SWE",77154.5508604876,2960.66201352166,715.994346554877,10413.2229201248,5873.08402362841,2295.13236794923,2261.42079343072,1620.09775897312,1043.03597589234,442.521259189712,2710.5001243747,567.724994871942,29202.7044804642,703.648668891749,239.200680643087,9422.94521535188,2082.46054927608,2869.67329619434,1128.45033849004,602.071052664742,0,0
"SE122",NA,NA,"SE","S├Âdermanlands l├ñn","Sweden","SE","SE","SWE",47477.0521557586,1697.26538895551,632.579766464357,9200.06443437603,3169.07872518302,1238.43880480587,1312.99366303411,874.194430051158,625.754915587892,238.781652415883,1462.56860010918,306.340790590593,17519.756076944,379.684339201832,129.071163468045,5084.5612101575,1123.68244625702,1548.45742962432,608.904613955278,324.873704577038,0,0
"SE123",NA,NA,"SE","├ûsterg├Âtlands l├ñn","Sweden","SE","SE","SWE",93068.5602267651,4170.55078756399,1034.42508789542,15044.3911830512,6601.44567949434,2579.76756220586,2635.37447110247,1821.01725572184,1235.8410097697,497.401372568401,3046.64793885713,638.13248703071,34600.8197485877,790.912993318223,268.86560679373,10591.5496406547,2340.72084452197,3225.56127351618,1268.39724777967,676.738036331853,0,0
"SE124",NA,NA,"SE","├ûrebro l├ñn","Sweden","SE","SE","SWE",61193.600650933,2499.04024249823,754.728099935544,10976.5558716024,4191.64170677053,1638.04442731461,1708.46780941784,1156.26973975451,808.537449271177,315.829053132846,1934.49392547879,405.187420596638,22637.2634675946,502.196647549076,170.718407098836,6725.19071860324,1486.25976674809,2048.09640467267,805.379164303517,429.700328589823,0,0
"SE125",NA,NA,"SE","V├ñstmanlands l├ñn","Sweden","SE","SE","SWE",49078.2089010737,1293.15643500327,667.695818689403,9710.78254500586,3299.6652290579,1289.47047924723,1366.04214665108,910.216884596109,650.823883309565,248.620998131934,1522.83586915735,318.964008978828,18221.6318251702,395.329785317895,134.389728719964,5294.07795926697,1169.98541782924,1612.26387296916,633.995415296957,338.260598674832,0,0
"SE211",NA,NA,"SE","J├Ânk├Âpings l├ñn","Sweden","SE","SE","SWE",73176.9340891285,3071.58325594773,1075.78752783066,15645.9550217021,4586.89685079158,1792.50550278901,1965.89516282465,1265.30137806836,950.148292260818,345.610476883931,2116.90900973752,443.394983047588,26602.054418854,549.551794324449,186.816473991314,7359.34945926014,1626.40815233406,2241.22375095571,881.323216741052,470.219360783898,0,0
"SE212",NA,NA,"SE","Kronobergs l├ñn","Sweden","SE","SE","SWE",42747.554818214,2560.20637056313,501.819682008373,7298.32608260519,2888.83958587083,1128.92463528029,1178.45399277629,796.890104121262,557.911028774754,217.666378685122,1333.23480905419,279.251315403647,15620.2770338409,346.10915169301,117.657501991958,4634.93746115064,1024.31609126655,1411.52855692349,555.059657822737,296.145378381679,0,0
"SE213",NA,NA,"SE","Kalmar l├ñn","Sweden","SE","SE","SWE",43395.0310442747,3837.17045071052,570.274455992979,8293.91330320042,2634.4100464596,1029.49655474955,1130.70789511264,726.705389419695,546.806970448178,198.495789655178,1215.81246409126,254.656739815016,15309.3879165528,315.626188055305,107.295021435231,4226.72337781831,934.101226935859,1287.21062582052,506.173740523518,270.062887478086,0,0
"SE214",NA,NA,"SE","Gotlands l├ñn","Sweden","SE","SE","SWE",10524.4149331155,1366.22630415565,46.9235544320439,682.443143380368,804.392864422525,314.347299009516,299.638516859296,221.892803123866,136.008537912189,60.608862705758,371.237147347395,77.7570920136726,3807.93877801934,96.3735519600566,32.7615474085178,1290.59108682573,285.21921354093,393.03791898698,154.555493584746,82.4612174269003,0,0
"SE221",NA,NA,"SE","Blekinge l├ñn","Sweden","SE","SE","SWE",29813.8283938452,1271.87501297983,408.050028079207,5934.56627890608,1938.79570472424,757.658626856227,813.30009011197,534.819281265775,389.634183552815,146.083099290673,894.777935689325,187.414785331523,10908.8968940361,232.285288511746,78.963837454418,3110.6596867806,687.452376289995,947.32345701844,372.518877723711,198.752949242508,0,0
"SE224",NA,NA,"SE","Sk├Ñne l├ñn","Sweden","SE","SE","SWE",272729.70984183,14434.0359095354,2158.74175575417,31396.1405391165,21164.528663261,8270.84962381136,8027.39851721392,5838.26237103413,3675.96523993178,1594.69093861811,9767.68889110146,2045.88115519478,102918.910817383,2535.70225825312,861.995101955733,33956.9795528726,7504.45520751032,10341.2930050296,4066.5380297563,2169.65226449634,0,0
"SE231",NA,NA,"SE","Hallands l├ñn","Sweden","SE","SE","SWE",58956.0177049436,3570.05233124861,593.68669381044,8634.41438763672,4215.28400868278,1647.28356166946,1666.34533774351,1162.79149905353,777.973053972411,317.610437695073,1945.40513703576,407.472817106868,21781.5278801712,505.029209488111,171.681317673012,6763.12310894324,1494.64278337585,2059.64837331217,809.9217799869,432.123986338028,0,0
"SE232",NA,NA,"SE","V├ñstra G├Âtalands l├ñn","Sweden","SE","SE","SWE",383773.290051668,7022.18621677407,4630.75594580315,67348.4283561248,27597.4783725707,10784.7709366729,11034.1526051524,7612.79979731816,5177.93807840985,2079.39658802053,12736.5738784488,2667.72588379667,144970.834196377,3306.42790797859,1123.99815568677,44278.1894044711,9785.43125539566,13484.5247249058,5302.56057732325,2829.11717043695,0,0
"SE311",NA,NA,"SE","V├ñrmlands l├ñn","Sweden","SE","SE","SWE",51207.3826595821,2795.72399068333,709.516975816168,10319.0178390889,3234.07563124275,1263.83883353253,1373.71205812958,892.123909933263,661.519210973543,243.678996400282,1492.5654673854,312.62375334253,18521.0773863127,387.471557339188,131.718376432585,5188.8441188481,1146.72885460906,1580.21585244008,621.39307493231,331.536772139821,0,0
"SE312",NA,NA,"SE","Dalarnas l├ñn","Sweden","SE","SE","SWE",54436.2181356499,4282.92160915626,607.11137545656,8829.65922900369,3629.48020905645,1418.35830598082,1481.83816142545,1001.19676975043,701.797993524535,273.471679590161,1675.04951716752,350.845760895717,19648.7943690977,434.844607636607,147.822529508195,5823.24261538723,1286.93022598183,1773.41621422274,697.365839476333,372.071123331629,0,0
"SE313",NA,NA,"SE","G├ñvleborgs l├ñn","Sweden","SE","SE","SWE",52720.6434137146,3743.79070298735,653.269668982931,9500.97263031114,3408.29170981173,1331.92043415875,1419.93972017437,940.181638603783,678.307280974642,256.805714517932,1572.96831889059,329.464449289373,18991.1062811646,408.344221733469,138.813899739423,5468.36141459671,1208.50187015079,1665.3403332794,654.866832849045,349.396291498502,0,0
"SE321",NA,NA,"SE","V├ñsternorrlands l├ñn","Sweden","SE","SE","SWE",49692.5223139956,4506.46937411442,525.941649408632,7649.14927697749,3307.54848604541,1292.55116363794,1345.85254425759,912.391491144814,636.462828703515,249.214980577034,1526.4740886957,319.726048482231,17819.554002946,396.274270917536,134.71080031191,5306.72608390012,1172.78063948966,1616.11574567745,635.510098890818,339.06873981734,0,0
"SE322",NA,NA,"SE","J├ñmtlands l├ñn","Sweden","SE","SE","SWE",24679.2402021291,3002.92270937941,197.916720938201,2878.44582106859,1700.28827558193,664.452720314012,671.251474087097,469.026701098808,313.20128607725,128.112198917797,784.703839396192,164.359329553608,8768.94451544722,203.709937918839,69.2498372528632,2727.99149589134,602.883126148179,830.785297918374,326.692223777467,174.302691361921,0,0
"SE331",NA,NA,"SE","V├ñsterbottens l├ñn","Sweden","SE","SE","SWE",56741.2495186802,3364.72711586727,722.847066293619,10512.8869727699,3702.60084910158,1446.9329946891,1540.89941287674,1021.36719206948,735.757693286039,278.981125321798,1708.79558705845,357.914008996314,20599.5909852279,443.605122696373,150.800608282053,5940.55947693471,1312.85712360822,1809.14401026549,711.415189132761,379.566984202404,0,0
"SE332",NA,NA,"SE","Norrbottens l├ñn","Sweden","SE","SE","SWE",64979.5439605439,2945.85897174667,1116.19979846467,16233.6998619306,3660.43781291424,1430.45617455588,1669.53594521993,1009.73646447154,826.583010158139,275.804252695795,1689.33683006297,353.838295213411,23142.4993309265,438.553609016286,149.083379835565,5872.91188692785,1297.90708047167,1788.54254457106,703.314012261128,375.244699099939,0,0
"SI011",NA,NA,"SI","Pomurska","Slovenia","SI","SI","SVN",9168.21622827095,628.531701220161,37.6456776597705,1761.53899901385,340.179576160171,135.072447929335,264.797519681346,329.262045352008,443.147011883017,142.968460272242,136.52478000932,88.2194360003166,3299.05489363332,112.769969091864,12.9040539980279,977.625375986856,210.810731226945,135.16704427171,91.0851487251912,20.9113561554932,0,0
"SI012",NA,NA,"SI","Podravska","Slovenia","SI","SI","SVN",29956.7946869058,808.455804429231,115.82227907932,5419.62515316647,1258.01427112759,499.509903120215,920.976524193856,1217.64027302584,1490.08582854266,528.710057710624,504.880756078704,326.243305762045,11093.1018663509,417.033356539271,47.7203372058902,3615.34542634879,779.596798208343,499.85972879184,336.840965814237,77.3320514099764,0,0
"SI013",NA,NA,"SI","Koro┼íka","Slovenia","SI","SI","SVN",6706.0232845731,348.507273981548,41.1712614943494,1926.51022027946,192.188468790026,76.3107745511349,175.394420126783,186.02048083298,316.191989322958,80.7717199696098,77.1312867105584,49.8406121666677,2353.92477379251,63.7107257581486,7.29029769234909,552.321001107724,119.100012106358,76.3642178718636,51.4596304122735,11.814117605799,0,0
"SI014",NA,NA,"SI","Savinjska","Slovenia","SI","SI","SVN",26684.5664244238,813.044087370943,139.708292291209,6537.3137277745,933.869598478406,370.804309115465,757.538283472243,903.898516065761,1294.65926312496,392.480642420023,374.791287968523,242.182232706459,9638.22808925454,309.578978682294,35.4245362461384,2683.80197200692,578.722964935296,371.06399739325,250.049259945252,57.4063851716205,0,0
"SI015",NA,NA,"SI","Zasavska","Slovenia","SI","SI","SVN",2797.91537063026,101.075078521506,12.8524258297716,601.398373956477,105.272690420792,41.7998051374734,81.7967063585937,101.894128268706,136.75924864923,44.2433218009848,42.2492468916499,27.3005730678711,1018.11871999029,34.8980329124181,3.99331581584415,302.538014525942,65.2379343179196,41.8290791214619,28.1874025828171,6.47127246051846,0,0
"SI016",NA,NA,"SI","Spodnjeposavska","Slovenia","SI","SI","SVN",7517.06581986194,356.053233937589,47.107986186738,2204.30498244485,213.853155286995,84.9130024444091,196.27076868949,206.989873141657,354.654760974199,89.8768135372911,85.8260078674128,55.4589577636015,2640.26495354357,70.8925973279392,8.11210565496353,614.582079569014,132.52571053829,84.9724702305818,57.2604818741259,13.1458788492251,0,0
"SI017",NA,NA,"SI","Jugovzhodna Slovenija","Slovenia","SI","SI","SVN",17481.3799771516,773.137660062264,118.676893843052,5553.19998953735,457.682343702597,181.728354287906,443.5089472518,442.993745568261,818.88568028888,192.351759360599,183.682342113116,118.691658930562,6096.28123047446,151.722288374339,17.3612941251402,1315.31080847171,283.62769639109,181.855625525563,122.54722877724,28.1344300656649,0,0
"SI018",NA,NA,"SI","Notranjsko-kra┼íka","Slovenia","SI","SI","SVN",4256.35656508831,284.156502176094,19.0550320835928,891.634424702601,150.906876968613,59.9194152441538,120.630950832428,146.063757058049,204.659994949002,63.4221609898675,60.5636834891371,39.134976076494,1523.61302177912,50.025824723491,5.72436038358708,433.683861919971,93.5176339509256,59.9613790762026,40.4062333414993,9.27647534347574,0,0
"SI021",NA,NA,"SI","Osrednjeslovenska","Slovenia","SI","SI","SVN",88367.0368829046,705.318308738308,245.416160585001,11483.6593397469,4331.12045132138,1719.72417697804,2932.98339472024,4192.11992255682,4523.25440570058,1820.25514044231,1738.21507300635,1123.19795261637,33673.8467870211,1435.77202647429,164.292673906734,12446.9943418172,2684.01377790281,1720.92856484195,1159.68382025844,266.240564269731,0,0
"SI022",NA,NA,"SI","Gorenjska","Slovenia","SI","SI","SVN",20194.8557633709,527.93307110252,102.879772840282,4814.01168298023,728.492902976118,289.256988367231,581.042781293928,705.113064005347,984.677159653451,306.1662602834,292.36715043215,188.921491866774,7330.53346879216,241.496338726633,27.6339686917528,2093.57997389136,451.450152603301,289.459565972992,195.058401688358,44.7815672029354,0,0
"SI023",NA,NA,"SI","Gori┼íka","Slovenia","SI","SI","SVN",11943.1847192414,477.771110478261,56.643398161186,2650.49166598552,436.523265167308,173.326884199811,344.615125176345,422.513734525468,580.962196595397,183.459159419368,175.190537358588,113.20443363697,4325.03464155132,144.708026497214,16.5586654222362,1254.50277189852,270.515325364993,173.448271570306,116.881756919614,26.833749312964,0,0
"SI024",NA,NA,"SI","Obalno-kra┼íka","Slovenia","SI","SI","SVN",11712.3305826523,206.122884240913,24.1562445211131,1130.33339918139,604.857126159617,240.165895907327,398.403209569501,585.445183843963,603.107800652222,254.205419936844,242.748218508951,156.858783625062,4489.89993789099,200.510918944463,22.944084724771,1738.26918727685,374.832535488551,240.334093164904,161.954171134013,37.1814878808493,0,0
"SK010",NA,NA,"SK","Bratislavsk├¢ kraj","Slovakia","SK","SK","SVK",162453.336592508,1783.97988160825,2826.28732850978,29899.6956595541,15345.6438923,5161.83638270916,4000.22537528363,6091.59218957308,8509.80850276761,1238.69306255237,2361.02645687538,969.850825073068,51993.207571915,1801.1915872418,811.246522273704,22550.6906260099,3224.9853107807,2164.47675222773,1411.26987169734,307.628793555749,0,0
"SK021",NA,NA,"SK","Trnavsk├¢ kraj","Slovakia","SK","SK","SVK",77190.6833414171,1885.36998390968,2655.34748236001,28091.2987126436,4579.79712784464,1540.51296940348,1469.69109709373,1817.99190764528,3397.52632926496,369.679041816221,704.631376946571,289.445008256455,20758.1982145742,537.55268373503,242.110694002701,6730.09154159605,962.473687472028,645.972530231401,421.183350165989,91.8096024550565,0,0
"SK022",NA,NA,"SK","Tren─ìiansky kraj","Slovakia","SK","SK","SVK",57207.1767620398,1616.14632182474,1664.35754374389,17607.4751935658,3947.37223904271,1327.78329684887,1176.46091636496,1566.94512589046,2647.61135731029,318.630006152264,607.328721878636,249.475502610031,16176.3695182592,463.321951074542,208.677591081726,5800.73216693227,829.565548141249,556.770084315863,363.02207665139,79.1316003508642,0,0
"SK023",NA,NA,"SK","Nitriansky kraj","Slovakia","SK","SK","SVK",73076.0386468398,3694.06493525432,2435.84674799086,25769.169221957,4178.87633213544,1405.6546627465,1363.49102800801,1658.84277027966,3169.94314534002,337.316906231467,642.947122286137,264.106653786844,19367.711023489,490.494693242753,220.91604075068,6140.93145857675,878.217615454257,589.423339601957,384.312467204523,83.7724825035555,0,0
"SK031",NA,NA,"SK","┼¢ilinsk├¢ kraj","Slovakia","SK","SK","SVK",68637.6032288149,1479.96338398914,1796.86752536205,19009.3171373306,5197.9580667485,1748.4446565453,1485.38984572245,2063.37648542865,3288.03825921539,419.576698241396,799.739431167174,328.513026570413,20089.2482668893,610.10918840368,274.789734088001,7638.48979377362,1092.3841664102,733.16307047742,478.032832342029,104.201660109522,0,0
"SK032",NA,NA,"SK","Banskobystrick├¢ kraj","Slovakia","SK","SK","SVK",54254.7791606374,3506.59708990322,1344.34961349163,14222.0657814833,3879.16775413963,1304.84125583009,1134.06958912107,1539.87073849783,2533.25130209238,313.124572631368,596.83502122561,245.164951914265,15477.6527272826,455.316464613252,205.071965174503,5700.50448999996,815.231938975968,547.149958695428,356.749616835829,77.7643287294789,0,0
"SK041",NA,NA,"SK","Pre┼íovsk├¢ kraj","Slovakia","SK","SK","SVK",57495.4733952862,2088.76185749901,1401.07553674356,14822.1773922637,4419.04075268001,1486.4391154876,1253.18817993698,1754.17821000902,2765.42313311263,356.702863815804,679.897970024133,279.285141118693,16896.1756233809,518.683939446801,233.612318098704,6493.85725205181,928.689706026946,623.298119222108,406.399309134843,88.5869752329361,0,0
"SK042",NA,NA,"SK","Ko┼íick├¢ kraj","Slovakia","SK","SK","SVK",75077.7504698044,2057.57219760323,1900.04787292751,20100.8767106034,5741.73253913505,1931.35486059101,1632.94150121834,2279.23268228339,3607.63093334628,463.469914535583,883.402646923295,362.879790480684,22041.8948204688,673.934597874505,303.536338187562,8437.57583950572,1206.66185316821,809.86152719882,528.04132564887,115.102518104189,0,0
"3264","XKX-20210524-1","District of Ferizaj","SRB","District of Ferizaj","Serbia","RS","RS","SRB",3252.36813171226,186.33113625,57.3168609767818,160.119959719934,96.1573101788205,39.1912483894236,97.0701219109535,98.9153030002626,295.66983015566,70.1993965716559,84.7991508629789,24.1663136807909,1399.94169598353,9.3945398313198,6.93352417158643,533.181923197421,47.003532850984,12.0259522231811,21.1259491318226,12.824382625152,0,0
"3265","XKX-20210524-2","District of Gjakova","SRB","District of Gjakova","Serbia","RS","RS","SRB",2886.01640485384,190.198635,26.656706615802,74.4679788259398,41.6871804906853,16.9906234089422,103.360580798532,42.8828560386562,262.365127713985,30.4336187210069,36.7630656567646,10.4768475566982,1771.19389903356,4.07282479976672,3.00589807514308,231.150923682943,20.3774913630063,5.21362380008141,9.15875509472502,5.5597681776052,0,0
"3266","XKX-20210524-3","District of Gjilan","SRB","District of Gjilan","Serbia","RS","RS","SRB",3389.38955958406,186.98033625,34.5017785464185,96.3839138601202,57.9880371590318,23.6344336555215,119.73064711598,59.6512553783924,308.126323598551,42.3340171368001,51.1384553306676,14.5735887694078,2006.89081586018,5.66541351684531,4.18128852145821,321.537417357022,28.3456619626719,7.25229691943033,12.7400851895478,7.73379345601487,0,0
"3267","XKX-20210524-4","District of Mitrovica","SRB","District of Mitrovica","Serbia","RS","RS","SRB",3579.13893296727,246.8790975,42.2806227623711,118.114835639499,67.1986355591275,27.3884368513481,120.956378046949,69.1260330095981,325.376266633388,49.05819077007,59.2610923076746,16.8884019615673,1987.6129602717,6.56528616697532,4.84542842432235,372.609192967523,32.8479786733932,8.40422406985155,14.7636716741553,8.96219967775479,0,0
"3268","XKX-20210524-5","District of Peja","SRB","District of Peja","Serbia","RS","RS","SRB",3140.65927687232,226.8684825,36.7710784142777,102.723413219327,60.1868750630232,24.5306234751322,105.300684704961,61.9131605535402,285.514479715666,43.939273083873,53.0775651788637,15.1262020488584,1722.55960956521,5.88023930838677,4.33983804544523,333.729736591714,29.4204959972559,7.52729545600279,13.2231741780237,8.02704977276324,0,0
"3269","XKX-20210524-6","District of Prishtina","SRB","District of Prishtina","Serbia","RS","RS","SRB",10449.1660201808,313.05157125,184.998183449954,516.809559655876,320.689283877548,130.704710405259,322.245367687693,329.887323435881,949.924183652805,234.118385521966,282.809272775005,80.5958258799134,4640.59775684878,31.3312450739562,23.1236387249055,1778.18752218275,156.75905723304,40.107132772595,70.4560629422632,42.7699368106648,0,0
"3270","XKX-20210524-7","District of Prizren","SRB","District of Prizren","Serbia","RS","RS","SRB",5220.04569842809,242.525655,66.3199454390888,185.270910014364,114.444791615505,46.6447558353912,176.17747440331,117.727307662803,474.549608948009,83.5501252815501,100.926503992651,28.7623346386223,2818.46587179647,11.1812211814112,8.25216229013288,634.58403713671,55.9428036445661,14.3130833589303,25.1437445741252,15.2633616144588,0,0
"RS110",NA,NA,"SRB","City of Belgrade","Serbia","RS","RS","SRB",55043.5805673974,1798.136775,926.568523862293,2588.45498846646,1770.86854448944,721.760507475062,1673.21672947733,1821.6607590838,5003.9618697634,1292.8180187206,1561.69248685722,445.055759712832,23607.0560395433,173.013315849819,127.690342368,9819.27525348625,865.634423954771,221.474378494573,389.063283077034,236.178567715183,0,0
"RS121",NA,NA,"SRB","Zapadnoba├ä┬ìka oblast","Serbia","RS","RS","SRB",4224.75977976278,969.5948625,86.1149230844213,240.570013440694,60.9163870944967,24.8279538307275,107.85016658137,62.6635965162491,384.069070887526,44.4718514630515,53.7209068103865,15.3095434563262,1767.62832831221,5.95151241101786,4.39244027916286,337.77480219529,29.7770954349147,7.61853216822385,13.3834493982779,8.12434389843991,0,0
"RS122",NA,NA,"SRB","Ju├à┬¥nobanatska oblast","Serbia","RS","RS","SRB",7266.52011524687,1309.1307375,160.854086271497,449.360788006381,147.68437017003,60.1923537982249,187.367960978653,151.920266868998,660.592737749716,107.816593972121,130.239803535091,37.1161257385618,2877.46853879227,14.428717852502,10.6489371264147,818.893918382505,72.1909455657054,18.4702044646686,32.4465449998051,19.6964834737256,0,0
"RS123",NA,NA,"SRB","Ju├à┬¥noba├ä┬ìka oblast","Serbia","RS","RS","SRB",17788.5478431213,1878.27135,611.228962355314,1707.52471723174,434.186509774171,176.963262806039,460.655151899999,446.639887212633,1617.14071301103,316.976742891604,382.900138081439,109.12001772572,6745.85668615594,42.4198893740853,31.3074757904266,2407.51740951629,212.238672625843,54.301708448205,95.3916254744934,57.9069227463653,0,0
"RS124",NA,NA,"SRB","Severnobanatska oblast","Serbia","RS","RS","SRB",4190.21562765342,1089.5461875,90.7272895135374,253.455086249249,69.9325019500506,28.502690532019,96.5405678848391,71.938312407987,380.928693423038,51.0540428856651,61.6720327561126,17.5754789257789,1511.07801471622,6.83238407825498,5.04255674112013,387.768187508515,34.1843448682981,8.7461361568334,15.3643074677359,9.32681208816894,0,0
"RS125",NA,NA,"SRB","Severnoba├ä┬ìka oblast","Serbia","RS","RS","SRB",4788.36894940945,926.641575,119.421902948906,333.616146522796,83.6549078712451,34.095590520152,122.068309610422,86.0543056389055,435.306268128132,61.0720499762102,73.7735398360259,21.0242023283993,1932.68706400331,8.17305894497558,6.03202527939336,463.857449638995,40.8921194130718,10.4623343084715,18.3791468899105,11.1569525501243,0,0
"RS126",NA,NA,"SRB","Srednjobanatska oblast","Serbia","RS","RS","SRB",5157.2669644457,1225.2975375,180.11400227165,503.165147170487,77.681388234914,31.6609374356265,114.291026106763,79.9094529625268,468.842451313245,56.7110973549321,68.5056159321418,19.5229337400675,1812.52527428819,7.58944790123567,5.60129835170659,430.734926951604,37.9721487323182,9.71525370048488,17.0667529414901,10.3602715563163,0,0
"RS127",NA,NA,"SRB","Sremska oblast","Serbia","RS","RS","SRB",7153.2608054069,1328.345625,194.335129371919,542.893182859488,128.906513859428,52.5389821562653,180.879434388038,132.603822355269,650.296436855173,94.1078683488466,113.679998906562,32.3968634691521,2840.96832061015,12.5941270270236,9.2949400108755,714.772728609283,63.0119701521353,16.1217444003728,28.3210132385201,17.1921037884011,0,0
"RS211",NA,NA,"SRB","Zlatiborska oblast","Serbia","RS","RS","SRB",6136.453110266,1208.27221125,117.261836797193,327.581801666666,70.2661449597564,28.6386748481616,173.930450857296,72.2815249972078,557.859373660545,51.2976181053561,61.9662656528296,17.659330289913,2979.94386137213,6.8649808983854,5.06661442189525,389.618202044545,34.3474359545405,8.78786335247624,15.4376094895804,9.37130964751954,0,0
"RS212",NA,NA,"SRB","Kolubarska oblast","Serbia","RS","RS","SRB",4881.55147508554,1204.9704375,69.7452796377172,194.839898346329,90.3496259569154,36.8241855578537,119.681272494718,92.9410422449308,443.777406825958,65.9595116674475,79.6774737946206,22.7067229496803,1856.39374623199,8.8271308569116,6.51475498119793,500.978940012885,44.1646256934855,11.2996118872246,19.8499895483288,12.0498188973474,0,0
"RS213",NA,NA,"SRB","Ma├ä┬ìvanska oblast","Serbia","RS","RS","SRB",6064.41350419641,1332.2124,97.7085390146989,272.957853321116,70.8670330089069,28.8835813741938,167.976703959572,72.8996477726934,551.31031856331,51.7362948776061,62.4961764441872,17.8103458399092,2864.04566862501,6.92368747723427,5.10994208783614,392.950061526436,34.6411615288674,8.86301365521585,15.5696257693273,9.4514493502926,0,0
"RS214",NA,NA,"SRB","Moravi├ä┬ìka oblast","Serbia","RS","RS","SRB",4965.75672158095,1106.9993625,85.6024340543083,239.13832786929,71.3026660428146,29.061134203061,131.456168767554,73.3477756733778,451.432429234632,52.0543276517147,62.8803522421014,17.9198293989599,2168.14222367127,6.96624869157433,5.14135386677342,395.365599756397,34.8541072901639,8.91749627377985,15.6653351989833,9.50954919419004,0,0
"RS215",NA,NA,"SRB","Pomoravska oblast","Serbia","RS","RS","SRB",4320.304744674,641.72355375,77.2534725311947,215.81473058915,56.7835327800433,23.1435086263657,131.581699283334,58.4122032939359,392.754976788546,41.4546718180129,50.0762277334207,14.2708719962536,2237.62741915881,5.5477338069578,4.09443646402266,314.858570370823,27.7568771782217,7.10165510044235,12.4754532214504,7.57315018301676,0,0
"RS216",NA,NA,"SRB","Rasinska oblast","Serbia","RS","RS","SRB",4754.13074177043,1083.037125,76.6309137536894,214.075554983951,59.4718176039463,24.2391844317639,128.498641921428,61.177593750604,432.193703797312,43.4172472280342,52.4469707369519,14.9464933733172,2166.62543183495,5.8103784130634,4.28827807390108,329.764820034479,29.0709622311225,7.43786651062468,13.0660746555984,7.93168343569416,0,0
"RS217",NA,NA,"SRB","Ra├à┬íka oblast","Serbia","RS","RS","SRB",5319.00277334925,774.5455875,100.343645144265,280.319266352698,75.8508832029541,30.914870628514,159.893132765012,78.0264452167496,483.545706668114,55.3747418721717,66.8913312555848,19.0628901020504,2687.42497240123,7.41060811877713,5.46930785757045,420.584973801417,37.0773628523512,9.48632086097736,16.6645874054657,10.1161393433471,0,0
"RS218",NA,NA,"SRB","├à┬áumadijska oblast","Serbia","RS","RS","SRB",6679.23121545726,923.3066625,171.261530601244,478.434947659711,114.935289582904,46.8446702011227,188.403787255858,118.231874138051,607.202837768842,83.9082120590088,101.359064045112,28.8856068861291,3048.49898162114,11.2291426829938,8.28753016291083,637.303795510731,56.1825684350028,14.374427682212,25.2515079369861,15.3287787273032,0,0
"RS221",NA,NA,"SRB","Borska oblast","Serbia","RS","RS","SRB",3090.30343903916,376.90719375,44.5731231727072,124.519147862907,55.0116763731791,22.4213454915747,95.6755839459753,56.5895263385179,280.936676276287,40.1611326129107,48.5136640710867,13.8255679663679,1563.5998549715,5.37462397725573,3.96667489079722,305.03381752692,26.8907598682389,6.88005717454718,12.0861729030774,7.33683986530721,0,0
"RS222",NA,NA,"SRB","Brani├ä┬ìevska oblast","Serbia","RS","RS","SRB",4221.96521637264,916.4272125,33.88695066118,94.6663352184887,68.1509412088364,27.776572159948,117.987640381021,70.1056527776079,383.81501967024,49.7534190562713,60.1009110412391,17.1277359966818,1926.80586790814,6.65832613805131,4.91409542664091,377.889625176363,33.3134838940263,8.52332455450496,14.9728950881244,9.08920751527906,0,0
"RS223",NA,NA,"SRB","Zaje├ä┬ìarska oblast","Serbia","RS","RS","SRB",2822.92012839281,543.87485625,28.6920448323537,80.1538846431254,39.5010182713995,16.0995998726528,83.117857510702,40.6339901133694,256.629102581165,28.8376166248977,34.8351342337723,9.92741993803766,1396.68549642476,3.85923741874895,2.84826254475815,219.028889754033,19.3088534456114,4.94021055305564,8.67845097897286,5.26820240139292,0,0
"RS224",NA,NA,"SRB","Jablani├ä┬ìka oblast","Serbia","RS","RS","SRB",3835.7535637757,734.23455,52.5641036781176,146.842692014555,47.8285354264803,19.493681848168,112.461703587385,49.2003578820066,348.704869434154,34.9170990702744,42.1790000535889,12.0202966145753,1915.73298500927,4.67283330099563,3.44872694394608,265.204075020222,23.3795031490823,5.98169479651549,10.5080227867268,6.37883315963344,0,0
"RS225",NA,NA,"SRB","Ni├à┬íavska oblast","Serbia","RS","RS","SRB",8312.72386934341,613.1463375,134.663807426404,376.195818357592,188.504748233321,76.829690814553,261.709470946831,193.911458773252,755.70216994031,137.6174058141,166.238453988557,47.3751279819841,4101.30601596369,18.4168563198943,13.5923334991792,1045.23851601067,92.1447273189529,23.5754212745857,41.4148619057495,25.140647273789,0,0
"RS226",NA,NA,"SRB","Pirotska oblast","Serbia","RS","RS","SRB",2343.78304007462,376.99261875,45.6012425151814,127.391294468614,33.2704060739942,13.5601624675031,68.4569095558448,34.2246709234154,213.071185461329,24.2889742417397,29.3404856967663,8.3615386908829,1146.92223436872,3.2505085103261,2.39899768705619,184.480816519331,16.2632110024331,4.16097656171559,7.30957329200642,4.43723328776162,0,0
"RS227",NA,NA,"SRB","Podunavska oblast","Serbia","RS","RS","SRB",4186.52902541778,563.6887875,156.699186292502,437.753690095933,59.2759522653023,24.1593547534648,113.540942256749,60.9761105842884,380.593547765253,43.2742562421534,52.2742411299193,14.8972683772763,1883.3343290769,5.79124242930882,4.27415499727447,328.678767837805,28.9752195063915,7.41337053418431,13.023042657582,7.90556111549713,0,0
"RS228",NA,NA,"SRB","P├ä┬ìinjska oblast","Serbia","RS","RS","SRB",3055.91471287007,520.0306425,45.7921944185702,127.924736296341,40.8999195560668,16.6697560845698,91.2123541618794,42.0730148134468,277.810428442734,29.8588809038624,36.0687964572716,10.2789926597669,1544.01591616439,3.9959096469389,2.94913179591405,226.785646634349,19.9926631566658,5.11516469833145,8.98579232749191,5.45477215148293,0,0
"RS229",NA,NA,"SRB","Topli├ä┬ìka oblast","Serbia","RS","RS","SRB",2074.20003292544,540.17232,16.8627382828989,47.1076211888037,18.6769797991756,7.61225696842507,58.1357225968635,19.2126746529163,188.563639356859,13.6350809859895,16.4708437113078,4.69390992320091,1018.26314269067,1.82473522112682,1.34672330838907,103.56184038764,9.12966504486392,2.3358439032925,4.10336899440818,2.49092590861197,0,0
"TR100",NA,NA,"TR","─░stanbul","Turkey","TR","TR","TUR",287176.340177879,2332.60035,5683.63610820625,15877.7638761027,5762.82351391456,2348.77875991151,10026.2897608965,5928.11334838535,26106.9400161708,4207.13445991189,5082.11533417872,1448.31631069243,163866.639880748,563.026096941107,415.534461769024,31954.2353928392,2816.97838517917,720.729813678022,1266.10359819992,768.580710153238,0,0
"TR211",NA,NA,"TR","Tekirda─ƒ","Turkey","TR","TR","TUR",99449.9289520787,1689.784356,1948.88352753317,5444.38663613946,1976.0363972164,805.381651440027,3437.95249823839,2032.71325504755,9040.90263200716,1442.60028104211,1742.62578941396,496.618669251311,56188.853243912,193.058152388667,142.484186574638,10956.908888327,965.924395540743,247.133777556784,434.139061633386,263.541552815934,0,0
"TR212",NA,NA,"TR","Edirne","Turkey","TR","TR","TUR",6587.95119721325,1563.0372,97.2255455543688,271.608566355726,98.5801429589967,40.1787327639068,171.511946460096,101.407627693252,598.904654292114,71.9681794010227,86.9357971778545,24.7752214887668,2803.13925051672,9.63124985384085,7.10822508214459,546.61626988326,48.1878598664098,12.3289647679889,21.6582502327345,13.1475128640486,0,0
"TR213",NA,NA,"TR","K─▒rklareli","Turkey","TR","TR","TUR",15672.6527508423,1316.88273,284.05315463769,793.52879595642,288.010732492919,117.385772698496,501.087540031312,296.271482832509,1424.78661371293,210.261493271437,253.990731535703,72.3830324695511,8189.62282451524,28.1385605859874,20.7673173438644,1596.98847613872,140.785156125849,36.0201767528864,63.2765212831894,38.4116384575514,0,0
"TR221",NA,NA,"TR","Bal─▒kesir","Turkey","TR","TR","TUR",30380.6547450385,2816.50578,544.828121113096,1522.02781729891,552.418952870532,225.151768042518,961.110899460572,568.263484124704,2761.87770409441,403.29203337885,487.166893883799,138.834267238309,15708.1051319313,53.9711629481631,39.8327506816422,3063.10356596362,270.032952777785,69.0884959453036,121.367524487681,73.67543879735,0,0
"TR222",NA,NA,"TR","├çanakkale","Turkey","TR","TR","TUR",20775.0527268493,1434.726225,383.358799549584,1070.94831252234,388.699955847038,158.424112428164,676.268911924872,399.848683758908,1888.6411569863,283.76940138142,342.78648326382,97.6883093260454,11052.7340517466,37.9758669501714,28.0276198902414,2155.2993695421,190.00397483931,48.6129144989195,85.3981406041339,51.8404367893815,0,0
"TR310",NA,NA,"TR","─░zmir","Turkey","TR","TR","TUR",218227.172304463,2596.361259,4300.93574674569,12015.0623532212,4360.85864423928,1777.37390947933,7587.11979776609,4485.93719327282,19838.8338458603,3183.63361860464,3845.75139817527,1095.97364691559,124001.585559748,426.054557431711,314.444307588009,24180.4912637804,2131.67113516187,545.392519925323,958.08917406219,581.602373484902,0,0
"TR321",NA,NA,"TR","Ayd─▒n","Turkey","TR","TR","TUR",29171.836440333,1603.685904,547.330018301196,1529.01709881494,554.95570780531,226.185684159422,965.524402662095,570.87299849802,2651.98513093937,405.143984783694,489.404005799853,139.471806031471,15780.2380900827,54.219003130389,40.015666069198,3077.16959872068,271.272967121884,69.4057562096645,121.924854508793,74.013762694403,0,0
"TR322",NA,NA,"TR","Denizli","Turkey","TR","TR","TUR",43570.8310109329,2011.614891,825.915239790303,2307.27071709098,837.42232503095,341.311817958541,1456.96616645137,861.44134923884,3960.98463735754,611.35801098723,738.505496298369,210.461488079901,23812.2132722977,81.8159053483228,60.3832191398703,4643.41655312653,409.34805363773,104.732555982682,183.983322823366,111.685989292645,0,0
"TR323",NA,NA,"TR","Mu─ƒla","Turkey","TR","TR","TUR",66569.1920437508,1151.281488,1304.08849429784,3643.09199107722,1322.25774065906,538.918273115559,2300.49371014497,1360.18285888514,6051.74473125007,965.310857113718,1166.07186100954,332.310619631484,37598.5716888505,129.184177352628,95.3427876557444,7331.77668776508,646.344880435572,165.368689976101,290.502611984197,176.347894546406,0,0
"TR331",NA,NA,"TR","Manisa","Turkey","TR","TR","TUR",67840.1292804134,2944.55577,1290.07634147569,3603.94774438896,1308.05036315868,533.127711175505,2275.77539572544,1345.56798407557,6167.28448003758,954.938797771197,1153.54266748509,328.740012876606,37194.5830525713,127.796120910766,94.3183497307389,7252.99831048774,639.400042504651,163.591838661121,287.381223357463,174.453074019231,0,0
"TR332",NA,NA,"TR","Afyon","Turkey","TR","TR","TUR",17123.0657948572,2768.861172,281.122310828821,785.341212327029,285.039054627587,116.174593172603,495.917348148474,293.214571029112,1556.64234498702,208.092027501609,251.370070047253,71.6361885809445,8105.12277598446,27.8482285663021,20.5530413801219,1580.51084259827,139.332543132557,35.6485226793197,62.6236378435172,38.015309422215,0,0
"TR333",NA,NA,"TR","K├╝tahya","Turkey","TR","TR","TUR",12561.9074544284,1410.436038,219.876882707181,614.246436431338,222.940323009363,90.8647461002162,387.876580374636,229.334717874676,1141.99158676622,162.757008465015,196.606477959449,56.0294975797669,6339.33722545274,21.7812014564866,16.075346903237,1236.1800674263,108.977495074396,27.8821201232154,48.980425040688,29.7332776835179,0,0
"TR334",NA,NA,"TR","U┼ƒak","Turkey","TR","TR","TUR",16589.7586088219,1172.658738,305.535794108208,853.542538999512,309.792679388306,126.263534457793,538.984260380684,318.67818153369,1508.15987352926,226.163347486872,273.199781762215,77.8572846119346,8808.99533161867,30.2666501439404,22.3379275764356,1717.767024489,151.432588490083,38.7443446003922,68.0620576220101,41.3166700228864,0,0
"TR411",NA,NA,"TR","Bursa","Turkey","TR","TR","TUR",116714.918536377,4939.19412,2222.28389330401,6208.15587975482,2253.24592058863,918.365128891623,3920.24785208691,2317.87372748516,10610.4471396706,1644.97637942151,1987.09115714712,566.287135274932,64071.3422752471,220.141438143007,162.472671353601,12494.005823811,1101.42971400484,281.803096797158,495.042536145389,300.512647249112,0,0
"TR412",NA,NA,"TR","Eski┼ƒehir","Turkey","TR","TR","TUR",51248.8344037373,4870.339041,916.446813885707,2560.17905419287,929.215232602112,378.724248010076,1616.66952836788,955.867069434126,4658.9849457943,678.371186678917,819.455770414844,233.530937442735,26422.3565973972,90.7840443780674,67.0020434626521,5152.3983341649,454.218182996432,116.212672458744,204.150404165431,123.928296890254,0,0
"TR413",NA,NA,"TR","Bilecik","Turkey","TR","TR","TUR",13381.7795802914,1063.76703,243.864858709492,681.259069115611,247.262512101964,100.777845294963,430.192871143029,254.354518233591,1216.52541639012,180.513359952251,218.055715446915,62.1421649362295,7030.94185147078,24.1574719011404,17.8291239760965,1371.04398502808,120.866646423325,30.9239843709451,54.3240575589991,32.9770982378238,0,0
"TR421",NA,NA,"TR","Kocaeli","Turkey","TR","TR","TUR",156015.494574746,2341.03899,3064.18486041565,8560.08420668635,3106.87669449642,1266.2830940558,5405.41384187514,3195.98841782345,14183.2267795224,2268.16732675441,2739.8905505918,780.822140585176,88344.4449099752,303.540903995406,224.02461777861,17227.2964793654,1518.70076754585,388.56276888201,682.586886891033,414.360337506252,0,0
"TR422",NA,NA,"TR","Sakarya","Turkey","TR","TR","TUR",25074.5290973682,3415.67058,425.703675970731,1189.24264670868,431.634803343917,175.923252843832,750.96792375548,444.014992503673,2279.50264521529,315.113876186008,380.649840749549,108.47872131362,12273.5920523635,42.1705884353187,31.1234823095352,2393.36847232797,210.991349704711,53.9825782691188,94.8310105805801,57.5666047866826,0,0
"TR423",NA,NA,"TR","D├╝zce","Turkey","TR","TR","TUR",9875.83691749907,860.63898,178.313703272076,498.135845174823,180.798063511812,73.68864418359,314.556530943811,185.983730211191,897.803356136279,131.991160487439,159.442087501835,45.4382792902662,5141.01656819643,17.663915576762,13.0366348767863,1002.50577968881,88.3775523864803,22.6115816862316,39.7216881980114,24.1128161764315,0,0
"TR424",NA,NA,"TR","Bolu","Turkey","TR","TR","TUR",8325.77444616489,3630.15834,86.5214919957306,241.705801350094,87.7269548998848,35.7552522375613,152.629326152982,90.2431474952362,756.88858601499,64.0448374188947,77.3645942203531,22.0475916644159,2494.52742942827,8.57089669578643,6.32564452111721,486.436511616112,42.8826139051232,10.9716064888798,19.2737835871045,11.7000364723531,0,0
"TR425",NA,NA,"TR","Yalova","Turkey","TR","TR","TUR",6497.52202582763,248.50269,124.2958870578,347.232072550354,126.027642689043,51.3656282541033,219.265722858262,129.642379136987,590.683820529785,92.0061558675724,111.141181730431,31.6733438155685,3583.61249302197,12.312862193085,9.08735597166278,698.809698191636,61.6047228468674,15.7616972330034,27.6885196112595,16.8081522682423,0,0
"TR510",NA,NA,"TR","Ankara","Turkey","TR","TR","TUR",153478.218517257,4601.048589,2963.87044748344,8279.84660322546,3005.16464843569,1224.82787807743,5228.45294006787,3091.35905749543,13952.5653197507,2193.9127095625,2650.1927925904,755.259807303936,85452.2495853877,293.603668165228,216.690563523223,16663.3141442715,1468.98197352525,375.842111407569,660.240551420787,400.795126563433,0,0
"TR521",NA,NA,"TR","Konya","Turkey","TR","TR","TUR",121955.687337272,6925.604319,2283.30619577914,6378.62733349148,2315.11841785655,943.582768657041,4027.89501225771,2381.52085741484,11086.8806670247,1690.1462366535,2041.65523782215,581.836968921587,65830.6948224567,226.186362225905,166.934052964274,12837.0821538892,1131.67417438437,289.541205264307,508.636044818938,308.764506389742,0,0
"TR522",NA,NA,"TR","Karaman","Turkey","TR","TR","TUR",7127.33170310994,661.113186,127.809349804385,357.047256143338,129.590056845369,52.8175767103044,225.463691005891,133.306970784051,647.939245737268,94.6068871447615,114.282801383861,32.5686519081365,3684.91020520269,12.6609089679483,9.34422759812735,718.562900808926,63.3460990408802,16.2072319756402,28.4711889695545,17.2832670788066,0,0
"TR611",NA,NA,"TR","Antalya","Turkey","TR","TR","TUR",592053.214868731,4614.659721,11721.8599299515,32746.1013712327,11885.1750437725,4844.09189926429,20678.0944375812,12226.0667283605,53823.019533521,8676.7414216325,10481.2910188056,2986.98942103081,337956.505889,1161.17797121495,856.993069963009,65902.0148919723,5809.70094286919,1486.42414159412,2611.19620474627,1585.11123121888,0,0
"TR612",NA,NA,"TR","Isparta","Turkey","TR","TR","TUR",10112.0610713501,1380.693726,171.607098523012,479.400323655027,173.998018820239,70.9171207282126,302.72566048593,178.988646011858,919.278279213647,127.026805378909,153.44526817938,43.7292879223262,4947.6564085531,16.9995532876034,12.5463104890803,964.800264635004,85.0535604460435,21.7611313936406,38.2277050782556,23.2059025488489,0,0
"TR613",NA,NA,"TR","Burdur","Turkey","TR","TR","TUR",8268.36520976788,1601.71773,129.933515768867,362.981310501427,131.743817806578,53.6953943265128,229.21085269159,135.522506115394,751.669564524353,96.1792347858851,116.182158804869,33.1099364229095,3746.15267965423,12.8713307559496,9.49952680165738,730.505273253303,64.3988986034417,16.476592946444,28.9443744655297,17.5705115389345,0,0
"TR621",NA,NA,"TR","Adana","Turkey","TR","TR","TUR",46705.1494367877,5026.993416,822.268781262105,2297.08399746423,833.725062125876,339.804908617959,1450.53358542248,857.638041098804,4245.92267607161,608.65883372842,735.244956311503,209.532289717778,23707.0811183202,81.4546838918991,60.1166241022869,4622.9156287285,407.540760795468,104.270156327676,183.171026931204,111.192889869707,0,0
"TR622",NA,NA,"TR","─░├ºel","Turkey","TR","TR","TUR",163897.660032381,2342.342322,3221.56210037943,8999.73210251307,3266.44659688844,1331.31968532996,5683.03714139791,3360.13511884365,14899.787275671,2384.6609229052,2880.61196013381,820.925345511016,92881.835941983,319.130834715325,235.530573729699,18112.0943931547,1596.70158864997,408.519442158908,717.644706568338,435.641979847618,0,0
"TR631",NA,NA,"TR","Hatay","Turkey","TR","TR","TUR",50061.8849630064,2445.775266,946.003643086907,2642.74879406509,959.183863083487,390.938691601543,1668.80962466234,986.695262933459,4551.0804511824,700.249708155434,845.884488237971,241.062671883411,27274.5185223552,93.7119704215872,69.1629631415151,5318.57116081674,468.867422921204,119.960711143405,210.734570901403,127.9251764133,0,0
"TR632",NA,NA,"TR","Kahramanmara┼ƒ","Turkey","TR","TR","TUR",13874.1748185844,2897.778864,213.410442128288,596.181835764473,216.383788581416,88.1924711700873,376.469374541737,222.590128322764,1261.28861987131,157.970427397104,190.824405321811,54.3817053593936,6152.90131198498,21.1406300456992,15.6025810796769,1199.82479054406,105.772535609541,27.0621245385479,47.5399416021614,28.8588407213919,0,0
"TR633",NA,NA,"TR","Osmaniye","Turkey","TR","TR","TUR",7158.76524604086,1753.13769,104.448719944915,291.787173012726,105.903954411818,43.1637300903819,184.254078091033,108.94150138029,650.796840549169,77.3149090842523,93.3945156166797,26.6158462377193,3011.39278647807,10.3467839955785,7.63631622406445,587.226015187996,51.7678790201996,13.2449201587898,23.2673059344344,14.124280622743,0,0
"TR711",NA,NA,"TR","K─▒r─▒kkale","Turkey","TR","TR","TUR",8146.71203113508,1779.11286,123.607302120717,345.308446753153,125.32946402468,51.081068573676,218.051015939532,128.924175247908,740.610184648644,91.4964523323309,110.52547234985,31.4978771289812,3563.75969144141,12.2446503508493,9.03701306339672,694.938372732262,61.2634397585073,15.6743792407961,27.5351283930482,16.7150370353406,0,0
"TR712",NA,NA,"TR","Aksaray","Turkey","TR","TR","TUR",12237.8427915301,1848.44214,203.78373093915,569.288726449491,206.622952991972,84.2142054369587,359.487253591488,212.549331548498,1112.53116286637,150.844554521294,182.216525503223,51.9286062221313,5875.35067615367,20.1869993902507,14.8987657444889,1145.70200901122,101.001252433792,25.8413817553036,45.3954669307796,27.557050039982,0,0
"TR713",NA,NA,"TR","Ni─ƒde","Turkey","TR","TR","TUR",7602.23855794903,1126.466793,127.070821580944,354.984109150043,128.841239058532,52.5123778249802,224.160881004715,132.536675336526,691.112596177184,94.0602146486162,113.622434404411,32.3804585664883,3663.6174735555,12.5877496989155,9.29023330257672,714.410786872215,62.9800625806512,16.1135807814499,28.3066722370846,17.1833981681949,0,0
"TR714",NA,NA,"TR","Nev┼ƒehir","Turkey","TR","TR","TUR",5385.06089249084,1904.82024,65.6960732499402,183.528065272093,66.611385473813,27.1490888088803,115.891984289061,68.5219393632826,489.55099022644,48.6294703581838,58.7432085556617,16.7408139129375,1894.10345276745,6.50791201302724,4.8030841381342,369.3529545255,32.5609195967043,8.33077940448063,14.6346516817393,8.88387885350627,0,0
"TR715",NA,NA,"TR","K─▒r┼ƒehir","Turkey","TR","TR","TUR",7332.82994640208,2460.59454,92.3841620488559,258.08371313312,93.6713067537433,38.178017283562,162.971442996158,96.3579957961207,666.620904218371,68.3844961757219,82.6067956577743,23.5415297879157,2663.55585138302,9.15165805608864,6.75426827511465,519.397302092763,45.7883268157802,11.7150392165564,20.579769316663,12.4928273947557,0,0
"TR721",NA,NA,"TR","Kayseri","Turkey","TR","TR","TUR",120487.547178562,3445.595964,2330.4324887023,6510.27899752212,2362.90129906337,963.057843018587,4111.02874200552,2430.67425161865,10953.4133798693,1725.03000597832,2083.79397635997,593.845791689909,67189.4072953056,230.854735123586,170.379487962605,13102.033081181,1155.03136087745,295.517190297691,519.134037284305,315.137250702045,0,0
"TR722",NA,NA,"TR","Sivas","Turkey","TR","TR","TUR",11996.5167969132,3390.506784,165.090156247604,461.194641821579,167.390279079598,68.2239758286043,291.229366500127,172.19138247176,1090.59243608302,122.202842004383,147.618038631382,42.0686267516216,4759.76446532579,16.3539791334075,12.0698524524932,928.161059811664,81.8235708447078,20.9347317961852,36.7759717323714,22.324636396917,0,0
"TR723",NA,NA,"TR","Yozgat","Turkey","TR","TR","TUR",7873.97354060141,4523.88684,57.8666712828663,161.655905732392,58.6729001632216,23.9135662150744,102.080429277108,60.3557616863073,715.81577641831,42.8339996086368,51.7424219048652,14.7457089561814,1668.37158531596,5.73232442314971,4.23067129001678,325.334908915611,28.6804361015906,7.3379495833047,12.8905509311734,7.82513279563665,0,0
"TR811",NA,NA,"TR","Zonguldak","Turkey","TR","TR","TUR",18570.8888797587,1099.54977,346.704695544578,968.551678149262,351.535167598801,143.276699871923,611.608778748927,361.617931633267,1688.26262543261,256.637343466241,310.011622157659,88.3480321384158,9995.94844007318,34.3448784910378,25.3478136729934,1949.22462351843,171.837115324653,43.9648854824383,77.2329639309604,46.8838145233073,0,0
"TR812",NA,NA,"TR","Karab├╝k","Turkey","TR","TR","TUR",7395.2748498903,528.855507,136.065427787333,380.111374651326,137.961162846359,56.2294243791803,240.027929210037,141.918177617888,672.297713626391,100.718191514799,121.66510730889,34.6724833599405,3922.94369853381,13.4787634671252,9.9478350169792,764.979781528623,67.4380558061523,17.2541676754416,30.3103373320153,18.3997112280113,0,0
"TR813",NA,NA,"TR","Bart─▒n","Turkey","TR","TR","TUR",3493.35639803745,590.28174,56.7952568080268,158.662810164507,57.5865581787587,23.4708011411578,100.190387097375,59.2382611410526,317.577854367041,42.0409184415583,50.7843992890294,14.4726888278903,1637.48130899126,5.62618914311232,4.15233945654645,319.311259674083,28.1494113562109,7.20208579116148,12.6518794722813,7.68024869639749,0,0
"TR821",NA,NA,"TR","Kastamonu","Turkey","TR","TR","TUR",6410.52112907152,2304.03927,77.4047972828523,216.237470298324,78.4832416043241,31.9877522613948,136.546906182257,80.7343051640856,582.774648097411,57.2964883415025,69.2127538992515,19.7244560165864,2231.68123361694,7.66778873048507,5.65911683382233,435.181117478661,38.3641099999602,9.81553781089301,17.24292169519,10.4672137575848,0,0
"TR822",NA,NA,"TR","├çank─▒r─▒","Turkey","TR","TR","TUR",3114.09857517611,1094.91681,38.1362749741528,106.53721625131,38.6676096023887,15.7599239177373,67.2747755156257,39.7766775402021,283.099870470556,28.2291887731478,34.1001682980308,9.71796716443001,1099.51853331352,3.77781364636775,2.7881687345148,214.407728491034,18.9014673438237,4.83597996655868,8.49534946422791,5.15705170848525,0,0
"TR823",NA,NA,"TR","Sinop","Turkey","TR","TR","TUR",2938.89429097396,991.2882,36.9138626594208,103.122294232546,37.42816599676,15.2547585577398,65.1183636973013,38.501684098991,267.17220827036,27.3243361619639,33.0071285166101,9.40646944358517,1064.27479237895,3.65672038471037,2.69879734732684,207.535147258105,18.2956035969513,4.68096845930147,8.22304127969591,4.99174863364549,0,0
"TR831",NA,NA,"TR","Samsun","Turkey","TR","TR","TUR",21710.3730904822,3372.77523,359.464172590714,1004.19645903673,364.472416385816,148.549589990675,634.117294710628,374.926247780812,1973.67028095293,266.082148613731,321.420715336345,91.5994293725107,10363.8208003685,35.6088437455907,26.280667628785,2020.96027394705,178.16109004099,45.5828876449646,80.0753027949733,48.6092395404268,0,0
"TR832",NA,NA,"TR","Tokat","Turkey","TR","TR","TUR",9011.16270028879,2285.9352,129.736977707358,362.432263223611,131.544541473491,53.6141744145413,228.864147252287,135.317514120179,819.196609117163,96.0337536122989,116.006421112109,33.0598541736705,3740.48623107536,12.8518615190799,9.4851577716823,729.400307460007,64.3014885193695,16.4516703726277,28.9005930653623,17.5439342985885,0,0
"TR833",NA,NA,"TR","├çorum","Turkey","TR","TR","TUR",13880.4678822643,2828.0265,215.06835452995,600.813367611285,218.064799890094,88.8776081775736,379.394035765781,224.319354552528,1261.86071656948,159.197645372314,192.3068545636,54.8041781439477,6200.70108827339,21.3048643370589,15.723792171374,1209.14581710783,106.594246097526,27.2723608861246,47.9092630747682,29.0830351396801,0,0
"TR834",NA,NA,"TR","Amasya","Turkey","TR","TR","TUR",7434.69159832507,1564.34115,114.106203028749,318.766246465574,115.695990626168,47.1547123963675,201.290482589143,119.014393678658,675.881054393188,84.4635598958951,102.029910623594,29.0767867350106,3289.83061615686,11.3034629425495,8.34238131318758,641.521800823815,56.5544136583183,14.4695650605914,25.4186354441371,15.4302324932627,0,0
"TR901",NA,NA,"TR","Trabzon","Turkey","TR","TR","TUR",9429.22136241679,860.469936,169.398559198118,473.230564500124,171.758708964613,70.0044355812432,298.829658912616,176.685108064833,857.20194203789,125.392002987811,151.470466950819,43.166503207374,4883.98134010664,16.7807733987502,12.3848426923752,952.383532789682,83.9589429472102,21.4810712163479,37.7357243228416,22.9072485375062,0,0
"TR902",NA,NA,"TR","Ordu","Turkey","TR","TR","TUR",6539.32867303377,1475.52459,98.1769373626736,274.266367488369,99.544790058048,40.5718981300839,173.190261145379,102.39994288919,594.484424821252,72.6724175305219,87.7864995813417,25.0176571844366,2830.56911686793,9.72549558074764,7.17778197767219,551.96513409881,48.6593978235921,12.4496087409104,21.8701850872643,13.2761666655482,0,0
"TR903",NA,NA,"TR","Giresun","Turkey","TR","TR","TUR",3265.22419001246,1103.397363,40.9679436708644,114.447745019474,41.5387305957725,16.9301190469327,72.2700162945169,42.7301482901933,296.838562728406,30.3252432576685,36.6321507527298,10.4395390388157,1181.15923404657,4.05832129038069,2.99519393904845,230.327785012353,20.3049262143006,5.19505785496046,9.12614036244184,5.53996959703462,0,0
"TR904",NA,NA,"TR","Rize","Turkey","TR","TR","TUR",1392.90220923208,300.411456,21.2169873628046,59.2716192759893,21.5125935828757,8.76798027148747,37.4280934076009,22.1296197721673,126.627473566553,15.7052135235557,18.971513089288,5.406558104052,611.713410454834,2.10177382160004,1.55118822815446,119.285013257458,10.5157673119405,2.69048106839991,4.72635888920182,2.86910824411717,0,0
"TR905",NA,NA,"TR","Artvin","Turkey","TR","TR","TUR",1896.31473235931,1117.521693,13.3207237396087,37.212675507309,13.5063150644252,5.50482690844123,23.4985902502333,13.8937044363049,172.392248396301,9.8602505172628,11.9109410051217,3.39441531706222,384.053834276575,1.31956285602345,0.973887079350525,74.8910616152683,6.60214519983817,1.68917266273307,2.96736383826451,1.80132068919076,0,0
"TR906",NA,NA,"TR","G├╝m├╝┼ƒhane","Turkey","TR","TR","TUR",1874.43197357432,1417.223559,6.30021760274579,17.6002413877327,6.38799554592532,2.60358281326003,11.1139781012063,6.57121662216281,170.402906688574,4.66353969128761,5.63344166973456,1.60543492603154,181.643488327637,0.624105213497404,0.460613149882132,35.4207469428904,3.12257443491774,0.79891720238772,1.40345511648112,0.851959137962211,0,0
"TRA11",NA,NA,"TR","Erzurum","Turkey","TR","TR","TUR",9393.40992171025,4076.94919199997,98.0274465917351,273.848751174195,99.3932165031131,40.5101206445274,172.92655007073,102.244021887601,853.946356519113,72.5617616472316,87.6528299858854,24.9795636264174,2826.25910302107,9.71068689073163,7.16685260678026,551.124675069997,48.5853057701073,12.430652134007,21.8368840807643,13.2559514862682,0,0
"TRA12",NA,NA,"TR","Erzincan","Turkey","TR","TR","TUR",1944.94370365236,1041.426654,15.9634076637592,44.5952578099041,16.1858182500619,6.59692354376985,28.1604500641893,16.6500613789495,176.813063968396,11.8164149148913,14.2739396627805,4.06782968745543,460.245857599841,1.58134949875295,1.16709547994852,89.748618041031,7.91193761994823,2.02428579383464,3.55605592930832,2.1586827455338,0,0
"TRA13",NA,NA,"TR","Bayburt","Turkey","TR","TR","TUR",800.048427788268,491.28756,5.18482118607695,14.4842781918222,5.25705884010165,2.14264207699956,9.14634902382035,5.40784228564454,72.7316752534789,3.83790226276639,4.63609188784824,1.32120722524385,149.485155272033,0.513613042805401,0.379065767038535,29.1498247768663,2.56975093657206,0.657476153689657,1.15498611007786,0.701127495382568,0,0
"TRA21",NA,NA,"TR","A─ƒr─▒","Turkey","TR","TR","TUR",2714.04927544072,2224.08909,5.34296592550563,14.9260701684885,5.41740693516454,2.20799583960683,9.42532624042718,5.57278949952942,246.731752312793,3.95496397647174,4.77749956947476,1.36150600602506,154.044674314355,0.529279002711551,0.39062783539214,30.0389376851588,2.64813215314171,0.677530151942295,1.19021490020711,0.722512924326832,0,0
"TRA22",NA,NA,"TR","Kars","Turkey","TR","TR","TUR",3507.80905246084,2510.74461,14.8973277374624,41.6170647974497,15.104885137876,6.15636298718555,26.2798183619074,15.5381248437444,318.891732041895,11.027282481084,13.3206870199749,3.79616892023493,429.509383265332,1.47574266388477,1.08915365891306,83.7549604134283,7.38355683481749,1.88909846445294,3.31857281023526,2.01452002096206,0,0
"TRA23",NA,NA,"TR","I─ƒd─▒r","Turkey","TR","TR","TUR",1181.53869256919,638.07933,9.57857977132857,26.7586497414887,9.71203357942273,3.95837528805392,16.897214117304,9.99059502050131,107.412608415381,7.09024509411977,8.56484233134449,2.44083418642049,276.162944297411,0.948862713976983,0.700296414832728,53.8521796460889,4.74742781959394,1.2146393404606,2.1337527743224,1.29528201713648,0,0
"TRA24",NA,NA,"TR","Ardahan","Turkey","TR","TR","TUR",1440.19826118907,1178.155212,2.8802059097493,8.0461219682109,2.92033445238585,1.19025327030055,5.08086346001251,3.0040957539542,130.927114653552,2.13198264347933,2.57538279032235,0.733940230835634,83.0400918724975,0.285315783924218,0.210573792851308,16.1929398483292,1.42751535076542,0.365232789215826,0.641603191419151,0.389481427269154,0,0
"TRB11",NA,NA,"TR","Malatya","Turkey","TR","TR","TUR",13566.4764720919,2567.39781,214.523179875857,599.290371722012,217.512029576164,88.6523132037932,378.432313560459,223.750729629574,1233.31604291744,158.794096828699,191.819377811636,54.6652555724342,6184.9829921438,21.2508588462426,15.683934085433,1206.08076528265,106.32404139274,27.2032284470687,47.7878183555685,29.0093128402889,0,0
"TRB12",NA,NA,"TR","Elaz─▒─ƒ","Turkey","TR","TR","TUR",5232.39952714141,2169.77601,56.827197269479,158.75203880184,57.6189436515084,23.4840006275451,100.246732070122,59.2715754969127,475.672684285583,42.0645613725065,50.8129593702584,14.4808279645999,1638.40219414202,5.62935319390718,4.1546746451837,319.490833630678,28.1652419948744,7.20613609318521,12.658994623991,7.68456790721222,0,0
"TRB13",NA,NA,"TR","Bing├Âl","Turkey","TR","TR","TUR",2068.07198304529,1134.89229,16.3691172664848,45.7286451611885,16.5971804122229,6.76458418907367,28.8761471915672,17.0732222685099,188.006543913208,12.1167288016089,14.6367114789174,4.17121347625634,471.942994450317,1.62153945633737,1.19675718210423,92.0295769025441,8.11301931479627,2.07573296617517,3.64643300096733,2.21354561300848,0,0
"TRB14",NA,NA,"TR","Tunceli","Turkey","TR","TR","TUR",1093.948566349,950.72811,0.96150252734835,2.68604636272733,0.974898685947027,0.397343649530331,1.69615062637627,1.00286081979286,99.4498696680908,0.711722274101793,0.859743066772584,0.245012130723848,27.7213715645752,0.0952473038149518,0.0702960970028298,5.40570816019315,0.476549128985363,0.121926091711988,0.214187148223016,0.130021043081302,0,0
"TRB21",NA,NA,"TR","Van","Turkey","TR","TR","TUR",5325.76576772633,3803.194359,22.8106307334506,63.7236096321804,23.1284404306168,9.42655791942005,40.2393800391568,23.7918124879276,484.160524338757,16.8848583519384,20.3964951354607,5.81265371664777,657.660226778796,2.25964156503199,1.66770056773177,128.244709907343,11.3056241647239,2.89256759676448,5.08136360227785,3.08461175810422,0,0
"TRB22",NA,NA,"TR","Mu┼ƒ","Turkey","TR","TR","TUR",4708.60098572523,3625.53333,14.3885819808922,40.1958364073829,14.5890512680169,5.94612235874314,25.3823590114337,15.0074957793495,428.05463506593,10.6506992933057,12.8657837570917,3.66652923831153,414.841579750891,1.42534585237118,1.05195891419172,80.8947171904181,7.13140737054395,1.82458549645822,3.2052431000463,1.94572388985373,0,0
"TRB23",NA,NA,"TR","Bitlis","Turkey","TR","TR","TUR",2031.70100891484,1620.92253,4.96623319791931,13.87363240169,5.03542536919817,2.05230997023165,8.76074613408652,5.17985190312814,184.700091719531,3.67609931831451,4.44063789583787,1.26550616653021,143.182978557031,0.491959520400456,0.363084652083425,27.920891063543,2.46141225580909,0.62975747554458,1.10629280300106,0.671568510962964,0,0
"TRB24",NA,NA,"TR","Hakkari","Turkey","TR","TR","TUR",1286.89879812737,959.08113,4.63120515561891,12.9377005358483,4.69572954011406,1.91385868046773,8.16973570235256,4.8304128870066,116.990799829761,3.42810525342993,4.14106714240832,1.18013360414846,133.523683255151,0.458771341665743,0.338590526389167,26.037314296302,2.29536243565496,0.587273281640005,1.03166096489975,0.626263694509161,0,0
"TRC11",NA,NA,"TR","Gaziantep","Turkey","TR","TR","TUR",70918.0680339092,3386.94726,1341.82444427835,3748.51086238144,1360.51944772957,554.512761592986,2367.0622873206,1399.54199175969,6447.09709399175,993.243717789176,1199.81407222691,341.926575124719,38686.5483306144,132.922334445623,98.1016883604983,7543.93373045623,665.047934856284,170.153905581152,298.908783868219,181.450811531618,0,0
"TRC12",NA,NA,"TR","Ad─▒yaman","Turkey","TR","TR","TUR",7045.04558581055,2175.37869,92.9024417374121,259.531575445205,94.1968073873402,38.3921978364685,163.885720799262,96.8985688872606,640.45868961914,68.7681365594631,83.0702238404481,23.6735989267814,2678.49853058789,9.20299930746649,6.79216005202118,522.311146479025,46.0452015791086,11.7807611622008,20.6952228337535,12.5629127702978,0,0
"TRC13",NA,NA,"TR","Kilis","Turkey","TR","TR","TUR",2974.11250548778,1088.93907,35.4720826644463,99.0945482815977,35.9662983650631,14.6589388810064,62.5749735636145,36.9978870453228,270.373864135253,26.2571034635667,31.7179375688659,9.03907198122184,1022.70639518993,3.51389636364995,2.5933878413706,199.429248768654,17.5810147308269,4.49813940280324,7.90186610157109,4.79678113901256,0,0
"TRC21",NA,NA,"TR","┼×anl─▒urfa","Turkey","TR","TR","TUR",23755.8666937074,10478.29137,244.226519949485,682.269403285927,247.629212196451,100.927302829296,430.830864202125,254.731736053941,2159.62424488249,180.781068411523,218.379100705675,62.2343242270172,7041.36901658913,24.193298388356,17.855565272802,1373.07729753704,121.045896445041,30.9698458640373,54.4046222870302,33.0260045800627,0,0
"TRC22",NA,NA,"TR","Diyarbak─▒r","Turkey","TR","TR","TUR",23411.5738585712,7699.50606,298.392233731346,833.586341463444,302.549591173456,123.31143784853,526.382572851909,311.227346395964,2128.32489623375,220.875549595561,266.812251483937,76.0369472762478,8603.0371714804,29.559002637894,21.8156570686478,1677.60488084022,147.892028399372,37.8384848934382,66.4707369735886,40.35066822352,0,0
"TRC31",NA,NA,"TR","Mardin","Turkey","TR","TR","TUR",10983.4681478591,3299.38902,146.861271457478,410.27056383488,148.907419885058,60.6908374297359,259.072473017816,153.178396208529,998.497104350829,108.709478265706,131.318385882129,37.4235033368494,4234.20194822192,14.5482094360555,10.7371264148467,825.675597258628,72.788795665212,18.6231656634807,32.7152514145053,19.8596001154653,0,0
"TRC32",NA,NA,"TR","Batman","Turkey","TR","TR","TUR",15470.4106988468,1605.05697,273.684121498161,764.561941520539,277.49723253349,113.100740311609,482.795916708145,285.456433699518,1406.40097262244,202.586139711364,244.719092515231,69.740773265024,7890.67007894212,27.1113948515075,20.0092303511946,1538.69225178011,135.645956206437,34.7053017010013,60.9666847774961,37.009465851449,0,0
"TRC33",NA,NA,"TR","┼×─▒rnak","Turkey","TR","TR","TUR",2419.99102950322,1451.92605,16.432659625097,45.9061566251471,16.6616080763746,6.79084324919323,28.9882398884619,17.1394978528551,219.999184500293,12.1637640518417,14.693528908627,4.18740547599839,473.775003501855,1.62783401944429,1.20140280671545,92.3868213576526,8.14451278963282,2.08379063760441,3.66058788480321,2.22213825162524,0,0
"TRC34",NA,NA,"TR","Siirt","Turkey","TR","TR","TUR",1758.46283586244,1065.110874,11.719139738963,32.7385022657672,11.8824169536534,4.84296777261454,20.6732958504555,12.2232295304467,159.860257805676,8.67472788504651,10.4788587159503,2.98629625614449,337.87807923595,1.16090850665282,0.856794194968762,65.8867215794685,5.80835273565248,1.48607919995694,2.61059024695222,1.58474338811952,0,0
"UKC11",NA,NA,"UK","Hartlepool and Stockton-on-Tees","United Kingdom","UK","GB","GBR",33050.1240888718,142.14197126982,4283.28088419915,2590.75705717198,1035.57970402141,1181.49818423092,1325.90564640621,1017.51307867074,1268.70031382635,438.577490555026,320.230010688936,525.530052442123,13115.9521105263,276.753729745388,164.74249987447,2914.83201855155,1182.50496447797,695.066304135097,483.115970841788,87.442097236578,0,0
"UKC12",NA,NA,"UK","South Teesside","United Kingdom","UK","GB","GBR",24799.9104597002,451.569578620186,2422.18271035735,1465.06547673947,837.830152041242,955.884708329684,1045.17155598953,823.213446629153,975.810800309607,354.828743907083,259.080356153962,425.177243267723,10088.0307085247,223.906106473642,133.284027469341,2358.2290612633,956.699238437004,562.339629688431,390.862360214392,70.7445552843829,0,0
"UKC13",NA,NA,"UK","Darlington","United Kingdom","UK","GB","GBR",12347.6859436066,110.421793403768,897.838409906123,543.060625616494,454.602746886561,518.65860049895,553.105291861566,446.67179045753,503.740457037704,192.528427464052,140.575797236457,230.699196289665,5207.71977324938,121.49041282365,72.3192938998974,1279.56412934783,519.100560749852,305.122869732848,212.080100214966,38.3856669292627,0,0
"UKC14",NA,NA,"UK","Durham CC","United Kingdom","UK","GB","GBR",50927.0855428481,496.753532840097,9350.79566309944,5655.86066132517,1302.70234049028,1486.25976726444,1790.38284967961,1279.97551894513,1821.03161916517,551.706373940847,402.831749984819,661.08791689894,18826.00898607,348.140978505773,207.237008731735,3666.69844721544,1487.5262414712,874.355201899556,607.733333803172,109.997351517343,0,0
"UKC21",NA,NA,"UK","Northumberland","United Kingdom","UK","GB","GBR",30137.3018246179,1459.56973181608,4720.1482705011,2854.99778634884,788.252758979783,899.321606857578,1068.14327618479,774.500976067455,1073.95279956186,333.832263817024,243.749649064638,400.017992005501,11102.632618996,210.656784970399,125.397137026734,2218.68425159709,900.087938318439,529.063991676151,367.73364275529,66.5583480731159,0,0
"UKC22",NA,NA,"UK","Tyneside","United Kingdom","UK","GB","GBR",96902.0480160252,135.353536672685,7247.75357521845,4383.82847898416,3587.88480021547,4093.43613072265,4361.93128716668,3525.29090209722,3969.50284198396,1519.50207788786,1109.47364404886,1820.75921330972,41037.1216990066,958.84507633793,570.769308198889,10098.7702384773,4096.92423649713,2408.13702515042,1673.81075719572,302.953186853492,0,0
"UKC23",NA,NA,"UK","Sunderland","United Kingdom","UK","GB","GBR",39140.7344335625,33.4636512067292,8021.6105401259,4851.89850457402,936.295914079109,1068.22480016896,1322.23191221551,919.96138431637,1373.94032374116,396.529896075727,289.528704945885,475.146083798846,14203.9339728394,250.220611084325,148.948196752662,2635.37929393445,1069.13505770686,628.428442589781,436.798353394707,79.0587900121918,0,0
"UKD11",NA,NA,"UK","West Cumbria","United Kingdom","UK","GB","GBR",29877.3746075281,673.116722529296,6514.27529963442,3940.18164140186,639.263341462062,729.338817910248,941.1605620063,628.110813804596,1008.635761466,270.733880756374,197.677982558462,324.409696383872,10427.3784755782,170.840074744713,101.695543608674,1799.32577738252,729.960303347192,429.064422944604,298.227484214606,53.9780057940861,0,0
"UKD12",NA,NA,"UK","East Cumbria","United Kingdom","UK","GB","GBR",36402.0330794386,1683.67674186006,4115.84063211452,2489.48024939989,1116.52440487921,1273.84840770018,1431.56651017561,1097.04562595037,1371.58498159069,472.858312821131,345.260360666104,566.607405273127,14179.5842075616,298.385814440106,177.619376776482,3142.66596013634,1274.9338815771,749.395231059868,520.878083779652,94.2768916765504,0,0
"UKD31",NA,NA,"UK","Greater Manchester South","United Kingdom","UK","GB","GBR",239573.805008545,192.329766546093,16769.8232128571,10143.2847881885,8994.29817079706,10261.6408142821,10891.0876313351,8837.38449750571,9870.77067894283,3809.1676630332,2781.28683691766,4564.37488203357,102045.025218399,2403.68322741747,1430.834497354,25316.1279530996,10270.3849811475,6036.84444914126,4195.99676968497,759.458969861536,0,0
"UKD32",NA,NA,"UK","Greater Manchester North","United Kingdom","UK","GB","GBR",117064.528080141,88.3310665337007,14614.6231050841,8839.70464955501,3747.31436479404,4275.33013688252,4766.57029148726,3681.93907360496,4533.33728438569,1587.02195886045,1158.77369403137,1901.66561492077,46866.0991684791,1001.45186600121,596.131745219024,10547.5144517259,4278.97323848764,2515.14387145223,1748.18742619876,316.415072437122,0,0
"UKD41",NA,NA,"UK","Blackburn with Darwen","United Kingdom","UK","GB","GBR",16240.0535696504,17.8315139547658,2439.2029775509,1475.36024342388,477.990405477818,545.341699879596,625.331316642273,469.65143017399,610.100690658233,202.433315108218,147.807910932374,242.567831217747,6307.2826214873,127.74065287761,76.0398586498364,1345.39305186922,545.806397378634,320.820332087772,222.990850340867,40.3604699393363,0,0
"UKD42",NA,NA,"UK","Blackpool","United Kingdom","UK","GB","GBR",13046.3977061393,5.25221529938807,712.738597468591,431.102372511314,510.380752779083,582.296012883651,610.72399227805,501.476698546615,546.718231546871,216.150923885631,157.823906053005,259.005099010609,5652.02835119807,136.396818490516,81.1925926842053,1436.56171907958,582.792199954888,342.560270501896,238.10151156915,43.0954403981482,0,0
"UKD43",NA,NA,"UK","Lancashire CC","United Kingdom","UK","GB","GBR",151682.27169152,1958.3509929422,23943.7164874977,14482.4386123601,4247.68834191396,4846.20936820373,5645.19442737331,4173.58357375199,5583.7065413896,1798.93492159243,1313.50322708358,2155.59253277688,57724.9227402041,1135.17442149136,675.732436061804,11955.9102363241,4850.33892839271,2850.98773707798,1981.6206026134,358.665562469001,0,0
"UKD61",NA,NA,"UK","Warrington","United Kingdom","UK","GB","GBR",36670.7159164171,36.0156879478062,3273.70660556249,1980.112610116,1305.02805645891,1488.91318851565,1605.55547434114,1282.26066069344,1478.72106522611,552.691335957103,403.550925965773,662.268157908121,15287.1678716922,348.762514990264,207.60698919889,3673.24460811943,1490.18192376025,875.916189234967,608.818320814529,110.193729913988,0,0
"UKD62",NA,NA,"UK","Cheshire East","United Kingdom","UK","GB","GBR",79306.9683971292,850.658820618061,15917.149811303,9627.54237197481,1887.57421854238,2153.54308620442,2666.73495560949,1854.64377765449,2771.91181373308,799.404971717724,583.690381177548,957.895345193508,28656.3045719412,504.445194439656,300.279828055458,5312.92931701376,2155.37816701054,1266.91285158272,880.586252884097,159.382660473258,0,0
"UKD63",NA,NA,"UK","Cheshire West and Chester","United Kingdom","UK","GB","GBR",54165.6471563504,808.057645157165,7823.87182368284,4732.29556725772,1584.11831844247,1807.32869674706,2072.98928527737,1556.48194042222,2022.9867598838,670.888618371747,489.853387506023,803.899284364874,20913.8416485774,423.348054509459,252.005336589484,4458.79614851422,1808.86876075739,1063.23758628795,739.018789544347,133.759504456865,0,0
"UKD71",NA,NA,"UK","East Merseyside","United Kingdom","UK","GB","GBR",57013.7509588597,154.050409654513,9235.7232074642,5586.25869391208,1605.13147813745,1831.30271818468,2132.31593334656,1577.12850652507,2108.31815099542,679.78788398295,496.351240184674,814.562922203271,21796.0061969324,428.963721074514,255.348160367287,4517.9416014929,1832.86321097903,1077.34131890329,748.821794573388,135.533809946014,0,0
"UKD72",NA,NA,"UK","Liverpool","United Kingdom","UK","GB","GBR",62584.3575895482,12.6804104113188,3865.62385000725,2338.13577501376,2403.67916636471,2742.36986250832,2891.66758373145,2361.74480748024,2603.14199996723,1017.98014463775,743.28436734391,1219.80532589462,26911.5451745234,642.371776715477,382.383039398499,6765.60284953242,2744.70669539094,1613.3151200278,1121.35820115152,202.961439447499,0,0
"UKD73",NA,NA,"UK","Sefton","United Kingdom","UK","GB","GBR",20432.8272595597,58.9052398803153,913.054767109782,552.264291188662,816.945034408929,932.056770736657,971.382317736774,802.692688779289,863.754737632378,345.983705282284,252.622097637824,414.578583481375,8929.58380364768,218.324658538279,129.961572929571,2299.44400652586,932.850996541171,548.321837076479,381.119089037969,68.9810613884419,0,0
"UKD74",NA,NA,"UK","Wirral","United Kingdom","UK","GB","GBR",26413.271852549,35.8692876621257,2641.65966860274,1597.81686377982,910.809345951293,1039.14704415621,1131.3833641077,894.919452440165,1051.93586229714,385.736101016833,281.647550118013,462.212306289719,10875.0192956308,243.409447481569,144.893732446059,2563.64259946905,1040.03252390708,611.322222136737,424.908425408787,76.9067596471654,0,0
"UKE11",NA,NA,"UK","Kingston upon Hull, City of","United Kingdom","UK","GB","GBR",33270.0966826635,17.576948990382,6054.02318362182,3661.79657867186,873.615016900281,996.71184378794,1190.63193239976,858.374012128014,1202.78163098209,369.983961963967,270.146030395946,443.337141374046,12434.478102873,233.469440690907,138.976769487802,2458.95223058153,997.561163583532,586.35791979682,407.556623012979,73.7661514207795,0,0
"UKE12",NA,NA,"UK","East Riding of Yorkshire","United Kingdom","UK","GB","GBR",41077.5884231883,3644.40133896289,5656.11819689368,3421.1223898152,1060.94385752599,1210.43627677353,1435.51095300053,1042.43473155762,1441.52901714379,449.319441899663,328.073311514886,538.401707679909,14902.672718484,283.532178624763,168.777490169585,2986.22415425247,1211.46771579732,712.090361641713,494.948790273611,89.5837911771394,0,0
"UKE13",NA,NA,"UK","North and North East Lincolnshire","United Kingdom","UK","GB","GBR",44765.6802414392,1094.37953231314,9545.25897270473,5773.4824576401,974.764340209998,1112.11362441626,1424.2246459115,957.758693931516,1517.99658966421,412.821626912639,301.42421087676,494.667820197722,15693.2022141072,260.501114234219,155.067846126273,2743.65584643367,1113.0612805739,654.247900689298,454.744544271963,82.3069802241214,0,0
"UKE21",NA,NA,"UK","York","United Kingdom","UK","GB","GBR",28866.0493200755,146.008570187598,1713.03776434632,1036.13673657364,1107.93061652159,1264.04371058149,1332.36223639276,1088.6017640098,1198.95501511917,469.218764732644,342.602922588732,562.246278815434,12394.9181612094,296.089165547337,176.252256339562,3118.47714167246,1265.12082966318,743.627203076068,516.868931814353,93.5512508839783,0,0
"UKE22",NA,NA,"UK","North Yorkshire CC","United Kingdom","UK","GB","GBR",80908.9818157643,4450.26986005077,9781.43561861313,5916.33470774202,2378.3958462133,2713.52399315204,3089.56740253078,2336.9025777355,2995.37400749612,1007.27242695861,735.466062436139,1206.97469150358,30966.4793231947,635.614930163658,378.360908266829,6694.43823436427,2715.83624584328,1596.34531671313,1109.563091887,200.826570899421,0,0
"UKE31",NA,NA,"UK","Barnsley, Doncaster and Rotherham","United Kingdom","UK","GB","GBR",77607.4678321925,453.742764820881,9398.08781906546,5684.46548321994,2491.64697675416,2842.73278758526,3164.19334765683,2448.17793978836,3004.77922872928,1055.23531812214,770.486457875333,1264.44672609555,31063.7114511754,665.880753888625,396.377169387495,7013.20464138806,2845.15514189471,1672.35785774544,1162.39671702248,210.389249977092,0,0
"UKE32",NA,NA,"UK","Sheffield","United Kingdom","UK","GB","GBR",62067.5806356707,74.1938375209557,4740.84972437645,2867.51913135778,2288.85847495824,2611.37034805079,2786.03600924111,2248.92726697185,2538.52318030583,969.35253007048,707.778620086,1161.536779551,26243.5092838712,611.68649534574,364.117088775711,6442.41862102335,2613.59555340381,1536.24911216359,1067.79234853182,193.266230065018,0,0
"UKE41",NA,NA,"UK","Bradford","United Kingdom","UK","GB","GBR",51837.6075784227,86.6669172347792,7111.39639999041,4301.35237630285,1592.13971594403,1816.48035020868,2052.81310007222,1564.36339738335,1976.85760899835,674.285753689598,492.333826430899,807.969937191775,20436.9538230451,425.49173467981,253.281399717955,4481.37386627008,1818.02821254156,1068.62143370574,742.760911204735,134.436813810825,0,0
"UKE42",NA,NA,"UK","Leeds","United Kingdom","UK","GB","GBR",126673.549130558,276.141484925252,10185.1598405791,6160.52868088727,4612.97058753759,5262.96175168535,5635.31635811819,4532.49313994466,5153.51470944788,1953.63529859654,1426.45864419565,2340.96387305451,53277.5560889968,1232.79435696667,733.842410668406,12984.0651733294,5267.44643562585,3096.15996230202,2152.03113310221,389.50920059418,0,0
"UKE44",NA,NA,"UK","Calderdale and Kirklees","United Kingdom","UK","GB","GBR",66239.1952220815,218.058780645975,9870.72871479532,5970.34394163189,1949.4237751318,2224.10756185233,2549.64024337668,1915.41431274255,2486.94180826309,825.598825474796,602.815982124364,989.282403661089,25710.2558447928,520.974193031218,310.119003668017,5487.01641738853,2226.00277217974,1308.42539044773,909.440148399621,164.605102473936,0,0
"UKE45",NA,NA,"UK","Wakefield","United Kingdom","UK","GB","GBR",41835.735323284,186.376105515707,5677.05176916242,3433.78413242637,1284.75536368992,1465.78396958347,1655.94778396605,1262.34164340078,1594.20269902172,544.105664871729,397.282046229236,651.980287981104,16481.028677118,343.344734674549,204.381960673339,3616.18333726229,1467.0329959186,862.309447442818,599.360756504765,108.481947841136,0,0
"UKF11",NA,NA,"UK","Derby","United Kingdom","UK","GB","GBR",39207.7582069715,103.792689844415,7003.04788431556,4235.81740691659,1038.17701525534,1184.46146991029,1410.09347401708,1020.06507745909,1420.49613779269,439.677475653947,321.03317147026,526.848121059803,14685.2326853186,277.447848767332,165.15568636699,2922.14263493136,1185.47077523738,696.809582332852,484.327661775366,87.6614085465517,0,0
"UKF12",NA,NA,"UK","East Derbyshire","United Kingdom","UK","GB","GBR",30224.3201119435,227.440473530761,3023.82491130025,1828.97081475624,1031.77050755935,1177.15225249257,1284.66513223487,1013.77033708908,1197.20271508553,436.964260961135,319.052101331478,523.59698325518,12376.8027063034,275.735740184455,164.13652377699,2904.11032540766,1178.15532947685,692.509625883944,481.338914339283,87.1204569744764,0,0
"UKF13",NA,NA,"UK","South and West Derbyshire","United Kingdom","UK","GB","GBR",59783.9825595028,1210.01557492472,11217.8833464045,6785.17501699245,1470.13300049743,1677.28226414697,2047.71092608682,1444.48519952905,2105.10373777582,622.614792117408,454.605960927291,746.054668557256,21762.7752680896,392.886022707367,233.872279177939,4137.963234253,1678.71151276944,986.732269157787,685.842653195903,124.134832192058,0,0
"UKF14",NA,NA,"UK","Nottingham","United Kingdom","UK","GB","GBR",48843.1480579186,4.67317361360495,3697.06744048412,2236.18385560671,1807.61531816905,2062.31756755304,2198.19415214201,1776.07983267752,2000.99202525108,765.541644986717,558.964868093623,917.318260741934,20686.4578582665,483.076560216014,287.559774655837,5087.8700945596,2064.07491311468,1213.24557986101,843.284033044042,152.631104881521,0,0
"UKF15",NA,NA,"UK","North Nottinghamshire","United Kingdom","UK","GB","GBR",50974.3029293758,870.368476209562,7344.48129975144,4442.33457319863,1486.53864916008,1695.99955266738,1946.62430850298,1460.60463680027,1900.81499174924,629.562734601655,459.679043207872,754.380113106382,19650.81755798,397.270353955508,236.482129064194,4184.13998899367,1697.44475069766,997.743506186292,693.496174069447,125.520089473577,0,0
"UKF16",NA,NA,"UK","South Nottinghamshire","United Kingdom","UK","GB","GBR",34977.2855037907,455.509585667985,4449.49801352635,2691.294054971,1087.45057948255,1240.67793151046,1394.28912100375,1068.47901975558,1335.86948616829,460.545281449632,336.269926244313,551.853187006712,13810.3538050317,290.615973465773,172.994242990873,3060.83226173642,1241.73514010465,729.881294771764,507.314637790851,91.821961112054,0,0
"UKF21",NA,NA,"UK","Leicester","United Kingdom","UK","GB","GBR",44276.1370101066,16.7439225159508,5450.28734950805,3296.6248994883,1426.03118049147,1626.96627199688,1810.37893289205,1401.15277569437,1718.66708298976,603.937267372557,440.96845312652,723.674129724246,17767.7540619865,381.100021950675,226.856456012824,4013.83044511992,1628.35264527034,957.131757562067,665.268385947004,120.410970457132,0,0
"UKF22",NA,NA,"UK","Leicestershire CC and Rutland","United Kingdom","UK","GB","GBR",98247.4571119484,2296.57262920329,14499.3257258124,8769.96663631299,2796.07939740066,3190.06129433189,3689.38741146069,2747.29926128232,3626.61439856012,1184.16523686451,864.625418825531,1418.93834597393,37492.3063047105,747.238864270822,444.807008081113,7870.08640890409,3192.77961480065,1876.68854968154,1304.41974420737,236.094861263955,0,0
"UKF24",NA,NA,"UK","West Northamptonshire","United Kingdom","UK","GB","GBR",61128.6317754326,454.975984345698,6704.61034063682,4055.30644036686,2027.59728698909,2313.29612160845,2547.541811811,1992.22401692228,2394.90568807541,858.706023815113,626.989403484826,1028.95344938206,24758.7771293982,541.865690701351,322.555033185906,5707.05033122385,2315.26733144346,1360.89433490165,945.909453396995,171.205903743607,0,0
"UKF25",NA,NA,"UK","North Northamptonshire","United Kingdom","UK","GB","GBR",39330.4756487379,319.293180520187,6158.96953050873,3725.27373465868,1116.87239520203,1274.24543164044,1478.04016759901,1097.387545267,1456.60460427527,473.005689910432,345.367968940351,566.784001407532,15058.5256623981,298.478813191801,177.674735910588,3143.6454437349,1275.33124383007,749.628797193518,521.040427326941,94.3062752223335,0,0
"UKF30",NA,NA,"UK","Lincolnshire","United Kingdom","UK","GB","GBR",88532.7762584041,9210.98345071388,10851.3647297288,6563.48498115092,2346.40609763751,2677.02672528408,3137.91324532881,2305.47091928097,3120.31132305218,993.724475410925,725.573943569209,1190.74071725576,32258.0939226337,627.06582264679,373.271902437278,6604.39712690338,2679.30787786121,1574.87425444102,1094.63931694224,198.12542612546,0,0
"UKG11",NA,NA,"UK","Herefordshire, County of","United Kingdom","UK","GB","GBR",23581.5106000398,3242.58141587471,2907.48045489818,1758.59947333933,579.42634710709,661.070484815556,792.53197864483,569.317729981013,802.972936465673,245.392365540644,179.174721759243,294.043961463388,8301.21539811803,154.848923797871,92.1765312171289,1630.90340838237,661.633797324116,388.902687102006,270.31248403857,48.9255001700246,0,0
"UKG12",NA,NA,"UK","Worcestershire","United Kingdom","UK","GB","GBR",75371.1920594255,1435.58626563446,9623.61774544814,5820.8780286906,2314.49713134653,2640.62162233828,2977.373861605,2274.11863379115,2861.25536018486,980.210735900813,715.706804828701,1174.54773793881,29579.9471878337,618.538303809702,368.195747647093,6514.58339623383,2642.87175333702,1553.45741208449,1079.7532283405,195.431102431881,0,0
"UKG13",NA,NA,"UK","Warwickshire","United Kingdom","UK","GB","GBR",107662.65211542,1339.24021040071,19048.1282191866,11521.3253447425,2810.58784862534,3206.6140605858,3831.95124924746,2761.55459944224,3872.26152432795,1190.30969885547,869.111834958175,1426.30101164163,40031.8311259364,751.116178565093,447.115047254514,7910.92314798373,3209.34648602597,1886.42641489105,1311.18818942854,237.319923321288,0,0
"UKG21",NA,NA,"UK","Telford and Wrekin","United Kingdom","UK","GB","GBR",24620.0077708811,354.526786751753,4030.5666878552,2437.90201326373,672.867025348733,767.677432834233,901.87078630532,661.128251007574,898.521730404993,284.965348691859,208.069175055215,341.462701272471,9289.00848989005,179.820498764909,107.041298133395,1893.90960647244,768.331587437089,451.618735542401,313.90418809527,56.815427754477,0,0
"UKG22",NA,NA,"UK","Shropshire CC","United Kingdom","UK","GB","GBR",33719.5052358369,2934.60025348151,3213.51642201508,1943.70637223112,1018.32742334838,1161.81496891696,1305.07373036736,1000.56177965094,1249.87465557025,431.270991659245,314.895126273109,516.774963933114,12921.330552192,272.143140136174,161.997965740039,2866.27226027946,1162.80497666901,683.486819795326,475.067481387798,85.9853521900063,0,0
"UKG23",NA,NA,"UK","Stoke-on-Trent","United Kingdom","UK","GB","GBR",29850.3595347963,45.7094894211726,3332.63506853791,2015.75569200798,994.000953028889,1134.0607744309,1248.28982026745,976.659706626665,1172.95386988324,420.968508648662,307.372705912624,504.429906210285,12126.1156930325,265.642007131813,158.128052571605,2797.80087723646,1135.02713223143,667.15924041929,463.718759237375,83.9312779600465,0,0
"UKG24",NA,NA,"UK","Staffordshire CC","United Kingdom","UK","GB","GBR",98640.9596070197,1932.28139113632,12607.0244791688,7625.40177083282,3024.8576549729,3451.07557924253,3892.70225725302,2972.08627505953,3742.21775867386,1281.0549245534,935.37001104114,1535.0374248113,38687.4255291196,808.378760912191,481.201601295926,8514.02543912113,3454.01631564874,2030.2412480781,1411.14878648707,255.412399611378,0,0
"UKG31",NA,NA,"UK","Birmingham","United Kingdom","UK","GB","GBR",128306.787746615,102.529106460171,9521.82296954756,5759.30711116788,4762.48562753004,5433.54422600414,5786.11582430184,4679.39975472238,5262.0107431094,2016.95628758994,1472.69284777169,2416.83890855685,54399.199053989,1272.75153728824,757.627621368788,13404.9031099292,5438.17426697348,3196.51232133012,2221.78250368325,402.133925291451,0,0
"UKG32",NA,NA,"UK","Solihull","United Kingdom","UK","GB","GBR",50690.7109925258,46.7547997132672,7281.48999437701,4404.23406721938,1525.97945503476,1740.99776994084,1981.07648922108,1499.35736211437,1919.64422105804,646.266277167053,471.875235966172,774.395307204132,19845.4760342181,407.810720947632,242.756466936621,4295.15348544841,1742.48131192873,1024.21561167944,711.895997035206,128.850385315597,0,0
"UKG33",NA,NA,"UK","Coventry","United Kingdom","UK","GB","GBR",52356.2973415997,37.1480321773651,9215.91259326566,5574.27617632116,1405.6600577495,1603.72475380478,1900.08643619935,1381.13704562871,1906.51563396393,595.309910292007,434.669136108163,713.336309118723,19709.751373533,375.655936694805,223.615769011399,3956.49212476509,1605.09132247613,943.458950978121,655.764902340279,118.690877171502,0,0
"UKG36",NA,NA,"UK","Dudley","United Kingdom","UK","GB","GBR",28007.1175176364,5.29993085044666,3432.58920112812,2076.21329014423,903.853777515207,1031.21140053011,1146.74521120394,888.085230191675,1088.01467351598,382.790354071198,279.496695146651,458.682534287828,11248.0056935958,241.550605038336,143.787223958341,2544.06485619541,1032.09011814681,606.653743962382,421.663531573279,76.3194465807138,0,0
"UKG37",NA,NA,"UK","Sandwell","United Kingdom","UK","GB","GBR",35513.9476821953,6.35940620402027,5993.52950840836,3625.20677281727,980.53528276992,1118.69772231753,1312.15188194516,963.428957174583,1305.51274348033,415.265673948555,303.20874662082,497.596425050038,13496.5227300428,262.043371070079,155.985901492038,2759.89923946809,1119.65098892791,658.121274897893,457.436789501067,82.7942660588205,0,0
"UKG38",NA,NA,"UK","Walsall","United Kingdom","UK","GB","GBR",24260.2929167227,13.9719034062576,2664.46836085355,1611.61277910997,813.5892298895,928.22811618603,1019.5633806285,799.3954293074,956.090205194228,344.562491329163,251.584389663292,412.875599038717,9884.15720246064,217.427835808515,129.42772350835,2289.99846947715,929.019079510902,546.069469020538,379.553547774401,68.6977045555923,0,0
"UKG39",NA,NA,"UK","Wolverhampton","United Kingdom","UK","GB","GBR",26215.30926853,8.25863339198121,3331.39095241602,2015.00318412679,833.984899611808,951.497640153625,1062.97172929814,819.4352781091,1012.8624904945,353.200244280735,257.891297289832,423.225876605122,10471.0748275991,222.878481127639,132.672315502205,2347.40588188155,952.308431944931,559.758751187033,389.068482975041,70.4198705348382,0,0
"UKH11",NA,NA,"UK","Peterborough","United Kingdom","UK","GB","GBR",32515.6784885299,370.09645826835,3636.8152224625,2199.74009595845,1064.29646085408,1214.26127906857,1342.2113745265,1045.72884568586,1266.27556904296,450.73930011893,329.110029592134,540.103067600336,13090.8848538128,284.428145851431,169.310830337621,2995.66068095174,1215.29597745985,714.340581103758,496.512838125658,89.8668777083569,0,0
"UKH12",NA,NA,"UK","Cambridgeshire CC","United Kingdom","UK","GB","GBR",102154.87699541,4416.9266266148,11213.4588788609,6782.49886270265,3184.394697109,3633.09220709784,4062.85342166962,3128.84004908152,3874.97474806423,1348.62032325609,984.703296069937,1615.9983685172,40059.8807072304,851.014273439386,506.581136103357,8963.07216797988,3636.1880438233,2137.32023178122,1485.57559564286,268.88336036614,0,0
"UKH13",NA,NA,"UK","Norfolk","United Kingdom","UK","GB","GBR",100288.060435763,4692.70159350501,9301.85351094714,5626.2578336074,3278.64208328353,3740.61953232573,4117.39598879878,3221.44320429084,3868.90566636878,1388.53495460632,1013.84720586739,1663.82649184415,39997.1379270758,876.201437248473,521.574236049921,9228.34899584693,3743.80699541888,2200.57773106238,1529.54364300242,276.8414046134,0,0
"UKH14",NA,NA,"UK","Suffolk","United Kingdom","UK","GB","GBR",97736.3376535765,3523.07590232004,10382.2247339842,6279.72405403997,3120.63576448963,3560.34931456551,3954.30246363705,3066.19344875673,3747.39299035214,1321.61783126047,964.987263016247,1583.64235084613,38740.927597428,833.975003223416,496.438212378361,8783.61077302793,3563.38316549337,2094.52614700025,1455.83094294966,263.499694807465,0,0
"UKH21",NA,NA,"UK","Luton","United Kingdom","UK","GB","GBR",31621.3625703081,5.96463065245269,3963.00077066029,2397.03453771648,1011.66974596125,1154.21919071317,1287.16453719775,994.020251472407,1224.46987613524,428.451404301522,312.836387488865,513.39636397329,12658.6933739578,270.363907652981,160.938846473937,2847.53298686396,1155.20272593775,679.018281837672,471.961558915636,85.4231923956471,0,0
"UKH23",NA,NA,"UK","Hertfordshire","United Kingdom","UK","GB","GBR",195718.383211101,540.008266796969,16625.8291135001,10056.189465891,7031.293152838,8022.03834298173,8623.9725347445,6908.62587901086,7918.39061778275,2977.81705681699,2174.27115725302,3568.20034710772,81861.1227595981,1879.07951210765,1118.55495704542,19790.8845974166,8028.87409597108,4719.30352251525,3280.22073493276,593.707096790144,0,0
"UKH24",NA,NA,"UK","Bedford","United Kingdom","UK","GB","GBR",21907.3434468863,172.04939337452,2325.76787259243,1406.74863315421,733.927578524619,837.341730449662,919.179955629081,721.123547560865,861.457463904072,310.825052276035,226.950794229727,372.449360810175,8905.834355589,196.138639962657,116.754957193003,2065.77590973852,838.055247512571,492.601706587119,342.389999774614,61.9712480234447,0,0
"UKH25",NA,NA,"UK","Central Bedfordshire","United Kingdom","UK","GB","GBR",32179.8345580762,638.23390369506,3243.67442096896,1961.94754079613,1074.08335757805,1225.42719962855,1344.70966473082,1055.34500113732,1259.82748997182,454.884140529431,332.136409918399,545.069665853106,13024.2239604716,287.043647256562,170.867753311352,3023.20772520389,1226.47141274309,720.909406379561,501.078595926792,90.6932619756991,0,0
"UKH31",NA,NA,"UK","Southend-on-Sea","United Kingdom","UK","GB","GBR",15435.5358558752,18.5014762106013,1140.89032158303,690.071403676597,573.057431240686,653.804156108596,696.151615735921,563.059925617086,633.023277940337,242.695071332003,177.20527605839,290.811900544973,6544.25864629388,153.146861451905,91.1633488254239,1612.97690806688,654.36127682075,384.627961752119,267.341273845806,48.3877227702561,0,0
"UKH32",NA,NA,"UK","Thurrock","United Kingdom","UK","GB","GBR",21403.4648963876,58.7256387900639,1925.15264679267,1164.43514694787,758.153510683816,864.981220434105,933.865761882293,744.926836404061,861.121163897617,321.084956454803,234.442125398312,384.743398003684,8902.35765212219,202.612904623871,120.608876510075,2133.96430939784,865.718289706341,508.861806186148,353.69181912197,64.0168330298764,0,0
"UKH33",NA,NA,"UK","Essex CC","United Kingdom","UK","GB","GBR",179096.9234894,2035.21555679059,14968.1945056546,9053.56351755998,6373.3555746839,7271.39399285812,7831.21117003054,6262.16661747737,7203.55654090363,2699.17446576567,1970.81858197873,3234.31395612471,74471.0958027654,1703.24883679921,1013.88867113275,17938.9967016181,7277.59010550408,4277.70521866349,2973.28139401204,538.152279076799,0,0
"UKI11",NA,NA,"UK","Inner London - West","United Kingdom","UK","GB","GBR",841617.151766145,179.855153021351,9573.29194021594,5790.4382936865,36603.6242185597,41761.2622017989,42555.4164278539,35965.0408602096,36922.1884429309,15501.9701454706,11318.8573793456,18575.3974131129,381705.316973377,9782.1437455244,5822.99221857535,103027.720080811,41796.8478797437,24567.8296945634,17076.2283018941,3090.73039545037,0,0
"UKI12",NA,NA,"UK","Inner London - East","United Kingdom","UK","GB","GBR",475973.869761545,100.859122175436,9310.41940665508,5631.4389448528,20307.8921558065,23169.3780927429,23729.9997498519,19953.602594302,20705.2144605939,8600.5783481168,6279.76436470336,10305.7327100815,214052.600400394,5427.18718372099,3230.62812831985,57160.3460894142,23189.121222704,13630.3671177576,9473.98543685634,1714.7542324963,0,0
"UKI21",NA,NA,"UK","Outer London - East and North East","United Kingdom","UK","GB","GBR",190682.105896251,77.2512218493803,11789.3970461369,7130.85702825497,7320.21645184816,8351.67241348053,8807.28688934977,7192.5086495344,7929.39241009919,3100.17872048294,2263.61426698278,3714.82148683356,81974.8604008517,1956.29288380748,1164.51756751961,20604.1130525419,8358.78905481601,4913.22471355606,3415.00848671862,618.103151587136,0,0
"UKI22",NA,NA,"UK","Outer London - South","United Kingdom","UK","GB","GBR",153835.532606945,64.8672748527533,3730.40957502543,2256.35095944591,6488.9603637529,7403.2880883517,7605.4580528391,6375.7545763548,6658.25166991021,2748.13415287536,2006.56679401446,3292.9804118558,68833.6789158603,1734.14366452424,1032.27935788987,18264.3879190857,7409.59659081919,4355.297501678,3027.21304184962,547.913695960049,0,0
"UKI23",NA,NA,"UK","Outer London - West and North West","United Kingdom","UK","GB","GBR",335060.247753684,69.5861432189187,12976.6584123726,7848.97611650569,13647.5734355482,15570.5863784725,16149.0147413475,13409.4791630858,14285.2325873625,5779.87236162019,4220.20880688609,6925.79234166131,147682.178731787,3647.24881686553,2171.08867261668,38413.6381497171,15583.8544130831,9160.0563350387,6366.83073678041,1152.37140971418,0,0
"UKJ11",NA,NA,"UK","Berkshire","United Kingdom","UK","GB","GBR",210266.759954438,579.975608318375,17918.0276223898,10837.7801429169,7548.27477059577,8611.86531650162,9260.15389011083,7416.58828447146,8504.45020534793,3196.76350748496,2334.13623411544,3830.55521524276,87919.8660267428,2017.24038023654,1200.79763114171,21246.0256808033,8619.20367385721,5066.29419929782,3521.40166499591,637.359899866481,0,0
"UKJ12",NA,NA,"UK","Milton Keynes","United Kingdom","UK","GB","GBR",64371.6479895011,38.9478655061019,4228.36861129515,2557.54318154776,2445.41731450328,2789.98912932805,2951.0414905096,2402.75479584287,2665.18251957915,1035.65663269555,756.190962145496,1240.9863620765,27552.9263385967,653.526097455019,389.022843981167,6883.08264381279,2792.36653962149,1641.32916883106,1140.82977430113,206.485717872265,0,0
"UKJ13",NA,NA,"UK","Buckinghamshire CC","United Kingdom","UK","GB","GBR",76452.6208547357,367.858083591014,5191.73880265881,3140.24092877037,2869.36162041717,3273.66935761682,3473.15258925921,2819.30300958272,3146.54256829253,1215.20092957659,887.286317806803,1456.12718846997,32529.2751879195,766.823188360117,456.464919653941,8076.3528789881,3276.45892233101,1925.87453093734,1338.60717775843,242.282652745227,0,0
"UKJ14",NA,NA,"UK","Oxfordshire","United Kingdom","UK","GB","GBR",110091.003715744,1824.43063693877,10375.9208656949,6275.91113779669,3767.27969300047,4298.10868201224,4681.81780245104,3701.55608858807,4355.05309938459,1595.47745823812,1164.94752810723,1911.79750524133,45022.9792393239,1006.78750460562,599.307877453721,10603.7105877558,4301.77119371006,2528.54431454067,1757.50159958606,318.100901315002,0,0
"UKJ21",NA,NA,"UK","Brighton and Hove","United Kingdom","UK","GB","GBR",39850.4492003716,40.3455612933926,2459.86934048213,1487.86036355555,1528.90207613727,1744.33220331415,1839.6883546747,1502.22899544618,1656.49567653322,647.504033975153,472.778991595277,775.878462209302,17125.0197764809,408.591777478203,243.22140450226,4303.37974706267,1745.81858664509,1026.17723321395,713.259450689097,129.097165083141,0,0
"UKJ22",NA,NA,"UK","East Sussex CC","United Kingdom","UK","GB","GBR",47903.5259117628,455.021726399105,3644.96697949232,2204.67071401137,1745.85257760206,1991.85214074943,2130.39595296111,1715.39459902779,1946.05650314397,739.38455861038,539.866113072508,885.975259171805,20118.5288767164,466.570762791795,277.73440994408,4914.02735405488,1993.54944119146,1171.7913106701,814.470638715244,147.415993436903,0,0
"UKJ23",NA,NA,"UK","Surrey","United Kingdom","UK","GB","GBR",205984.761108565,752.963766581028,11740.194692476,7101.09681676696,7970.94232552911,9094.08889306251,9564.74979524481,7831.88202130736,8587.48758325762,3375.76708863072,2464.83678290814,4045.04812336672,88778.3148346905,2130.19626554014,1268.03659821025,22435.702262469,9101.83816359429,5349.98262438428,3718.58344188088,673.049028664301,0,0
"UKJ24",NA,NA,"UK","West Sussex","United Kingdom","UK","GB","GBR",123735.16263719,992.149066704364,15974.3721236856,9662.15348285936,3857.74147232501,4401.31698901092,4944.98034524869,3790.43968028566,4736.66883302548,1633.78885041125,1192.92082311055,1957.70453050247,48968.1612752309,1030.96298306493,613.698753994799,10858.3321198372,4405.06744674726,2589.26096858133,1799.70359540805,325.739297155683,0,0
"UKJ31",NA,NA,"UK","Portsmouth","United Kingdom","UK","GB","GBR",29454.8210859239,50.8928604739873,3207.75875730968,1940.22382908916,988.654209379397,1127.96064723751,1238.42645084684,971.406241760048,1160.85747228263,418.704113736973,305.719344255014,501.716571389603,12001.061911686,264.213115428699,157.27747978461,2782.75147106907,1128.92180698726,663.570582459715,461.22441018917,83.4798105584718,0,0
"UKJ32",NA,NA,"UK","Southampton","United Kingdom","UK","GB","GBR",34686.3160602179,36.1459635546072,1205.50827628844,729.155794053757,1425.13902488779,1625.94840710276,1682.18454722478,1400.27618455278,1484.06988111825,603.559431302262,440.692573831675,723.221383712167,15342.464471153,380.861597626723,226.714529762381,4011.31930695352,1627.33391303145,956.532955465279,664.8521798173,120.3356387789,0,0
"UKJ33",NA,NA,"UK","Hampshire CC","United Kingdom","UK","GB","GBR",207280.203210035,1982.26266497431,18325.5948093296,11084.2985465385,7295.89906111294,8323.92857793862,8996.63033265408,7168.61549769281,8304.80941730531,3089.88008275946,2256.09465428197,3702.48103676611,85855.9593761819,1949.79417727864,1160.64909875319,20535.6672256804,8331.02157814966,4896.90322826728,3403.66400035241,616.049844017519,0,0
"UKJ34",NA,NA,"UK","Isle of Wight","United Kingdom","UK","GB","GBR",13691.9138727608,111.568489505109,1297.26433452767,784.654758947349,474.250723553065,541.075077632618,587.791888031131,465.9769903856,545.32676309911,200.849525557628,146.651497400817,240.670038869751,5637.64320970699,126.741240744755,75.4449410914614,1334.86702034201,541.536139450232,318.310311001046,221.246223580897,40.0446993335313,0,0
"UKJ41",NA,NA,"UK","Medway","United Kingdom","UK","GB","GBR",30163.2159418845,237.560782592612,3753.86958379025,2270.54082579182,954.802893075994,1089.33950722193,1217.81164197319,938.145492312007,1161.15449070938,404.36777120469,295.251576936306,484.537899421545,12004.1325182105,255.166512827878,151.892331301873,2687.47063440521,1090.26775706001,640.850062521225,445.432181472555,80.6214790555525,0,0
"UKJ42",NA,NA,"UK","Kent CC","United Kingdom","UK","GB","GBR",191885.398696394,3694.36762713543,14410.7590965446,8716.39680841494,6908.48635315317,7881.92743671793,8450.93016863866,6787.96155511211,7738.88839328458,2925.80725224114,2136.2958834783,3505.87905630992,80005.4106149779,1846.25998144391,1099.01855718832,19445.2219792452,7888.64379816296,4636.87735285576,3222.92922369001,583.337557798935,0,0
"UKK11",NA,NA,"UK","Bristol, City of","United Kingdom","UK","GB","GBR",68420.3004904865,28.2746546679153,2967.89681680799,1795.14251597843,2753.99846371365,3142.05094172564,3269.41493388995,2705.95246757544,2902.23023991874,1166.34357598704,851.612825210512,1397.58335494671,30003.5496371019,735.992935730676,438.112672352313,7751.64178083235,3144.72835153088,1848.44442811484,1284.78825562838,232.541638773231,0,0
"UKK12",NA,NA,"UK","Bath and North East Somerset, North Somerset and South Gloucestershire","United Kingdom","UK","GB","GBR",103470.595773878,679.362852864188,10352.9590155165,6262.02258437147,3537.5848586099,4036.04866991869,4403.11026174299,3475.86848850482,4101.92228926259,1498.19959187083,1093.91950487883,1795.23328725385,42406.0873326405,945.402657187323,562.767473003141,9957.19168131375,4039.48787459223,2374.3764228769,1650.34495825461,298.705969215112,0,0
"UKK13",NA,NA,"UK","Gloucestershire","United Kingdom","UK","GB","GBR",92831.6687451337,1522.48885805971,11430.683202256,6913.88773586791,2906.94138559934,3316.54430403972,3716.66658619713,2856.22716174383,3551.69774975367,1231.1163043616,898.907025087223,1475.19795230423,36717.8104152415,776.866201115906,462.443198715192,8182.12812967841,3319.37040342635,1951.09753250256,1356.1387928234,245.455806359987,0,0
"UKK14",NA,NA,"UK","Swindon","United Kingdom","UK","GB","GBR",49114.5019280975,78.2011794731007,8716.29546941765,5272.08105429026,1309.04967526268,1493.50147399081,1773.99626822112,1286.21211871678,1783.75557371282,554.394528358497,404.79452221193,664.30902596747,18440.645459558,349.837273407443,208.246757951312,3684.56420352103,1494.77411901305,878.615442327435,610.69447603966,110.533306656485,0,0
"UKK15",NA,NA,"UK","Wiltshire CC","United Kingdom","UK","GB","GBR",58824.9622973773,1351.54061688819,6007.77914330634,3633.82571310443,1945.26080442271,2219.35800726499,2441.57154849199,1911.32396882583,2293.02231243554,823.835769246719,601.528675942627,987.169803147033,23705.4964915768,519.86165899247,309.456748315913,5475.29896071377,2221.24917039385,1305.63126397561,907.498050048431,164.253590284074,0,0
"UKK21",NA,NA,"UK","Bournemouth and Poole","United Kingdom","UK","GB","GBR",54588.4508273913,269.828689782894,4387.05555969456,2653.52552371996,1979.74058379576,2258.69616401307,2420.66654180866,1945.20221723638,2215.70871095152,838.438271645711,612.190781499838,1004.66740395144,22906.2206629939,529.076215346976,314.941874209147,5572.34872377774,2260.62084803913,1328.77359934888,923.583467734325,167.164987841332,0,0
"UKK22",NA,NA,"UK","Dorset CC","United Kingdom","UK","GB","GBR",35892.449916032,1774.47873845387,3362.54822954962,2033.84876950829,1164.75036819084,1328.86965605434,1465.66174012116,1144.43024367755,1379.84855280193,493.282450033053,360.173168136932,591.080840712058,14265.0138421944,311.27397279743,185.291278537362,3278.40691898323,1330.0020147312,781.763808729173,543.376335719707,98.3489870998655,0,0
"UKK23",NA,NA,"UK","Somerset","United Kingdom","UK","GB","GBR",64804.3225618132,1863.68992127233,8983.28667603838,5433.57159657694,1883.51145910907,2148.90786317447,2465.28196180404,1850.65189673713,2406.25185408267,797.684355882872,582.434063105937,955.83359932329,24876.0749406839,503.359441385728,299.633514553143,5301.49392364529,2150.73899420645,1264.18598548739,878.690904838651,159.039609905506,0,0
"UKK30",NA,NA,"UK","Cornwall and Isles of Scilly","United Kingdom","UK","GB","GBR",61195.3697562722,6651.45271369801,4395.92649992214,2658.89114218387,1919.39751606926,2189.85044921882,2422.53724397278,1885.91188894934,2287.21360706089,812.882429721513,593.531028756499,974.044849817091,23645.4455081508,512.94981870871,305.342354453444,5402.50191698557,2191.71646831701,1288.27219428855,895.432375515105,162.069750482774,0,0
"UKK41",NA,NA,"UK","Plymouth","United Kingdom","UK","GB","GBR",29801.7061355958,88.0241682130754,4216.38902426526,2550.29728745891,900.288548727526,1027.14381276004,1167.07340684569,884.582200047465,1129.39665325768,381.280447022147,278.394227371014,456.873272417899,11675.8167839028,240.597814673138,143.220058822884,2534.02985552531,1028.01906429691,604.260813329205,420.000290240579,76.018406418269,0,0
"UKK42",NA,NA,"UK","Torbay","United Kingdom","UK","GB","GBR",9781.1310226727,54.1330042725413,458.961083499129,277.604177309279,387.419891313949,442.009336746241,461.730449794605,380.661000614774,411.588200005687,164.075872734621,119.800992096315,196.605625823594,4255.04042341649,103.536115551828,61.6316843100625,1090.46546532387,442.385982495837,260.030696776229,180.738127822259,32.7128927653825,0,0
"UKK43",NA,NA,"UK","Devon CC","United Kingdom","UK","GB","GBR",94380.0505686182,3780.02361398092,8813.71711540724,5331.00686926539,3114.79538847714,3553.68599968285,3903.35958192703,3060.45496339052,3660.3549465762,1319.14437852138,963.181256519938,1580.67851030328,37841.1195012856,832.414190628984,495.509111372645,8767.17194660491,3556.71417265547,2090.60617005014,1453.10630580546,263.006546163088,0,0
"UKL11",NA,NA,"UK","Isle of Anglesey","United Kingdom","UK","GB","GBR",6234.41757415987,348.952805185203,709.745215700535,429.29181533562,187.367723033061,213.76879412313,241.549522692335,184.098923498172,232.584370253923,79.3519469913738,57.9393046393642,95.0842981270811,2404.48073407265,50.0731290715105,29.8069061882809,527.381365450725,213.950951152426,125.758539161276,87.4103065809617,15.8209229022458,0,0
"UKL12",NA,NA,"UK","Gwynedd","United Kingdom","UK","GB","GBR",12846.5567245277,435.639692970912,1290.93242366184,780.824881055955,419.142876193518,478.202252547941,527.588828393624,411.83054930725,496.843356905314,177.510847413411,129.610620218246,212.704224359894,5136.41685478071,112.013931745004,66.6782527318324,1179.75571666032,478.609739066654,281.32271106615,195.537452855937,35.3915125931967,0,0
"UKL13",NA,NA,"UK","Conwy and Denbighshire","United Kingdom","UK","GB","GBR",19430.185971496,525.663548260154,1626.80383366384,983.977849373997,674.217259036353,769.217921358694,833.207332092761,662.454928646271,770.804738479785,285.537185026696,208.486704818052,342.14791012497,7968.65731512018,180.181342268915,107.256096542682,1897.71009075184,769.873388645258,452.52499310551,314.534095630464,56.9294385495384,0,0
"UKL14",NA,NA,"UK","South West Wales","United Kingdom","UK","GB","GBR",40659.070954489,1954.8516335859,6030.90869125689,3647.81569909931,1098.27575022316,1253.02842420973,1470.99283124888,1079.11533559361,1464.62953600825,465.129840416762,339.617369737572,557.346682606248,15141.488217978,293.508948642829,174.716337082184,3091.30172165197,1254.09615692681,737.146994735846,512.364768506597,92.7360149785288,0,0
"UKL15",NA,NA,"UK","Central Valleys","United Kingdom","UK","GB","GBR",29327.8839363238,309.039044943123,4778.66991595697,2890.39480327607,810.109391785294,924.257951083748,1082.28586414532,795.976300128896,1075.29070221911,343.088748016742,250.508327058957,411.109670743394,11116.4639919294,216.497865695631,128.87414252736,2280.20381679505,925.045531344764,543.733851394307,377.930142682975,68.4038745966872,0,0
"UKL16",NA,NA,"UK","Gwent Valleys","United Kingdom","UK","GB","GBR",32409.3979229305,261.94368399496,6318.91265920478,3822.01588176934,794.877195001632,906.879459817591,1110.39213917319,781.009842806416,1144.1280219615,336.637773152058,245.798108695362,403.379722827805,11828.1111629111,212.427133857488,126.450968176824,2237.32996099672,907.652231489002,533.510218504279,370.824057551511,67.1177010389094,0,0
"UKL17",NA,NA,"UK","Bridgend and Neath Port Talbot","United Kingdom","UK","GB","GBR",31295.8124309376,237.066577823929,4920.51217941114,2976.18858028583,887.663747481813,1012.74011240732,1175.2903005816,872.177649887542,1158.73890645248,375.933728051507,274.490288135665,450.466510644791,11979.159963946,237.223896839023,141.211675200107,2498.49500025926,1013.60309023849,595.787227077734,414.110600546176,74.9523956671571,0,0
"UKL18",NA,NA,"UK","Swansea","United Kingdom","UK","GB","GBR",26187.2934596516,80.6727365200141,1231.15583011385,744.668804493373,1040.58036991381,1187.20346954008,1239.40253432074,1022.42650342001,1104.07882119276,440.695318366519,321.776355490749,528.067761706291,11414.0784763711,278.090133820863,165.538017782896,2928.90732439296,1188.21511138457,698.422679647817,485.448868587932,87.8643425852587,0,0
"UKL21",NA,NA,"UK","Monmouthshire and Newport","United Kingdom","UK","GB","GBR",31518.5048510941,281.708135510921,4085.09479390088,2470.88352425294,979.439254703124,1117.44725828685,1256.69200599789,962.352050309545,1204.82147838967,414.801496022659,302.869824297234,497.040219008934,12455.5662516021,261.750462804097,155.811542721819,2756.81426427021,1118.39945934968,657.385636516166,456.925473316032,82.7017198333405,0,0
"UKL22",NA,NA,"UK","Cardiff and Vale of Glamorgan","United Kingdom","UK","GB","GBR",65733.0167262872,153.894101615862,6196.09119893855,3747.72690246594,2301.23522493275,2625.49104543871,2844.88778620313,2261.08809333953,2632.7236689561,974.594197055618,711.605854977956,1167.81766168678,27217.3634592508,614.994122662374,366.0860118081,6477.25528977151,2627.72828334447,1544.55620994523,1073.56631798737,194.311295906441,0,0
"UKL23",NA,NA,"UK","Flintshire and Wrexham","United Kingdom","UK","GB","GBR",47755.489875057,781.920934585735,12484.5905566581,7551.34719506308,828.978718599174,945.786062615565,1340.60211862232,814.516434455861,1528.75570566021,351.080080765306,256.343247059646,420.68536855935,15804.4310430254,221.540603162624,131.875920235242,2333.31505270671,946.591987447682,556.398674004397,386.73301232924,69.9971595014037,0,0
"UKL24",NA,NA,"UK","Powys","United Kingdom","UK","GB","GBR",12287.4177290689,1078.30062271444,1163.63549463342,703.828899201647,371.327500255772,423.64944542997,475.7349837461,364.849355885552,455.478766637638,157.260597715307,114.824777768669,188.439151448052,4708.78553861423,99.2355009022967,59.0716681938846,1045.17043247485,424.010446317676,249.229713776979,173.230747077884,31.3540862744733,0,0
"UKM21",NA,NA,"UK","Angus and Dundee City","United Kingdom","UK","GB","GBR",29926.9466406406,1449.3979788268,3718.10913426644,2248.91099588428,880.552111917654,1004.62641099608,1144.53747544356,865.190083243303,1110.24137131105,372.92188524756,272.29117287309,446.857538591295,11477.7875425306,235.323346201223,140.080339179822,2478.47797697638,1005.48247496618,591.013998876428,410.792898676866,74.3519046319452,0,0
"UKM22",NA,NA,"UK","Clackmannanshire and Fife","United Kingdom","UK","GB","GBR",46230.0090138412,1681.78648704992,6855.44614149061,4146.53998915833,1278.98207321799,1459.19719293737,1701.34731558562,1256.66907320715,1684.15301390621,541.660623473569,395.496784445562,649.050491623858,17410.9441264124,341.801850370418,203.463531796108,3599.93333559207,1460.44060653715,858.43449734922,596.667415933808,107.994463753855,0,0
"UKM23",NA,NA,"UK","East Lothian and Midlothian","United Kingdom","UK","GB","GBR",18420.4337731058,756.494938900163,1677.82707454245,1014.83943070846,611.159393551965,697.274879908607,764.504080973603,600.497164705681,715.666753210886,258.831601384505,188.987461196656,310.147665985178,7398.63524893446,163.329428896319,97.2247002568085,1720.22197986896,697.869042968037,410.201454570831,285.116502967726,51.6049695745238,0,0
"UKM24",NA,NA,"UK","Scottish Borders","United Kingdom","UK","GB","GBR",13453.0730108498,1394.96702043872,1565.51503941683,946.907113059047,365.229126037339,416.691779073763,484.290299077373,358.857373325651,478.081201282018,154.677880372741,112.938991060441,185.344383454454,4942.45179308444,97.6057395195845,58.1015242155762,1028.0054220329,417.046851182952,245.136572116536,170.385749276503,30.8391528228784,0,0
"UKM25",NA,NA,"UK","Edinburgh, City of","United Kingdom","UK","GB","GBR",106423.621365336,565.382348882245,5325.95106394995,3221.4196729386,4183.10615364282,4772.52721908503,4996.36439209933,4110.12808021549,4464.09519358291,1771.58377328727,1293.53262051407,2122.81873404641,46150.2674333525,1117.9151401345,665.458546855754,11774.1316349573,4776.59399311549,2807.64109486371,1951.49188681824,353.212382994137,0,0
"UKM26",NA,NA,"UK","Falkirk","United Kingdom","UK","GB","GBR",20188.0504818683,114.437836783235,2415.21100523003,1460.84861710606,651.331204177145,743.107104243062,825.846671291718,639.9681417307,783.092265031433,275.844731157739,201.409700929571,330.533826183726,8095.68700688575,174.065153416577,103.615328115945,1833.29302538942,743.74032193563,437.164200010154,303.857352383075,54.9969898673275,0,0
"UKM27",NA,NA,"UK","Perth & Kinross and Stirling","United Kingdom","UK","GB","GBR",37472.4590070189,1821.95096309759,5533.08999933894,3346.70836475747,1013.60994872762,1156.43277797893,1356.80595575401,995.92660564523,1350.27262855002,429.273097945321,313.43635207894,514.380966952276,13959.2549471384,270.882417575462,161.247498577443,2852.99404903419,1157.41819944927,680.320518218759,472.866697302825,85.5870188962019,0,0
"UKM28",NA,NA,"UK","West Lothian","United Kingdom","UK","GB","GBR",24358.2803194879,410.843401542485,2642.68272267137,1598.43566152384,798.119476200612,910.578595030927,1005.47976813925,784.195559474944,947.656310295498,338.010908939097,246.800712105774,405.025097106497,9796.96674432687,213.293618022074,126.966758036302,2246.4559655092,911.354518815742,535.686391329211,372.336638208611,67.3914722095577,0,0
"UKM31",NA,NA,"UK","East Dunbartonshire, West Dunbartonshire and Helensburgh & Lomond","United Kingdom","UK","GB","GBR",19707.9288518215,56.4886905266283,2209.16849849421,1336.22310389901,653.905678612617,746.044335302195,821.989022889218,642.497702129213,773.098441155391,276.935044663327,202.205799938453,331.84030571382,7992.36984527501,174.753169413206,104.024881675865,1840.53936334517,746.680055873101,438.892150475005,305.058389552373,55.2143728877223,0,0
"UKM32",NA,NA,"UK","Dumfries & Galloway","United Kingdom","UK","GB","GBR",19927.9200420771,2023.89075161173,2279.36118550178,1378.67939012987,547.367979096327,624.494928683046,723.052386173701,537.818649219657,711.44080049819,231.815353033687,169.261383856915,277.775164618025,7354.94692254483,146.281478064746,87.0766092434942,1540.66915873706,625.027074366357,367.385568445359,255.356696932102,46.2185613202601,0,0
"UKM34",NA,NA,"UK","Glasgow City","United Kingdom","UK","GB","GBR",101837.503434862,20.4515110743642,7117.69530680545,4305.16229158151,3827.76975515797,4367.12210350512,4633.73956407895,3760.99084685521,4198.45933322088,1621.09555365032,1183.65273561183,1942.49465526698,43404.0970530212,1022.9531848035,608.930781435609,10773.971137761,4370.84342303733,2569.14438016329,1785.72126726786,323.208550563518,0,0
"UKM35",NA,NA,"UK","Inverclyde, East Renfrewshire and Renfrewshire","United Kingdom","UK","GB","GBR",35231.6598061012,47.8376482880459,3528.17909865184,2134.03116580994,1214.4331995414,1385.55305261009,1508.71427086733,1193.24631306195,1402.93106113975,514.32358420436,375.536479674098,616.293599192879,14503.6431470429,324.551472179838,193.194942355558,3418.2485043586,1386.73371243947,815.110215414918,566.55424197732,102.544097290876,0,0
"UKM36",NA,NA,"UK","North Lanarkshire","United Kingdom","UK","GB","GBR",42386.1727446124,140.283281350538,6126.74358775111,3705.78176322825,1266.5100814839,1444.96783373851,1647.85987583275,1244.4146666586,1599.9188675525,536.378620730838,391.640098155932,642.721276745835,16540.1230052965,338.468770148434,201.47945747647,3564.82859116685,1446.19912219248,850.063474659078,590.849014538392,106.941355905458,0,0
"UKM37",NA,NA,"UK","South Ayrshire","United Kingdom","UK","GB","GBR",13370.494289337,432.433451839124,1828.1255159836,1105.74795582574,388.501502088135,443.243352014002,508.29203441696,381.723741709923,495.941898993274,164.533944805035,120.135456192544,197.154515459682,5127.09749174823,103.82517086522,61.8037495428386,1093.50986036557,443.621049294792,260.756658477107,181.242718089155,32.8042216260402,0,0
"UKM38",NA,NA,"UK","South Lanarkshire","United Kingdom","UK","GB","GBR",35941.5588332297,639.728101752597,4544.14358069054,2748.54074919673,1110.72323501953,1267.22982331791,1426.05992343058,1091.34566275015,1368.00833941677,470.401464246885,343.466477801308,563.663460843986,14142.6085191675,296.835479502757,176.696512779467,3126.33748673502,1268.30965735542,745.501568719469,518.171736988676,93.7870535144211,0,0
"UKM50",NA,NA,"UK","Aberdeen City and Aberdeenshire","United Kingdom","UK","GB","GBR",89771.7324807263,3570.33227862399,13040.3931911672,7887.52631491986,2494.1107079884,2845.54367115935,3311.15179443723,2450.59868900103,3272.08944701819,1056.2787308676,771.248312010184,1265.69700630065,33827.191513033,666.539174293658,396.769105653696,7020.13927197109,2847.9684206837,1674.01147895559,1163.54609055935,210.597282082504,0,0
"UKM61",NA,NA,"UK","Caithness & Sutherland and Ross & Cromarty","United Kingdom","UK","GB","GBR",11058.2373921464,561.66857970114,1319.35305842688,798.015198963531,329.422750377516,375.840101832804,426.249805941499,323.675672301396,411.800289483442,139.513552294686,101.866665081329,167.173569170245,4257.23302587987,88.0366566435496,52.4053602074008,927.221706558137,376.160363341135,221.103844265941,153.68145131465,27.8157403612617,0,0
"UKM62",NA,NA,"UK","Inverness & Nairn and Moray, Badenoch & Strathspey","United Kingdom","UK","GB","GBR",29951.4774042286,574.95743278552,5237.45667446741,3167.89353952116,776.882534383993,886.349259425452,1060.65684653411,763.329115332145,1073.01935743867,329.016869549538,240.233659778921,394.24789559969,11092.9825999552,207.618146753845,123.588334462556,2186.68063605574,887.104536867503,521.432459350544,362.429234921732,65.5982710449104,0,0
"UKM63",NA,NA,"UK","Lochaber, Skye & Lochalsh, Arran & Cumbrae and Argyll & Bute","United Kingdom","UK","GB","GBR",12892.2901716748,913.595604595182,1483.04228314133,897.023185032432,375.249540438301,428.124121146522,488.009036155724,368.702972526839,473.612727512035,158.921617658466,116.037581539056,190.42948591946,4896.25625948559,100.283647408559,59.6955957407155,1056.20974529422,428.488935002529,251.862131121346,175.060447141631,31.6852548148326,0,0
"UKM64",NA,NA,"UK","Eilean Siar (Western Isles)","United Kingdom","UK","GB","GBR",2762.5507013516,145.448504576443,190.672645055854,115.328999928629,96.0313172269282,109.562621295419,118.233670784637,94.3559639696825,108.974088933859,40.6701424917161,29.6955508326727,48.7334224322636,1126.58514872912,25.663910862399,15.2768919714898,270.298034182935,109.655981983067,64.4548483201698,44.800282270059,8.1086755042663,0,0
"UKM65",NA,NA,"UK","Orkney Islands","United Kingdom","UK","GB","GBR",2818.92577905551,319.157690107529,155.096876162406,93.8108747304838,92.490473296974,105.522854334324,115.017803361703,90.8768932672831,107.05783100234,39.1705626532779,28.6006235324041,46.9365352501643,1106.7746804985,24.7176372339609,14.7136060376106,260.331669238116,105.612772648862,62.0782844551623,43.148416898252,7.80969434615719,0,0
"UKM66",NA,NA,"UK","Shetland Islands","United Kingdom","UK","GB","GBR",3917.78408748833,379.509374188698,456.560330175989,276.152073470515,107.780281717147,122.967075011421,142.393608778183,105.899957139124,140.123915847568,45.6459365737462,33.3286570143373,54.6957195888304,1448.61520862497,28.8037655067952,17.1459453852818,303.367683721186,123.071857925023,72.3405854526367,50.2813788616935,9.10073250518406,0,0
"UKN01",NA,NA,"UK","Belfast","United Kingdom","UK","GB","GBR",49789.025555741,40.2583465961604,3158.1001487435,1910.18765026494,1902.21636470966,2170.24838570257,2291.70566745751,1869.0304783277,2066.14355281746,805.60605474151,588.218139500204,965.325857604358,21360.0009370973,508.35823806878,302.609135740572,5354.14236541839,2172.09770145698,1276.74045092787,887.417069124838,160.619011440681,0,0
"UKN02",NA,NA,"UK","Outer Belfast","United Kingdom","UK","GB","GBR",44765.3081267684,825.604566092878,4273.50778220161,2584.84576308338,1521.70863140771,1736.12516540742,1894.57861648014,1495.16104687148,1765.49057073064,644.457544240286,470.554578666275,772.227974109461,18251.820012128,406.669363731687,242.077054083982,4283.13245664168,1737.60455534323,1021.34909586947,709.90358341908,128.489766259983,0,0
"UKN03",NA,NA,"UK","East of Northern Ireland","United Kingdom","UK","GB","GBR",44819.2732174697,1838.8069317112,5979.88730670834,3616.95524057242,1295.6311778404,1478.19224160824,1696.05139925309,1273.02771912855,1655.63971072732,548.71167178683,400.645150071592,657.499483808,17116.1707154409,346.251244061007,206.112111239599,3646.79534249041,1479.45184130128,869.609138540162,604.434513253377,109.400277926962,0,0
"UKN04",NA,NA,"UK","North of Northern Ireland","United Kingdom","UK","GB","GBR",27528.3044469932,1079.49543646095,2972.64904456317,1798.01691715054,869.226876930379,991.705392438559,1104.95805452033,854.062427232062,1050.27470173894,368.125544491386,268.789095624041,441.110273254141,10857.846049836,232.296731242663,138.278693670332,2446.60099307032,992.550446128291,583.412662933381,405.509479279361,73.3956264284048,0,0
"UKN05",NA,NA,"UK","West and South of Northern Ireland","United Kingdom","UK","GB","GBR",50328.0561982684,3186.92447289043,7971.17824196206,4821.39435695686,1265.76537391407,1444.11819306082,1736.38019378236,1243.68295118645,1763.44699700721,536.063230253501,391.409813888947,642.343356816827,18230.6933403689,338.269750607283,201.360987612439,3562.73247296314,1445.34875751752,849.56363757632,590.501595484897,106.878474418421,0,0
"UKM33",NA,NA,"UK","East Ayrshire and North Ayrshire mainland","United Kingdom","UK","GB","GBR",22991.7565144623,685.622044037708,3630.23643715288,2195.7608952174,622.174202590898,709.84173191296,835.020767420144,611.319810430247,832.841997565324,263.496473908058,192.393546119503,315.737398141372,8610.00477154214,166.273084002846,98.9769624628628,1751.22521210713,710.446603459745,417.594437051769,290.255103252974,52.5350360863379,0,0
