"fid4","adm1_id","adm1_name","CNTR_CODE","NAME_LATN","CNTR_NAME","CNTR_CODE_Eurostat","CNTR_CODE_iso2","CNTR_CODE_iso3","AGR","MIN","MFG","EGW","CNS","TRD","OTP","WTP","CMN","OFI","OBS","REA","PUB","OSG"
"AL011","0","0","AL","Dib├â┬½r","Albania","AL","AL","ALB",762.04691334,7.06714733905875,19.7427306377319,59.8379442978723,74.1513659849636,61.5542217240657,265.243315852122,43.6845370777043,52.7698503255704,15.0385085567274,10.1608269041743,1132.33513600603,368.528541353946,21.1270267106077
"AL012","0","0","AL","Durr├â┬½s","Albania","AL","AL","ALB",360.7970922,268.459013817211,749.96511927403,111.988254262351,192.030508374838,115.200311679172,593.203873866801,81.7567365155125,98.7601343092317,28.1449561768654,19.0162493082316,3131.02639470381,689.710658953012,39.5397747505699
"AL013","0","0","AL","Kuk├â┬½s","Albania","AL","AL","ALB",824.39299602,3.64336069060239,10.1780655305036,35.8675365947009,44.3533379254114,36.8962925807724,195.338655849298,26.1850026875479,31.6308415982229,9.01425111302362,6.09051388870746,676.95174518661,220.900151205134,12.6637773501669
"AL014","0","0","AL","Lezh├â┬½","Albania","AL","AL","ALB",2085.87770712,27.8802095918754,77.8859477081758,60.8237831267805,84.5857438663997,62.5683364730071,427.017739011828,44.4042461749904,53.6392412790371,15.2862701708344,10.3282280041534,1326.03226559027,374.600102633175,21.4750975461802
"AL015","0","0","AL","Shkod├â┬½r","Albania","AL","AL","ALB",367.38053508,65.0477032960717,181.716783755139,96.9077441270523,129.700417429728,99.6872609640719,382.445378271592,70.7472489422639,85.4609431018681,24.3549131971039,16.4554920009845,2016.44918338173,596.833163439972,34.2152880193408
"AL021","0","0","AL","Elbasan","Albania","AL","AL","ALB",524.6357373,200.724439133009,560.742311443106,133.193697405735,179.199045611759,137.01397129467,571.715017815976,97.2377156520104,117.460777753688,33.4743210456433,22.6170554477883,2789.22773243033,820.310249598926,47.0267960538146
"AL022","0","0","AL","Tiran├â┬½","Albania","AL","AL","ALB",964.9294314,471.370650076065,1316.81756846232,338.434029894651,496.866103691744,348.141025891579,1484.2765463418,247.072891637012,298.457998719307,85.0554462419826,57.4680436734854,7876.38446893178,2084.3396417622,119.491150193425
"AL031","0","0","AL","Berat","Albania","AL","AL","ALB",641.6439882,35.1263306145658,98.1286579073433,64.4297627622764,93.7962113930747,66.2777431483242,306.057466142012,47.0367823180121,56.8192804310329,16.1925271661256,10.9405440742687,1484.36612828698,396.808526248232,22.7482634105987
"AL032","0","0","AL","Fier","Albania","AL","AL","ALB",859.74854226,57.1248200464504,159.583475594579,140.898157458362,202.859531283415,144.93941137969,602.971199662044,102.862336864886,124.255182350754,35.4106106322244,23.9253170517494,3203.17082919994,867.760299202575,49.7470153934427
"AL033","0","0","AL","Gjirokast├â┬½r","Albania","AL","AL","ALB",1348.1827002,24.9493047835432,69.6981936711357,31.8894612595479,68.3865438038167,32.8041177226907,301.336724145631,23.2808190375997,28.1226589144248,8.01447880017143,5.41501382989791,1151.96731595838,196.400073238516,11.2592353852188
"AL034","0","0","AL","Korc├â┬½","Albania","AL","AL","ALB",844.15598994,49.8808075659543,139.346655803321,99.6182303035409,146.531458689992,102.475489554564,459.755081263648,72.7260323925442,87.8512650208635,25.0361142316031,16.9157481342561,2323.71246641787,613.526442741295,35.1722813539437
"AL035","0","0","AL","Vlor├â┬½","Albania","AL","AL","ALB",604.57475658,43.6628039408055,121.976086776511,79.5699491284144,171.90907948118,81.8521817334089,471.443314825218,58.0898363698443,70.1710988769541,19.9975680125189,13.5114347485451,2898.54031186635,490.053554345531,28.0938200722494
"68","AND-20200925-1","Andorra la Vella","AND","Andorra la Vella","Andorra","AD","AD","AND",6.37752842310789,22.5514469834259,404.994074424387,179.947547795067,353.576524071394,253.587035717004,332.298598751365,87.8828032608619,108.982771147456,5.92203207201268,90.111843486927,582.009301021956,948.87770363179,169.448001431415
"69","AND-20200925-2","Canillo","AND","Canillo","Andorra","AD","AD","AND",10.2920625300982,2.56119772528699,45.9957138419005,41.9190949573985,97.5704654213508,59.0735420428871,103.594517700669,20.4724522237443,25.3877265260289,1.37954769492149,20.9917110302422,424.459838657372,221.042715218317,39.4732073283613
"70","AND-20200925-3","Encamp","AND","Encamp","Andorra","AD","AD","AND",16.1841489,5.09109653611982,91.4293406966927,91.9291034751267,189.317036005544,129.549022101307,176.236438826761,44.8963457054316,55.6756041890072,3.02536547900653,46.0350868113983,462.377515588373,484.749459891218,86.565241083374
"71","AND-20200925-4","Escaldes-Engordany","AND","Escaldes-Engordany","Andorra","AD","AD","AND",9.99536927362068,1.54268807559202,27.704631536908,35.7559598750034,110.981511794493,50.388282502435,142.780774214304,17.4624996317085,21.6551080576712,1.17672034845686,17.9054146581122,889.423490879074,188.544014703566,33.6696777162044
"72","AND-20200925-5","La Massana","AND","La Massana","Andorra","AD","AD","AND",38.4711825,5.45587555967672,97.9802880981358,51.9258625418142,119.455901702481,73.1753542650292,132.412794024097,25.3595584815073,31.4481884491896,1.70886809577283,26.0027727836585,499.067185691574,273.809195021036,48.8961018814949
"73","AND-20200925-6","Ordino","AND","Ordino","Andorra","AD","AD","AND",12.8054857953555,1.58318321020843,28.4318704397916,20.883587948719,44.0061492635731,29.4297267617235,43.7552476810251,10.1991289882334,12.6478594125939,0.687274036942458,10.4578174681413,124.017441216651,110.120816977959,19.6650762068602
"74","AND-20200925-7","Sant Juli├â┬á de L├â┬▓ria","AND","Sant Juli├â┬á de L├â┬▓ria","Andorra","AD","AD","AND",22.4921535,5.16531069204557,92.7621284956497,28.9919112268726,82.1725416494743,40.8561990306527,109.002002191603,14.1590728060895,17.5585545070276,0.954117075882658,14.5182004360409,572.697091155795,152.8766492566,27.3002965323278
"AT111","0","0","AT","Mittelburgenland","Austria","AT","AT","AUT",984.341517211603,16.7308408547359,754.06146342096,146.029702199736,352.133115049878,317.749388413979,358.504645323507,233.927881594015,56.2383379991951,125.506672160138,141.89453028803,2384.69642603467,1017.50529991377,227.100277678967
"AT112","0","0","AT","Nordburgenland","Austria","AT","AT","AUT",3459.84485336318,78.2603697356207,3527.20639943228,826.378187102637,1955.10305378956,1798.13530805783,1921.34323696219,1323.79163822449,318.251253692719,710.238907884092,802.977359625231,12780.3653596595,5758.03533420879,1285.15440990326
"AT113","0","0","AT","S├╝dburgenland","Austria","AT","AT","AUT",1755.81439413943,41.5636179108429,1873.27838564959,414.974511088731,985.356132396696,902.952585121911,975.050111932449,664.755914942042,159.81321925685,356.653948706889,403.223539084552,6485.82535111031,2891.45809380876,645.353823765555
"AT121","0","0","AT","Mostviertel-Eisenwurzen","Austria","AT","AT","AUT",7286.5363085725,220.334403978043,9930.50406421374,1062.46076819552,2713.93101414139,2311.83282731219,3042.33509389546,1701.97701588669,409.170373510303,913.142417660593,1032.37471131976,20236.9640668548,7403.01080057501,1652.30177043153
"AT122","0","0","AT","Nieder├Âsterreich-S├╝d","Austria","AT","AT","AUT",3555.77672337351,188.596861815773,8500.08836089949,1136.44026169591,2805.74733644521,2472.80650910997,2976.66105335809,1820.48623651274,437.661041489572,976.724825194554,1104.25930276285,19800.1143585019,7918.48488281771,1767.35208734245
"AT123","0","0","AT","Sankt P├Âlten","Austria","AT","AT","AUT",2387.41335192528,89.2734388661199,4023.56704845188,1088.96624955601,2542.31407895729,2369.50671396022,2434.63933362473,1744.43667314743,419.378051791695,935.92281582238,1058.12962810073,16194.7015005599,7587.69561027332,1693.52216659962
"AT124","0","0","AT","Waldviertel","Austria","AT","AT","AUT",6680.98447613603,114.319407864903,5152.39256296106,975.16563131993,2356.10570572828,2121.88533076937,2407.21312140381,1562.13720155333,375.551641571916,838.115748702291,947.551540027877,16012.2681873071,6794.75602028298,1516.54343136874
"AT125","0","0","AT","Weinviertel","Austria","AT","AT","AUT",3584.60934110605,46.8371424286023,2110.95691297371,440.103985893806,1059.39957004595,957.632387451136,1075.15215781641,705.011319960131,169.490975744342,378.251724422429,427.641414147899,7151.68280699584,3066.55516935604,684.434302737931
"AT126","0","0","AT","Wiener Umland/Nordteil","Austria","AT","AT","AUT",5087.46778539192,171.154644233891,7713.96504353033,1399.76813998041,3366.29135948817,3045.7876972987,3410.5067286654,2242.31639711586,539.07275431577,1203.04457516757,1360.13043745719,22685.9632445668,9753.30004530464,2176.87037970484
"AT127","0","0","AT","Wiener Umland/S├╝dteil","Austria","AT","AT","AUT",1362.81188281088,335.807501193446,15134.8935762537,2650.34426029763,6343.07789640239,5766.94504686591,6369.77909010037,4245.63913345708,1020.68931237685,2277.86459314767,2575.29357556403,42370.4117336766,18467.060405015,4121.72255638236
"AT130","0","0","AT","Wien","Austria","AT","AT","AUT",837.745605174389,710.470286927431,32021.0005539536,17455.6980350274,39426.9310894151,37982.2549208697,35240.5864328923,27962.6295306255,6722.46420637798,15002.4723573839,16961.3991963232,234412.863582422,121627.757892989,27146.4901394705
"AT211","0","0","AT","Klagenfurt-Villach","Austria","AT","AT","AUT",1696.08585803555,255.040198952777,11494.6993593013,1801.10405367251,4356.27056401151,3919.06374459081,4459.21917618312,2885.22437188649,693.633534933953,1547.97669642156,1750.10158786854,29661.7747386602,12549.7271630488,2801.01393453696
"AT212","0","0","AT","Oberk├ñrnten","Austria","AT","AT","AUT",2317.40126365781,58.3902983140373,2631.65935164616,548.649130338659,1308.01415498882,1193.81826431805,1304.13037718589,878.891943660717,211.293420243692,471.54192260267,533.112849438388,8674.79707760017,3822.87568558553,853.239909219367
"AT213","0","0","AT","Unterk├ñrnten","Austria","AT","AT","AUT",3038.44083163181,145.586434190334,6561.60204815572,597.271300509743,1552.73822372205,1299.6163629411,1787.62208083828,956.780764190311,230.018583680619,513.330727752939,580.358169356756,11890.8807539409,4161.6650900501,928.855405114194
"AT221","0","0","AT","Graz","Austria","AT","AT","AUT",1882.64478990716,450.839321834756,20319.3946880559,3324.47016096039,8002.90057196714,7233.79110231177,8122.59388204341,5325.53480874925,1280.30581288597,2857.24876728928,3230.33002765995,54029.7618268263,23164.2327364035,5170.09954356336
"AT222","0","0","AT","Liezen","Austria","AT","AT","AUT",2059.24465804764,52.7160525326145,2375.92025790308,453.559132480101,1088.97578685033,986.909750442453,1099.98903042631,726.565386633251,174.672764586956,389.815883261587,440.715546848707,7316.89238550281,3160.30789744108,705.359275397119
"AT223","0","0","AT","├ûstliche Obersteiermark","Austria","AT","AT","AUT",2549.7754401995,216.774026876634,9770.03734345958,668.904918554473,1816.32234665299,1455.4856003683,2222.98014929587,1071.53208031091,257.605818078965,574.896949419868,649.963314283961,14786.7897566243,4660.79358866759,1040.25749868867
"AT224","0","0","AT","Oststeiermark","Austria","AT","AT","AUT",7654.93867675677,169.939858044718,7659.21445092684,1192.35158657107,2924.06783903442,2594.46524713984,3066.78538904229,1910.0516987998,459.193373192963,1024.77836646349,1158.58736795394,20399.6022145405,8308.06363651442,1854.30342130587
"AT225","0","0","AT","West- und S├╝dsteiermark","Austria","AT","AT","AUT",3621.14582005324,144.775616360197,6525.05836903825,744.883935773466,1879.08389641694,1620.81009182421,2065.45129188353,1193.24437771273,286.866534130854,640.197867394148,723.790808263845,13738.9414004907,5190.19994599085,1158.41740484671
"AT226","0","0","AT","Westliche Obersteiermark","Austria","AT","AT","AUT",2687.5464819206,82.8887989327644,3735.81038557029,403.535248412816,1029.09041477098,878.061630306382,1150.67954731307,646.431132760988,155.407779054351,346.822361236718,392.10820583529,7654.0748907522,2811.75163529713,627.563883150668
"AT311","0","0","AT","Innviertel","Austria","AT","AT","AUT",7350.54452530591,363.075572908864,16363.8695877358,1251.11912006286,3347.47336095135,2722.33887520541,4015.68608846906,2004.19257842329,481.825675814315,1075.28670448315,1215.6907615471,26711.4872517424,8717.54387163104,1945.69663086155
"AT312","0","0","AT","Linz-Wels","Austria","AT","AT","AUT",3120.10192739728,697.629465896257,31442.262857363,4651.99537186827,11303.8432869097,10122.3837483007,11666.6784414147,7452.12382230194,1791.55667753113,3998.20344239944,4520.26326322628,77604.2563070056,32414.1587276267,7234.62025052646
"AT313","0","0","AT","M├╝hlviertel","Austria","AT","AT","AUT",4638.97747035384,139.456788191471,6285.33799948739,804.116210234474,2006.9977766792,1749.69496045602,2168.25682713885,1288.12973512932,309.677815818213,691.105631637267,781.345782600782,14422.7818909777,5602.91840177177,1250.5333632786
"AT314","0","0","AT","Steyr-Kirchdorf","Austria","AT","AT","AUT",3184.24060012816,247.499222045762,11154.8264185747,705.42784474312,1947.37658320271,1534.95667566816,2435.42160594384,1130.03888149057,271.671372118837,606.286939637184,685.452008557911,16199.9050091557,4915.27791894771,1097.05667415877
"AT315","0","0","AT","Traunviertel","Austria","AT","AT","AUT",3844.63172973576,306.964289976619,13834.9257952701,1145.07098675628,3007.90119197692,2491.58630231772,3515.83012317066,1834.31196648122,440.984869627351,984.142587227472,1112.64562869544,23386.5519976857,7978.62202176091,1780.77428863613
"AT321","0","0","AT","Lungau","Austria","AT","AT","AUT",320.205687101642,9.64422639227558,434.666705042731,116.274829730201,272.013021857819,253.005076899881,261.548829414805,186.262960149623,44.7792680301566,99.9335526649493,112.982236492689,1739.76702080445,810.179393060932,180.826542278952
"AT322","0","0","AT","Pinzgau-Pongau","Austria","AT","AT","AUT",2061.99670523231,89.2885381152327,4024.247573835,1230.49333936986,2851.21277930654,2677.45876450164,2689.60941694891,1971.15173049266,473.882362853752,1057.5596732252,1195.64904798356,17890.7081057192,8573.82762175961,1913.62013921522
"AT323","0","0","AT","Salzburg und Umgebung","Austria","AT","AT","AUT",2367.90664743704,330.634167023192,14901.7306426595,3128.77354826005,7391.69360591625,6807.97034075759,7244.24028736284,5012.04451633257,1204.93996549634,2689.05537756753,3040.17502138532,48187.1410815936,21800.6584936415,4865.75902642464
"AT331","0","0","AT","Au├ƒerfern","Austria","AT","AT","AUT",245.725163396425,39.6615626805086,1787.55247605865,202.981867937119,508.009554777198,441.672916020391,551.289002670812,325.160687539993,78.171513909835,174.454774404672,197.233962502572,3667.05684718529,1414.3364212982,315.670290892361
"AT332","0","0","AT","Innsbruck","Austria","AT","AT","AUT",1211.81721301338,178.727358854031,8055.26840766551,2266.62675387971,5258.687830839,4932.00529727126,4973.29499229474,3630.95443538034,872.913657855399,1948.07478631627,2202.44192609622,33081.2974070094,15793.3947700889,3524.97853139902
"AT333","0","0","AT","Osttirol","Austria","AT","AT","AUT",382.858875877331,37.5069672766814,1690.4445436244,225.532727762219,555.035159178643,490.741850693928,585.648445222071,361.28535798405,86.8562051603985,193.836333966622,219.146242088661,3895.60852962887,1571.46623149439,350.740598172552
"AT334","0","0","AT","Tiroler Oberland","Austria","AT","AT","AUT",609.648402175646,44.9044398078125,2023.84972097758,848.859538755181,1936.53548537135,1847.05299829968,1768.65206827384,1359.80496214579,326.909176251413,729.560727959527,824.82209932493,11764.6962769631,5914.68082557876,1320.11662050825
"AT335","0","0","AT","Tiroler Unterland","Austria","AT","AT","AUT",2571.4680379853,267.721636330643,12066.2536111443,1690.96144045564,4139.00000020283,3679.40189867327,4326.8524999628,2708.78473121798,651.215880053492,1453.31353790218,1643.07791986347,28781.2998443283,11782.2758089316,2629.724000578
"AT341","0","0","AT","Bludenz-Bregenzer Wald","Austria","AT","AT","AUT",858.406263292447,111.243643490001,5013.76740922167,640.209255954226,1581.52781161158,1393.04604797579,1679.52079903482,1025.56392820285,246.554666511072,550.234178325114,622.080236357824,11171.8140870812,4460.84804101213,995.631009374975
"AT342","0","0","AT","Rheintal-Bodenseegebiet","Austria","AT","AT","AUT",1150.2826838741,356.250564894004,16056.2654705113,1838.89508645945,4591.23557342631,4001.29412221056,4962.8475540078,2945.7625782235,708.187456795026,1580.45657339957,1786.82247934217,33011.8032761269,12813.047402498,2859.78522496902
"BE100","0","0","BE","Arr. de Bruxelles-Capitale / Arr. van Brussel-Hoofdstad","Belgium","BE","BE","BEL",46.9551952291509,79.8051214048769,13651.6443435501,7662.81201540091,19183.4351922611,16707.6238368323,31953.9135924055,3684.99778582523,2287.29941922756,6616.32108002927,16552.21765951,162129.099928966,56959.4031916533,3602.81965017314
"BE211","0","0","BE","Arr. Antwerpen","Belgium","BE","BE","BEL",851.629508322438,167.826291400585,28708.7445187167,4001.43227098454,10720.330166776,8724.52894026442,19318.3420839616,1924.26344650922,1194.40144050337,3454.96674479483,8643.37762247169,98018.2100428841,29743.5450078931,1881.35096956124
"BE212","0","0","BE","Arr. Mechelen","Belgium","BE","BE","BEL",652.453306088575,53.2711971156111,9112.69131573592,1230.22136961486,3312.14088258187,2682.31503503513,6000.09493929469,591.605668257864,367.213056849887,1062.21313592533,2657.36544734751,30443.5320319386,9144.51181446798,578.412430789539
"BE213","0","0","BE","Arr. Turnhout","Belgium","BE","BE","BEL",2424.31756454403,162.517060182107,27800.5354331792,1214.78303162397,3902.30338345001,2648.65403130709,8290.42581558259,584.181469256385,362.604813629325,1048.8831728668,2624.01754187719,42064.3083865549,9029.75517989768,571.153796835344
"BE221","0","0","BE","Arr. Hasselt","Belgium","BE","BE","BEL",618.935375354856,58.0393567270157,9928.34346991206,1327.46360431848,3575.44044974192,2894.33728942631,6479.96044440447,638.368843297439,396.239229815497,1146.17524357532,2867.41557402118,32878.2936521521,9867.33519087457,624.13275295232
"BE222","0","0","BE","Arr. Maaseik","Belgium","BE","BE","BEL",567.380607005438,25.8133566375137,4415.69109757685,474.619247900969,1312.25086682043,1034.83679929929,2443.75580574234,228.241391555734,141.670750619518,409.801692715872,1025.21125154324,12399.2301626977,3527.95149474851,223.151442218766
"BE223","0","0","BE","Arr. Tongeren","Belgium","BE","BE","BEL",623.380813260604,11.7953902437148,2017.74610032401,376.986369835459,997.963634608659,821.962805059659,1774.9901041608,181.290358596547,112.527973157676,325.502290883951,814.31730749023,9006.01884455266,2802.22437847344,177.247451504859
"BE231","0","0","BE","Arr. Aalst","Belgium","BE","BE","BEL",154.243587045399,17.0739580975207,2920.70984143363,626.184991764126,1627.89779319277,1365.30339954028,2836.9115687311,301.128398234244,186.912136838602,540.668484712943,1352.60401246526,14394.0402757351,4654.57371873019,294.413015540127
"BE232","0","0","BE","Arr. Dendermonde","Belgium","BE","BE","BEL",293.919864047144,21.6220128669082,3698.71036412778,421.11662090148,1153.52886972913,918.182265116121,2127.85235512635,202.512316950655,125.700565338041,363.60578471993,909.641781005373,10796.3860552079,3130.25444868349,197.996144724553
"BE233","0","0","BE","Arr. Eeklo","Belgium","BE","BE","BEL",304.710569660436,9.63354493496782,1647.93595830245,174.889739359518,485.945687917581,381.32110930919,909.479842648094,84.1033684511777,52.203446784536,151.005488178436,377.774246122134,4614.55676988246,1299.99472233441,82.2278020538341
"BE234","0","0","BE","Arr. Gent","Belgium","BE","BE","BEL",1077.42470960438,96.1585196846491,16449.0935948488,2023.55696945013,5494.66353654775,4412.06551720482,10043.9484990434,973.115735702256,604.018560248475,1747.20489119458,4371.02663323063,50961.4049363219,15041.5535540395,951.414545747315
"BE235","0","0","BE","Arr. Oudenaarde","Belgium","BE","BE","BEL",226.026302213534,17.0474842811007,2916.1811705937,274.858281159212,769.522290035042,599.287671525392,1451.08723151678,132.177607313317,82.0434046407258,237.321578031582,593.713389565391,7362.58693583457,2043.08335186183,129.229950360646
"BE236","0","0","BE","Arr. Sint-Niklaas","Belgium","BE","BE","BEL",411.335193398985,35.3665348711173,6049.87934639931,694.690613749911,1899.92379879042,1514.66973666904,3499.01889536459,334.072318145998,207.360618292536,599.818466460388,1500.58101669424,17753.4680532758,5163.79139701081,326.622262033667
"BE241","0","0","BE","Arr. Halle-Vilvoorde","Belgium","BE","BE","BEL",344.347268463602,41.4841198075447,7096.36724496245,2741.07541669268,6938.63334512893,5976.50795536233,11716.7470059157,1318.16581445448,818.193137983705,2366.73365142769,5920.9173899923,59448.9197910335,20375.0293657646,1288.76975632688
"BE242","0","0","BE","Arr. Leuven","Belgium","BE","BE","BEL",807.208186471243,45.2355375134046,7738.09323200376,1579.32413040131,4125.22828268812,3443.48177067955,7227.90392766057,759.486975790659,471.417954528796,1363.6398120131,3411.45218084161,36673.2405023204,11739.4710627165,742.549862839708
"BE251","0","0","BE","Arr. Brugge","Belgium","BE","BE","BEL",642.803710625607,23.8699700281585,4083.25099416122,918.625688694002,2389.30446971303,2002.92691804307,4166.09800165547,441.761277979421,274.203777936131,793.17129228108,1984.2966676359,21138.121853869,6828.35111697494,431.909679596572
"BE252","0","0","BE","Arr. Diksmuide","Belgium","BE","BE","BEL",532.316310793609,3.58771873445042,613.723271203689,109.174638410195,296.338422275034,238.039088968085,541.482046684218,52.5013924393905,32.5879176636638,94.2649330384437,235.824965330212,2747.39419954719,811.519613819461,51.3305731334999
"BE253","0","0","BE","Arr. Ieper","Belgium","BE","BE","BEL",734.898040128349,16.088080035498,2752.06331309166,260.362470557402,738.073574039069,567.681708824199,1408.76690970222,125.206663766215,77.7164996998092,224.805423770703,562.401410131475,7147.86032137285,1935.3327351171,122.414463933937
"BE254","0","0","BE","Arr. Kortrijk","Belgium","BE","BE","BEL",414.555807731951,54.8006420034701,9374.32161319745,898.333557610492,2504.18033021264,1958.68293916044,4701.88669391824,432.002920608508,268.146709127851,775.650406426553,1940.46422469009,23856.6288742212,6677.51514792331,422.368940705338
"BE255","0","0","BE","Arr. Oostende","Belgium","BE","BE","BEL",250.922502294251,19.2328826512962,3290.02035251192,375.921562728703,1029.1475995685,819.641151264326,1897.30655115215,180.778299600079,112.210135179663,324.582901801661,812.017248587441,9626.63313644123,2794.30942803577,176.746811797118
"BE256","0","0","BE","Arr. Roeselare","Belgium","BE","BE","BEL",623.063968380757,25.7357386714021,4402.41359295845,451.781828593289,1256.96682110118,985.043197364407,2355.59453254893,217.259021191745,134.85392987354,390.083122238718,975.880805435146,11951.9138166075,3358.1958265175,212.413986716062
"BE257","0","0","BE","Arr. Tielt","Belgium","BE","BE","BEL",848.358262406082,25.183810161483,4307.99945527103,229.553602183281,714.360580513351,500.507545788652,1480.31824806786,110.3908740125,68.5202533874169,198.204044947125,495.852068434625,7510.90048715377,1706.32349515751,107.929077087072
"BE258","0","0","BE","Arr. Veurne","Belgium","BE","BE","BEL",295.482786680038,4.30506213308873,736.433653419903,182.692259519081,475.810215811974,398.333346010713,830.916199579485,87.8555509990542,54.5324481737924,157.742437813285,394.628243285869,4215.93727994049,1357.99260754761,85.8963081969114
"BE310","0","0","BE","Arr. Nivelles","Belgium","BE","BE","BEL",422.700667134551,145.300369270596,24855.4093941576,1381.03083398724,4178.77545776872,3011.13268013771,8460.46868042974,664.128984917177,412.228698572492,1192.42693161671,2983.12459090848,42927.078968546,10265.5124430935,649.318424644129
"BE321","0","0","BE","Arr. Ath","Belgium","BE","BE","BEL",155.576770268269,3.90290946758048,667.640510014023,162.991500034336,422.875985147875,355.378765093228,735.229061608167,78.3815804860818,48.6518999315503,140.732161427863,352.073204953497,3730.43588715473,1211.55243644358,76.6336141294701
"BE322","0","0","BE","Arr. Charleroi","Belgium","BE","BE","BEL",197.194443207494,35.4442823809389,6063.17901105739,907.691238149944,2417.57123712426,1979.08597216245,4328.85844748724,436.502969937532,270.939915749674,783.730132105445,1960.67747861904,21963.9425944312,6747.07288961319,426.768635655418
"BE323","0","0","BE","Arr. Mons","Belgium","BE","BE","BEL",108.543289788184,10.4027453850867,1779.51712488758,588.156202914653,1497.6491807971,1282.38727191111,2547.09643655174,282.840594432418,175.560791343697,507.833191767343,1270.45913026028,12923.5641667554,4371.89718789347,276.533043088264
"BE324","0","0","BE","Arr. Mouscron","Belgium","BE","BE","BEL",98.1600659711324,14.7297733757957,2519.70830753184,160.068057463611,473.720655865956,349.004632636098,940.842438293662,76.9757154617987,47.7792713872606,138.207966045271,345.758361571137,4773.6856161425,1189.82183105239,75.2591009195947
"BE325","0","0","BE","Arr. Soignies","Belgium","BE","BE","BEL",161.828223429308,10.8005951247773,1847.57420008298,317.581244065308,838.813987515856,692.438748701156,1488.20566218638,152.722809700696,94.7959304819434,274.209973506871,685.99802080254,7550.91997797776,2360.65273302627,149.316979764779
"BE326","0","0","BE","Arr. Thuin","Belgium","BE","BE","BEL",258.96986678735,3.57609343880155,611.734621868996,223.158860297453,570.174749327298,486.564760588217,973.668375369421,107.315683123981,66.6114646330841,192.682616853168,482.038972229489,4940.23922520285,1658.78994211597,104.922465196067
"BE327","0","0","BE","Arr. Tournai","Belgium","BE","BE","BEL",242.785977732578,12.395678688376,2120.43279769125,337.241936226145,897.08415342585,735.305968767996,1604.08279731804,162.177512091263,100.664518889269,291.185654461887,728.46651087234,8138.86222069908,2506.79507471041,158.560835402984
"BE331","0","0","BE","Arr. Huy","Belgium","BE","BE","BEL",241.25500271067,13.0057989474649,2224.80134744408,199.919104498687,564.417295608872,435.893923672833,1073.06320373351,96.1398316885739,59.6745490680574,172.616655966085,431.83945075331,5444.55285219134,1486.04361636023,93.9958433908158
"BE332","0","0","BE","Arr. Li├¿ge","Belgium","BE","BE","BEL",193.497126694648,59.5401563410189,10185.0736421195,1538.18798935818,4091.43919339164,3353.79052296708,7315.4731590465,739.704865991195,459.139084666388,1328.12153013595,3322.59519741965,37117.5529219873,11433.6968849453,723.208908502763
"BE334","0","0","BE","Arr. Waremme","Belgium","BE","BE","BEL",249.171208225582,3.80635446478585,651.123593122744,119.873552026577,318.560456428564,261.366481550077,569.012752690411,57.6464322639175,35.7814736130897,103.502722971331,258.93537787103,2887.08064428533,891.047042283497,56.3608748210701
"BE335","0","0","BE","Arr. Verviers - communes francophones","Belgium","BE","BE","BEL",274.000177020578,19.5568194402853,3345.43371139444,412.198676636522,1120.08695194866,898.738011769268,2049.03726573024,198.223734012115,123.038617126739,355.90574164016,890.378388630316,10396.4907663989,3063.96536551042,193.803200310365
"BE336","0","0","BE","Bezirk Verviers - Deutschsprachige Gemeinschaft","Belgium","BE","BE","BEL",195.929179309,9.42882488755522,1612.91608453905,148.544856877015,418.398581806055,323.880004704435,793.652234823362,71.4342812517612,44.3396711522043,128.258459937426,320.867430688298,4026.86582087731,1104.1672923594,69.8412447301388
"BE341","0","0","BE","Arr. Arlon","Belgium","BE","BE","BEL",36.5531217281915,4.3371869638727,741.928999542296,123.186054707876,325.695456363481,268.588901811258,578.490755320001,59.239393832281,36.7702340634176,106.362845505185,266.090618697553,2935.17052945749,915.669618880488,57.9183121857674
"BE342","0","0","BE","Arr. Bastogne","Belgium","BE","BE","BEL",188.956647081506,3.87260074315742,662.455831148226,82.6191609827071,226.682993699499,180.138813354609,418.855482555614,39.7310314641831,24.6612808134936,71.3360702736249,178.463249872679,2125.20642238935,614.126784307381,38.8450005130057
"BE343","0","0","BE","Arr. Marche-en-Famenne","Belgium","BE","BE","BEL",165.812937999195,2.93481505079213,502.036092198258,140.42994674007,362.5850566792,306.186648040422,626.882743985107,67.5318723414666,41.9174233917199,121.251782637539,303.338649008136,3180.70382050048,1043.84734226467,66.025862381986
"BE344","0","0","BE","Arr. Neufch├óteau","Belgium","BE","BE","BEL",256.426630149425,3.46695920909586,593.065874006426,145.381969639506,379.248958973293,316.983798703766,663.5104733368,69.9132688031186,43.3955699362415,125.527520243065,314.035369836158,3366.54712182439,1080.65684096781,68.3541519673679
"BE345","0","0","BE","Arr. Virton","Belgium","BE","BE","BEL",82.9000381614909,3.78857634943639,648.082428551135,69.8337706395923,193.017445435462,152.262168066887,359.331660188684,33.5826181910142,20.844925166555,60.296748485026,150.8458995585,1823.1919690807,519.090105598247,32.8337013357939
"BE351","0","0","BE","Arr. Dinant","Belgium","BE","BE","BEL",397.229883677498,3.48958049800116,596.935522786999,207.528977541579,533.976396162016,452.486121940407,919.464547725526,99.7993714576699,61.9460465491933,179.187267815734,448.277316475975,4665.21758307451,1542.60951227627,97.5737727565825
"BE352","0","0","BE","Arr. Namur","Belgium","BE","BE","BEL",357.578359852665,19.2620194860219,3295.00456527885,812.313685958051,2098.89649185763,1771.12938112286,3631.92466155722,390.636508912758,242.470338354665,701.378051973436,1754.65519847717,18427.810874723,6038.11011722462,381.925030131529
"BE353","0","0","BE","Arr. Philippeville","Belgium","BE","BE","BEL",157.206774710623,1.4932296922708,255.435244295787,108.695093203756,276.926829125678,236.993511847591,471.287375549211,52.2707821855592,32.4447765465415,93.850878112939,234.78911365871,2391.2375485624,807.955046568258,51.1051056563603
"BG311","0","0","BG","Vidin","Bulgaria","BG","BG","BGR",137.283953444715,22.1998256400125,150.883340150026,83.0357802252697,84.9104098282148,70.7156709698996,28.7908365044146,33.6120524593954,14.7217972203306,13.4910406918826,38.1495926985384,902.847319757699,219.76216816059,9.86824540685069
"BG312","0","0","BG","Montana","Bulgaria","BG","BG","BGR",223.572338194592,77.3275622518987,525.564527731985,114.661486052302,130.971773700393,97.6490363382745,48.0701757687747,46.4138215333991,20.3288647624468,18.6293519483614,52.6795675218245,1507.4250915379,303.462636359992,13.6267483729137
"BG313","0","0","BG","Vratsa","Bulgaria","BG","BG","BGR",222.48652044583,248.337906591716,1687.8534741682,151.495823208692,207.189636252971,129.018222726107,84.1999025484428,61.3239924193571,26.8593946242789,24.6139231788265,69.6025729542375,2640.41151871586,400.948247674605,18.0042622286492
"BG314","0","0","BG","Pleven","Bulgaria","BG","BG","BGR",244.603817641577,125.800655186634,855.01676253753,254.358554229964,266.361636756593,216.619098182829,91.9865108779489,102.961796048395,45.0964035801331,41.3263004952239,116.861372494326,2884.59054627623,673.184345545041,30.2288077219651
"BG315","0","0","BG","Lovech","Bulgaria","BG","BG","BGR",153.102978761372,97.3070844824017,661.357353208351,118.456895858583,135.971133232898,100.881317053031,50.0636955118748,47.9501654223532,21.0017705072298,19.2460021201307,54.4233138663623,1569.93956403911,313.507552970922,14.0778073656315
"BG321","0","0","BG","Veliko Tarnovo","Bulgaria","BG","BG","BGR",212.690813209093,139.349519401334,947.102976235915,267.040538935956,279.349455291732,227.419442989384,96.3955399878424,108.095336482056,47.3448512575855,43.3867757657424,122.687927623093,3022.85259760603,706.748436205805,31.7359765229944
"BG322","0","0","BG","Gabrovo","Bulgaria","BG","BG","BGR",82.1812324455121,155.918767625898,1059.71753260392,121.140176760937,149.950821970896,103.166476642016,57.8017378151569,49.0363306659207,21.4775017790077,19.6819617961064,55.6561086115052,1812.59561721139,320.609113614843,14.3966972992011
"BG323","0","0","BG","Ruse","Bulgaria","BG","BG","BGR",203.333048527911,212.045353704144,1441.18750070314,249.978016815154,282.773021198053,212.888505880852,103.125186809125,101.188598361957,44.3197578575066,40.6145831083915,114.8487977016,3233.88653524723,661.590832515168,29.7082102384951
"BG324","0","0","BG","Razgrad","Bulgaria","BG","BG","BGR",200.45312578354,72.2953670696187,491.362708776219,101.478500866796,117.036819702541,86.4220250396482,43.2239801519925,41.077481121777,17.9915923946418,16.4874778177678,46.6228349420433,1355.45400438444,268.572599807843,12.0600390260209
"BG325","0","0","BG","Silistra","Bulgaria","BG","BG","BGR",202.185389633068,27.513500514559,186.998264048248,81.0431559225528,87.7385944905527,69.0186945077616,31.0480726607461,32.8054580923276,14.3685156489247,13.1672938025457,37.2341101759003,973.631633839425,214.488496546901,9.63143537665024
"BG331","0","0","BG","Varna","Bulgaria","BG","BG","BGR",245.882476596154,315.698462086643,2145.67624143882,868.904198436495,851.442965093401,739.983935049488,278.808450422166,351.723719832628,154.052040922271,141.173140863521,399.205513267575,8743.11040427226,2299.6384215841,103.263434653737
"BG332","0","0","BG","Dobrich","Bulgaria","BG","BG","BGR",281.477417382433,73.6047068798659,500.261768037541,167.562607651521,179.000422457082,142.701160841713,62.7366820631938,67.8276658969966,29.7079490896962,27.2243357277045,76.9842255479303,1967.34975875259,443.470535957393,19.9136917703561
"BG333","0","0","BG","Shumen","Bulgaria","BG","BG","BGR",234.66250437572,111.694972038862,759.146073148071,153.168081024581,173.974192731091,130.4423658264,63.618748060313,62.0009056401494,27.1558769406832,24.8856192859778,70.370867710908,1995.01032780992,405.374038608902,18.2029988511744
"BG334","0","0","BG","Targovishte","Bulgaria","BG","BG","BGR",161.796995556845,64.5090648360653,438.442325190022,106.946947384175,117.893698970349,91.0791121843751,42.2511419391926,43.2910535205054,18.9611185497603,17.375950645833,49.1352338954316,1324.9469236732,283.045368774054,12.7099272077341
"BG341","0","0","BG","Burgas","Bulgaria","BG","BG","BGR",256.440016122448,213.780814895699,1452.98273664457,581.673814618492,575.13520951413,495.370236478488,189.764448112239,235.455736288289,103.127638759557,94.5060681206496,267.241652344316,5950.79352200012,1539.45562161285,69.1280305167459
"BG342","0","0","BG","Sliven","Bulgaria","BG","BG","BGR",148.725610691808,78.1325308528947,531.035577514252,138.022302504681,147.87058906039,117.543782980661,51.9352220224361,55.8700461387614,24.4706118717082,22.4248449816011,63.4123580170276,1628.62846992264,365.289280966071,16.4030246845356
"BG343","0","0","BG","Yambol","Bulgaria","BG","BG","BGR",162.442103201183,68.6260410897785,466.423766961302,100.625710279734,113.474923526421,85.6957639218836,41.2985395706528,40.7322800304953,17.8403972103481,16.3489226975475,46.2310325953287,1295.07441562367,266.315607606516,11.9586905859756
"BG344","0","0","BG","Stara Zagora","Bulgaria","BG","BG","BGR",225.454719032495,586.099566882142,3983.48445369193,307.270340541094,430.390437873575,261.680305063244,176.933405163075,124.379957380596,54.4773787034434,49.9230169982431,141.170930268643,5548.42686153256,813.220470326886,36.5170185488704
"BG411","0","0","BG","Sofia (stolitsa)","Bulgaria","BG","BG","BGR",89.1064559274512,1089.78178919133,7406.81116393522,6748.53052453999,6171.67478199273,5747.24369192431,1898.0831653176,2731.73758829377,1196.47816456904,1096.45142937157,3100.51510477053,59521.6918487744,17860.6342464342,802.01757809842
"BG412","0","0","BG","Sofia","Bulgaria","BG","BG","BGR",210.540230712706,491.645238031617,3341.51614008007,236.700220364408,343.723493685767,201.580750567793,143.677168268328,95.8138792994415,41.9656759623236,38.4573047432147,108.748505452212,4505.54975231603,626.449868842704,28.1302332088014
"BG413","0","0","BG","Blagoevgrad","Bulgaria","BG","BG","BGR",307.654917669748,155.238496272165,1055.09400016164,324.048164503244,337.846413181396,275.968784989362,116.284267247918,131.171452536544,57.4519966512617,52.6489540001059,148.879259723577,3646.54007182714,857.624592994679,38.5109503672054
"BG414","0","0","BG","Pernik","Bulgaria","BG","BG","BGR",73.363601213717,68.8508050218924,467.951397555007,112.036260636433,119.100628416836,95.4133184799391,41.5938383551042,45.3511565694937,19.8634264161671,18.2028246993276,51.4734455333808,1304.33464382262,296.514725137424,13.3147579444282
"BG415","0","0","BG","Kyustendil","Bulgaria","BG","BG","BGR",126.522028010936,64.2246969058033,436.509590048528,107.796658496442,116.825167843209,91.8027507323785,41.3718945060953,43.6350080712229,19.1117677597361,17.514005435718,49.5256214218264,1297.37474152233,285.294210849546,12.8109096728598
"BG421","0","0","BG","Plovdiv","Bulgaria","BG","BG","BGR",399.331121726724,730.191297722537,4962.81834530646,953.503879283777,1039.78026284676,812.031469000814,369.837878137489,385.968823605635,169.051109311339,154.918272585468,438.073617571459,11597.687929981,2523.53960295742,113.317539157571
"BG422","0","0","BG","Haskovo","Bulgaria","BG","BG","BGR",229.437455474611,112.477463941678,764.464357798218,211.385218065232,224.695154816564,180.02176276357,78.4660760773698,85.5666198291117,37.4774622131468,34.3443100172454,97.1178924290542,2460.6053550231,559.451283688635,25.1217150195879
"BG423","0","0","BG","Pazardzhik","Bulgaria","BG","BG","BGR",238.869400643888,222.575783767664,1512.75862414189,215.623500341451,257.276948943298,183.631206476985,97.0506754457601,87.2822340597423,38.22888686483,35.0329148391309,99.0651101482173,3043.39688752857,570.668304830264,25.6254064342017
"BG424","0","0","BG","Smolyan","Bulgaria","BG","BG","BGR",116.037963514353,102.043827879678,693.551104492888,106.969812770798,125.350681890745,91.0985850086521,46.7630125004506,43.3003092000763,18.9651724598256,17.3796656450843,49.1457390678307,1466.433963923,283.10588421603,12.7126446055342
"BG425","0","0","BG","Kardzhali","Bulgaria","BG","BG","BGR",215.246981688798,128.541795478964,873.647197291081,120.255162113076,148.66126205996,102.41277258249,57.2618743986489,48.678085597463,21.3205934420535,19.53817114833,55.2495013843973,1795.66612512961,318.266837341408,14.2915192457155
"263","BIH-20201109-1","Brcko district of Bosnia and Herzegowina","BIH","Brcko district of Bosnia and Herzegowina","Bosnia and Herzegovina","BA","BA","BIH",142.6172187,31.890448337936,89.0889210661665,16.5815679016371,64.8024707728164,17.0571619584584,166.509915615702,12.1053309284773,14.6229431274728,4.16728973059978,2.81564554439981,1154.61529564862,102.122175215986,5.85446629345686
"264","BIH-20201109-2","Entity Federation of Bosnia and Herzegovina","BIH","Entity Federation of Bosnia and Herzegovina","Bosnia and Herzegovina","BA","BA","BIH",1958.57776752,1028.89913428988,2874.32502636716,1078.21807032491,1343.51811113115,1109.1436202636,3958.92656852787,787.150324491248,950.858303322329,270.978421248602,183.087626188954,20543.8636576313,6640.50440537,380.687241831339
"265","BIH-20201109-3","Republika Srpska","BIH","Republika Srpska","Bosnia and Herzegovina","BA","BA","BIH",2400.92521152,466.718159037072,1303.82040383981,662.093247447459,724.455098768381,681.083466913764,2287.12544295339,483.359469587337,583.88639481747,166.397677659593,112.427239282274,10704.7856096947,4077.68451248058,233.765746598899
"CH011","0","0","CH","Vaud","Switzerland","CH","CH","CHE",5474.22525107417,222.239391523688,28524.6756092469,8528.8434776148,10286.4921331456,6880.82054390599,8567.67469063587,2099.24653257225,3901.81403366145,8075.68080011421,4001.28876774694,135338.505645665,59408.9095612311,7233.73285586623
"CH012","0","0","CH","Valais","Switzerland","CH","CH","CHE",3166.72081568532,101.47375390648,13024.2703293505,2633.06988795122,3364.6700172773,2124.28348885842,2872.35150256731,648.090546720623,1204.58876603661,2493.16709766061,1235.29913463699,45372.8431672855,18341.0343093132,2233.23645348354
"CH013","0","0","CH","Gen├¿ve","Switzerland","CH","CH","CHE",1087.79126948464,157.890891279291,20265.4733011929,8282.24455996401,9634.43018435331,6681.8717763351,7893.38642524479,2038.54991829234,3788.99884129674,7842.18441225949,3885.59741030505,124687.171473025,57691.1886492382,7024.58014981487
"CH021","0","0","CH","Bern","Switzerland","CH","CH","CHE",5813.79788027899,375.637252419595,48213.4634123835,11380.5756112659,14113.7456978639,9181.5143135179,11898.8722801754,2801.15750199083,5206.43739655086,10775.8919716804,5339.1728296306,187959.469916342,79273.0677985817,9652.42754588658
"CH022","0","0","CH","Freiburg","Switzerland","CH","CH","CHE",3092.48812543637,115.221968400672,14788.8691071121,2509.70915588491,3303.37567247571,2024.75967162095,2853.66122364243,617.72715809408,1148.15313829384,2376.36088612084,1177.42470970546,45077.6038507694,17481.7470455746,2128.60813159982
"CH023","0","0","CH","Solothurn","Switzerland","CH","CH","CHE",814.147532371478,107.53811638233,13802.6380670164,2435.32436084283,3154.44443758677,1964.74820263068,2707.71125340884,599.418459678166,1114.12324456346,2305.92837522784,1142.52724140578,42772.1182220922,16963.60885099,2065.51871774377
"CH024","0","0","CH","Neuch├ótel","Switzerland","CH","CH","CHE",934.740268067132,163.686313605123,21009.3222684238,1607.83881987612,2565.58621212067,1297.15715995144,2368.59538735056,395.745340668855,735.561402636126,1522.40958829076,754.314160789011,37415.3048263612,11199.6370070295,1363.68741304745
"CH025","0","0","CH","Jura","Switzerland","CH","CH","CHE",715.870918048432,49.4895198680282,6352.03548126352,503.234274655099,799.636242506853,405.994639781198,737.29875061961,123.863547140235,230.221900568614,476.495949357969,236.091289048472,11646.673657245,3505.35211363235,426.817811386152
"CH031","0","0","CH","Basel-Stadt","Switzerland","CH","CH","CHE",35.0895855039789,395.609305450429,50776.8988594002,3780.98492052676,6059.58139833681,3050.38763879802,5601.68540086507,930.632565242422,1729.74214648143,3580.09000966665,1773.84102935317,88486.5215621245,26337.0047516421,3206.83981584782
"CH032","0","0","CH","Basel-Landschaft","Switzerland","CH","CH","CHE",717.011951402378,101.166337198231,12984.8130494348,2850.24463867272,3561.48737422809,2299.49370233043,3012.19632603782,701.544844904304,1303.94285693372,2698.80271159519,1337.18620678,47581.8893920992,19853.7968730137,2417.43307215547
"CH033","0","0","CH","Aargau","Switzerland","CH","CH","CHE",2800.8747171897,241.891412344015,31047.034562458,5927.09202249663,7585.93566608793,4781.8038472693,6480.1501508291,1458.86454700683,2711.55296645774,5612.16809432787,2780.68260922649,102363.111280507,41286.0283870601,5027.0591101136
"CH040","0","0","CH","Z├╝rich","Switzerland","CH","CH","CHE",3397.5090503567,424.340871473572,54464.627641129,23913.1611700767,27658.1838419733,19292.4364341618,22599.0330337616,5885.86492422814,10939.9015338369,22642.5841953934,11218.8086746211,356983.600599257,166570.62977002,20281.931553513
"CH051","0","0","CH","Glarus","Switzerland","CH","CH","CHE",118.354489009589,22.1411230017998,2841.8380149473,337.094537561657,474.10492880483,271.957977113846,419.867923576279,82.9707499009299,154.2155393965,319.183707844451,158.14718494418,6632.40603748283,2348.081419028,285.906505177738
"CH052","0","0","CH","Schaffhausen","Switzerland","CH","CH","CHE",661.572703379223,63.5633722245221,8158.43024453677,821.589994715672,1209.94769510991,662.834689034322,1088.79550680182,202.222018979444,375.864720663622,777.936488494079,385.447197639093,17199.0606745756,5722.90555226908,696.831001111044
"CH053","0","0","CH","Appenzell Ausserrhoden","Switzerland","CH","CH","CHE",347.414974411296,24.7625411245539,3178.29997641641,373.400714592783,529.258702034368,301.248734933723,470.009896738906,91.9069692656753,170.825054088668,353.560830316606,175.180150637097,7424.46922416893,2600.97741757896,316.699564793647
"CH054","0","0","CH","Appenzell Innerrhoden","Switzerland","CH","CH","CHE",210.07335879816,7.72867744659439,991.984434177634,121.487959562792,171.79493629807,98.012919358987,152.436431984655,29.9024338447342,55.5788632757936,115.032944977983,56.9958176968493,2407.94844058548,846.242192319244,103.039931145188
"CH055","0","0","CH","St. Gallen","Switzerland","CH","CH","CHE",2907.24206537658,275.640454661336,35378.7620641585,4688.85290185301,6444.70538501027,3782.82887464201,5659.88774735308,1154.09061284696,2145.07771214729,4439.7202801808,2199.76536080704,89405.9097138909,32660.8922678933,3976.84743323996
"CH056","0","0","CH","Graub├╝nden","Switzerland","CH","CH","CHE",1053.26281199583,70.0000621978437,8984.58663484852,2047.2781216593,2551.55497790262,1651.68388839306,2155.67172018635,503.90671483002,936.598089396791,1938.50018035524,960.476174073292,34051.8751945039,14260.6158848584,1736.3975611245
"CH057","0","0","CH","Thurgau","Switzerland","CH","CH","CHE",3820.40915270721,127.11971322246,16315.9580232412,2031.98628297858,2866.40877202878,1639.34688185465,2541.20154986638,500.142858756051,929.602309614748,1924.02084228831,953.302040497978,40141.8626082126,14154.0983407632,1723.42779843844
"CH061","0","0","CH","Luzern","Switzerland","CH","CH","CHE",3809.34853828609,164.381590787508,21098.5618759932,3637.36968970022,4765.25720551195,2934.52308655448,4108.93689550171,895.283836410845,1664.04039869379,3444.10548078722,1706.46424943079,64906.4535371931,25336.6318075046,3085.03265447133
"CH062","0","0","CH","Uri","Switzerland","CH","CH","CHE",75.8224172351748,13.1102190082081,1682.71134028667,247.023346420349,331.226591960239,199.29118424259,288.196572657079,60.8010810373477,113.009361965039,233.898265468541,115.890477295924,4552.47133953878,1720.67733280801,209.512685026627
"CH063","0","0","CH","Schwyz","Switzerland","CH","CH","CHE",581.112786893942,55.8142868335324,7163.82642776572,1313.96260371252,1692.46608797933,1060.06645581891,1449.5090600986,323.412130497266,601.117577116755,1244.14788461294,616.442759358128,22897.0400017648,9152.59914145214,1114.43649807875
"CH064","0","0","CH","Obwalden","Switzerland","CH","CH","CHE",384.111349459785,21.9398481202821,2816.00415775295,286.664143012974,422.973763045403,231.272215233162,380.865592328926,70.5580668483643,131.144413552816,271.432829302958,134.487872659893,6016.30920627573,1996.80111276569,243.133999979515
"CH065","0","0","CH","Nidwalden","Switzerland","CH","CH","CHE",180.663708375425,20.5639099263158,2639.40094455941,376.268965119202,508.456087013751,303.562755257705,443.708798115744,92.612945989007,172.137234360872,356.276682209881,176.525784267796,7009.00627616644,2620.95663710272,319.132269547377
"CH066","0","0","CH","Zug","Switzerland","CH","CH","CHE",393.405321200269,102.226712584153,13120.9134216508,2822.64722324633,3533.31396102243,2277.22891771771,2990.62122705255,694.752156212822,1291.3174660368,2672.67162846807,1324.23893806129,47241.0802739595,19661.5630301142,2394.02634283385
"CH070","0","0","CH","Ticino","Switzerland","CH","CH","CHE",811.767127384003,154.55061825142,19836.7455049498,4199.92870619985,5272.9559634183,3388.37918651104,4468.62528961371,1033.74927640323,1921.40245148584,3976.77407300621,1970.38761486982,70588.2390291668,29255.2191073889,3562.16670572902
"CY000","0","0","CY","K├¢pros","Cyprus","CY","CY","CYP",3004.79936181751,503.242531820155,8599.25223428942,3487.28898429461,4128.19933556235,4902.62190839491,1750.80847997746,6253.70292657672,2061.6578453084,732.516502318286,631.996970062507,48783.8686056496,13808.786790799,2969.24400068687
"CZ010","0","0","CZ","Hlavn├¡ m─østo Praha","Czechia","CZ","CZ","CZE",1636.56185657815,3828.588324994,32576.4448827715,24789.838197782,12555.1906169442,18388.7965537325,30167.2439486004,5868.92699218285,8657.11619322367,6010.83513443542,9790.45172064434,123703.333543287,119329.506981199,10873.9444251121
"CZ020","0","0","CZ","St┼Öedo─ìesk├¢ kraj","Czechia","CZ","CZ","CZE",4572.48322971385,6240.86799286284,53101.8942054754,6986.34679120271,4513.40918696829,5182.38597494127,13019.7852575011,1653.99866398919,2439.77453402696,1693.99164362713,2759.17456246521,53388.7298791626,33629.8007087634,3064.52773656648
"CZ031","0","0","CZ","Jiho─ìesk├¢ kraj","Czechia","CZ","CZ","CZE",3289.70148918252,2231.55386555002,18987.701296963,3144.72310133902,1948.05703714356,2332.71685224311,5473.45059808852,744.504669418973,1098.20133018223,762.506473611858,1241.97098233619,22444.3467928883,15137.5839681255,1379.41780674414
"CZ032","0","0","CZ","Plze┼êsk├¢ kraj","Czechia","CZ","CZ","CZE",2573.78493308946,2338.52669560341,19897.9047992405,3070.39640504451,1920.61355966601,2277.58222466845,5430.26441976734,726.908025558603,1072.24493462425,744.484350435859,1212.61653775206,22267.2582185913,14779.8015593175,1346.8147555116
"CZ041","0","0","CZ","Karlovarsk├¢ kraj","Czechia","CZ","CZ","CZE",668.540069264345,632.584728200578,5382.49604883843,1247.08851262679,718.282911473432,925.074894004059,1919.21850626838,295.24482471416,435.508697995882,302.383718184922,492.522773921742,7869.91769708485,6003.04270590141,547.029434855798
"CZ042","0","0","CZ","├Üsteck├¢ kraj","Czechia","CZ","CZ","CZE",1587.88682695352,2577.41172387844,21930.5142877347,3459.92893493027,2134.21396077687,2566.53265613075,5979.89293868413,819.128796050937,1208.27762452551,838.934979680074,1366.45777693401,24521.05641495,16654.8732872388,1517.68134398856
"CZ051","0","0","CZ","Libereck├¢ kraj","Czechia","CZ","CZ","CZE",826.563022429417,1625.45680434787,13830.5817970772,1971.43443349359,1242.61650027269,1462.38577385229,3530.35949390313,466.731757897655,688.465040469812,478.017132001261,778.594579260373,14476.5374903354,9489.78759432148,864.760322214591
"CZ052","0","0","CZ","Kr├ílov├®hradeck├¢ kraj","Czechia","CZ","CZ","CZE",2107.55315070242,2515.73875136976,21405.7552854231,2769.83600987475,1801.19265281295,2054.63022656381,5216.49634561339,655.75116677157,967.283125543198,671.606949264768,1093.91378485105,21390.6841628696,13333.0101971661,1214.97537005897
"CZ053","0","0","CZ","Pardubick├¢ kraj","Czechia","CZ","CZ","CZE",2074.95609795647,2010.67247908531,17108.2800322573,2480.24675725178,1572.90733067425,1839.81648683122,4485.91158010121,587.19169624154,866.152662800194,601.389740086823,979.543954196958,18394.8595829451,11939.0300321142,1087.94842401727
"CZ063","0","0","CZ","Vyso─ìina","Czechia","CZ","CZ","CZE",3606.89284372295,2041.06579744291,17366.888735057,2338.09784846664,1533.47266914345,1734.37217762961,4463.78857207682,553.538327428787,816.511369852869,566.922647222787,923.403933536087,18304.1423187069,11254.7754973362,1025.595482385
"CZ064","0","0","CZ","Jihomoravsk├¢ kraj","Czechia","CZ","CZ","CZE",4562.43608067551,3639.41464746444,30966.8161224575,8066.21527993169,4569.51425664206,5983.41911543996,12059.7339288459,1909.65460135131,2816.88659525711,1955.82923211138,3185.6557770337,49451.9582625822,38827.9054053923,3538.2069045862
"CZ071","0","0","CZ","Olomouck├¢ kraj","Czechia","CZ","CZ","CZE",2221.68442668176,1993.06115526202,16958.4299383998,3146.12686876719,1890.40341586093,2333.75814962631,5204.72741681099,744.837007552213,1098.69155434735,762.846847538889,1242.52538358411,21342.4246756068,15144.341207676,1380.03356263887
"CZ072","0","0","CZ","Zl├¡nsk├¢ kraj","Czechia","CZ","CZ","CZE",1742.03870703026,2586.30785613154,22006.2091228574,2697.79134347012,1773.69926974471,2001.18838064588,5170.500739672,638.694787301421,942.123661282444,654.138153840665,1065.46060082714,21202.0752931635,12986.2126725473,1183.37332036589
"CZ080","0","0","CZ","Moravskoslezsk├¢ kraj","Czechia","CZ","CZ","CZE",2173.84471356481,4098.69021429108,34874.6703806599,5756.38809009122,3510.18001296064,4270.01776407267,9760.91938876374,1362.8092757152,2010.24791495683,1395.76142059942,2273.41700384203,40025.4749454298,27709.2148525797,2525.01221192437
"DE111","0","0","DE","Stuttgart, Stadtkreis","Germany","DE","DE","DEU",301.022655045207,866.237742848069,46167.9930971791,6342.10312214244,9027.85202517861,5958.73208679673,9606.76694075308,1645.96812204137,2136.83967054808,5398.7683210564,4639.25227823641,151432.109927729,51046.8678478787,7646.7393167994
"DE112","0","0","DE","B├Âblingen","Germany","DE","DE","DEU",375.510046923194,692.705715576968,36919.232576943,1848.10081617112,3923.60860510232,1736.38577312095,4357.79644578049,479.638216401109,622.679111820038,1573.21127523588,1351.88686729145,68692.2368878001,14875.1536068961,2228.27426490202
"DE113","0","0","DE","Esslingen","Germany","DE","DE","DEU",538.652764842451,365.876776631135,19500.1852983068,2443.42938947751,3576.80409375782,2295.72758822996,3820.09754423196,634.144038039602,823.262686062226,2079.98970193236,1787.37007953506,60216.4531335485,19666.8856904594,2946.0680819124
"DE114","0","0","DE","G├Âppingen","Germany","DE","DE","DEU",531.764416326236,126.798407323688,6757.99229759502,930.060842356039,1328.4004692367,873.839998701878,1414.21714983117,241.378998195766,313.364646662886,791.722070055304,680.340069957919,22292.3995362508,7485.95410637178,1121.38397520364
"DE115","0","0","DE","Ludwigsburg","Germany","DE","DE","DEU",1064.83738931407,465.676945353636,24819.2487294714,2385.21060254461,3815.19723084868,2241.02804344643,4119.1481901381,619.034497000937,803.647077313284,2030.43047267822,1744.7830016032,64930.4084698344,19198.2892855143,2875.87308847847
"DE116","0","0","DE","Rems-Murr-Kreis","Germany","DE","DE","DEU",815.574080578717,224.582750020637,11969.6179695518,1682.29084675709,2387.28371906683,1580.59877848684,2539.32110804152,436.605500168649,566.81289306064,1432.06415212107,1230.59677415614,40027.4884928771,13540.5679917572,2028.35547017147
"DE117","0","0","DE","Heilbronn, Stadtkreis","Germany","DE","DE","DEU",218.954813292697,64.9072488992966,3459.37064493067,952.902203777769,1167.13773801366,895.300632593905,1215.24746833028,247.307024284294,321.06056807496,811.165969985423,697.04853968365,19156.027136759,7669.80163068747,1148.92404086781
"DE118","0","0","DE","Heilbronn, Landkreis","Germany","DE","DE","DEU",1492.98541636445,438.510850097394,23371.3735836207,1721.30664625631,3061.07727556881,1617.25612887844,3343.63431853982,446.731283523932,579.958454799776,1465.27667772976,1259.13685514001,52705.931434156,13854.6017314582,2075.39722308234
"DE119","0","0","DE","Hohenlohekreis","Germany","DE","DE","DEU",1165.1598649842,114.748402678484,6115.76152910917,535.038980442329,895.761887162758,502.696641642074,972.147469385825,138.858843651235,180.270250527328,455.456406575517,391.381338517853,15324.0255913253,4306.46799683021,645.102031451443
"DE11A","0","0","DE","Schw├ñbisch Hall","Germany","DE","DE","DEU",2044.47304982248,140.343029619817,7479.88191027292,982.262260026922,1437.49462082213,922.885915562765,1535.21969405929,254.926849398573,330.952828057879,836.158963402537,718.525438627075,24199.770735333,7906.11738943383,1184.32376429394
"DE11B","0","0","DE","Main-Tauber-Kreis","Germany","DE","DE","DEU",1020.35189713564,83.0085820279867,4424.11990670658,562.032929833126,828.85559415396,528.058845517745,886.075453785991,145.864592269564,189.365300041997,478.435231741955,411.127428860127,13967.2666516737,4523.73923015869,677.648915371011
"DE11C","0","0","DE","Heidenheim","Germany","DE","DE","DEU",532.002397946579,89.0030024308313,4743.60536213156,481.806585835155,759.185539996083,452.682068921654,818.226539181115,125.043422662979,162.334702907842,410.141885489316,352.441809594852,12897.7596720325,3878.0064974813,580.919182807923
"DE11D","0","0","DE","Ostalbkreis","Germany","DE","DE","DEU",1364.71577321553,297.684901132171,15865.7534540318,1245.95436912087,2160.95159421506,1170.63821495496,2354.22818953922,323.362949733674,419.798396896895,1060.62907649778,911.416376271404,37109.8564368123,10028.5452317771,1502.2600670164
"DE121","0","0","DE","Baden-Baden, Stadtkreis","Germany","DE","DE","DEU",142.19790797433,29.2135811731159,1557.00028667633,400.894204053882,497.140644746696,376.660724542071,518.63667818505,104.044205443466,135.072959618756,341.26454383638,293.254353275237,8175.30465221362,3226.75192458963,483.362287395329
"DE122","0","0","DE","Karlsruhe, Stadtkreis","Germany","DE","DE","DEU",163.393727912092,193.943491627829,10336.6331664065,2703.30171922254,3334.95214886187,2539.89100845502,3476.33959841895,701.588789776223,910.821259737601,2301.20819591242,1977.46684627023,54797.7736381547,21758.5685625811,3259.39883717427
"DE123","0","0","DE","Karlsruhe, Landkreis","Germany","DE","DE","DEU",921.538554278759,248.236546173369,13230.2976230508,1919.77311266457,2700.60809794641,1803.72558211252,2869.24555166544,498.239351228108,646.827600653618,1634.2229170137,1404.31519562196,45228.109567878,15452.0357825708,2314.6902939332
"DE124","0","0","DE","Rastatt","Germany","DE","DE","DEU",530.000526921718,251.244909256138,13390.6347674269,814.899748013277,1575.16173947794,765.64022730191,1734.80137867879,211.491201271463,274.56351237729,693.690225416067,596.099659639051,27345.7901809231,6559.03553521077,982.533052896504
"DE125","0","0","DE","Heidelberg, Stadtkreis","Germany","DE","DE","DEU",170.415611867162,62.1356566063204,3311.65270616988,1291.17256979696,1504.50190012019,1213.12304027026,1553.8869050312,335.09844431891,435.033728643256,1099.12144797829,944.493517475854,24494.0232306186,10392.5013942325,1556.78011916401
"DE126","0","0","DE","Mannheim, Stadtkreis","Germany","DE","DE","DEU",81.811928637658,301.282272742727,16057.4830675882,2341.73037873264,3278.711051203,2200.17613678711,3481.23579503773,607.750060126382,788.99732070473,1993.4175685378,1712.97719152836,54874.9527129857,18848.3219014809,2823.44853300799
"DE127","0","0","DE","Neckar-Odenwald-Kreis","Germany","DE","DE","DEU",839.683964714125,66.782610778111,3559.32206703235,492.629138961144,708.418227404125,462.850414237223,754.858551757738,127.852203457205,165.981136970934,419.354674345672,360.358513766815,11898.8858473028,3965.11599862929,593.968047025806
"DE128","0","0","DE","Rhein-Neckar-Kreis","Germany","DE","DE","DEU",1027.11804414399,198.988001699272,10605.4911191797,2564.51435072433,3216.91993514507,2409.49313727803,3361.96986330552,665.569258101865,864.059744028005,2183.06428781435,1875.94380208512,52994.9558528463,20641.4847936421,3092.0614718033
"DE129","0","0","DE","Pforzheim, Stadtkreis","Germany","DE","DE","DEU",109.346258890747,69.548408804375,3706.73118795673,606.124719440811,824.874209980885,569.485349697773,872.412763126504,157.307749017462,204.221111018993,515.968736380436,443.380599685246,13751.9007448482,4878.62903783493,730.81084204546
"DE12A","0","0","DE","Calw","Germany","DE","DE","DEU",430.376564591739,63.123891889444,3364.32281908787,539.282440057389,741.084022954114,506.683590211075,784.853571364945,139.960150129393,181.69999594004,459.068687060437,394.485431798525,12371.6993478755,4340.6231214026,650.218414590096
"DE12B","0","0","DE","Enzkreis","Germany","DE","DE","DEU",346.978871351205,121.528655387572,6477.12959792718,578.106175706323,951.010842029064,543.160486736602,1030.08399350771,150.036087090052,194.780845761588,492.117716710357,422.885017959483,16237.282896698,4653.11096098263,697.028594130576
"DE12C","0","0","DE","Freudenstadt","Germany","DE","DE","DEU",363.030540346306,98.181501927413,5232.79312253484,433.865642890975,735.248750080612,407.639087202323,799.011872965087,112.601293875885,146.181999813352,369.331756883085,317.37298077085,12594.8776031122,3492.1352916931,523.11629215233
"DE131","0","0","DE","Freiburg im Breisgau, Stadtkreis","Germany","DE","DE","DEU",215.674158019383,90.0244141823545,4798.04368588625,1741.71565661982,2047.51780629273,1636.43144384426,2117.83842282487,452.028040737396,586.834846138968,1482.65001848007,1274.06605859223,33383.6287309,14018.8715383137,2100.00457792315
"DE132","0","0","DE","Breisgau-Hochschwarzwald","Germany","DE","DE","DEU",1894.90216961242,100.090967949252,5334.56219787632,936.402679518404,1271.08310444989,879.798480905785,1343.85481652794,243.024897293178,315.501396723821,797.120611975876,684.979127686417,21183.2733695334,7536.99883353961,1129.03039384998
"DE133","0","0","DE","Emmendingen","Germany","DE","DE","DEU",821.025592452745,94.4070649782154,5031.62643307225,557.757791986759,855.764169172542,524.042133621074,919.369110118066,144.755064329553,187.924881308457,474.795984897713,408.000162934053,14492.0767836014,4489.32913109974,672.494337461293
"DE134","0","0","DE","Ortenaukreis","Germany","DE","DE","DEU",2346.07852819662,273.694684508002,14587.1435520171,1936.79269793527,2807.6841566107,1819.71635786993,2994.88816105288,502.656449825598,652.561995740281,1648.71098130837,1416.76503256423,47208.6224244618,15589.024491743,2335.21098389025
"DE135","0","0","DE","Rottweil","Germany","DE","DE","DEU",655.396941913361,137.191157811355,7311.89616144393,511.21144798818,931.738376253546,480.309449341775,1020.301728793,132.674876268317,172.242059307678,435.173020306807,373.95148408412,16083.0844036195,4114.68289385997,616.372929175681
"DE136","0","0","DE","Schwarzwald-Baar-Kreis","Germany","DE","DE","DEU",692.210788299417,143.11558464455,7627.65115988165,860.984518955701,1307.24734645337,808.939239954125,1402.60660090518,223.451597124689,290.090816941935,732.920272082834,629.810697518615,22109.3816768476,6929.96662333584,1038.09793777527
"DE137","0","0","DE","Tuttlingen","Germany","DE","DE","DEU",386.685955097087,187.255114517264,9980.16180410281,493.420313918629,1057.35965152202,463.593763803548,1175.29576741131,128.057537355739,166.247706908846,420.028168644744,360.937258727801,18526.265802621,3971.48407601963,594.92197485343
"DE138","0","0","DE","Konstanz","Germany","DE","DE","DEU",1111.04730654739,131.676372263801,7017.97387140979,1191.69490514727,1616.43648006724,1119.65865773788,1708.80506556299,309.280973092867,401.516799627267,1014.44025402413,871.725545484285,26936.0085582663,9591.81696772747,1436.83887021705
"DE139","0","0","DE","L├Ârrach","Germany","DE","DE","DEU",639.806485104256,120.723081939154,6434.19483814225,855.619829871737,1235.60524091945,803.898838629098,1317.33130521375,222.059297591426,288.283296591983,728.353535635786,625.886424201785,20765.1814864086,6886.78685009028,1031.62967667155
"DE13A","0","0","DE","Waldshut","Germany","DE","DE","DEU",709.69547875372,75.7986758558439,4039.85253769033,584.249545629519,827.167896070588,548.932498761227,879.575002148009,151.630477919205,196.850726416304,497.347311733826,427.378896782223,13864.7995976592,4702.5582478795,704.435718774346
"DE141","0","0","DE","Reutlingen","Germany","DE","DE","DEU",617.852814098459,199.518378551896,10633.7586878385,1220.51022840167,1839.43305416892,1146.73213604004,1971.8010884732,316.759423472751,411.225523163262,1038.96953892391,892.803971911843,31081.6324604084,9823.74823245659,1471.58180343843
"DE142","0","0","DE","T├╝bingen, Landkreis","Germany","DE","DE","DEU",254.273776311729,81.7751218579015,4358.38000898415,975.301227049213,1239.83770284846,916.345667042253,1298.3734571367,253.120250206297,328.607452852163,830.233325865885,713.433438784315,20466.3476589927,7850.08882546154,1175.93077485006
"DE143","0","0","DE","Zollernalbkreis","Germany","DE","DE","DEU",477.651757029822,124.903529721371,6657.00074327167,660.958250151793,1047.02633837566,621.004272141517,1129.16051745097,171.538713388593,222.696128129698,562.646237965134,483.491360638741,17799.0327712981,5319.97789986519,796.924197046372
"DE144","0","0","DE","Ulm, Stadtkreis","Germany","DE","DE","DEU",130.419858493509,119.050153548739,6345.03254174217,1204.46173187403,1582.12031654454,1131.65374810431,1664.87560187785,312.594351858106,405.818316220634,1025.30812204289,881.064486973767,26243.5454835545,9694.5757063046,1452.23196522073
"DE145","0","0","DE","Alb-Donau-Kreis","Germany","DE","DE","DEU",1272.44563324264,131.754600836914,7022.14323051853,597.02433277046,1010.11989156574,560.93506834622,1097.52793886804,154.945922653372,201.154925105578,508.221956121735,436.723661319507,17300.4063190473,4805.38105892646,719.838411731721
"DE146","0","0","DE","Biberach","Germany","DE","DE","DEU",1381.28003631819,259.30255995703,13820.0844941442,857.238316556033,1651.08839563864,805.41949011521,1817.80822858919,222.479343976196,288.828612000239,729.731285961025,627.070348192423,28654.2327087691,6899.81386562371,1033.58110280326
"DE147","0","0","DE","Bodenseekreis","Germany","DE","DE","DEU",1117.49197362326,241.063663400402,12848.0034952743,911.222360423918,1650.08024729236,856.140275976847,1805.74069444532,236.489840745824,307.017412196622,775.685654766368,666.55970900526,28464.0113608066,7334.32530451799,1098.67022273307
"DE148","0","0","DE","Ravensburg","Germany","DE","DE","DEU",1884.92656077004,174.559924261471,9303.54448866494,1558.68240060663,2125.63262401712,1464.46228557737,2248.78906487081,404.525359234265,525.165599369224,1326.84142861123,1140.17712086941,35447.8124613583,12545.6576451413,1879.3194884374
"DE149","0","0","DE","Sigmaringen","Germany","DE","DE","DEU",906.063342353775,78.2413585865034,4170.04053790018,516.024742648353,766.620209007455,484.831787244898,820.30906648319,133.924072224304,173.863798780817,439.27037763935,377.472412045709,12930.5866892048,4153.42455600243,622.176368320779
"DE211","0","0","DE","Ingolstadt, Kreisfreie Stadt","Germany","DE","DE","DEU",144.129816047205,633.769439756286,33778.0977121465,801.201842327563,2677.68750365532,752.770340363867,3066.48359909693,207.936179275889,269.948288104057,682.029768646976,586.079633326699,48337.1861036968,6448.78264782234,966.017346363908
"DE212","0","0","DE","M├╝nchen, Kreisfreie Stadt","Germany","DE","DE","DEU",316.61721078901,1133.16868953638,60394.6487767281,15703.2680631786,19385.0128575292,14754.0280366843,20208.8959252886,4075.4743570191,5290.88939558514,13367.5382635384,11486.9501070566,318554.178335925,126393.821444219,18933.5926881593
"DE213","0","0","DE","Rosenheim, Kreisfreie Stadt","Germany","DE","DE","DEU",127.410873296286,21.5215052102086,1147.03464746177,468.310240193754,543.405820850984,440.001558012404,560.84978642001,121.540711612406,157.787390097161,398.653008393573,342.569224577095,8840.71270114944,3769.37594400124,564.646499305049
"DE214","0","0","DE","Alt├Âtting","Germany","DE","DE","DEU",741.479710374349,122.824883988993,6546.21487343829,435.897950095252,813.529451792629,409.548544351651,892.958900924009,113.12873923715,146.866743434388,371.061775386695,318.859614722701,14075.7708893756,3508.49310160015,525.566665964213
"DE215","0","0","DE","Berchtesgadener Land","Germany","DE","DE","DEU",599.292047047174,29.7372797028468,1584.9119198339,488.732176023499,593.360318138665,459.189017118572,616.956996311341,126.840823376401,164.66813640323,416.037352055117,357.507883015707,9725.13440393469,3933.74978646672,589.269438514166
"DE216","0","0","DE","Bad T├Âlz-Wolfratshausen","Germany","DE","DE","DEU",859.964322282827,42.4699759123589,2263.52819528789,466.186320297394,610.361155258917,438.006026026801,641.981314572281,120.989489978849,157.071779485949,396.845003819681,341.015575885453,10119.5944066731,3752.28075393875,562.085667122973
"DE217","0","0","DE","Dachau","Germany","DE","DE","DEU",762.257051672013,37.0265046903932,1973.40675475343,612.289437720281,742.820128433639,575.277419601161,772.269654225056,158.907680392583,206.298184558105,521.216504370717,447.890094843542,12173.3382202035,4928.2481552272,738.243706623148
"DE218","0","0","DE","Ebersberg","Germany","DE","DE","DEU",691.757359786003,32.5966105027207,1737.30606996306,617.652904881769,734.581896374585,580.316672867172,761.261494904452,160.299662799902,208.105293206707,525.782200646038,451.81347432334,11999.8158684466,4971.41809335751,744.710494442306
"DE219","0","0","DE","Eichst├ñtt","Germany","DE","DE","DEU",1072.6434554203,52.8888915586844,2818.82658722602,590.952216802858,770.752291083162,555.230003077797,810.227066159758,153.370024386894,199.109051988436,503.053016623856,432.281904808476,12771.6634436754,4756.50728702688,712.517198719036
"DE21A","0","0","DE","Erding","Germany","DE","DE","DEU",1430.75781444664,24.9758270124262,1331.14011554709,602.028645211731,704.101825058917,565.636877279609,727.663296207041,156.244693517301,202.84102404506,512.481918937899,440.384318903759,11470.2052148421,4845.66020149781,725.872162990766
"DE21B","0","0","DE","Freising","Germany","DE","DE","DEU",930.332225618491,62.1988251537329,3315.01940900057,1270.38289672477,1491.47042629267,1193.5900731104,1542.35875764712,329.702893586691,428.029080925801,1081.42406491377,929.285859021483,24312.3042722328,10225.1676764612,1531.71379535898
"DE21C","0","0","DE","F├╝rstenfeldbruck","Germany","DE","DE","DEU",441.075249452172,39.7213245233821,2117.03294106865,833.027709657688,973.093947785288,782.672379671308,1005.45520264797,216.195957156007,280.671351818233,709.121804368083,609.360274570554,15849.0576188434,6704.94543995244,1004.39012370883
"DE21D","0","0","DE","Garmisch-Partenkirchen","Germany","DE","DE","DEU",415.486369356081,11.2389519192085,599.003978884064,407.289682857771,453.919035766969,382.669605827226,465.253869273352,105.704026173855,137.227783114544,346.708748652898,297.932649897026,7333.82786431796,3278.22840723878,491.073382323557
"DE21E","0","0","DE","Landsberg a. Lech","Germany","DE","DE","DEU",757.32494394666,58.265163790942,3105.36651388789,485.254288208564,675.050413413885,455.921362632668,716.121243562767,125.938206000876,163.496334477348,413.076770967448,354.963805970893,11288.2670669096,3905.75666237845,585.076113211551
"DE21F","0","0","DE","Miesbach","Germany","DE","DE","DEU",635.221318312246,39.5390392015944,2107.31765499679,490.591383848617,624.357219674771,460.935838497882,653.945331779123,127.323344198509,165.294557790582,417.620018264605,358.867894666776,10308.1840102325,3948.71433912736,591.511104614611
"DE21G","0","0","DE","M├╝hldorf a. Inn","Germany","DE","DE","DEU",1081.73580300628,64.6220929714141,3444.17264990125,427.978371721671,638.52475840189,402.107693129318,683.609200189751,111.073368441078,144.198406304454,364.320168065594,313.06643834182,10775.7775523412,3444.74931458483,516.017948424396
"DE21H","0","0","DE","M├╝nchen, Landkreis","Germany","DE","DE","DEU",421.287303309948,274.903601554738,14651.5753714911,5568.93779136325,6505.95777927006,5232.30349107935,6722.43246507348,1445.30826788557,1876.33770158242,4740.60486733134,4073.68137010222,105966.152641248,44823.7478978023,6714.52588232939
"DE21I","0","0","DE","Neuburg-Schrobenhausen","Germany","DE","DE","DEU",992.501358545877,47.5457196035391,2534.05081062325,418.185866570759,577.537477081933,392.90713086644,612.066808138322,108.531916338691,140.899025471705,355.984216162203,305.903214888011,9648.05004063631,3365.93055262036,504.211023701584
"DE21J","0","0","DE","Pfaffenhofen a. d. Ilm","Germany","DE","DE","DEU",917.869483254182,65.0020429177718,3464.42289487793,518.209896922311,730.195130950303,486.88485207782,775.964848370399,134.491186036144,174.6000410413,441.13050848927,379.070853721683,12231.5858127051,4171.01261461671,624.811031425138
"DE21K","0","0","DE","Rosenheim, Landkreis","Germany","DE","DE","DEU",1986.41125790555,100.326130005124,5347.09566257683,1069.2160331784,1408.58847940911,1004.58345787121,1482.89746166002,277.493990919634,360.250092450381,910.179089982875,782.132176396105,23375.0118859495,8605.9984354296,1289.16482775443
"DE21L","0","0","DE","Starnberg","Germany","DE","DE","DEU",275.696691755537,67.2911040996237,3586.42330609909,799.874646067365,1018.19900555381,751.5233712136,1066.48727802788,207.591731591279,269.501116942571,680.899981731282,585.108788457858,16811.1103057719,6438.10019583478,964.417132108714
"DE21M","0","0","DE","Traunstein","Germany","DE","DE","DEU",1667.13991697034,134.220657345236,7153.57698619758,705.394747541446,1132.37041422729,662.754647012612,1223.0969018774,183.071332261217,237.668081220606,600.473177985769,515.996685415319,19279.7582828467,5677.64222133493,850.501741458095
"DE21N","0","0","DE","Weilheim-Schongau","Germany","DE","DE","DEU",994.262512637672,114.807669621357,6118.92028758169,505.957967908124,864.380255369376,475.37353459591,940.167774307571,131.311438844639,170.472008517381,430.700951454366,370.10856022106,14819.9275185385,4072.39822925843,610.038753917961
"DE221","0","0","DE","Landshut, Kreisfreie Stadt","Germany","DE","DE","DEU",143.007333269595,63.5485597966035,3386.95640342221,488.44168855184,687.282516627063,458.916089197841,730.224439131752,126.765433066752,164.570262694575,415.790072165551,357.295391254104,11510.5766820908,3931.41168579387,588.919194765715
"DE222","0","0","DE","Passau, Kreisfreie Stadt","Germany","DE","DE","DEU",74.94294247767,29.8868621605392,1592.88423682334,476.265593231949,575.493929724576,447.476021372198,597.927905234506,123.605367019023,160.467780755881,405.425069197106,348.388570146827,9425.1775683475,3833.40767722963,574.238350727931
"DE223","0","0","DE","Straubing, Kreisfreie Stadt","Germany","DE","DE","DEU",133.872597750007,30.222520801748,1610.77388196785,330.759339837318,428.271200449698,310.765412251848,449.724097009928,85.8420809240581,111.442476597561,281.561654141633,241.950657587208,7089.03102527201,2662.24436672728,398.799956358677
"DE224","0","0","DE","Deggendorf","Germany","DE","DE","DEU",1093.815277494,51.803577135886,2760.98243393933,609.902909819804,787.180635342173,573.035153888552,826.219317077192,158.288304016814,205.494093644666,519.184952537157,446.144348237703,13023.7503646818,4909.03926316021,735.36624525493
"DE225","0","0","DE","Freyung-Grafenau","Germany","DE","DE","DEU",675.413351217993,29.3584082920021,1564.71915771401,287.1867843645,386.907128926588,269.826755248129,408.625297959517,74.5336811830097,96.761610757268,244.470151902758,210.077306846489,6441.18790655349,2311.53381564057,346.264075649935
"DE226","0","0","DE","Kelheim","Germany","DE","DE","DEU",1449.14060058934,57.5337213732809,3066.38272592855,425.468044903072,619.0824538675,399.749111965586,660.679082782658,110.421862491121,143.352603921756,362.183231367666,311.230132752332,10414.3285777526,3424.54397908395,512.991221420418
"DE227","0","0","DE","Landshut, Landkreis","Germany","DE","DE","DEU",2635.44326294002,110.114182067989,5868.77083062876,552.347329323358,915.460810057483,518.958725663821,992.41206858178,143.35088516407,186.101938503442,470.190283308371,404.042406216118,15643.4578240429,4445.78093151116,665.970886679508
"DE228","0","0","DE","Passau, Landkreis","Germany","DE","DE","DEU",2241.85623622265,81.4697779516124,4342.10605247024,659.840311435283,937.325868367782,619.953911216624,997.157882386565,171.248574383545,222.319461942998,561.694583283503,482.673587789953,15718.266404517,5310.97973808435,795.576286775493
"DE229","0","0","DE","Regen","Germany","DE","DE","DEU",684.461355538631,36.7081793969361,1956.44092744756,302.394962111147,424.09003640366,284.115620467658,450.386399403087,78.4806645863422,101.885689773316,257.416240393961,221.202098086894,7099.47094219981,2433.94271134737,364.600732823821
"DE22A","0","0","DE","Rottal-Inn","Germany","DE","DE","DEU",2024.04164893079,46.2836621236623,2466.78675811542,484.312104921347,652.401778774412,455.036132973506,689.011136272052,125.693680860553,163.178885425152,412.274729564826,354.274598325172,10860.9286321668,3898.17313608997,583.940113079222
"DE22B","0","0","DE","Straubing-Bogen","Germany","DE","DE","DEU",1704.17251709999,39.343014347518,2096.87009116735,320.195543611619,460.815588317524,300.84018235316,491.075079112582,83.1004553937927,107.8832252874,272.569134260605,234.223234244658,7740.8493223127,2577.21757048637,386.063078011228
"DE22C","0","0","DE","Dingolfing-Landau","Germany","DE","DE","DEU",1724.96166569643,184.95199737495,9857.41225040782,342.93934969799,910.867341494287,322.209157989898,1028.97243104123,89.0031629138512,115.54627745931,291.929989395655,250.860342183439,16219.7612631813,2760.27988298572,413.485520198758
"DE231","0","0","DE","Amberg, Kreisfreie Stadt","Germany","DE","DE","DEU",117.104210926898,47.6141824099086,2537.6996823077,261.711542152878,408.418175641364,245.89145488139,439.674885633384,67.9220831414681,88.1782580229742,222.784138923379,191.442151726374,6930.62463410577,2106.48648393933,315.548312680948
"DE232","0","0","DE","Regensburg, Kreisfreie Stadt","Germany","DE","DE","DEU",512.203162251603,213.375834680688,11372.3214486749,1375.69306604012,2037.6380025414,1292.53439376871,2179.51099852331,357.034076678725,463.511151016952,1171.07022724118,1006.32031171147,34355.7776671955,11072.7972707057,1658.6873554941
"DE233","0","0","DE","Weiden i. d. Opf, Kreisfreie Stadt","Germany","DE","DE","DEU",60.1416220439521,16.7642455540579,893.486319903875,333.485271787922,390.851902279755,313.326565526664,404.072784438478,86.5495429452737,112.360922642837,283.882126511264,243.944678461451,6369.42633138287,2684.18508345246,402.086640699843
"DE234","0","0","DE","Amberg-Sulzbach","Germany","DE","DE","DEU",1048.6413028002,38.943732223208,2075.58949642166,325.508868628652,458.138031624288,305.832324495415,486.779555400396,84.4794243937681,109.673439583865,277.092146616125,238.109934715394,7673.13869469028,2619.98392018989,392.469408928306
"DE235","0","0","DE","Cham","Germany","DE","DE","DEU",1237.75478624303,76.6782345739676,4086.73050065393,524.001777382129,773.713074202878,492.32662167288,827.254829787282,135.99435468855,176.551494635677,446.060895167569,383.307617788901,13040.0732208012,4217.63080273648,631.794361588229
"DE236","0","0","DE","Neumarkt i. d. OPf.","Germany","DE","DE","DEU",801.698335371319,68.2587829228165,3637.9978185217,611.504937235255,833.931815634097,574.540341045009,882.248760513338,158.704078722095,206.033863444796,520.548691772144,447.316232263206,13906.9462296319,4921.93379990776,737.297826275987
"DE237","0","0","DE","Neustadt a. d. Waldnaab","Germany","DE","DE","DEU",950.892058452578,60.282440387373,3212.88158437295,282.533423927716,475.658360112904,265.454683774033,516.536983895076,73.3259930089444,95.1937577925374,240.508939915389,206.673370866257,8142.20703066259,2274.07944590071,340.653470851826
"DE238","0","0","DE","Regensburg, Landkreis","Germany","DE","DE","DEU",1325.76286521337,60.6694505173236,3233.50811693357,587.939309072603,793.144777884502,552.399221297515,837.823514217662,152.588083446619,198.093915426049,500.48825372185,430.077960977461,13206.6681004649,4732.25673483904,708.884504712785
"DE239","0","0","DE","Schwandorf","Germany","DE","DE","DEU",1307.54336540596,89.4287725933412,4766.29769352214,552.175581652062,840.622873254132,518.797359892864,902.240747941451,143.306311434103,186.044071699594,470.044081666872,403.916772690456,14222.0812648167,4444.39855400783,665.763808736217
"DE23A","0","0","DE","Tirschenreuth","Germany","DE","DE","DEU",1017.42640218179,60.3630797934207,3217.17943397891,255.824979471018,449.2806772454,240.360726468779,490.111839421547,66.3943415806422,86.1949032241771,217.773153211749,187.136127556339,7725.66571062741,2059.10620936605,308.45082318365
"DE241","0","0","DE","Bamberg, Kreisfreie Stadt","Germany","DE","DE","DEU",32.2663553665169,56.8772332528788,3031.39378754375,603.321496942089,784.069827941757,566.851577977593,823.792763337613,156.580227754716,203.276623531911,513.582469785348,441.330040728203,12985.5004357615,4856.06621826473,727.430967691183
"DE242","0","0","DE","Bayreuth, Kreisfreie Stadt","Germany","DE","DE","DEU",113.033845050796,46.1982220976922,2462.23304920378,617.388703051255,768.029112294536,580.068441658289,801.630181959502,160.231094411398,208.016275897843,525.557296628321,451.620210524169,12636.1501829418,4969.29156282533,744.391943563197
"DE243","0","0","DE","Coburg, Kreisfreie Stadt","Germany","DE","DE","DEU",92.9676662336213,42.4067663037153,2260.15930401107,530.28303862682,667.613867238144,498.228189686433,698.105519781632,137.624532498003,178.667834901711,451.40787133163,387.902364196901,11004.2840077932,4268.18796122169,639.367743224232
"DE244","0","0","DE","Hof, Kreisfreie Stadt","Germany","DE","DE","DEU",36.5678175133384,13.3425248379492,711.118396425518,277.027765158038,322.830941952244,260.281834178557,333.433375950557,71.8971075664972,93.3387406405023,235.822201844462,202.645978138875,5255.93260999422,2229.76502366275,334.015241140297
"DE245","0","0","DE","Bamberg, Landkreis","Germany","DE","DE","DEU",798.568217778129,55.2316081746652,2943.68667956007,451.073562391654,631.638725982887,423.806812655685,670.666321332886,117.067270918403,151.979850199649,383.980142266036,329.960584316512,10571.758087112,3630.63988169594,543.864058637986
"DE246","0","0","DE","Bayreuth, Landkreis","Germany","DE","DE","DEU",977.206869566184,28.1946094825792,1502.69201119037,275.216932160146,374.450646461321,258.580463437566,396.01717536669,71.427141479307,92.7286181445242,234.280715111204,201.321352703246,6242.44522670769,2215.18983449322,331.831901069274
"DE247","0","0","DE","Coburg, Landkreis","Germany","DE","DE","DEU",529.801455595518,42.1027160790109,2243.95429702397,237.199292179324,371.570637119844,222.860935253437,400.188410086483,61.560410794149,79.91936548384,201.917881140056,173.511426012141,6308.19667862879,1909.19016740901,285.993639411512
"DE248","0","0","DE","Forchheim","Germany","DE","DE","DEU",445.610094020956,82.0654531344105,4373.85383528696,347.308201342174,600.375880085129,326.313918819751,653.843531540879,90.1370124268227,117.018271106881,295.649010894008,254.056159809425,10306.5793262672,2795.44427376157,418.753089803581
"DE249","0","0","DE","Hof, Landkreis","Germany","DE","DE","DEU",785.230001864371,58.0979630946449,3096.45519519251,337.220949592891,523.441148602695,316.83642696753,563.138145907,87.5190646422214,113.619581541361,287.062153483819,246.677329040241,8876.78426482169,2714.25312989698,406.590786059199
"DE24A","0","0","DE","Kronach","Germany","DE","DE","DEU",500.39675373702,39.4825467018387,2104.30676640379,218.615169384503,344.574659433084,205.400196020762,371.384779439494,56.737267255284,73.6578320357849,186.097991193926,159.917128922603,5854.16312193352,1759.60867336741,263.586570383063
"DE24B","0","0","DE","Kulmbach","Germany","DE","DE","DEU",445.818018131644,38.9736805525149,2077.1856566815,278.945579294086,404.214468409083,262.08371920138,431.143407657025,72.3948385038759,93.9849082047506,237.454757166249,204.048860341914,6796.14237605478,2245.20129186499,336.327569475867
"DE24C","0","0","DE","Lichtenfels","Germany","DE","DE","DEU",291.750778691776,25.8689745380757,1378.74232306968,295.968400664584,381.603633484395,278.077535440989,400.467373639849,76.8127769674149,99.7203936278961,251.945576217926,216.501064493148,6312.59399978163,2382.21604803696,356.852161231901
"DE24D","0","0","DE","Wunsiedel i. Fichtelgebirge","Germany","DE","DE","DEU",372.936452506081,42.9012715135159,2286.51501674824,283.832838046937,419.947561414663,266.675550173887,449.124797462361,73.6632303853125,95.6315683397558,241.615077051237,207.623893082132,7079.58422641381,2284.53828259038,342.220187892354
"DE251","0","0","DE","Ansbach, Kreisfreie Stadt","Germany","DE","DE","DEU",86.9339267747823,28.727348367211,1531.08546939668,298.948032061422,390.855912225241,280.87705239447,411.020607781119,77.5860816898666,100.724318422203,254.482012362824,218.680666666096,6478.94533550464,2406.19876279584,360.444733618846
"DE252","0","0","DE","Erlangen, Kreisfreie Stadt","Germany","DE","DE","DEU",132.428241015027,265.91699270841,14172.6148336828,908.724311808346,1709.90157968595,853.793230816384,1878.34846976579,235.841521361961,306.17574669893,773.559169991449,664.732384928729,29608.5325802497,7314.21879487903,1095.65829968545
"DE253","0","0","DE","F├╝rth, Kreisfreie Stadt","Germany","DE","DE","DEU",120.171764629358,53.1385640050991,2832.13341422334,599.138122402737,769.769266582365,562.921082427671,807.396573194907,155.49451517614,201.867122535114,510.021337223608,438.269899716833,12727.0461937258,4822.39471164369,722.387029749638
"DE254","0","0","DE","N├╝rnberg, Kreisfreie Stadt","Germany","DE","DE","DEU",421.305398869428,291.821564869036,15553.2544081777,4208.28591949199,5163.78564275348,3953.9010728701,5378.17697104796,1092.17783730698,1417.89436793983,3582.3385824143,3078.36370104279,84776.5633655177,33872.0154909477,5073.97385018268
"DE255","0","0","DE","Schwabach, Kreisfreie Stadt","Germany","DE","DE","DEU",22.0022234790035,18.2582908757882,973.114660587499,184.699188180845,242.639935803128,173.534387224963,255.335941239625,47.9350414298992,62.2305479462986,157.226728558575,135.107568113295,4024.87752235071,1486.62279201368,222.693721127369
"DE256","0","0","DE","Ansbach, Landkreis","Germany","DE","DE","DEU",2135.89602821187,95.0473844342615,5065.75362791085,598.818668334183,913.564290645737,562.620938899272,980.784009328128,155.411607156013,201.759489134418,509.749399276192,438.036218872042,15460.1639481735,4819.82346212175,722.001860675771
"DE257","0","0","DE","Erlangen-H├Âchstadt","Germany","DE","DE","DEU",321.16601701791,72.356233618128,3856.38021640153,593.793856773259,822.73063827823,557.899869988606,872.307872830439,154.107516148778,200.066483443148,505.471986412992,434.36056616934,13750.2473520948,4779.3793244641,715.943393416184
"DE258","0","0","DE","F├╝rth, Landkreis","Germany","DE","DE","DEU",288.87910780693,29.1357019510578,1552.84954697919,349.105758464935,445.494463841262,328.002816193218,466.795979796355,90.6035330217469,117.623920572999,297.179196427537,255.371073934349,7358.13625565088,2809.91260691973,420.920423014677
"DE259","0","0","DE","N├╝rnberger Land","Germany","DE","DE","DEU",396.281395815013,81.502590080587,4343.85484505808,607.561220315298,864.40269804412,570.835016155203,919.769615945758,157.680564564789,204.705110095681,517.191569763147,444.431400945696,14498.389983755,4890.19127025075,732.5428460044
"DE25A","0","0","DE","Neustadt a. d. Aisch-Bad Windsheim","Germany","DE","DE","DEU",1379.88675220197,37.5252877940174,1999.9904669909,364.099716427491,496.963166677563,342.090410907285,525.819517592033,94.4949198936238,122.675822690619,309.942928536035,266.339163272837,8288.52823027893,2930.59727191027,438.99879317968
"DE25B","0","0","DE","Roth","Germany","DE","DE","DEU",749.832067112663,48.2178627048087,2569.87411469415,461.092168720149,620.82295407892,433.219808604326,655.615508031854,119.667403134231,155.355411119115,392.508564687704,337.289200918779,10334.51111023,3711.27850636369,555.943595888676
"DE25C","0","0","DE","Wei├ƒenburg-Gunzenhausen","Germany","DE","DE","DEU",882.452611101419,45.2491654908332,2411.65104762736,323.795038251084,473.097051366878,304.222092705508,505.154927578023,84.0346334287309,109.096000102221,275.633234174639,236.856266755331,7962.79091553901,2606.18949409614,390.403025919691
"DE261","0","0","DE","Aschaffenburg, Kreisfreie Stadt","Germany","DE","DE","DEU",76.5897836281749,74.4814247062502,3969.64682051419,605.554104152791,838.395142527904,568.949227285309,888.824918567957,157.159657042932,204.028854071955,515.482995344514,442.963194256169,14010.6066489561,4874.03622017829,730.122845292075
"DE262","0","0","DE","Schweinfurt, Kreisfreie Stadt","Germany","DE","DE","DEU",98.0904658684751,139.995178568947,7461.34244458001,386.505522195555,806.495933074969,363.141817860062,894.410369750902,100.30990607922,130.224992688918,329.016058073466,282.729023773891,14098.6504895893,3110.93905822944,466.013704888234
"DE263","0","0","DE","W├╝rzburg, Kreisfreie Stadt","Germany","DE","DE","DEU",122.768615928578,45.3508925226806,2417.07280734968,1224.0323161337,1386.15155545305,1150.04131862147,1424.73055656051,317.673512067389,412.41221733143,1041.96774556065,895.38038122281,22458.1230698154,9852.09711665845,1475.82842103816
"DE264","0","0","DE","Aschaffenburg, Landkreis","Germany","DE","DE","DEU",507.24045237468,79.1049001380315,4216.06483171472,688.446871065795,941.287073806513,646.831245356473,996.181767454605,178.672844271038,231.957846920208,586.046156402586,503.599303500096,15702.8798395477,5541.23068811115,830.067511536769
"DE265","0","0","DE","Bad Kissingen","Germany","DE","DE","DEU",906.592839187785,24.9541110370006,1329.9827161936,458.627858631013,551.810326347655,430.904462524776,572.926590737352,119.027839921299,154.525113115822,390.410800115564,335.486556594786,9031.0801754764,3691.4435542928,552.972351731263
"DE266","0","0","DE","Rh├Ân-Grabfeld","Germany","DE","DE","DEU",822.992822907108,49.2949037951424,2627.27732303325,356.998626071632,518.281589220516,335.418571276206,552.943186803189,92.6519715636493,120.283258065871,303.898065984948,261.144711373062,8716.08044248083,2873.44140200557,430.436935106652
"DE267","0","0","DE","Ha├ƒberge","Germany","DE","DE","DEU",739.756035714977,52.4088824559903,2793.24347551941,255.762575045164,422.973932833488,240.302094300942,458.41557131351,66.3781457393492,86.1738773514951,217.720030922359,187.090478680999,7226.03531613189,2058.60392322874,308.375581522086
"DE268","0","0","DE","Kitzingen","Germany","DE","DE","DEU",1311.10840982504,47.4141748108771,2527.03984956812,362.198623593334,523.260183972864,340.304236407643,557.898781200105,94.0015286412585,122.03528902108,308.324607362322,264.948512712267,8794.19580846182,2915.29559156815,436.706625890712
"DE269","0","0","DE","Miltenberg","Germany","DE","DE","DEU",521.969681046165,72.649203922228,3871.9946953238,462.429103559101,691.349943662361,434.475927650231,740.356395389971,120.014378275408,155.805863492057,393.646641650006,338.267169563882,11670.2873863621,3722.03934306577,557.55555204898
"DE26A","0","0","DE","Main-Spessart","Germany","DE","DE","DEU",1079.90804660481,104.08466630614,5547.41489298844,398.266012941397,723.721726133367,374.19140381193,792.274345224214,103.362110134313,134.187445314939,339.027274172595,291.331829883325,12488.6735026287,3205.59791277144,480.193450193401
"DE26B","0","0","DE","Schweinfurt, Landkreis","Germany","DE","DE","DEU",855.873888033204,20.1551545271105,1074.21206564007,345.674244659441,421.680512866233,324.778732474412,438.781687252979,89.712951108238,116.467743404574,294.258091603225,252.86091950555,6916.54508828531,2782.29274196741,416.783011334787
"DE26C","0","0","DE","W├╝rzburg, Landkreis","Germany","DE","DE","DEU",1333.44276266693,38.8785325693089,2072.11454142691,617.739275964634,759.869326143201,580.397822941986,791.724314931918,160.322078715621,208.134394145733,525.855724752639,451.876654822812,12480.0033383372,4972.11328439556,744.814632950062
"DE271","0","0","DE","Augsburg, Kreisfreie Stadt","Germany","DE","DE","DEU",234.463728466172,186.193570235035,9923.58453129414,1777.13077888701,2365.67290940862,1669.70577277697,2494.20695052144,461.219339139101,598.767234613326,1512.79743748291,1299.97224199825,39316.3510099955,14303.9238358517,2142.70495706147
"DE272","0","0","DE","Kaufbeuren, Kreisfreie Stadt","Germany","DE","DE","DEU",39.353379839247,12.0374442401801,641.561334837593,228.79578884834,269.70337318631,214.965411643137,279.092134104436,59.3794467937411,77.087979909781,194.764328651953,167.364258231581,4399.34797963927,1841.551323364,275.861448546381
"DE273","0","0","DE","Kempten (Allg├ñu), Kreisfreie Stadt","Germany","DE","DE","DEU",71.6686427048097,28.0683018734713,1495.96017703334,494.155538715138,588.430315609025,464.284545315863,609.924368048477,128.248350490481,166.495425604316,420.654034901379,361.475076112119,9614.27861418245,3977.40181691774,595.808442993396
"DE274","0","0","DE","Memmingen, Kreisfreie Stadt","Germany","DE","DE","DEU",355.121951115213,39.7728360760564,2119.77835943437,294.485748716709,421.490260708518,276.684507676348,448.842743851173,76.4279838167382,99.2208449074133,250.683456348037,215.41650369454,7075.13819647281,2370.28235087215,355.064512446537
"DE275","0","0","DE","Aichach-Friedberg","Germany","DE","DE","DEU",1095.99270207275,39.4602910284032,2103.12060269063,464.932021929885,602.760902264122,436.827548196191,633.072506201893,120.663961508452,156.64916975243,395.777271844775,340.098055869303,9979.16426437971,3742.18504881145,560.573346610816
"DE276","0","0","DE","Augsburg, Landkreis","Germany","DE","DE","DEU",1239.35728412821,97.8231000507576,5213.69132801705,927.622699835127,1248.51604608234,871.549238398593,1318.4186622273,240.746226260475,312.543165277169,789.646580844451,678.556567225945,20782.3215677515,7466.32977408605,1118.44428155383
"DE277","0","0","DE","Dillingen a.d. Donau","Germany","DE","DE","DEU",1001.8859045013,54.5404790378297,2906.85147411893,356.779792559411,535.319516169391,335.21296593586,573.523830246372,92.5951776298054,120.20952666776,303.711782127589,260.984634526223,9040.49450180918,2871.6800359155,430.173085278053
"DE278","0","0","DE","G├╝nzburg","Germany","DE","DE","DEU",841.500949308847,96.475332350731,5141.85916602091,623.380460072096,929.161839066302,585.698005563,994.646867066521,161.786137093831,210.03507374011,530.657829900737,456.003184416934,15678.6851020538,5017.51853468765,751.616266962797
"DE279","0","0","DE","Neu-Ulm","Germany","DE","DE","DEU",498.554696787146,120.016793954496,6396.55170948671,684.51881117764,1057.03057083748,643.140631053357,1136.4827527997,177.653393588378,230.634368882143,582.702362572848,500.72592531084,17914.4536569179,5509.61418012516,825.331409110331
"DE27A","0","0","DE","Lindau (Bodensee)","Germany","DE","DE","DEU",478.445214231058,56.0856310317715,2989.2036541981,316.849083353562,493.459623323288,297.696010816867,531.095276313274,82.2319474555965,106.755705141857,269.720431979843,231.775296537368,8371.6903679215,2550.28229187906,382.028216273006
"DE27B","0","0","DE","Ostallg├ñu","Germany","DE","DE","DEU",1476.57903486658,95.6625822391991,5098.54191062684,504.009647652013,811.409088688532,473.542987504219,876.710690216995,130.805790643825,169.815562550797,429.042427542756,368.683362772702,13819.6492570838,4056.71642075995,607.689644037974
"DE27C","0","0","DE","Unterallg├ñu","Germany","DE","DE","DEU",1691.7485895494,111.615252132112,5948.77356998179,515.063428303537,871.728259267289,483.928582973124,947.194222454785,133.674581994273,173.539903916872,438.452050763956,376.769210019757,14930.6858907144,4145.68704600377,621.017301674473
"DE27D","0","0","DE","Donau-Ries","Germany","DE","DE","DEU",1586.4218310144,147.297344961709,7850.52701936787,566.654521915871,1027.91473627436,532.401068989229,1125.08215613572,147.064035592193,190.92244932092,482.369400652274,414.508126270125,17734.7452890654,4560.93790002438,683.221216736145
"DE27E","0","0","DE","Oberallg├ñu","Germany","DE","DE","DEU",1410.3775668614,67.8520533918498,3616.32029831074,589.218031631776,816.390607143922,553.600646912443,865.585795378675,152.91995073556,198.524754382692,501.576776994166,431.01334730462,13644.2867955521,4742.54902751154,710.426273725397
"DE300","0","0","DE","Berlin","Germany","DE","DE","DEU",208.66317631615,748.311361235606,39882.8543841521,23251.2039810313,25976.7714585603,21845.7020565796,26636.9121445092,6034.39266356971,7834.00933378221,19792.7818361944,17008.2698062941,419879.427998945,187146.300535528,28034.2170760247
"DE401","0","0","DE","Brandenburg an der Havel, Kreisfreie Stadt","Germany","DE","DE","DEU",38.482929098557,27.5111956567579,1466.2680097502,302.11775696978,390.022139618471,283.855171979409,409.378413718663,78.4087214442697,101.792291269453,257.180267199136,220.999322357951,6453.05932064427,2431.71151864275,364.266503718352
"DE402","0","0","DE","Cottbus, Kreisfreie Stadt","Germany","DE","DE","DEU",48.2401849462037,14.6142938532132,778.900045981526,546.190881006444,601.992080812359,513.174425815617,615.810413189541,141.753100095068,184.027651356118,464.949555192876,399.538960540444,9707.06073748556,4396.22837810839,658.547993281192
"DE403","0","0","DE","Frankfurt (Oder), Kreisfreie Stadt","Germany","DE","DE","DEU",108.146906294809,6.95050605949051,370.442085242574,346.52401190285,375.947104679217,325.577132507034,383.486132549531,89.9334914821279,116.754054793948,294.98146307569,253.482524759207,6044.91756052197,2789.13242201365,417.807584487441
"DE404","0","0","DE","Potsdam, Kreisfreie Stadt","Germany","DE","DE","DEU",107.002596152017,18.4130664464618,981.363755639599,1259.43840203743,1343.28387423012,1183.30715742593,1365.94237816894,326.862465258694,424.341561191163,1072.10747228353,921.279954523476,21531.4410812184,10137.0766815331,1518.51790493961
"DE405","0","0","DE","Barnim","Germany","DE","DE","DEU",656.922159817779,22.9501954375067,1223.17974861499,613.943214815487,702.158916285854,576.831228243471,722.926237566084,159.336885709376,206.855390335939,522.624295953372,449.099833791154,11395.534642601,4941.55921927062,740.237682768219
"DE406","0","0","DE","Dahme-Spreewald","Germany","DE","DE","DEU",1108.97056810373,29.4183627406766,1567.91455827858,831.782478016198,948.710756726264,781.502420496136,976.315270708037,215.872781776015,280.251796929372,708.061790519525,608.449386869983,15389.7229223706,6694.9227118733,1002.88873504199
"DE407","0","0","DE","Elbe-Elster","Germany","DE","DE","DEU",1166.64962737244,28.6185125550307,1525.28483202322,323.676659174563,427.265553364606,304.110869474336,449.935765970728,84.0039104678269,109.056114735806,275.532462995759,236.769672389098,7092.3675772606,2605.23667435184,390.260295042995
"DE408","0","0","DE","Havelland","Germany","DE","DE","DEU",1005.2946824142,30.9681501518774,1650.51379283418,465.479480933441,577.48219287255,437.341914088367,602.492778986832,120.806043724812,156.83362467129,396.243300899893,340.498522462257,9497.13397867073,3746.59148416397,561.233423592569
"DE409","0","0","DE","M├ñrkisch-Oderland","Germany","DE","DE","DEU",1463.96283527254,27.3089250860613,1455.48756709599,612.886246280718,722.39403767123,575.838151940301,747.529106274094,159.062570315772,206.499266783213,521.724542648835,448.326660667269,11783.351307844,4933.05179955911,738.963284875946
"DE40A","0","0","DE","Oberhavel","Germany","DE","DE","DEU",792.47052525548,64.3372468939349,3428.99116901174,703.739298741962,916.687107567768,661.199267718148,963.455995082238,182.64169308646,237.110312196803,599.063963350867,514.785723615015,15187.0213004654,5664.3177019336,848.50574972189
"DE40B","0","0","DE","Oberspreewald-Lausitz","Germany","DE","DE","DEU",527.71279689032,42.8184890962434,2282.10295077586,365.080964316506,504.448377499223,343.012343769108,534.644551061473,94.749583482978,123.006433747473,310.77822400763,267.056946698454,8427.6378232046,2938.49522474261,440.181893906355
"DE40C","0","0","DE","Oder-Spree","Germany","DE","DE","DEU",1012.66655191815,50.273650598804,2679.44172714565,613.399141328789,785.41532086284,576.320043218516,823.388652442462,159.195682137327,206.672076096534,522.161148847792,448.701843705835,12979.1304086885,4937.18003355886,739.581687739152
"DE40D","0","0","DE","Ostprignitz-Ruppin","Germany","DE","DE","DEU",1483.28144532308,31.30960372584,1668.71229131322,343.821626474623,459.107739610578,323.038102401098,484.266995051442,89.232140497657,115.843542259393,292.68103488015,251.505728180355,7633.53303783303,2767.38122857325,414.549290431794
"DE40E","0","0","DE","Potsdam-Mittelmark","Germany","DE","DE","DEU",1667.30480630108,30.3058932347833,1615.21739409215,835.054640858905,960.570886974852,784.57678578925,989.95306923507,216.722007281419,281.354284106911,710.847246504129,610.842975972909,15604.696452847,6721.25997902136,1006.83401561823
"DE40F","0","0","DE","Prignitz","Germany","DE","DE","DEU",1425.70392209983,25.2409084904207,1345.26819983721,244.561380541721,339.191706988599,229.777995935988,359.68049875957,63.4710960231309,82.3998679556347,208.184920426907,178.896798111908,5669.66776262294,1968.44678063051,294.870185479952
"DE40G","0","0","DE","Spree-Nei├ƒe","Germany","DE","DE","DEU",769.317628064461,109.206695966262,5820.40441802874,301.480369289818,636.440982082217,283.256313470303,706.527300705314,78.2433000087623,101.577536754455,256.637685606163,220.533072883694,11137.0371038647,2426.58125758576,363.49799880152
"DE40H","0","0","DE","Teltow-Fl├ñming","Germany","DE","DE","DEU",1130.35000767489,106.93190698967,5699.16467451034,687.566034456056,1028.50578778615,646.003654056143,1101.48784796679,178.444240454223,231.66106735439,585.296336872203,502.954970986135,17362.8266310673,5534.14093426343,829.00547772785
"DE40I","0","0","DE","Uckermark","Germany","DE","DE","DEU",1766.73268005984,50.8312024023134,2709.15764293005,407.976981377716,584.920017086865,383.31535813764,623.017629719342,105.882400986179,137.45935404845,347.293817265806,298.435409180985,9820.66857376847,3283.76039497912,491.902065256273
"DE501","0","0","DE","Bremen, Kreisfreie Stadt","Germany","DE","DE","DEU",112.95864008849,333.630974934594,17781.5763339315,3515.07398821008,4573.95512261625,3302.59280835161,4806.58099354268,912.268315381179,1184.33103313867,2992.23612865306,2571.27875310616,75766.4577354293,28292.4313742569,4238.1610562688
"DE502","0","0","DE","Bremerhaven, Kreisfreie Stadt","Germany","DE","DE","DEU",147.885884540112,26.139482953462,1393.15964759449,562.131709536606,653.115949020217,528.151654129859,674.227956312371,145.890228598697,189.398581807521,478.519318790627,411.199686273101,10627.9003775477,4524.534296775,677.768015080958
"DE600","0","0","DE","Hamburg","Germany","DE","DE","DEU",1121.49129398752,836.353565185841,44575.2519364345,16944.6519647938,19793.7452537378,15920.3720623375,20452.0069111053,4397.65113180855,5709.14786856546,14424.2766913496,12395.0231835772,322386.353068161,136385.579502045,20430.3420952418
"DE711","0","0","DE","Darmstadt, Kreisfreie Stadt","Germany","DE","DE","DEU",118.480395976628,193.357219554469,10305.3865424174,1430.80136939396,2031.18992739288,1344.31147924324,2160.66044412063,371.336352884786,482.078747051767,1217.981631336,1046.63206901977,34058.6351171461,11516.3577465363,1725.13200671187
"DE712","0","0","DE","Frankfurt am Main, Kreisfreie Stadt","Germany","DE","DE","DEU",95.2492559317399,377.740083588357,20132.4656142279,10489.8348579663,11837.0778867209,9855.73938953037,12159.0503263478,2722.43031202215,3534.33156640765,8929.55964821505,7673.32055721987,191663.923668783,84431.4895907573,12647.7023615546
"DE713","0","0","DE","Offenbach am Main, Kreisfreie Stadt","Germany","DE","DE","DEU",12.3376885465628,23.3939818155855,1246.83229274497,682.963956814366,767.229835519779,641.679765405747,787.484240590647,177.249861720939,230.110493060294,581.378779793029,499.588548401601,12413.1667628577,5497.09933391782,823.45670512609
"DE714","0","0","DE","Wiesbaden, Kreisfreie Stadt","Germany","DE","DE","DEU",190.046364939559,115.93863994732,6179.19776987023,2539.82218041021,2939.50158750339,2386.29357323598,3032.54772574753,659.160890969018,855.740231074182,2162.04487133646,1857.8814645327,47802.2526619643,20442.7403187215,3062.28986671872
"DE715","0","0","DE","Bergstra├ƒe","Germany","DE","DE","DEU",675.350479369242,89.3583519936941,4762.5444770579,971.241597274485,1262.3602600801,912.531436063458,1326.33710706577,252.066653147435,327.239645078731,826.777532069896,710.463817143278,20907.1405434413,7817.41332639904,1171.03603725084
"DE716","0","0","DE","Darmstadt-Dieburg","Germany","DE","DE","DEU",962.534828295622,82.0798883400201,4374.62319044198,1108.13706183018,1384.10182463438,1041.15176617714,1445.55823295956,287.595178365518,373.363723124612,943.310941115117,810.60293244762,22786.4311261523,8919.26937534137,1336.09231447453
"DE717","0","0","DE","Gro├ƒ-Gerau","Germany","DE","DE","DEU",447.375403528834,237.506983246262,12658.442619913,1231.56611806151,1960.2253915238,1157.11971303074,2115.17547966192,319.628762174825,414.950575115804,1048.38095745608,900.891361899762,33341.6525796859,9912.73583286887,1484.91200392807
"DE718","0","0","DE","Hochtaunuskreis","Germany","DE","DE","DEU",238.791305184153,67.7661821548902,3611.74360708719,1611.50899391987,1849.3750447931,1514.09558710991,1905.18253189107,418.235462478419,542.964420687272,1371.8105079523,1178.81980589992,30031.5196965841,12970.8528959564,1943.01305826452
"DE719","0","0","DE","Main-Kinzig-Kreis","Germany","DE","DE","DEU",943.426848082995,166.897852026016,8895.17796227287,1954.47341229436,2498.04744547174,1836.32829841077,2618.11346242262,507.245131474177,658.519144515459,1663.76183726847,1429.69848583541,41269.4976457678,15731.3345538726,2356.52880402576
"DE71A","0","0","DE","Main-Taunus-Kreis","Germany","DE","DE","DEU",195.280040220072,51.2144973707994,2729.58616801493,2018.58669433983,2216.80219364394,1896.56602453358,2266.22608948986,523.884472780037,680.120780730658,1718.33880478222,1476.59739051519,35722.6734468707,16247.3750806251,2433.83085117074
"DE71B","0","0","DE","Odenwaldkreis","Germany","DE","DE","DEU",475.582287202317,38.4262542026048,2048.00939860163,282.876386419874,406.946584079075,265.776914675553,433.646354492755,73.4150021780284,95.3093118673668,240.800889604996,206.924248137163,6835.59649445998,2276.83991205472,341.066984275127
"DE71C","0","0","DE","Offenbach, Landkreis","Germany","DE","DE","DEU",169.495201997854,92.4569413708569,4927.69042475754,2011.38918103066,2329.98882114991,1889.80359057839,2404.10240946404,522.016499769082,677.695728398313,1712.21186138576,1471.33240516662,37896.0271018023,16189.4431133186,2425.15273494582
"DE71D","0","0","DE","Rheingau-Taunus-Kreis","Germany","DE","DE","DEU",493.517864507769,42.0513861515479,2241.21855876232,622.839879394389,765.486064043201,585.190102211744,797.469075762569,161.645840011655,209.85293633001,530.197656078021,455.607749323508,12570.5583876041,5013.16746219883,750.964483249649
"DE71E","0","0","DE","Wetteraukreis","Germany","DE","DE","DEU",846.064204013597,84.1999528609974,4487.61656319464,1196.67871733758,1479.64342447368,1124.34120563107,1542.91977481168,310.574423519879,403.195991433787,1018.68276583022,875.37120712253,24321.1476233266,9631.93110610675,1442.84790411152
"DE721","0","0","DE","Gie├ƒen, Landkreis","Germany","DE","DE","DEU",484.474510487717,88.8975207611761,4737.98349095736,1309.6905750329,1605.16914723367,1230.52165865563,1671.50343256605,339.904428345837,441.272985155723,1114.88505479948,958.03944953099,26348.0204220584,10541.5507155506,1579.10746956801
"DE722","0","0","DE","Lahn-Dill-Kreis","Germany","DE","DE","DEU",477.685485829414,137.941310007963,7351.87712708621,963.416543603654,1394.58905235353,905.179395661199,1487.29203889238,250.035814378749,324.60315608037,820.116389692512,704.739785639757,23444.2839008367,7754.43035798233,1161.60128912259
"DE723","0","0","DE","Limburg-Weilburg","Germany","DE","DE","DEU",513.353809067722,47.1178360370619,2511.24584084837,714.477868463471,874.269884654107,671.288706305555,910.169664642541,185.428677639929,240.728449799415,608.205260631816,522.640993875692,14347.0653091776,5750.75123019575,861.453354280536
"DE724","0","0","DE","Marburg-Biedenkopf","Germany","DE","DE","DEU",706.05039080047,181.550189741883,9676.10563727757,958.133010196637,1519.35759160405,900.215244268873,1638.74384122752,248.66457720518,322.82297944695,815.618737694162,700.874877749808,25831.6287923501,7711.90379756482,1155.23087825778
"DE725","0","0","DE","Vogelsbergkreis","Germany","DE","DE","DEU",1158.83137204569,34.8692321843031,1858.43030285878,344.216649875244,466.503724849696,323.409247203854,493.10232871362,89.334661051543,115.976637173965,293.017301853468,251.794688037361,7772.80499338589,2770.56072706768,415.025574230783
"DE731","0","0","DE","Kassel, Kreisfreie Stadt","Germany","DE","DE","DEU",331.939703776628,91.1505895181499,4858.06560891891,1395.03425604064,1697.44741544542,1310.70643658059,1765.5744061776,362.053702120016,470.027762505721,1187.53457697743,1020.46840392088,27830.8674719356,11228.4723127166,1682.00722828113
"DE732","0","0","DE","Fulda","Germany","DE","DE","DEU",1060.62820698974,84.0354496192244,4478.84901110707,1066.11980679239,1347.89252298121,1001.67439392838,1410.36007098994,276.690426261057,359.206883400762,907.543401378368,779.867284917897,22231.6001444588,8581.07726084287,1285.43167558335
"DE733","0","0","DE","Hersfeld-Rotenburg","Germany","DE","DE","DEU",839.542169545312,49.8492328656789,2656.82147637152,566.241616897759,734.103679251975,532.013123487108,771.020240845738,146.956874216202,190.783329567444,482.017911802526,414.206085999084,12153.6436335264,4557.61447442132,682.723372886038
"DE734","0","0","DE","Kassel, Landkreis","Germany","DE","DE","DEU",912.053488942808,141.77955776329,7556.44474993137,691.256388180562,1132.05632506618,649.470931192188,1225.56053631084,179.401999177569,232.904455247178,588.437781342224,505.654466972592,19318.5927172249,5563.8441723311,833.454975374703
"DE735","0","0","DE","Schwalm-Eder-Kreis","Germany","DE","DE","DEU",1485.79454010956,71.261810860415,3798.05061492589,700.128663139527,940.622615843363,657.806889858058,993.032483524462,181.704623633715,235.893783666348,595.990379598933,512.144541483177,15653.2374662869,5635.25610597801,844.152369039166
"DE736","0","0","DE","Waldeck-Frankenberg","Germany","DE","DE","DEU",1533.92350110824,88.8970221146743,4737.95691452561,654.993342550747,946.62911815198,615.399934647692,1009.34592878549,169.990638944965,220.686376640706,557.568560485857,479.128027112831,15910.3873952176,5271.96703593388,789.732246269863
"DE737","0","0","DE","Werra-Mei├ƒner-Kreis","Germany","DE","DE","DEU",731.242580622597,22.3499516944294,1191.18847460758,325.674265883342,406.333484331815,305.987723723338,424.30373633815,84.5223499980117,109.729166746986,277.23294241238,238.230922907458,6688.32817951842,2621.31518391109,392.668830108626
"DE801","0","0","DE","Greifswald, Kreisfreie Stadt","Germany","DE","DE","DEU",13.5734850828914,14.6523075592468,780.926067743161,285.536699822334,335.127795135272,268.276415949323,346.544834628594,74.1054341957294,96.2056491083398,243.065503636758,208.870269003664,5462.60941022164,2298.25247253725,344.274551654247
"DE802","0","0","DE","Neubrandenburg, Kreisfreie Stadt","Germany","DE","DE","DEU",20.3724477751244,20.0325838838268,1067.67940106876,351.254256262376,418.180360974291,330.02144038104,433.441037317479,91.1611333661054,118.347812196525,299.008123145266,256.94270137553,6832.36006609149,2827.20562171706,423.510889026241
"DE803","0","0","DE","Rostock, Kreisfreie Stadt","Germany","DE","DE","DEU",53.4216055332933,58.0538150759824,3094.10223212008,1122.47424965319,1318.75288290519,1054.62229156439,1363.90774676311,291.316113465736,378.194340210816,955.515592149823,821.090594030913,21499.3690502624,9034.66777205867,1353.37881009074
"DE804","0","0","DE","Schwerin, Kreisfreie Stadt","Germany","DE","DE","DEU",31.6915994618833,23.7922658058316,1268.05968980105,571.638079959077,654.732619715589,537.083378098141,674.265552015872,148.357420060323,192.601555497864,486.611696113518,418.15360199961,10628.4930011369,4601.0499928025,689.229944202825
"DE805","0","0","DE","Stralsund, Kreisfreie Stadt","Germany","DE","DE","DEU",2.53512656047418,11.190259609467,596.40881809987,275.305375500157,314.40361588631,258.663560504553,323.62175568654,71.4500952086079,92.7584172874725,234.35600324403,201.386049060075,5101.2713834283,2215.90170489371,331.9385381189
"DE806","0","0","DE","Wismar, Kreisfreie Stadt","Germany","DE","DE","DEU",6.60898530782781,25.5106770257878,1359.64609087405,165.671052869533,244.190306252394,155.656475395437,261.029887786094,42.996663175695,55.8194137205227,141.028869244553,121.188475598796,4114.63158265687,1333.46749164702,199.751301616341
"DE807","0","0","DE","Bad Doberan","Germany","DE","DE","DEU",1394.06283447723,22.8995550771715,1220.48076230818,425.431863296981,516.999747878136,399.715117485676,537.64104879931,110.412472266919,143.340413282507,362.152431472897,311.203665885543,8474.8718174956,3424.25275744515,512.947596883806
"DE808","0","0","DE","Demmin","Germany","DE","DE","DEU",1550.08381473435,20.9358993876538,1115.8235327342,233.657637399973,316.744430603886,219.533368424637,334.815661816215,60.6412439572469,78.7260786062614,198.903017890652,170.920703394204,5277.72167456202,1880.68379026526,281.723429620498
"DE809","0","0","DE","G├╝strow","Germany","DE","DE","DEU",1994.1083848707,23.3776810756356,1245.96350994752,335.863716759208,433.141129917237,315.561236911554,454.56793431562,87.166821555755,113.162290181487,285.906797683752,245.684512399688,7165.38475674809,2703.32891694024,404.95435639675
"DE80A","0","0","DE","Ludwigslust","Germany","DE","DE","DEU",2134.17805817225,48.3419798970483,2576.48920589962,360.525374015631,532.983652882385,338.732132366466,569.955328471726,93.5672696246395,121.471522395482,306.900239666094,263.724529631904,8984.24396962199,2901.82779572432,434.689171572133
"DE80B","0","0","DE","Mecklenburg-Strelitz","Germany","DE","DE","DEU",1093.33550310471,5.30343288982205,282.657798127831,212.920052437775,244.899800594911,200.049340723243,252.386652718509,55.2592116694509,71.7389808935367,181.249975265368,155.751147423866,3978.38769010096,1713.76932377644,256.719908988316
"DE80C","0","0","DE","M├╝ritz","Germany","DE","DE","DEU",1186.41546777694,15.0076089823617,799.862616958684,213.538712657577,274.947207235604,200.630603820288,288.479901437217,55.4197727610253,71.9474255805438,181.776614951263,156.203697749663,4547.32798409665,1718.7488496332,257.465834012775
"DE80D","0","0","DE","Nordvorpommern","Germany","DE","DE","DEU",1655.74041648098,9.81567938736498,523.147625396729,338.336798084275,392.356639350263,317.884824018407,404.911220127484,87.8086611704509,113.995543470203,288.012028843832,247.493572888082,6382.64264923548,2723.23446769312,407.936176124029
"DE80E","0","0","DE","Nordwestmecklenburg","Germany","DE","DE","DEU",1857.85260355097,26.1407818612868,1393.22887566495,300.945124985788,404.076451284079,282.753423916589,426.554500121639,78.1043878774125,101.397197324418,256.182054416166,220.141541350847,6723.80711960146,2422.27313696269,362.852649209296
"DE80F","0","0","DE","Ostvorpommern","Germany","DE","DE","DEU",1486.42668916873,13.8874247116016,740.160000549952,312.465140535857,376.029188197884,293.577071053284,390.431895853624,81.0941813253673,105.278626837409,265.988563993825,228.568439708805,6154.4040921183,2514.99643396126,376.742451084214
"DE80G","0","0","DE","Parchim","Germany","DE","DE","DEU",1769.68461233561,13.7646488399481,733.616397893756,280.181027270502,345.64780998061,263.244486119997,360.301772051648,72.7154747260341,94.4011666912592,238.506442588093,204.952591285554,5679.46093508579,2255.14527233495,337.817161876555
"DE80H","0","0","DE","R├╝gen","Germany","DE","DE","DEU",1570.06974426374,6.87096968665227,366.203024150526,241.039203352433,283.302425285338,226.468729304873,293.022458105274,62.5569842116234,81.2131436467075,205.186637638934,176.320323362908,4618.93260872766,1940.09717639739,290.623460020691
"DE80I","0","0","DE","Uecker-Randow","Germany","DE","DE","DEU",1046.84135406662,7.57773212639792,403.871439904659,261.602405206467,300.864499668734,245.788915106822,310.057088527959,67.8937587936501,88.1414865999743,222.691235185046,191.362317983919,4887.45062760488,2105.6080530508,315.416725136097
"DE911","0","0","DE","Braunschweig, Kreisfreie Stadt","Germany","DE","DE","DEU",122.08529070145,161.624254389113,8614.11029775693,2466.12907136185,2997.24340566414,2317.05510690938,3116.96123864641,640.035293990907,830.910871502468,2099.31299597143,1803.97491059331,49132.8685125958,19849.5928522672,2973.43732309326
"DE912","0","0","DE","Salzgitter, Kreisfreie Stadt","Germany","DE","DE","DEU",173.122993199764,167.887876331326,8947.94342495438,315.733605119031,816.614909582929,296.647961641347,920.834484205158,81.9424470202505,106.379867963357,268.770871804073,230.95932353264,14515.1755733618,2541.30393423828,380.683272630692
"DE913","0","0","DE","Wolfsburg, Kreisfreie Stadt","Germany","DE","DE","DEU",121.148877773448,874.84484338234,46626.7269278553,751.6398588668,3332.9914499302,706.204307701633,3866.31708410287,195.073341307086,253.249409140665,639.839715744415,549.82501238219,60945.0148323705,6049.86387099462,906.259950394611
"DE914","0","0","DE","Gifhorn","Germany","DE","DE","DEU",1726.81895110316,24.6501831743761,1313.78423075523,471.66477965431,572.941468037241,443.153320374996,595.776194971197,122.411316348701,158.917632361862,401.508588163027,345.023072225912,9391.26001552913,3796.37625119204,568.69110222127
"DE915","0","0","DE","G├Âttingen","Germany","DE","DE","DEU",1303.02552038886,87.6623350567828,4672.15162719364,1219.15321441133,1517.61407767929,1145.45715159864,1584.16964335561,316.40723718277,410.768305538098,1037.81436941607,891.811315355328,24971.3720605771,9812.82578094507,1469.94563763766
"DE916","0","0","DE","Goslar","Germany","DE","DE","DEU",644.055862001805,43.5918987271185,2323.32347111724,475.227371556105,620.608838253966,446.500558707225,652.515836696741,123.335917003919,160.117973567156,404.541274313007,347.629110361609,10285.6507836234,3825.0511488568,572.986556117322
"DE917","0","0","DE","Helmstedt","Germany","DE","DE","DEU",714.480211756434,16.5202655526145,880.482883935531,236.30351441206,297.665309153946,222.019305967121,311.286759871192,61.327929293777,79.6175518059134,201.155342824379,172.856164032396,4906.83401924661,1901.98015388101,284.913590894461
"DE918","0","0","DE","Northeim","Germany","DE","DE","DEU",2209.68854173018,51.1007769007566,2723.52519235405,397.285450996665,579.465201043144,373.270115430042,618.591980238879,103.107624568305,133.857065372737,338.192562616807,290.614548226366,9750.90676495606,3197.70548102674,479.011176516842
"DE919","0","0","DE","Osterode am Harz","Germany","DE","DE","DEU",335.401047030565,32.5286313885142,1733.68297768688,261.750841037174,366.576474901028,245.928378204509,389.233125088609,67.9322823939144,88.1914989642448,222.817592427288,191.470898884059,6135.50778835811,2106.80279619642,315.595695752126
"DE91A","0","0","DE","Peine","Germany","DE","DE","DEU",687.237918497413,35.4942761963262,1891.74336023912,347.678872256683,466.881621914251,326.662183209242,492.861819213149,90.2332127719288,117.143160958021,295.964547609864,254.327305808077,7769.01382604119,2798.42776186063,419.200011558239
"DE91B","0","0","DE","Wolfenb├╝ttel","Germany","DE","DE","DEU",832.311767080232,27.7056790908863,1476.63342030693,298.690178468065,395.493223562491,280.634785680914,416.662023344616,77.5191608614528,100.637440019745,254.262512335077,218.492046606253,6567.87134641217,2404.12332850368,360.133836874922
"DE922","0","0","DE","Diepholz","Germany","DE","DE","DEU",4676.6031820384,77.5884768780181,4135.24381095139,787.110989258342,1081.91914227047,739.531259147928,1145.85815990119,204.279175515838,265.200668387018,670.034812131499,575.77216576512,18062.2388262226,6335.36697156551,949.027859107628
"DE923","0","0","DE","Hameln-Pyrmont","Germany","DE","DE","DEU",856.14319395995,82.6030012197216,4402.50361012873,574.903858861586,839.093288801567,540.151745351083,895.828019611634,149.204988739615,193.7018917396,489.39171771564,420.54252124641,14120.9969991771,4627.33587634083,693.167527596352
"DE925","0","0","DE","Hildesheim","Germany","DE","DE","DEU",1159.75075987092,91.2291493327878,4862.25262225315,1001.95197983173,1304.38291443765,941.385420052261,1370.81539935406,260.036928895307,337.586869411446,852.920002049405,732.928480599596,21608.2548401382,8064.5977082619,1208.06386307009
"DE926","0","0","DE","Holzminden","Germany","DE","DE","DEU",559.391651731426,47.4646810440152,2529.73168727912,196.812244688721,346.282502034003,184.915226844341,377.826348308982,51.0787469938848,66.3117902690939,167.538069211106,143.968276291371,5955.7020029293,1584.11940833842,237.298558617633
"DE927","0","0","DE","Nienburg (Weser)","Germany","DE","DE","DEU",2210.01886906798,44.998461126967,2398.28922238253,447.199283030861,612.645736157709,420.166727924207,648.551979190772,116.061777913806,150.674492391128,380.682129559975,327.126546615622,10223.1682325962,3599.45624706759,539.192799949522
"DE928","0","0","DE","Schaumburg","Germany","DE","DE","DEU",754.170041784413,48.8966064305835,2606.04921316457,504.373065957662,667.126903119283,473.884437694651,702.727216263905,130.900108716954,169.938008786305,429.351790414668,368.949203483577,11077.1361186098,4059.64153343388,608.127821247131
"DE929","0","0","DE","Region Hannover","Germany","DE","DE","DEU",2273.34675657963,499.735495398548,26634.471993934,7334.14960677657,8989.76369092735,6890.81078462566,9361.42699322753,1903.43427449008,2471.08908948182,6243.25618748026,5364.93488309456,147564.79992297,59031.7373501211,8842.86002187899
"DE931","0","0","DE","Celle","Germany","DE","DE","DEU",1468.9058008715,72.3891211556694,3858.13302805022,638.205495944704,880.408534132197,599.626889285122,932.901846679154,165.633683559804,215.030061074719,543.277765667491,466.847707144231,14705.3942152805,5136.84356495829,769.49096601716
"DE932","0","0","DE","Cuxhaven","Germany","DE","DE","DEU",4308.38676445487,41.4484224738219,2209.08232002077,607.58155123469,788.514948438974,570.854118099685,828.29429090459,157.685841055027,204.711960175893,517.208876628304,444.446273025556,13056.4583159276,4890.35491151224,732.56735920415
"DE933","0","0","DE","Harburg","Germany","DE","DE","DEU",1614.53939341406,30.3205482876501,1615.99846647693,927.536040466003,1054.64901908707,871.467817464011,1084.75861825884,240.723735525728,312.513967206087,789.572811331761,678.4931758449,17099.1226640861,7465.63226266464,1118.33979545635
"DE934","0","0","DE","L├╝chow-Dannenberg","Germany","DE","DE","DEU",1246.63702442668,14.5881617000833,777.507276992553,141.116373640146,200.279468538035,132.586091299297,213.03819975432,36.6239791495686,47.5462255265701,120.126493202371,103.226712858202,3358.13539382821,1135.82966685457,170.145470954394
"DE935","0","0","DE","L├╝neburg, Landkreis","Germany","DE","DE","DEU",1411.32068628131,41.1309263051176,2192.16068269183,737.171744776931,889.453355845189,692.610770352525,923.90892006806,191.318426869501,248.37467917336,627.523612630117,539.241578155322,14563.6381115318,5933.41166362274,888.815595624554
"DE936","0","0","DE","Osterholz","Germany","DE","DE","DEU",912.927769659227,17.8265905740482,950.106269744064,325.384620810491,394.710003589553,305.715587279616,410.351610262679,84.4471783164043,109.631576867079,276.986379621844,238.019047361093,6468.39988286918,2618.98386361057,392.319602049127
"DE937","0","0","DE","Rotenburg (W├╝mme)","Germany","DE","DE","DEU",3478.81662121847,43.9786684403035,2343.93719015217,690.197017859219,871.644396328624,648.475598286996,911.886191762601,179.127060447501,232.547522462445,587.535983496779,504.879536940371,14374.1230409975,5555.3174209122,832.177681623521
"DE938","0","0","DE","Soltau-Fallingbostel","Germany","DE","DE","DEU",1750.16245413681,40.181669506526,2141.56801146887,648.751811405247,799.821262739259,609.53569510583,833.645927712347,168.370772301303,218.583422604828,552.25540490099,474.562343296471,13140.8165249237,5221.72966050547,782.206767625296
"DE939","0","0","DE","Stade","Germany","DE","DE","DEU",2937.97249703305,80.9590474784912,4314.885579624,758.781428486801,1044.40333164865,712.914179683409,1106.33357364115,196.926795233879,255.65561241111,645.919036607627,555.049074888222,17439.2101290251,6107.34555389976,914.870614735004
"DE93A","0","0","DE","Uelzen","Germany","DE","DE","DEU",1998.30466119887,18.2129894672705,970.700225136024,348.195233843892,430.668584911276,327.147331479277,449.108660493735,90.3672242655336,117.317138249567,296.404104729253,254.705024622123,7079.32985829789,2802.58389764025,419.822594063531
"DE93B","0","0","DE","Verden","Germany","DE","DE","DEU",1304.92528517526,64.5008815491962,3437.71242792356,496.934769468224,711.065020969448,466.895775557013,757.183305259073,128.969645167542,167.431829571963,423.019878322354,363.508085092686,11935.5310922578,3999.7715296517,599.159390251866
"DE941","0","0","DE","Delmenhorst, Kreisfreie Stadt","Germany","DE","DE","DEU",91.4195249562183,17.1856972428135,915.948488999957,254.221222604193,311.343081351635,238.853914403803,324.171270969199,65.9781180302743,85.6545507213963,216.407941766817,185.962978436109,5109.93342958846,2046.19775246079,306.517156945188
"DE942","0","0","DE","Emden, Kreisfreie Stadt","Germany","DE","DE","DEU",123.564222111981,94.8437020981245,5054.89794219821,285.371107764791,571.047683732006,268.1208336941,630.943971372248,74.0624580342369,96.1498563104507,242.924542012946,208.749138313194,9945.61202747257,2296.91964087002,344.074895598113
"DE943","0","0","DE","Oldenburg (Oldenburg), Kreisfreie Stadt","Germany","DE","DE","DEU",64.6116609489923,35.1537984270127,1873.59686935577,1211.13005692037,1342.46577976359,1137.91898246799,1374.66767143868,314.32498446409,408.065069580003,1030.98458950509,885.942370787302,21668.9784627042,9748.24829737601,1460.27203368494
"DE944","0","0","DE","Osnabr├╝ck, Kreisfreie Stadt","Germany","DE","DE","DEU",90.7546852790764,69.7192717774489,3715.83769552531,1163.74500771533,1395.53629690238,1093.39829150875,1448.16195001427,302.027126963074,392.099663313005,990.64767009318,851.280178570448,22827.4736922601,9366.85141716922,1403.13938985901
"DE945","0","0","DE","Wilhelmshaven, Kreisfreie Stadt","Germany","DE","DE","DEU",99.9492561006487,32.0012993141727,1705.57768699836,426.866135110421,531.425177780908,401.062689625602,554.740398766376,110.784709305295,143.823661323462,363.373367348751,312.252836586486,8744.41001488028,3435.79704840173,514.676913240793
"DE946","0","0","DE","Ammerland","Germany","DE","DE","DEU",2186.07464348596,39.3997134125885,2099.89198910057,494.553017589995,644.425832543624,464.657997162958,677.338614519741,128.351508314407,166.629347839833,420.992392117674,361.765832150016,10676.9338909567,3980.60107924544,596.28768738306
"DE947","0","0","DE","Aurich","Germany","DE","DE","DEU",1992.2710078069,37.4570372410564,1996.3529078058,685.511195304711,832.002535706602,644.073026983622,865.045893609239,177.91094736928,230.96873206267,583.54713786022,501.451854901346,13635.776287844,5517.60176727304,826.527936914389
"DE948","0","0","DE","Cloppenburg","Germany","DE","DE","DEU",5881.83825356548,86.5979523962902,4615.42307694505,608.931902564854,938.827746399047,572.122842629156,1009.20224109677,158.036298182608,205.166932956357,518.358374490951,445.434055842112,15908.1224365683,4901.22373602858,734.195491766644
"DE949","0","0","DE","Emsland","Germany","DE","DE","DEU",7495.64181827194,241.020436250099,12845.6996118505,1412.4112069531,2230.14064891882,1327.03297573939,2404.16249392169,366.563547940772,475.882564508749,1202.32685176326,1033.17965404673,37896.9742171275,11368.3374173585,1702.9587976879
"DE94A","0","0","DE","Friesland (D)","Germany","DE","DE","DEU",1158.47385699045,27.6489583429965,1473.61036674148,340.32798405177,441.370316214627,319.755645650724,463.589529796506,88.3254343235253,114.66643214622,289.707042550738,248.9501266303,7307.59276980915,2739.26129743488,410.336969635497
"DE94B","0","0","DE","Grafschaft Bentheim","Germany","DE","DE","DEU",2590.75904504766,55.7404160088732,2970.80468125355,519.128198101846,721.719139582905,487.747643268448,765.563713741918,134.729513045156,174.909443514289,441.912220048004,379.742591591159,12067.6320317768,4178.4039165324,625.918236653274
"DE94C","0","0","DE","Leer","Germany","DE","DE","DEU",1764.60712152879,26.9777714102983,1437.83802371952,620.888394095194,732.792891935559,583.356581399282,758.454692382902,161.139370386162,209.195423968022,528.536437897017,454.180236644215,11955.5720525396,4997.46017862797,748.611557244485
"DE94D","0","0","DE","Oldenburg, Landkreis","Germany","DE","DE","DEU",2332.07456621399,35.2878855691173,1880.74333036167,396.811476290803,533.951960840354,372.824791815185,563.827915480796,102.984613756043,133.697369458808,337.789087684641,290.26783544172,8887.65714875531,3193.89051244181,478.439700312705
"DE94E","0","0","DE","Osnabr├╝ck, Landkreis","Germany","DE","DE","DEU",4483.55485442031,159.786444975124,8516.16031458027,1228.34920374679,1771.99511136657,1154.09725657135,1888.93895627079,318.793875338172,413.86670278007,1045.64253224296,898.538187128545,29775.4711274744,9886.84325484876,1481.03333707333
"DE94F","0","0","DE","Vechta","Germany","DE","DE","DEU",4449.72950124758,95.3048314305136,5079.47481616891,683.592934797451,1025.53446846188,642.270722572088,1098.7050792283,177.413100585033,230.322414102931,581.914202561207,500.048646177495,17318.9616612904,5502.1619062796,824.215070384433
"DE94G","0","0","DE","Wesermarsch","Germany","DE","DE","DEU",1334.32497498336,56.1259666128418,2991.35342525553,276.937446942473,461.818796439941,260.196975569553,500.980431130529,71.8736672501233,93.3083097972513,235.745317708141,202.579910309441,7896.98804878597,2229.03806260183,333.906343533828
"DE94H","0","0","DE","Wittmund","Germany","DE","DE","DEU",1020.18023003886,10.8825222262217,580.00729611273,209.297346162485,256.763770733522,196.645621845155,267.415148935271,54.3190095109856,70.5183854010482,178.16611625222,153.101135587516,4215.28288129072,1684.61057234574,252.351974570511
"DEA11","0","0","DE","D├╝sseldorf, Kreisfreie Stadt","Germany","DE","DE","DEU",348.652601674703,272.756443816409,14537.1380077764,7688.9366359129,8667.32592427414,7224.15144682855,8901.45437611154,1995.51226956924,2590.62719598273,6545.27161307868,5624.46180996884,140314.220789696,61887.3778595339,9270.63041169106
"DEA12","0","0","DE","Duisburg, Kreisfreie Stadt","Germany","DE","DE","DEU",70.2276291298234,197.266744993365,10513.7530618474,2220.11277887166,2849.4742832673,2085.910146365,2988.30427785371,576.186604188327,748.020801241895,1889.88956958112,1624.01384350918,47104.8402331672,17869.4356505771,2676.81293523209
"DEA13","0","0","DE","Essen, Kreisfreie Stadt","Germany","DE","DE","DEU",173.052995283112,208.078025614089,11089.9633842332,3567.61389764016,4260.51853657774,3351.95675563046,4418.21840641046,925.904015462266,1202.03326228806,3036.96116594108,2609.71172870236,69644.6722951119,28715.3191390511,4301.50896837346
"DEA14","0","0","DE","Krefeld, Kreisfreie Stadt","Germany","DE","DE","DEU",308.932391386305,144.562883845133,7704.78806606443,1030.23989470146,1480.54989020644,967.963371049996,1577.47142801703,267.378500802589,347.117893667375,877.000326151088,753.62110747408,24865.7876441207,8292.28392279318,1242.17089454826
"DEA15","0","0","DE","M├Ânchengladbach, Kreisfreie Stadt","Germany","DE","DE","DEU",251.221795333613,75.8996885457546,4045.2362250314,1217.14015696978,1469.95646886415,1143.56578059151,1527.13026602134,315.884787718797,410.090047724035,1036.10073743397,890.338762616583,24072.2565400319,9796.6229101923,1467.51847346376
"DEA16","0","0","DE","M├╝lheim an der Ruhr,Kreisfreie Stadt","Germany","DE","DE","DEU",32.1694131402817,63.3527147786626,3376.51842434421,777.754850532929,981.457090360684,730.74068558614,1026.64716253025,201.850973736264,262.048312140742,662.070320797101,568.928144616074,16183.107900095,6260.06047340796,937.74706589642
"DEA17","0","0","DE","Oberhausen, Kreisfreie Stadt","Germany","DE","DE","DEU",15.2397531397761,49.364051258405,2630.96268497107,773.568752530244,936.015635003216,726.807631202336,972.715868355173,200.764554336348,260.637893529649,658.506869864423,565.866011389625,15332.9853023019,6226.36704593983,932.699844246972
"DEA18","0","0","DE","Remscheid, Kreisfreie Stadt","Germany","DE","DE","DEU",55.3507742590619,77.5390114542324,4132.60744540078,418.735354941225,656.041155021092,393.423403453208,706.580690037681,108.674525237317,141.084164143515,356.451972732875,306.305165964089,11137.8786834823,3370.35332211668,504.873547512006
"DEA19","0","0","DE","Solingen, Kreisfreie Stadt","Germany","DE","DE","DEU",34.1434603597304,61.1735500245776,3260.3751782725,635.040683631878,829.119737922641,596.653385336363,871.717156776821,164.812318772945,213.963743424305,540.583692719209,464.532645018986,13740.9358554259,5111.37035003497,765.675119084889
"DEA1A","0","0","DE","Wuppertal, Kreisfreie Stadt","Germany","DE","DE","DEU",69.7730185417391,175.180037435116,9336.5947464685,1557.62843871389,2107.14746631353,1463.47203416903,2226.71987190687,404.251824155461,524.810488841963,1325.94423473586,1139.406147106,35099.9342963583,12537.1744255501,1878.04871568452
"DEA1B","0","0","DE","Kleve","Germany","DE","DE","DEU",6739.13952702267,89.0783967337481,4747.62366274864,1230.67833063843,1591.12320981662,1156.28559108376,1670.4569329837,319.398354411123,414.651453618073,1047.62522098771,900.241944861628,26331.5243791367,9905.59013271386,1483.84158945162
"DEA1C","0","0","DE","Mettmann","Germany","DE","DE","DEU",297.267410911541,238.770500509788,12725.7844747124,2522.51251156475,3282.77363989403,2370.03024903976,3449.79016495303,654.668506885379,849.908098363523,2147.30987097285,1845.21943127966,54379.2731424182,20303.4167597968,3041.41941999589
"DEA1D","0","0","DE","Rhein-Kreis Neuss","Germany","DE","DE","DEU",1233.6399480013,287.524535092346,15324.2350163231,1993.3205832472,2894.23701842437,1872.82721360971,3087.85083392566,517.327150607014,671.607890374979,1696.83081641682,1458.11521493538,48673.9992556543,16044.0110215525,2403.3672397545
"DEA1E","0","0","DE","Viersen","Germany","DE","DE","DEU",2343.1636208126,78.8474429809964,4202.343101916,1165.24004119876,1447.66149611768,1094.80295236289,1510.69047172937,302.415133497771,392.603383734238,991.920329848754,852.37379646982,23813.1149628744,9378.8847719077,1404.94196718983
"DEA1F","0","0","DE","Wesel","Germany","DE","DE","DEU",2038.79329264281,154.188617642942,8217.81213503587,1699.15847904814,2211.26858219688,1596.44678660422,2323.77051960812,440.983162359043,572.496090752884,1446.42286517104,1242.93545740169,36629.7501482354,13676.3336486513,2048.69294884964
"DEA22","0","0","DE","Bonn, Kreisfreie Stadt","Germany","DE","DE","DEU",70.834553872025,55.1845226541962,2941.17715604654,4191.89514450322,4450.06959248743,3938.50109671518,4521.19492666469,1087.92393405005,1412.37183739239,3568.38579813081,3066.37383920291,71267.8980724506,33740.0880043297,5054.21132328497
"DEA23","0","0","DE","K├Âln, Kreisfreie Stadt","Germany","DE","DE","DEU",262.920748015836,426.45530090738,22728.8473067613,9379.70945509888,10846.0822752992,8812.71947467919,11187.7220656245,2434.31909884924,3160.29791314706,7984.55611516367,6861.26315209823,176352.811318406,75496.2162841945,11309.2126837304
"DEA24","0","0","DE","Leverkusen, Kreisfreie Stadt","Germany","DE","DE","DEU",44.3638729667231,176.058805746419,9383.43058301016,769.067657932258,1302.87828121898,722.578621315523,1415.81831479255,199.596383765814,259.121343370714,654.675275445713,562.573457962772,22317.6388066463,6190.13824664578,927.272827945252
"DEA26","0","0","DE","D├╝ren","Germany","DE","DE","DEU",1272.38783396005,86.199006900179,4594.16042351915,1012.06922241932,1301.18814590013,950.891089839647,1364.93072757202,262.662660212101,340.995663765839,861.53238941152,740.329249685188,21515.4943651854,8146.03024497846,1220.26232707836
"DEA27","0","0","DE","Rhein-Erft-Kreis","Germany","DE","DE","DEU",1212.20868407106,226.39134407698,12066.0108577609,2039.83958896381,2762.49922266152,1916.53421216697,2919.70911428485,529.400243554885,687.281501310548,1736.43050906658,1492.14389581549,46023.5700811865,16418.4372160652,2459.45568599085
"DEA28","0","0","DE","Euskirchen","Germany","DE","DE","DEU",1078.71014638731,56.0612548515442,2987.90447354041,690.456003967718,881.886954114223,648.718929056778,924.179986806991,179.194275197944,232.634782442313,587.756447587512,505.068985435727,14567.9109546704,5557.40197069015,832.489943852662
"DEA29","0","0","DE","Heinsberg","Germany","DE","DE","DEU",1381.92767337964,70.4318151095937,3753.81421630325,859.289870328729,1099.88812902361,807.347030405508,1153.00700867213,223.011784405732,289.519840351991,731.477688266958,628.571061020741,18174.9266076183,6916.32658897442,1036.05468240171
"DEA2A","0","0","DE","Oberbergischer Kreis","Germany","DE","DE","DEU",783.068682548722,178.202829719395,9497.70092599836,1022.45965194225,1576.16312916792,960.653432804031,1694.28282381938,265.359291824624,344.496502773187,870.377329436964,747.929855179569,26707.0934902025,8229.66163231551,1232.79017539952
"DEA2B","0","0","DE","Rheinisch-Bergischer Kreis","Germany","DE","DE","DEU",345.84818532502,79.5496273219671,4239.7675181049,1060.56599433474,1321.50038778885,996.456301466293,1379.66480994631,275.249043476035,357.335641865623,902.815672077852,775.804667738575,21747.7486912815,8536.37525503855,1278.73538647228
"DEA2C","0","0","DE","Rhein-Sieg-Kreis","Germany","DE","DE","DEU",1950.05511782531,146.219443311396,7793.07794564422,2313.72426634494,2815.58750099981,2173.86295371565,2928.64023973951,600.481624510518,779.561243930934,1969.57713115564,1692.49070334031,46164.3520091722,18622.9038831273,2789.68127369647
"DEA2D","0","0","DE","St├ñdteregion Aachen","Germany","DE","DE","DEU",665.817086140826,268.644418100196,14317.9788029865,2653.77914729532,3508.45912049911,2493.36200495567,3695.43156478611,688.736180295764,894.135659670301,2259.05169240739,1941.2410548864,58251.3349600653,21359.9670047115,3199.68896009852
"DEA31","0","0","DE","Bottrop, Kreisfreie Stadt","Germany","DE","DE","DEU",239.164149555867,25.5540688099456,1361.95874881122,379.242962901238,465.301039378371,356.318269856211,484.611364828703,98.4250516622134,127.778024465456,322.833743738168,277.416457247756,7638.96136166848,3052.48354317482,457.257162046388
"DEA32","0","0","DE","Gelsenkirchen, Kreisfreie Stadt","Germany","DE","DE","DEU",32.993483251446,98.8797936578383,5270.01007371974,1021.80099173755,1335.1651048663,960.034587663787,1403.92845897343,265.188349523731,344.27458092365,869.816639429405,747.448044840568,22130.2182140026,8224.3601511225,1231.99602197964
"DEA33","0","0","DE","M├╝nster, Kreisfreie Stadt","Germany","DE","DE","DEU",479.505753068361,80.3467683220031,4282.25285251915,2685.19491642213,2986.99273809406,2522.87873590786,3060.5669967174,696.889525253464,904.720549328837,2285.79462860331,1964.22170904593,48243.9223045997,21612.8289629722,3237.56727779895
"DEA34","0","0","DE","Borken","Germany","DE","DE","DEU",4585.25599494186,210.471271162107,11217.5165240646,1576.79775164037,2277.96415520814,1481.48258962942,2428.76004086345,409.22684228285,531.269189927324,1342.26227267545,1153.42851113157,38284.706995013,12691.4660485097,1901.16135450604
"DEA35","0","0","DE","Coesfeld","Germany","DE","DE","DEU",3054.77258932895,67.4147987880325,3593.0158790593,799.07381070848,1047.17463945571,750.770945203281,1101.57402624605,207.383890525572,269.231292133436,680.21826393473,584.522976907392,17364.1850650481,6431.65436297057,963.451556635226
"DEA36","0","0","DE","Recklinghausen","Germany","DE","DE","DEU",964.972244752004,188.220842450677,10031.6323396823,2057.14732383903,2665.76167899536,1932.79571929868,2799.62723561778,533.892125714589,693.112982410182,1751.16386312186,1504.80451436813,44130.7113949306,16557.7452086832,2480.32380090576
"DEA37","0","0","DE","Steinfurt","Germany","DE","DE","DEU",3902.99658228166,191.243012214411,10192.7053406483,1773.4434545307,2415.5463025377,1666.24134188816,2555.06306427539,460.262366628685,597.524867403113,1509.6585717879,1297.27496199646,40275.630002043,14274.2449808246,2138.25911195518
"DEA38","0","0","DE","Warendorf","Germany","DE","DE","DEU",3392.57823713201,136.919509696431,7297.41809419483,951.878935105008,1410.66526172353,894.339219044431,1508.98887988878,247.041455027028,320.715798989457,810.294903970249,696.300018029252,23786.2926568639,7661.56545733846,1147.69027524765
"DEA41","0","0","DE","Bielefeld, Kreisfreie Stadt","Germany","DE","DE","DEU",203.819757811047,134.573139885177,7172.36329700575,1829.26218591998,2267.44622463119,1718.68591104257,2365.32956560412,474.749020457882,616.331827380767,1557.17473368914,1338.10639784334,37284.8481703452,14723.5236112394,2205.56033360169
"DEA42","0","0","DE","G├╝tersloh","Germany","DE","DE","DEU",1919.68137966059,338.941907459442,18064.6338411473,1748.35013855942,2801.56575469645,1642.66488086845,3025.39578691877,453.749890030688,589.070196767781,1488.29767671463,1278.91918615267,47689.5161717806,14072.271730062,2108.0038414036
"DEA43","0","0","DE","Herford","Germany","DE","DE","DEU",492.846389612844,142.246562478499,7581.3347649949,925.07415073035,1368.14377508826,869.154745431049,1463.12418165774,240.084800467937,311.684484690533,787.477107105765,676.692302010948,23063.3243505483,7445.81679174409,1115.37146954415
"DEA44","0","0","DE","H├Âxter","Germany","DE","DE","DEU",1512.65756356708,42.1110353343255,2244.39768952806,496.111220802137,646.830606667225,466.122009226326,679.923962897389,128.755909309701,167.154351986621,422.318825633097,362.905658744233,10717.6869103793,3993.14287995705,598.166429109011
"DEA45","0","0","DE","Lippe","Germany","DE","DE","DEU",1055.09951196019,156.544287336885,8343.36258936222,1239.32705414275,1737.41590194863,1164.41151165972,1845.05206671565,321.642960484267,417.565461026613,1054.98751919912,906.568491347633,29083.6791516215,9975.20272608792,1494.26944481553
"DEA46","0","0","DE","Minden-L├╝bbecke","Germany","DE","DE","DEU",1810.63544170017,182.209534500788,9711.2468263208,1507.91626207076,2095.32988541548,1416.76488728684,2222.4691540331,391.350006500336,508.061005411228,1283.62632863076,1103.04165975754,35032.9299461641,12137.0467608528,1818.11023024213
"DEA47","0","0","DE","Paderborn","Germany","DE","DE","DEU",1879.18206113199,141.585209375205,7546.08653694232,1337.32193166879,1802.5536648979,1256.48273942286,1903.86599558907,347.075603477419,450.582795777453,1138.40647821388,978.251803659429,30010.7670467864,10763.9523674136,1612.42288199428
"DEA51","0","0","DE","Bochum, Kreisfreie Stadt","Germany","DE","DE","DEU",33.3690857973932,79.9802375612962,4262.71781174087,1790.00008480792,2065.54961394743,1681.79714761729,2129.86647289658,464.559314363513,603.103279438617,1523.75254177273,1309.38614708038,33573.2276887917,14407.5074178255,2158.22161228926
"DEA52","0","0","DE","Dortmund, Kreisfreie Stadt","Germany","DE","DE","DEU",125.878973106267,171.675093498773,9149.7912634812,3304.20414494114,3883.94784141709,3104.46974459419,4017.27224547809,857.541195175781,1113.2828275606,2812.73141108835,2417.02733493209,63324.5311392101,26595.1639512675,3983.91310567617
"DEA53","0","0","DE","Hagen, Kreisfreie Stadt","Germany","DE","DE","DEU",42.7263176246461,76.3657778084476,4070.07744909528,795.309173044607,1037.64659219433,747.233874485436,1090.84620383784,206.40685286686,267.962875813097,677.013584640095,581.769142174261,17195.0816827944,6401.35322191029,958.912494074522
"DEA54","0","0","DE","Hamm, Kreisfreie Stadt","Germany","DE","DE","DEU",314.836086493716,56.3655711283291,3004.12366034214,688.435722100415,872.622059338018,646.820770330055,913.41868877238,178.669950776364,231.954090508329,586.036665752568,503.591148025162,14398.2798938784,5541.14095135483,830.05406911392
"DEA55","0","0","DE","Herne, Kreisfreie Stadt","Germany","DE","DE","DEU",16.2313981369969,43.2462317438422,2304.90040997775,521.156963135098,659.925878745148,489.653772365908,690.67341571035,135.256039105602,175.592993674509,443.639223248905,381.226634442758,10887.1312541501,4194.73321590711,628.364339632922
"DEA56","0","0","DE","Ennepe-Ruhr-Kreis","Germany","DE","DE","DEU",293.467820822955,161.935978897631,8630.72432211265,1092.48445281328,1594.94784941789,1026.44533492006,1702.84794909202,283.532851567544,368.089902240478,929.986526788382,799.153039463626,26842.1061328357,8793.28330280804,1317.21980192232
"DEA57","0","0","DE","Hochsauerlandkreis","Germany","DE","DE","DEU",2235.37414485095,160.962092575003,8578.81896773184,1038.75111861954,1557.70017057705,975.960103692433,1668.75345277444,269.587421562612,349.985573451635,884.245576689807,759.847072929395,26304.6723066446,8360.78979761138,1252.43296523916
"DEA58","0","0","DE","M├ñrkischer Kreis","Germany","DE","DE","DEU",837.833153149787,326.97505357691,17426.8347703896,1338.58946087502,2335.92960805804,1257.67364830697,2546.5154493304,347.404565751766,451.00986336675,1139.48547305089,979.179002042122,40140.8933758761,10774.1545660593,1613.9511550655
"DEA59","0","0","DE","Olpe","Germany","DE","DE","DEU",514.307364095657,123.891695057171,6603.07285086806,465.822153375812,844.85659160646,437.663872473195,924.703408268043,120.894977617179,156.94908101988,396.535003682195,340.749187561569,14576.1616821751,3749.34961574019,561.646587299844
"DEA5A","0","0","DE","Siegen-Wittgenstein","Germany","DE","DE","DEU",434.098042271556,190.699951170229,10163.7617408732,1193.89729708627,1784.43210028073,1121.72791824373,1910.85570638218,309.852560601619,402.258849760277,1016.31505858058,873.336596522687,30120.946325592,9609.54377035023,1439.49431695241
"DEA5B","0","0","DE","Soest","Germany","DE","DE","DEU",2044.66861392371,183.304981052189,9769.63099307057,1167.23030665665,1752.54911995583,1096.67290912908,1877.78642258195,302.931667750681,393.273962263697,993.614559964154,853.829676858699,29599.6729928931,9394.90419257213,1407.34165083334
"DEA5C","0","0","DE","Unna","Germany","DE","DE","DEU",793.573644332068,152.050536984182,8103.85855368957,1473.44609059231,1960.94870428982,1384.37838822331,2067.42241276195,382.40395148954,496.446998441114,1254.28330688936,1077.82670842629,32588.9177917203,11859.6002649088,1776.54918804134
"DEB11","0","0","DE","Koblenz, Kreisfreie Stadt","Germany","DE","DE","DEU",137.259321027397,43.8192797428925,2335.44222864467,1154.572202731,1310.7712484051,1084.7799694264,1347.83446766278,299.646505849991,389.009077555687,982.839243139071,844.57026616413,21246.0048765889,9293.02055147499,1392.07964403524
"DEB12","0","0","DE","Ahrweiler","Germany","DE","DE","DEU",485.246773722143,32.7173145566929,1743.739250665,464.86842260007,576.473755411828,436.767793354623,601.400100207036,120.647455553339,156.627741281724,395.723132383396,340.051532920991,9479.91000997046,3741.67314502784,560.496664241191
"DEB13","0","0","DE","Altenkirchen (Westerwald)","Germany","DE","DE","DEU",418.426591158323,58.4956277535677,3117.64958366117,382.886756631074,567.430401949026,359.741801482469,606.980401293612,99.3707266547353,129.005724936933,325.935553623351,280.081894569889,9567.87266929007,3081.81202513256,461.650521826202
"DEB14","0","0","DE","Bad Kreuznach","Germany","DE","DE","DEU",916.398521097923,54.9352576940723,2927.89204690256,577.185119702674,761.010880316979,542.295107247026,801.252851565474,149.797045120626,194.47051510794,491.333660084557,422.211264934497,12630.2022986993,4645.69748580048,695.91806738252
"DEB15","0","0","DE","Birkenfeld","Germany","DE","DE","DEU",328.63146272659,29.5482832762702,1574.83895107951,297.355060940582,394.191267404273,279.380374092607,415.3611090016,77.1726573677233,100.187599952085,253.125982374362,217.515407325592,6547.36494659909,2393.37711913523,358.52407186585
"DEB16","0","0","DE","Cochem-Zell","Germany","DE","DE","DEU",519.228634119328,12.9460676154964,689.988360865823,280.386580099496,330.216767158265,263.437613575364,341.660654901339,72.768821919765,94.4704234395219,238.68142115279,205.102953304563,5385.61975845576,2256.79974371381,338.064999048053
"DEB17","0","0","DE","Mayen-Koblenz","Germany","DE","DE","DEU",648.112839100397,97.7233425918897,5208.37454089892,771.182872608376,1081.94860046685,724.565974298959,1149.09568214914,200.145346130682,259.834020939118,656.475869628074,564.120738780531,18113.2721059897,6207.16336937908,929.823164153265
"DEB18","0","0","DE","Neuwied","Germany","DE","DE","DEU",531.960471277592,99.9425677983222,5326.65289445438,663.881640605841,977.467390644976,623.750947836517,1044.73000923408,172.297421880551,223.681103708683,565.134798537145,485.629822527947,16468.1490223317,5343.50793766203,800.448959147019
"DEB19","0","0","DE","Rhein-Hunsr├╝ck-Kreis","Germany","DE","DE","DEU",795.893724748337,46.5157917108693,2479.15860091298,438.769647701601,593.492033100366,412.246651957437,627.159680559706,113.874031867238,147.834302184046,373.5063319898,320.96026326248,9885.95999824596,3531.60706953589,529.029101463844
"DEB1A","0","0","DE","Rhein-Lahn-Kreis","Germany","DE","DE","DEU",485.414356676968,38.3952443534504,2046.35666237128,418.644729473198,545.829670825334,393.338256164712,573.755584583013,108.65100517961,141.05362977794,356.374827045325,306.238873379293,9044.14766092076,3369.62388801556,504.764279448066
"DEB1B","0","0","DE","Westerwaldkreis","Germany","DE","DE","DEU",679.334924957686,87.2504472025782,4650.19918311379,828.735682425629,1110.46596784911,778.63979932808,1171.89927885541,215.082045908138,279.225242557645,705.468180293026,606.220654048607,18472.7267263078,6670.39940014594,999.215182092133
"DEB21","0","0","DE","Trier, Kreisfreie Stadt","Germany","DE","DE","DEU",110.451579396502,42.6543871033041,2273.35678410303,656.455111130387,797.578768298142,616.773341413748,829.394351489183,170.370012228173,221.178889144836,558.812903213891,480.197311714917,13073.7986445106,5283.7326452392,791.494715762195
"DEB22","0","0","DE","Bernkastel-Wittlich","Germany","DE","DE","DEU",872.700127930689,55.59266123782,2962.92977473235,392.175336848769,573.237874662756,368.468900351411,612.11315900565,101.781394952444,132.135318749897,333.84253521307,286.876496629586,9648.78067245858,3156.57475253314,472.849859046045
"DEB23","0","0","DE","Bitburg-Pr├╝m","Germany","DE","DE","DEU",1349.27994898687,49.072681068575,2615.43348756094,295.04483684664,459.835286293072,277.209799730893,494.949496611595,76.5730841441147,99.4092180184084,251.159384794235,215.825477000486,7801.92202452717,2374.78238774231,355.738610786215
"DEB24","0","0","DE","Daun","Germany","DE","DE","DEU",530.634135083301,28.1062286829331,1497.98156745634,228.802882141108,321.987885784293,214.972076156534,342.111803343335,59.3812877183605,77.0903698471709,194.770366876743,167.36944697954,5392.73124152633,1841.60841647201,275.870001002822
"DEB25","0","0","DE","Trier-Saarburg","Germany","DE","DE","DEU",765.978147430094,35.8512214980022,1910.76752347826,371.891841428685,493.527309247324,349.411513130748,520.111665785366,96.517212673782,125.301217058978,316.576040108013,272.039107434559,8198.55498042607,2993.31520120432,448.393838870441
"DEB31","0","0","DE","Frankenthal (Pfalz), Kreisfreie Stadt","Germany","DE","DE","DEU",295.863326747887,25.0047470559102,1332.68147111485,198.979194038003,279.910589015408,186.951187214167,297.38939648712,51.6411360755987,67.0418987590439,169.382702966649,145.55340105391,4687.76895056521,1601.56093758124,239.911271856056
"DEB32","0","0","DE","Kaiserslautern, Kreisfreie Stadt","Germany","DE","DE","DEU",102.861572064991,53.2222842286095,2836.59546258482,611.934341417784,782.919734367885,574.943788360728,820.675066665205,158.815522131687,206.178542248381,520.914225673584,447.630341683017,12936.3559745573,4925.39002541163,737.815563339247
"DEB33","0","0","DE","Landau in der Pfalz, Kreisfreie Stadt","Germany","DE","DE","DEU",266.717331143141,13.0169686257137,693.767181838846,282.12191362416,329.525175372204,265.068048677974,340.478192774829,73.2191936036841,95.055107959108,240.15863832807,206.372350829761,5366.98052885528,2270.76724619674,340.157308623482
"DEB34","0","0","DE","Ludwigshafen am Rhein, Kreisfreie Stadt","Germany","DE","DE","DEU",271.963187575391,400.877049404768,21365.5996896258,867.834803142708,2064.92747629537,815.375434289452,2314.49862944366,225.229453646664,292.398877647259,738.75163378522,634.821684553844,36483.5967233339,6985.10378286794,1046.35739625698
"DEB35","0","0","DE","Mainz, Kreisfreie Stadt","Germany","DE","DE","DEU",277.297937636708,69.9370420343286,3727.44422710328,1775.2183548123,2023.59159018899,1667.90895199401,2082.26396048049,460.723007086124,598.12288311808,1511.16947049592,1298.57330262834,32822.8661012267,14288.5309516411,2140.39912757859
"DEB36","0","0","DE","Neustadt an der Weinstra├ƒe, Kreisfreie Stadt","Germany","DE","DE","DEU",537.329069825243,6.88415593270705,366.905813334975,247.933113961871,279.454988817716,232.945912907982,286.999077061016,64.3461631134487,83.5359033672216,211.055136698257,181.36322315259,4523.98565039546,1995.5854800496,298.935519331054
"DEB37","0","0","DE","Pirmasens, Kreisfreie Stadt","Germany","DE","DE","DEU",56.2055662085374,16.3060669470782,869.066711154477,191.840038715619,244.587018108151,180.243583589181,256.247336627203,49.7883087322652,64.6365089359403,163.305437294474,140.331104608048,4039.24390881253,1544.09868708347,231.303518459266
"DEB38","0","0","DE","Speyer, Kreisfreie Stadt","Germany","DE","DE","DEU",29.0358743889962,38.0380276762211,2027.31803559164,318.488936944409,437.506087069324,299.236737610683,463.322068125034,82.6575392006953,107.30821968464,271.116371062973,232.974850433101,7303.37675358999,2563.481287217,384.005404704891
"DEB39","0","0","DE","Worms, Kreisfreie Stadt","Germany","DE","DE","DEU",539.551725233927,56.3772975567049,3004.74864542133,338.703421478313,517.31480877959,318.229285554234,555.455747152144,87.9038110612299,114.119069593547,288.324120074039,247.761758123055,8755.68609933807,2726.18537775954,408.3782177414
"DEB3A","0","0","DE","Zweibr├╝cken, Kreisfreie Stadt","Germany","DE","DE","DEU",69.8304843152,33.1099784282685,1764.66711147699,155.799342149824,257.095146507853,146.381495426767,278.56922765302,40.4346548258264,52.4933462196012,132.625492938335,113.967313223399,4391.10537026601,1254.01121305354,187.848877920182
"DEB3B","0","0","DE","Alzey-Worms","Germany","DE","DE","DEU",2829.29766327981,34.3887872520816,1832.82396268541,377.654931827014,516.989805800557,354.826232982233,547.233618297731,98.012909432003,127.242970441244,321.481919005701,276.254811554346,8626.0801321901,3039.70166138845,455.342456558682
"DEB3C","0","0","DE","Bad D├╝rkheim","Germany","DE","DE","DEU",1874.89851434214,22.094936056866,1177.59687081069,379.444001774302,472.696574556517,356.507156217809,493.485152543776,98.4772273474683,127.845760330202,323.004879760132,277.563517305267,7778.83947102948,3054.101682235,457.499556694546
"DEB3D","0","0","DE","Donnersbergkreis","Germany","DE","DE","DEU",640.545581663336,40.3689926660566,2151.55179987749,207.698601047827,337.489875824481,195.143518579117,365.039689042001,53.904086662316,69.9797215038674,176.805171103233,151.931652567033,5754.14503754568,1671.74245446455,250.424351053462
"DEB3E","0","0","DE","Germersheim","Germany","DE","DE","DEU",1070.2334028495,131.182396887786,6991.64639729735,370.561979468879,774.666416504836,348.162039418591,859.249803484768,96.1720731592709,124.853147745481,315.443983993234,271.06631260484,13544.4121314849,2982.61129330331,446.790410553664
"DEB3F","0","0","DE","Kaiserslautern, Landkreis","Germany","DE","DE","DEU",435.610214321149,16.7763442949132,894.131148172911,303.806826522248,364.507413406058,285.44213970057,378.284706885895,78.8470862241746,102.361388106341,258.618101781183,222.234877759443,5962.9271398389,2445.30664766701,366.303032344095
"DEB3G","0","0","DE","Kusel","Germany","DE","DE","DEU",410.33937013793,10.3295400233782,550.534926968661,166.77789956918,205.194383884592,156.696414799973,213.803675744754,43.2839234659361,56.1923426829616,141.971081754069,121.998134630525,3370.20164307161,1342.37637504368,201.085838127789
"DEB3H","0","0","DE","S├╝dliche Weinstra├ƒe","Germany","DE","DE","DEU",2174.68835157161,39.5564910561622,2108.24778890965,335.950968572572,482.539414287934,315.643214477972,514.092576488082,87.1894660477511,113.191687864327,285.981071519556,245.748337154053,8103.67567318854,2704.03119687806,405.059556810377
"DEB3I","0","0","DE","Rhein-Pfalz-Kreis","Germany","DE","DE","DEU",2174.33128164347,18.4647762170518,984.119738453052,417.450725791195,504.108001125114,392.216428292367,523.706433051498,108.341125008895,140.651335083996,355.358421425694,305.365458962139,8255.21953731256,3360.0134879651,503.324656861719
"DEB3J","0","0","DE","Mainz-Bingen","Germany","DE","DE","DEU",2371.93398294112,97.9613723172783,5221.06084417928,905.731801562193,1238.524946581,850.981613521553,1310.77660589401,235.064874187485,305.167482644349,771.011770618367,662.5433618697,20661.8593225576,7290.13241972447,1092.05019913671
"DEB3K","0","0","DE","S├╝dwestpfalz","Germany","DE","DE","DEU",509.827400604636,14.692536845887,783.070173611602,198.76893752452,251.751466772693,186.753640405289,263.490088821955,51.5865681330756,66.971057202174,169.203720351193,145.399598286846,4153.41189615926,1599.86860678005,239.657763403529
"DEC01","0","0","DE","Stadtverband Saarbr├╝cken","Germany","DE","DE","DEU",152.268517159186,152.343034072907,8119.44781158639,1831.5026008004,2321.2495779724,1720.79089605757,2429.73100569904,475.330476073203,617.086688552646,1559.08190559244,1339.74526268643,38300.0123786687,14741.5564561999,2208.26162499069
"DEC02","0","0","DE","Merzig-Wadern","Germany","DE","DE","DEU",167.151695255325,26.7195263501749,1424.07430094065,356.039026520976,444.218636102483,334.516978141745,463.864373272776,92.4029263747134,119.959940966134,303.081198842423,260.442763720077,7311.92514591111,2865.71769419038,429.279936005397
"DEC03","0","0","DE","Neunkirchen","Germany","DE","DE","DEU",79.0043278137742,37.9545988241014,2022.87151649158,412.13511827501,533.576292436565,387.22214162476,560.294606031344,106.96156363116,138.86035174694,350.833466073683,301.477088841892,8831.96135554434,3317.22876668511,496.915573911811
"DEC04","0","0","DE","Saarlouis","Germany","DE","DE","DEU",150.443075149664,97.4676668437459,5194.7477550969,644.169080270546,946.013643850986,605.229983493831,1010.78005895461,167.181414573381,217.039366713668,548.354316697684,471.210072693527,15932.9936850089,5184.84377799772,776.681321307072
"DEC05","0","0","DE","Saarpfalz-Kreis","Germany","DE","DE","DEU",109.040800844092,88.2476843171365,4703.34906788999,595.983468636927,869.278448545516,559.957122956335,927.974062802635,154.67578684035,200.804227595723,507.33591182343,435.962268574888,14627.7172283929,4797.00326171175,718.583431082551
"DEC06","0","0","DE","St. Wendel","Germany","DE","DE","DEU",143.130377963837,36.8981173051344,1966.56407447849,293.561022919463,409.877647853475,275.815680226934,435.031387076478,76.1879894245655,98.9092777931805,249.896275779749,214.740066213313,6857.42885572838,2362.83933793806,353.949560990392
"DED21","0","0","DE","Dresden, Kreisfreie Stadt","Germany","DE","DE","DEU",184.396459515934,200.985509641628,10711.9525769673,3111.99923084977,3773.83819953544,2923.88334182227,3923.19045666415,807.6581902165,1048.5233814597,2649.11537057885,2276.42932376549,61841.5136085743,25048.1284237183,3752.16965320325
"DED2C","0","0","DE","Bautzen","Germany","DE","DE","DEU",1532.14300348734,109.835368014682,5853.91083936799,949.486655520952,1309.17075835693,892.091549329264,1387.13347970182,246.420585914916,319.909770165926,808.258455967942,694.550064063388,21865.4778322511,7642.31027062348,1144.80587901506
"DED2D","0","0","DE","G├Ârlitz","Germany","DE","DE","DEU",1268.53910103332,123.438315747754,6578.90903094633,750.797385209229,1143.00138607717,705.412760368049,1226.78368419867,194.854693839942,252.965555173264,639.122552997891,549.208742390996,19337.8732792028,6043.08289619256,905.244171193825
"DED2E","0","0","DE","Mei├ƒen","Germany","DE","DE","DEU",1685.02765992304,89.4090725367058,4765.24773687194,793.948096826677,1091.85849790975,745.955073372278,1156.46409669531,206.053612305608,267.50428950488,675.854957127046,580.773514095801,18229.4209173881,6390.39807399019,957.271430403944
"DED2F","0","0","DE","S├ñchsische Schweiz-Osterzgebirge","Germany","DE","DE","DEU",1493.67693139221,71.4419666328,3807.65240210794,704.520201305314,945.725728038128,661.932965841829,998.300688771028,182.844360987145,237.373421065275,599.728713188525,515.356954313466,15736.2805380028,5670.60309799005,849.447292017681
"DED41","0","0","DE","Chemnitz, Kreisfreie Stadt","Germany","DE","DE","DEU",134.851328682299,84.3828795566875,4497.36603266032,1226.20205156806,1502.84482378767,1152.07989666152,1564.95051372272,318.236624222684,413.143264534769,1043.81475099442,896.967544008271,24668.4196345184,9869.56107078368,1478.44449348817
"DED42","0","0","DE","Erzgebirgskreis","Germany","DE","DE","DEU",1610.6058805857,109.221887391792,5821.21407754168,943.58505480421,1302.16810091603,886.546691909407,1379.87922562518,244.888941527921,317.921348614211,803.234669003358,690.233039561721,21751.1285399707,7594.80895661509,1137.6902580036
"DED43","0","0","DE","Mittelsachsen","Germany","DE","DE","DEU",2666.05167452976,112.160343694527,5977.82539056875,974.872514051626,1353.95654956936,915.942869130339,1436.01270100799,253.008986180163,328.463006928961,829.868380341408,713.119834966709,22635.9642674553,7846.6381632268,1175.41387115563
"DED44","0","0","DE","Vogtlandkreis","Germany","DE","DE","DEU",1159.81558839617,74.2455840024455,3957.07718582073,707.667226166174,953.622139455006,664.889757564575,1007.18597836799,183.661109390709,238.433745603899,602.407644419566,517.659004906815,15876.3399522975,5695.93314373236,853.241692435182
"DED45","0","0","DE","Zwichau","Germany","DE","DE","DEU",1077.16990174526,173.21611984048,9231.9235581011,1039.10822330967,1581.69796180742,976.295621916348,1697.60738269597,269.680101061016,350.105892445778,884.549565043709,760.108295226691,26759.4987341693,8363.66409271094,1252.8635300568
"DED51","0","0","DE","Leipzig, Kreisfreie Stadt","Germany","DE","DE","DEU",151.142810908326,162.937101641451,8684.08129981037,3180.2423122746,3731.82346653757,2988.00122687656,3858.82918732093,825.369339721934,1071.51646763641,2707.20786435135,2326.34917919463,60826.9826144969,25597.4092367128,3834.45104216536
"DED52","0","0","DE","Leipzig","Germany","DE","DE","DEU",1303.8469573917,88.4549615091228,4714.39634913332,825.169005420336,1116.96052208655,775.288722830998,1180.44449042209,214.156385044656,278.023524961737,702.43201666453,603.611627657224,18607.4254678617,6641.69162194701,994.914802744551
"DED53","0","0","DE","Nordhausen","Germany","DE","DE","DEU",1689.9717981831,57.4127555989303,3059.9355962793,715.983297421695,918.430367151216,672.703134242944,963.095831676109,185.819382115639,241.235672759555,609.486769622246,523.742216071178,15181.3440206015,5762.86825693038,863.268465542808
"DEE01","0","0","DE","Dessau-Ro├ƒlau, Kreisfreie Stadt","Germany","DE","DE","DEU",122.124354302206,21.9353983994594,1169.09397016165,321.016162232511,393.903523035377,301.61119575568,410.25770683887,83.313430816035,108.159715654987,273.267692724386,234.823517263276,6466.91967691803,2583.82263657999,387.052506368292
"DEE02","0","0","DE","Halle (Saale), Kreisfreie Stadt","Germany","DE","DE","DEU",20.5803154044281,32.5502955633929,1734.83761621945,1161.39292193746,1283.49905660111,1091.18838594184,1313.59079022035,301.416689362781,391.30717695605,988.645437404518,849.559626398167,20706.2194983474,9347.91974583593,1400.30345571417
"DEE03","0","0","DE","Magdeburg, Kreisfreie Stadt","Germany","DE","DE","DEU",114.061464655006,42.7192433908014,2276.81343865104,1263.50074845432,1418.71984303185,1187.12394082976,1456.05241266246,327.916767368595,425.710284280639,1075.56557864387,924.251563389899,22951.8515828129,10169.7740465398,1523.41591802236
"DEE04","0","0","DE","Altmarkkreis Salzwedel","Germany","DE","DE","DEU",1791.2921708017,23.6052187911019,1258.09061912018,237.471437138161,331.019814364983,223.116629439933,351.255799447944,61.6310406653753,80.0110590645,202.149546812186,173.710500214497,5536.86866380707,1911.38063127907,286.321767402579
"DEE05","0","0","DE","Anhalt-Bitterfeld","Germany","DE","DE","DEU",1641.29110685718,96.1560898205443,5124.84445262188,469.391635998035,779.190442779086,441.017584991688,844.835198755289,121.821366623351,158.151743910029,399.573555615565,343.360266263437,13317.1937528752,3778.0799760312,565.950349408772
"DEE06","0","0","DE","Jerichower Land","Germany","DE","DE","DEU",1412.04548632636,29.0470112864238,1548.12258832793,281.055987884864,387.52548933729,264.06655662044,410.603106635406,72.9425535438245,94.6959664627116,239.25126012827,205.592625505334,6472.3642370162,2262.18773096314,338.872110937085
"DEE07","0","0","DE","B├Ârde","Germany","DE","DE","DEU",2549.73051612636,85.3971695570791,4551.42478745741,510.708837995014,799.553753465614,479.837221401651,861.074139288837,132.544433730465,172.07271532958,434.745169346851,373.583824569453,13573.1692588027,4110.63744309922,615.766927109531
"DEE08","0","0","DE","Burgenland (D)","Germany","DE","DE","DEU",1237.47762402478,62.0662743414618,3307.95482997883,545.492334497586,752.885210784192,512.518105441083,797.829754178335,141.571806088458,183.792290646413,464.35491163534,399.027973345777,12576.2437855992,4390.60585658256,657.70574853193
"DEE09","0","0","DE","Harz","Germany","DE","DE","DEU",1524.81161499792,67.9777304927732,3623.01852818563,630.007427569436,859.691901343189,591.924382382181,909.579120258802,163.506036161436,212.267892533975,536.299091403471,460.850815158303,14337.7565185525,5070.85824354351,759.606470202498
"DEE0A","0","0","DE","Mansfeld-S├╝dharz","Germany","DE","DE","DEU",1075.77701434351,36.4655264326432,1943.50821876224,353.004716197766,479.289356355557,331.666087524548,506.746822365933,91.6154308124059,118.937593245431,300.498216804177,258.223163879343,7987.88405956998,2841.29487496223,425.621436671501
"DEE0B","0","0","DE","Saalekreis","Germany","DE","DE","DEU",1478.39962889068,124.855344420116,6654.43260458905,636.683299217397,1032.65432823174,598.196707166235,1116.71719794197,165.238627339435,214.517188563717,541.981982973401,465.734219315496,17602.8878934872,5124.59157635438,767.655637682311
"DEE0C","0","0","DE","Salzland","Germany","DE","DE","DEU",1455.49988664027,77.4968527369979,4130.3605064024,546.58734830065,801.518839930683,513.54692723066,856.230130313266,141.855995383133,184.161232760586,465.287051292683,399.828976606482,13496.8128212828,4399.41949833831,659.026017997606
"DEE0D","0","0","DE","Stendal","Germany","DE","DE","DEU",1769.75273695304,33.6220674077974,1791.95998882761,366.365461485066,491.974964602477,344.21919492657,519.351511561181,95.082949458205,123.439218338582,311.871662964481,267.99655715588,8186.57261854005,2948.83399659033,441.730625425219
"DEE0E","0","0","DE","Wittenberg","Germany","DE","DE","DEU",1278.15534169317,44.7503788722588,2385.0671480531,367.066579195263,520.086632655615,344.877931077009,553.09494297622,95.2649107695487,123.675445361073,312.468495278658,268.509425185884,8718.47258518797,2954.47721342375,442.575970298523
"DEF01","0","0","DE","Flensburg, Kreisfreie Stadt","Germany","DE","DE","DEU",5.17074291599352,35.9091531535577,1913.85511495748,516.744977158224,633.801656582934,485.508484611896,660.071543080899,134.110994924994,174.106466811145,439.883483289122,377.999264026264,10404.7518887927,4159.22164178562,623.044762517132
"DEF02","0","0","DE","Kiel, Kreisfreie Stadt","Germany","DE","DE","DEU",32.2985672375201,83.0190407504062,4424.67732668562,1713.39503310502,1996.0855909236,1609.82276139214,2061.5379126498,444.677979944637,577.292801385739,1458.54185087075,1253.34950532406,32496.1600228113,13790.9220556126,2065.8581092934
"DEF03","0","0","DE","L├╝beck, Kreisfreie Stadt","Germany","DE","DE","DEU",143.995640486002,88.8271614616786,4734.23354161569,1313.72380698306,1605.48247871911,1234.31108752049,1671.07030946134,340.951174368555,442.631898731495,1118.31837722655,960.989761147357,26341.1930735855,10574.0137415208,1583.97037903717
"DEF04","0","0","DE","Neum├╝nster, Kreisfreie Stadt","Germany","DE","DE","DEU",143.90802979122,32.3940685856407,1726.51116532302,480.812202404263,588.219766656322,451.747794542616,612.352981826604,124.785350002094,161.999666103497,409.295408277846,351.71441751239,9652.56101562816,3870.002818164,579.720244422575
"DEF05","0","0","DE","Dithmarschen","Germany","DE","DE","DEU",2693.60483594511,70.9079304835703,3779.18980341048,493.621891398539,741.153315183681,463.783156213981,794.11619135594,128.109852825807,166.31562424596,420.199763160288,361.084712776545,12517.7066464126,3973.10655026514,595.16501890543
"DEF06","0","0","DE","Herzogtum Lauenburg","Germany","DE","DE","DEU",1217.47293729684,46.3407301564187,2469.82832097057,614.934202797221,777.632822926595,577.762312423382,813.699432802167,159.594077148217,207.189283114348,523.46788276035,449.824742100499,12826.3985913422,4949.53556900321,741.432527225406
"DEF07","0","0","DE","Nordfriesland","Germany","DE","DE","DEU",3057.16841262547,40.1472064156118,2139.73122733361,817.480611216217,986.145626499398,768.06508102674,1024.31245217594,212.16101355259,275.43308052686,695.887206801053,597.987562636442,16146.3057046004,6579.80861005939,985.644826348483
"DEF08","0","0","DE","Ostholstein","Germany","DE","DE","DEU",1392.28719963451,35.5324482063864,1893.77781915241,792.236951780393,929.17388180043,744.347364589232,960.716315483374,205.609518265488,266.927754789732,674.398330596274,579.521810457201,15143.8355476788,6376.625261823,955.208285127029
"DEF09","0","0","DE","Pinneberg","Germany","DE","DE","DEU",1591.33644295878,119.140713218909,6349.85911304066,1160.26804521811,1552.65452615725,1090.13150640643,1638.24325186037,301.124749735561,390.928173153671,987.687876689952,848.736778396101,25823.7379686691,9338.86574085815,1398.94718022153
"DEF0A","0","0","DE","Pl├Ân","Germany","DE","DE","DEU",1334.30670997973,18.9983816949314,1012.55938359985,379.574889759388,458.03370149312,356.630132211969,475.784958000232,98.5111967495516,127.889860313053,323.116299252038,277.659261945698,7499.83012039252,3055.15518476387,457.65736969165
"DEF0B","0","0","DE","Rendsburg-Eckernf├Ârde","Germany","DE","DE","DEU",2720.93161728527,52.4344629612519,2794.60684325545,1177.88415592047,1387.21724098555,1106.68274848892,1435.29220252585,305.696664775731,396.863555071089,1002.68373824699,861.622974053224,22624.6070016839,9480.65581549084,1420.18710706008
"DEF0C","0","0","DE","Schleswig-Flensburg","Germany","DE","DE","DEU",3001.56684354075,38.620214862018,2058.34694676188,745.325144586912,907.279605179554,700.271308840869,943.756704797814,193.434481420338,251.121797570565,634.464262404378,545.205795058666,14876.5000699361,5999.03745282789,898.646234088141
"DEF0D","0","0","DE","Segeberg","Germany","DE","DE","DEU",1583.16603830825,100.704980977724,5367.28733539675,1130.90509031782,1468.52595390024,1062.54350000574,1542.74175314716,293.504172333393,381.034936530571,962.692415771816,827.257759087611,24318.3414559201,9102.52665119793,1363.54396186175
"DEF0E","0","0","DE","Steinburg","Germany","DE","DE","DEU",1597.31853422668,72.4501647138774,3861.38647503662,498.240005096588,738.784517047741,468.122111564134,790.332587222914,129.308393402105,167.871601555544,424.130971066545,364.462865746028,12458.0654413611,4010.2772230074,600.733126346167
"DEF0F","0","0","DE","Stormarn","Germany","DE","DE","DEU",880.811372366252,98.670534369343,5258.85715240393,1066.62110523945,1389.37503928028,1002.14538960349,1460.26021306648,276.820528412916,359.375785480695,907.970135873738,780.233985035797,23018.1794220604,8585.11215511798,1286.0360963048
"DEG01","0","0","DE","Erfurt, Kreisfreie Stadt","Germany","DE","DE","DEU",301.553916250059,44.0256500193657,2346.44117388613,1280.47368013049,1441.89335738084,1203.07088313548,1480.5725364888,332.321757943254,431.428960409462,1090.01392867603,936.667273199486,23338.3639349507,10306.3872462274,1543.88035725805
"DEG02","0","0","DE","Gera, Kreisfreie Stadt","Germany","DE","DE","DEU",76.3917208981107,16.622598901232,885.936958606823,392.205662706733,450.670827626292,368.497393054767,464.370971085687,101.789265432397,132.14553641667,333.868350353274,286.898680013069,7319.91068112468,3156.81884192022,472.886423246586
"DEG03","0","0","DE","Jena, Kreisfreie Stadt","Germany","DE","DE","DEU",6.7016304754918,59.2115638829675,3155.80693082486,626.374999635241,814.217739810192,588.511529505523,855.497099929962,162.563310937618,211.044021530822,533.20695674688,458.193691922573,13485.258014315,5041.62124358423,755.226814280022
"DEG04","0","0","DE","Suhl, Kreisfreie Stadt","Germany","DE","DE","DEU",11.2129196177112,9.86768124400352,525.919175560815,164.263956029075,197.042942330887,154.334435540361,204.483718014176,42.6314788670492,55.3453217212146,139.831066291712,120.159183407062,3223.29052590985,1322.1419289621,198.05475040529
"DEG05","0","0","DE","Weimar, Kreisfreie Stadt","Germany","DE","DE","DEU",21.4472508513845,11.9500459104625,636.903253939575,290.506356954252,332.377966787754,272.945664437092,342.231285579115,75.395210955753,97.8800716624968,247.295965831016,212.505576208116,5394.61464800164,2338.25267845894,350.266518648441
"DEG06","0","0","DE","Eichsfeld","Germany","DE","DE","DEU",641.634233436945,36.4239287802325,1941.29118291358,296.492229245277,416.766167894953,278.569699335464,442.74520141919,76.9487263723095,99.8968867675116,252.391489677964,216.884245417454,6979.02222722491,2386.43228479922,357.48374676845
"DEG07","0","0","DE","Nordhausen","Germany","DE","DE","DEU",589.476566961772,28.001852496743,1492.41861538767,261.51481695931,355.764492728426,245.706621443551,376.24835878127,67.8710269868803,88.1119755627687,222.616674957162,191.29824712803,5930.82804844503,2104.90306519558,315.311119080766
"DEG09","0","0","DE","Unstrut-Hainich-Kreis","Germany","DE","DE","DEU",904.001449100445,27.3671335378747,1458.58991102375,322.024551837108,419.128101856245,302.558629655315,440.459416980386,83.575138503816,108.499471548098,274.126092808353,235.561154870292,6942.99125420946,2591.93904999895,388.268332142112
"DEG0A","0","0","DE","Kyffh├ñuserkreis","Germany","DE","DE","DEU",911.731886633998,20.7226049702625,1104.45555059409,196.998908728382,271.862821009385,185.090607310593,288.087120754079,51.1271919738696,66.3746828328588,167.696968535919,144.104821149533,4541.13655591345,1585.62184599687,237.523621380508
"DEG0B","0","0","DE","Schmalkalden-Meiningen","Germany","DE","DE","DEU",627.550976970878,54.0209646990844,2879.16284636852,369.956956147515,543.311280954584,347.593588889036,580.507704263601,96.0150512564607,124.649297727624,314.928952831177,270.623737678515,9150.58177512609,2977.74152929352,446.060927678669
"DEG0C","0","0","DE","Gotha","Germany","DE","DE","DEU",922.647642899678,57.3556642595739,3056.89279124907,429.987147692992,617.60722786633,403.995041474964,657.992449176404,111.594706733667,144.87522156622,366.03015541036,314.5358591825,10371.978992496,3460.91772426994,518.439950385371
"DEG0D","0","0","DE","S├Âmmerda","Germany","DE","DE","DEU",736.977592732996,32.3919814733071,1726.39992820757,179.949821365059,286.759471676939,169.072112819744,309.470149211678,46.7024366885205,60.6303476300148,153.183790338188,131.633403408626,4878.1986638993,1448.3956778313,216.967360445314
"DEG0E","0","0","DE","Hildburghausen","Germany","DE","DE","DEU",570.778770694617,23.8859262795787,1273.05152505775,148.953909799957,228.376452504554,139.949859641985,245.32930399307,38.6580575027503,50.1869202398378,126.79826140289,108.959875309979,3867.14223004349,1198.91310540763,179.595269348688
"DEG0F","0","0","DE","Ilm-Kreis","Germany","DE","DE","DEU",656.577675824624,59.992050518636,3197.40463527204,317.47924211578,507.43476276226,298.288077385936,547.813519148973,82.3954927676894,106.968024023451,270.256859896132,232.236258053913,8635.22114810045,2555.35436819801,382.788005208958
"DEG0G","0","0","DE","Weimarer Land","Germany","DE","DE","DEU",875.930889970333,21.649668713067,1153.86539544537,242.462749396342,320.70194473895,227.806224032648,337.815764621513,62.926437587484,81.6927778628172,206.398443113775,177.361648156937,5325.01249577254,1951.55513685298,292.339844206438
"DEG0H","0","0","DE","Sonneberg","Germany","DE","DE","DEU",351.72652029118,32.9465052079159,1755.95445658389,141.911177514072,245.396301497981,133.332850419271,267.259959364661,36.8302548619881,47.8140181523605,120.803076646911,103.808112373765,4212.83661770785,1142.22695298126,171.103774204097
"DEG0I","0","0","DE","Saalfeld-Rudolstadt","Germany","DE","DE","DEU",474.363775314174,48.0855268635912,2562.82099301447,299.061429981254,451.785734100748,280.983595572729,484.439523279831,77.6155118895266,100.762525491529,254.578543290416,218.763617313192,7636.25261183833,2407.11148977559,360.581458663413
"DEG0J","0","0","DE","Saale-Holzland-Kreis","Germany","DE","DE","DEU",661.900364420946,24.6122846595349,1311.76434835455,232.531546910288,316.956260281334,218.475348489563,335.297367496672,60.348989319809,78.3466658492244,197.944423943933,170.096967518398,5285.31483342656,1871.62001578783,280.365690672406
"DEG0K","0","0","DE","Saale-Orla-Kreis","Germany","DE","DE","DEU",938.881473770556,42.0410885431706,2240.66972570072,245.042668764569,383.745094131308,230.230190976221,413.286135174202,63.5960049148763,82.5620280069209,208.594621051569,179.248860738663,6514.6569953533,1972.32061488317,295.450479667145
"DEG0L","0","0","DE","Greiz","Germany","DE","DE","DEU",838.197901856513,30.6233938956232,1632.13927083907,277.625051932941,382.556808512097,260.843015824786,405.303829140743,72.0521216008442,93.5399839900233,236.330647206644,203.082893776774,6388.8313713749,2234.5725170886,334.735395981223
"DEG0M","0","0","DE","Altenburger Land","Germany","DE","DE","DEU",521.825350939063,26.3331938472169,1403.48388395981,234.491591240241,322.519067905301,220.316910951652,341.608467258124,60.8576802733866,79.0070619985164,199.612928071447,171.530741133878,5384.79712114471,1887.39619002533,282.72893638946
"DEG0N","0","0","DE","Eisenach, Kreisfreie Stadt","Germany","DE","DE","DEU",52.8592809122383,27.8598519569722,1484.85039292905,176.483202335311,262.691279489918,165.815045937129,281.156464399338,45.8027439045439,59.4623424868029,150.23280189815,129.097569487007,4431.88815617031,1420.49325491537,212.787622033526
"DEG0P","0","0","DE","Wartburgkreis","Germany","DE","DE","DEU",748.148837158356,65.3380559077791,3482.33142579949,328.099185185291,534.928478115829,308.266060132276,578.818129314543,85.1516901069095,110.546192844243,279.297175247505,240.004752846746,9123.94889218065,2640.83308400896,395.592580386596
"DK011","0","0","DK","Byen K├©benhavn","Denmark","DK","DK","DNK",54.5732949585403,1927.36124022236,6789.64947683506,16603.6756281825,8457.19613114055,6934.21109427457,8230.22213938804,1716.61207073272,7886.73905089061,2256.79026257992,3039.63629099357,120609.903054099,45299.2332083684,5885.4681925458
"DK012","0","0","DK","K├©benhavns omegn","Denmark","DK","DK","DNK",130.322364666474,9853.57290956242,34711.8665428013,9969.83358739222,6319.52493605347,4163.71243439751,6551.32399922143,1030.75590384726,4735.66682735623,1355.11099249485,1825.17827172954,96006.4672666107,27200.3517075056,3533.98487043285
"DK013","0","0","DK","Nordsj├ªlland","Denmark","DK","DK","DNK",500.034801349244,3868.25418772832,13626.9680399635,4592.45421527713,2820.47059676275,1917.95164412089,2900.40245991515,474.802237575093,2181.41385137491,624.211541255941,840.740978689597,42503.9875696781,12529.4337925683,1627.87709269981
"DK014","0","0","DK","Bornholm","Denmark","DK","DK","DNK",831.86412549215,131.542896559195,463.395309693717,360.284062814796,205.970744880897,150.46582464067,207.704946000461,37.2488589255947,171.134780710361,48.9702149651165,65.9572336223929,3043.81497567152,982.95053144762,127.709095230606
"DK021","0","0","DK","├ÿstsj├ªlland","Denmark","DK","DK","DNK",674.421787184136,923.70743680281,3254.00842569257,2404.06026413546,1324.21090671742,1004.01030038055,1320.90701909404,248.549716375998,1141.92763038981,326.762574519778,440.111514356394,19357.2500010623,6558.91436274491,852.161926936012
"DK022","0","0","DK","Vest- og Sydsj├ªlland","Denmark","DK","DK","DNK",6280.94112503925,3819.07355478855,13453.7160041016,4755.04057320892,2960.81632065677,1985.85276145149,3055.5852864431,491.611630315123,2258.64230409572,646.310461857955,870.505676883961,44778.1164262522,12973.0125223256,1685.50871955026
"DK031","0","0","DK","Fyn","Denmark","DK","DK","DNK",4322.25057444562,2256.54219186814,7949.27810767125,4907.98588555122,2790.56435311682,2049.72747843651,2809.65720890389,507.42425971166,2331.29126415208,667.098960701878,898.505388052968,41174.1600459825,13390.2879212837,1739.72290628501
"DK032","0","0","DK","Sydjylland","Denmark","DK","DK","DNK",8966.89220605,6293.1816291235,22169.4285762833,8314.75123038928,5098.99300608489,3472.49859121764,5241.476276144,859.641120849118,3949.50339284182,1130.15033735461,1522.18220570244,76811.2858704804,22684.8478306608,2947.3114863991
"DK041","0","0","DK","Vestjylland","Denmark","DK","DK","DNK",8614.47792512193,4178.86196798091,14721.1676682852,4635.46817522421,2980.34861035349,1935.91561095288,3100.60412795149,479.249342210758,2201.84546454569,630.05804706209,848.615547947779,45437.8456556674,12646.7872898597,1643.12415598707
"DK042","0","0","DK","├ÿstjylland","Denmark","DK","DK","DNK",4430.77498695959,4520.58725907736,15924.9871160845,10678.4830535042,5958.19994865078,4459.66648095359,5966.13469555441,1104.02138160577,5072.27503043937,1451.43142482065,1954.91078897595,87430.8026018874,29133.7355043984,3785.17828000459
"DK050","0","0","DK","Nordjylland","Denmark","DK","DK","DNK",8430.54956474718,3710.79770001387,13072.2851205792,5989.83509845584,3578.8414934975,2501.54134076722,3653.4908456654,619.273916328208,2845.16919248909,814.145122283037,1096.55961427177,53540.131632159,16341.8596629331,2123.20360503303
"EE001","0","0","EE","P├Áhja-Eesti","Estonia","EE","EE","EST",335.411855044555,795.836083810893,10786.5890401997,6770.83648744901,2745.71294761219,3461.83414519806,3047.4155963958,709.062042296336,1218.36295084929,428.455099747591,2153.76557087982,29953.3913432763,14221.8021849335,2974.26746949176
"EE004","0","0","EE","L├ñ├ñne-Eesti","Estonia","EE","EE","EST",647.000595780476,133.569437643556,1810.37108206063,530.244056922442,243.615730112761,271.10638175137,293.919203630546,55.5287274495348,95.4135748307996,33.5535750598028,168.667696536482,2888.96497742621,1113.75102637116,232.923605867485
"EE006","0","0","EE","Kesk-Eesti","Estonia","EE","EE","EST",1775.2327734449,144.788336176124,1962.42959061057,331.130708137177,187.773273283878,169.302507020781,252.438897706793,34.6769880817546,59.5845708917459,20.9537833098459,105.330843532983,2481.25037563627,695.523431589788,145.457846336684
"EE007","0","0","EE","Kirde-Eesti","Estonia","EE","EE","EST",82.5734321678987,236.803289788428,3209.58024180523,354.457910392731,200.530771388812,181.229379783092,269.31282927399,37.1198817630662,63.7821318619183,22.4299168404315,112.751097319364,2647.10615071653,744.521049036525,155.70493160474
"EE008","0","0","EE","L├Áuna-Eesti","Estonia","EE","EE","EST",1687.60320905754,295.817589981019,4009.4472202215,1499.02279207227,663.405999887364,766.429420596018,782.00459827062,156.982104702396,269.7382865064,94.8574021971718,476.830844388885,7686.41132897818,3148.62213244655,658.48506824111
"EL111","0","0","EL","Evros","Greece","EL","GR","GRC",562.324274889759,155.556442114971,434.561328397157,370.266430572956,373.912624968213,380.886446416184,235.483284833974,270.312053744277,326.530337082667,93.0555845421697,62.8733682886909,5393.15506211613,2280.38829161843,130.730239157537
"EL112","0","0","EL","Xanthi","Greece","EL","GR","GRC",383.221055498473,148.061416392752,413.623279866766,201.923913674586,218.929518410918,207.715513952883,140.878542460129,147.414032973493,178.072539536425,50.7476408027457,34.2878412474785,3226.47029893466,1243.60430900734,71.2934237258733
"EL113","0","0","EL","Rodopi","Greece","EL","GR","GRC",456.122723765457,255.373197959082,713.408680690366,184.806367899342,227.295600661186,190.107001154113,151.27322730749,134.917412779198,162.976928564161,46.4456487869484,31.3811835792151,3464.53453030111,1138.18116571372,65.2497193329989
"EL114","0","0","EL","Drama","Greece","EL","GR","GRC",462.402107341782,174.802188148265,488.326102446444,172.329775835034,201.324956122782,177.272554327796,132.245531787976,125.808908885355,151.974079059016,43.3100240805935,29.2625865283478,3028.75280386637,1061.34062032936,60.8445998575063
"EL115","0","0","EL","Kavala","Greece","EL","GR","GRC",577.360198121326,244.862378416495,684.045732805548,358.588112536512,381.339140746975,368.873169786875,244.000919625953,261.786327747931,316.231468997061,90.120582550039,60.8903227564193,5588.2301615144,2208.4641377736,126.606966876278
"EL121","0","0","EL","Imathia","Greece","EL","GR","GRC",1164.7155439736,218.705428693496,610.973871146212,251.384987534614,305.796881245384,258.595234886058,202.96329172278,183.522962521367,221.691241601838,63.1782279694144,42.6866159026467,4648.36603986653,1548.22402175513,88.7566812096923
"EL122","0","0","EL","Thessaloniki","Greece","EL","GR","GRC",1317.44079348986,2075.98804257651,5799.46487109734,3168.47470743281,3205.92270228052,3259.35319063673,2020.27925962254,2313.1367974073,2794.21256918964,796.302990662678,538.025218450293,46269.4382898704,19513.9284269931,1118.69567982799
"EL123","0","0","EL","Kilkis","Greece","EL","GR","GRC",380.873099375817,164.020267402362,458.205808241274,151.219215551673,177.721844190568,155.556499011245,116.924199434835,110.397198736376,133.357110854085,38.0045052299079,25.6778920438316,2677.8560461752,931.325392037697,53.3910789149709
"EL124","0","0","EL","Pella","Greece","EL","GR","GRC",1419.82456914375,199.908103576089,558.461802457366,259.565443014021,319.242696836577,267.010322942503,212.467258074223,189.495082969284,228.905416759567,65.2341450161729,44.0757042662071,4866.03059416645,1598.60562093623,91.6449606024138
"EL125","0","0","EL","Pieria","Greece","EL","GR","GRC",569.685147135001,109.273973735709,305.266966383358,294.089260054664,299.041685396839,302.524355281284,188.741857537332,214.699106658138,259.35125976569,73.9106917135678,49.9380468506237,4322.659695903,1811.23010336538,103.834309907914
"EL126","0","0","EL","Serres","Greece","EL","GR","GRC",986.565432701148,167.333169562622,467.460707260812,317.892977495156,347.014160867155,327.01081313644,223.736656319528,232.076949251459,280.343267784448,79.8930564590673,53.9800549013132,5124.12794590214,1957.83188539647,112.238705815527
"EL127","0","0","EL","Chalkidiki","Greece","EL","GR","GRC",455.67904513779,87.1937491378805,243.583813939899,318.636533967784,311.787153923678,327.775696364257,194.362152071808,232.619780738721,280.998994919288,80.0799275240284,54.1063150645006,4451.37847074328,1962.41128372787,112.501233842557
"EL131","0","0","EL","Grevena","Greece","EL","GR","GRC",201.766494315736,7.87115048293123,21.9887878854187,56.2370537380132,58.3062246689575,57.8500500897212,37.0229926323534,41.0557162012405,49.5942991245362,14.1335305510206,9.54937498835535,847.918952169542,346.351460219705,19.8556576498423
"EL132","0","0","EL","Kastoria","Greece","EL","GR","GRC",214.51533561127,63.5858375734015,177.63292646357,84.1205227661812,93.6975429317763,86.5332753431161,60.7571611794382,61.4119709307222,74.1841560195101,21.1412209469999,14.2841483099916,1391.49065975411,518.079521559608,29.7004944311662
"EL133","0","0","EL","Kozani","Greece","EL","GR","GRC",569.646907315465,813.021500649034,2271.25086260565,231.57459886034,378.66463467228,238.216642820361,267.412202718268,169.060439306046,204.220867953491,58.1994690383398,39.3226980310416,6124.40698616235,1426.21626016755,81.762212807077
"EL134","0","0","EL","Florina","Greece","EL","GR","GRC",376.840305845516,238.364225767853,665.892541534729,91.2468175094158,139.500428447304,93.8639671281229,97.3173977182087,66.6145040489689,80.4686885412893,22.9322056763618,15.4942341209894,2228.81134219768,561.96878008609,32.2165805226019
"EL141","0","0","EL","Karditsa","Greece","EL","GR","GRC",663.214454154784,107.819867746947,301.204786627153,202.661659700205,222.774532240412,208.474420077916,143.919511075098,147.952622558885,178.723142557752,50.9330515826304,34.4131147633641,3296.11607141962,1248.14792209267,71.5539002541329
"EL142","0","0","EL","Larisa","Greece","EL","GR","GRC",2665.64272907374,500.148679738127,1397.21165969099,695.392276026746,804.3436764607,715.337581295803,526.963397185766,507.669339615327,613.252122111987,174.766409775915,118.081605745584,12068.7772598639,4282.76579618477,245.522658947522
"EL143","0","0","EL","Magnisia","Greece","EL","GR","GRC",593.939599525294,371.326684598887,1037.33548501541,510.058878104228,537.984515599888,524.688433794879,343.389237847171,372.367169925466,449.810416627991,128.188307482982,86.610929438943,7864.47075289177,3141.3387702068,180.086860739195
"EL144","0","0","EL","Trikala","Greece","EL","GR","GRC",581.074659696717,186.292442400263,520.425191905427,287.015343933207,307.995650637487,295.247544446506,197.597547833465,209.53481241778,253.112918871379,72.1328708112898,48.7368552306881,4525.47711023793,1767.66343307798,101.336717174737
"EL211","0","0","EL","Arta","Greece","EL","GR","GRC",390.383040662605,75.4462533003162,210.7660962864,138.682862887519,150.299962744517,142.660577526058,96.7046112279701,101.245066770574,122.301559707093,34.8538614532511,23.5491472995928,2214.77700186581,854.116794459195,48.96485972083
"EL212","0","0","EL","Thesprotia","Greece","EL","GR","GRC",241.310956298905,26.2831559473082,73.4244304359327,118.296383120233,117.393834300575,121.689370869593,73.5193479539955,86.3619697369496,104.323143192153,29.7303189582797,20.0874058488891,1683.77659527349,728.561016430124,41.7669904151154
"EL213","0","0","EL","Ioannina","Greece","EL","GR","GRC",472.468762091798,212.451148429239,593.501959968178,401.572426791164,408.526429669126,413.090364099513,257.881793161477,293.166915631593,354.138450197382,100.923426553265,68.1893064006767,5906.13681644953,2473.19493391377,141.783470114333
"EL214","0","0","EL","Preveza","Greece","EL","GR","GRC",416.756536216841,57.8896872904612,161.720203081308,127.579755636504,138.309878073386,131.239009930873,88.9980869663372,93.1392719262496,112.50995816296,32.0634217855804,21.6637758651323,2038.27835839626,785.735235437984,45.0446775318293
"EL221","0","0","EL","Zakynthos","Greece","EL","GR","GRC",96.5401398387476,25.0156338681309,69.8834901122084,159.004380691841,146.983715194991,163.564958974557,89.8527591981233,116.080738490495,140.222687605209,39.961077668178,26.9998578355688,2057.85248603151,979.272486259779,56.1397928588199
"EL222","0","0","EL","Kerkyra","Greece","EL","GR","GRC",200.118107517927,49.4887865257489,138.251508719246,339.871727083203,313.176880619244,349.619959243227,191.230023985773,248.12247876566,299.725874251189,85.4167691738734,57.7121729203188,4379.64491880855,2093.19409781049,119.998758990163
"EL223","0","0","EL","Kefallinia","Greece","EL","GR","GRC",226.213082761836,26.6209089801001,74.3679748150959,117.003723634887,115.74638721402,120.359635205905,72.4134652714077,85.4182670098751,103.183173422736,29.4054469901764,19.8679048377705,1658.44912121557,720.599815219227,41.3105901862126
"EL224","0","0","EL","Lefkada","Greece","EL","GR","GRC",23.4849029250966,5.44869184299871,15.2214253111437,68.7998709327982,61.8647402038647,70.7731951636437,37.44009940302,50.2271685294503,60.6731887958827,17.2908254096124,11.6826135620196,857.471738445855,423.723046934709,24.291220695148
"EL231","0","0","EL","Aitoloakarnania","Greece","EL","GR","GRC",906.090748533325,319.593045434925,892.812772537226,422.31631173005,463.834490862385,434.429227055607,299.579666149749,308.310935389983,372.432054970078,106.136792333351,71.711737303966,6861.12219872296,2600.95189061145,149.107528725103
"EL232","0","0","EL","Achaia","Greece","EL","GR","GRC",872.402476653376,355.848366266839,994.095369181711,810.226530331187,807.249397217829,833.465522252235,506.201584094512,591.503791129585,714.522085226501,203.626624414407,137.581122220432,11593.2799121402,4990.0043340867,286.067273012229
"EL233","0","0","EL","Ileia","Greece","EL","GR","GRC",1638.7499760564,149.75108841787,418.34353516322,284.853651561854,340.208309874093,293.023850215582,224.757503220709,207.956674471114,251.206566903163,71.5895929696952,48.3697874401228,5147.50788829011,1754.35005231569,100.573486869859
"EL241","0","0","EL","Voiotia","Greece","EL","GR","GRC",945.34239900171,1420.68145987244,3968.80523903396,246.684861244922,522.168214780022,253.760299141497,383.414230160298,180.091647432235,217.546297056557,61.9969893714877,41.8885074412398,8781.14299167461,1519.27699314237,87.0972041866976
"EL242","0","0","EL","Evvoia","Greece","EL","GR","GRC",675.950996146231,769.351835325414,2149.25560792076,487.565007076053,597.403951040369,501.549391487404,397.222871992794,355.945577330977,429.973535175469,122.535134134526,82.7913408383662,9097.39536029763,3002.80403983319,172.144933261346
"EL243","0","0","EL","Evrytania","Greece","EL","GR","GRC",33.0296473658287,20.6228036079514,57.6117119246104,42.1378566846699,41.9070513159364,43.3464585687196,26.2632523764314,30.7626337153749,37.1605077076391,10.5901117718894,7.15525028323977,601.49404065536,259.517652920693,14.8776438454025
"EL244","0","0","EL","Fthiotida","Greece","EL","GR","GRC",1046.74785639918,453.286477422641,1266.29775723247,364.572194802934,444.476366911732,375.028888051674,295.172279692136,266.154991590096,321.508707866818,91.6245057449901,61.906454323152,6760.18204663811,2245.31876463058,128.71977117403
"EL245","0","0","EL","Fokida","Greece","EL","GR","GRC",213.675124031591,75.9913731087043,212.288938959117,86.5393022385418,98.1346401391068,89.0214304709419,63.9501086377736,63.1777946531606,76.3172278057273,21.7491100751902,14.6948709681044,1464.61712713855,532.976244387661,30.554494666623
"EL251","0","0","EL","Argolida","Greece","EL","GR","GRC",741.433011443136,285.015391241159,796.216893028779,252.981489081105,303.388641328796,260.237527436857,200.643248390444,184.688484362411,223.09916342538,63.5794617091334,42.9577110423023,4595.23125600731,1558.0565183942,89.3203591771093
"EL252","0","0","EL","Arkadia","Greece","EL","GR","GRC",426.404943751009,478.456292130005,1336.61196579902,182.870596094759,266.954236500026,188.115707364451,184.564805315773,133.504207560276,161.26981128948,45.9591494396083,31.0524783995312,4226.99477280958,1126.2591792901,64.5662549676879
"EL253","0","0","EL","Korinthia","Greece","EL","GR","GRC",497.611298225714,473.856797739907,1323.76285222365,340.912936012774,406.474980339925,350.691032223155,268.420384715835,248.882610662288,300.644094955724,85.6784464353573,57.8889761816706,6147.49687064203,2099.60667117948,120.36637938763
"EL254","0","0","EL","Lakonia","Greece","EL","GR","GRC",841.329969285715,131.035962893778,366.061098651475,187.499109119561,220.906813753824,192.876975825866,145.429696449974,136.883241569868,165.351601571794,47.1223901482447,31.8384265169099,3330.70308639602,1154.76515779057,66.2004474429274
"EL255","0","0","EL","Messinia","Greece","EL","GR","GRC",1038.02165422062,226.486961955498,632.712305024783,377.794656853626,412.446575783893,388.630597975978,265.932079092629,275.808015945956,333.169324746922,94.9475829499903,64.151704385141,6090.50846028695,2326.75295676111,133.388235510544
"EL300","0","0","EL","Attiki","Greece","EL","GR","GRC",1385.22347964084,7118.41882539865,19885.9622834923,18649.7609421812,17651.1994988144,19184.6751021602,10880.1674841916,13615.2099295631,16446.8399620734,4687.0692635055,3166.83661113794,249182.99566532,114859.714471612,6584.68472129515
"EL411","0","0","EL","Lesvos","Greece","EL","GR","GRC",343.163893314224,81.7214328483797,228.296391549399,279.49492839765,272.290196382552,287.511427660334,169.493709190078,204.044552430448,246.480819342326,70.2428354046818,47.4598454436562,3881.82904939429,1721.34687257086,98.6814785672125
"EL412","0","0","EL","Samos","Greece","EL","GR","GRC",62.1452079181098,36.0200325427043,100.625297016612,121.039032787191,114.682418407463,124.510685466749,70.7165073619192,88.3642340605861,106.741829430778,30.4196033407668,20.5531235277255,1619.58454895429,745.452383489416,42.7353397367968
"EL413","0","0","EL","Chios","Greece","EL","GR","GRC",140.110324084306,41.1026766330821,114.824134028146,139.630486813799,134.867668067611,143.635381289016,83.7106984697101,101.936877176648,123.137249725216,35.0920188747859,23.7100592894374,1917.18396285959,859.95299868382,49.2994379928118
"EL421","0","0","EL","Dodekanisos","Greece","EL","GR","GRC",320.418892563122,196.922364920433,550.120864989218,719.500296958812,676.536900868987,740.13707070329,416.069640317825,525.269338188713,634.51248911086,180.825252260006,122.17528627835,9529.0334023282,4431.24171549106,254.034495511229
"EL422","0","0","EL","Kyklades","Greece","EL","GR","GRC",234.959044903198,115.032729845412,321.354584941119,608.102477041606,560.607322949614,625.544128261497,342.372983713236,443.943646745773,536.273046686785,152.828684401888,103.259296115878,7841.19599633867,3745.1674098676,214.703185846268
"EL431","0","0","EL","Irakleio","Greece","EL","GR","GRC",961.301670695083,335.253538770864,936.561811117001,878.209307086523,865.980420202241,903.398187268008,541.206820984082,641.13444215981,774.474695500635,220.712097218351,149.124988494271,12394.987220855,5408.6950803817,310.070001669174
"EL432","0","0","EL","Lasithi","Greece","EL","GR","GRC",647.577808087426,134.815227783817,376.618825150299,208.627972952507,232.506081032849,214.611859676095,150.788899125334,152.308314178068,183.984711300023,52.4325090581448,35.4262290493586,3453.44220589618,1284.89311355824,73.6604308330873
"EL433","0","0","EL","Rethymni","Greece","EL","GR","GRC",314.856609541494,65.2128434493739,182.178118068364,252.250544710548,244.320369954908,259.485618052582,151.787478064118,184.154860307774,222.454558643528,63.3957603253358,42.8335924865437,3476.31215635748,1553.55479518406,89.0622841141716
"EL434","0","0","EL","Chania","Greece","EL","GR","GRC",618.722285395683,163.296590347911,456.184149364041,479.927668442976,473.076071118767,493.692998004666,295.62111830922,350.369957937523,423.238323575503,120.615713543932,81.4944768372741,6770.46157140993,2955.76737606908,169.448412530358
"ES111","0","0","ES","A Coru├▒a","Spain","ES","ES","ESP",3565.23691792069,1116.7181054107,20054.7759009057,5349.40779747703,13196.1666712112,7538.53266035348,6081.52471830016,2612.54437078071,3239.79566773981,176.047770203636,2678.80837555494,68320.2899065181,28207.851948284,5037.28153693106
"ES112","0","0","ES","Lugo","Spain","ES","ES","ESP",2658.43968930426,289.619306264771,5201.17857458719,1441.44860216811,3622.1145222141,2031.32903249405,1750.82678660528,703.974827482797,872.993630954136,47.4377392567693,721.830291241032,19668.915145083,7600.87290039764,1357.34322471378
"ES113","0","0","ES","Ourense","Spain","ES","ES","ESP",1899.44912219053,327.128305932525,5874.79045475573,1288.41097647424,3253.39905650699,1815.66419944463,1591.73598129322,629.234294948948,780.308486075479,42.4013064812814,645.194056165231,17881.6774959988,6793.89335209596,1213.23501020691
"ES114","0","0","ES","Pontevedra","Spain","ES","ES","ESP",2975.25439969815,1120.6507113635,20125.4002874074,3998.0479174958,10027.2092948144,5634.15913401014,4823.67088080989,1952.56708338659,2421.36303921867,131.574829904422,2002.0915683992,54189.4686375088,21082.0240311565,3764.77055424072
"ES120","0","0","ES","Asturias","Spain","ES","ES","ESP",1143.41573741624,1151.18229408643,20673.7070144512,4505.20195617576,11146.0458092811,6348.85455996406,5176.58766644485,2200.25102879395,2728.51394630917,148.265151719387,2256.0577152974,58154.1614118229,23756.287534643,4242.33326251424
"ES130","0","0","ES","Cantabria","Spain","ES","ES","ESP",568.776708861899,724.761897138772,13015.7623111947,2674.00177306439,6632.87316217677,3768.27687535736,3101.73295966159,1305.9292811761,1619.47260105847,88.0007783086903,1339.05258621563,34845.0931028878,14100.2236097281,2517.97961029087
"ES211","0","0","ES","├ülava","Spain","ES","ES","ESP",814.95428901718,911.217590594909,16364.2592412553,1921.09408500514,4989.30557201346,2707.25864463978,2607.27754230034,938.224141350268,1163.48435743778,63.2227608775796,962.021053539419,29290.3450709813,10130.0816053147,1809.00244129228
"ES212","0","0","ES","Guip├║zcoa","Spain","ES","ES","ESP",441.364553627286,1579.4502902305,28364.8321485248,4367.14223385421,11021.4756545833,6154.29700047285,5384.95368376747,2132.82540636284,2644.89996375251,143.721638270832,2186.92192410642,60494.9603676031,23028.2876597589,4112.32902343339
"ES213","0","0","ES","Vizcaya","Spain","ES","ES","ESP",302.023431309706,1788.86454491274,32125.6343847909,7127.46293758193,17552.3516596437,10044.2168880379,8052.178716387,3480.91113642711,4316.65044456785,234.563152572169,3569.20020617176,90458.7598940847,37583.67784281,6711.59104332538
"ES220","0","0","ES","Navarra","Spain","ES","ES","ESP",2406.29562621905,1547.24541152895,27786.4752452506,3420.63976337306,8884.62701334938,4820.45967549034,4643.83394863887,1670.57242532225,2071.66368798829,112.572461440636,1712.94445942254,52169.1674941376,18037.3050002185,3221.05290470806
"ES230","0","0","ES","La Rioja","Spain","ES","ES","ESP",1703.98845714486,560.489774754086,10065.6528921489,1480.02233883024,3814.67899500283,2085.68820357772,1959.4259145943,722.813473252926,896.355286983698,48.7071919859094,741.146756307634,22012.3328830018,7804.27527577285,1393.66626809631
"ES241","0","0","ES","Huesca","Spain","ES","ES","ESP",3015.96849496656,235.939761145191,4237.16514754618,1072.98222491868,2751.13604584142,1512.07607510183,1396.15276075059,524.023177477915,649.837009153211,35.3115962208301,537.314386891452,15684.4814066507,5657.92044456232,1010.37605575466
"ES242","0","0","ES","Teruel","Spain","ES","ES","ESP",725.414709150812,135.292668294883,2429.67686342971,656.683357736604,1631.23472403937,925.416256757014,765.664506255885,320.711090758361,397.71129403806,21.6112970325221,328.845536812883,8601.53061305889,3462.74347240316,618.367318172417
"ES243","0","0","ES","Zaragoza","Spain","ES","ES","ESP",3869.67989128036,1688.17738373887,30317.426526732,5050.24026344368,12815.1805075389,7116.9375396204,6345.22538005884,2466.43689747726,3058.6089425201,166.202236029044,2528.99506421221,71282.7222724808,26630.31779362,4755.56977505226
"ES300","0","0","ES","Madrid","Spain","ES","ES","ESP",507.568543701706,6074.77473772875,109094.896396282,51797.1402128491,123819.679694057,72993.9552171798,52195.5155165278,25296.6930562745,31370.2295312101,1704.6318737745,25938.3128535115,586368.208153247,273130.431962516,48774.8902192633
"ES411","0","0","ES","├üvila","Spain","ES","ES","ESP",377.572187335379,80.0709698979275,1437.96840911837,711.442925109927,1714.6762969683,1002.58494584169,740.577415685696,347.454574318361,430.875677061368,23.4134216972253,356.26733624844,8319.70041749809,3751.49501793822,669.931784398018
"ES412","0","0","ES","Burgos","Spain","ES","ES","ESP",1530.44561391472,861.890299922116,15478.4065310246,1683.34048834706,4440.16229561682,2372.20973429707,2400.16858869527,822.110013563095,1019.49214342006,55.3983451414506,842.961832377336,26963.6680602055,8876.38801742519,1585.12124768621
"ES413","0","0","ES","Le├│n","Spain","ES","ES","ESP",1322.01475387196,354.731722716048,6370.51120559756,2066.43798712555,5054.66001866356,2912.08127073208,2276.65148250603,1009.20721231581,1251.5099038626,68.005994994272,1034.80452361242,25576.067927977,10896.4915384912,1945.86584419118
"ES414","0","0","ES","Palencia","Spain","ES","ES","ESP",833.773120951259,344.152462981711,6180.52173364253,704.571673288261,1857.89217328401,992.901788707997,1003.65219457046,344.098791595014,426.714197374909,23.1872903930682,352.826438185087,11275.1015698466,3715.26236164749,663.461455111623
"ES415","0","0","ES","Salamanca","Spain","ES","ES","ESP",1293.04183906813,157.286381229794,2824.65477414987,1516.81244114428,3669.39336351905,2137.53382806029,1602.03860580748,740.781027483195,918.636709265422,49.9179457222399,759.570035658828,17997.4179272585,7998.27240564696,1428.30974829905
"ES416","0","0","ES","Segovia","Spain","ES","ES","ESP",700.249571701356,100.50701054522,1804.97259172945,708.099114729348,1731.44383754451,997.872756246434,779.085467566826,345.821523835491,428.850544038259,23.3033776729574,354.592865429822,8752.30266613112,3733.86284037213,666.783078049432
"ES417","0","0","ES","Soria","Spain","ES","ES","ESP",539.471903603427,174.13874688128,3127.30090740692,420.039903957058,1092.98495775797,591.931790304983,573.609974344166,205.139134672784,254.391422871096,13.8234158411078,210.342238877011,6443.97606780059,2214.9037560345,395.53149303276
"ES418","0","0","ES","Valladolid","Spain","ES","ES","ESP",1553.43268050791,829.684831944517,14900.0390451343,2594.59506887507,6545.46771600251,3656.3747628909,3194.92689550846,1267.14862621652,1571.38101672583,85.3875220865076,1299.28830719433,35892.0405395114,13681.5057552901,2443.20611384701
"ES419","0","0","ES","Zamora","Spain","ES","ES","ESP",937.981964850234,71.123507503561,1277.28385288937,723.964827768583,1762.94253424964,1020.23115561589,784.20186138736,353.570022521387,438.459396142292,23.8255146101648,362.537895343918,8809.78060551087,3817.52400463703,681.72306138749
"ES421","0","0","ES","Albacete","Spain","ES","ES","ESP",2845.03124179156,342.691707641047,6154.28850534514,1550.81340119524,3912.74904085472,2185.44891652081,1910.41969495394,757.386420107058,939.228925683103,51.0369094334336,776.596603834162,21461.7934561084,8177.56216696768,1460.32682659758
"ES422","0","0","ES","Ciudad Real","Spain","ES","ES","ESP",3105.49889032515,482.284510250412,8661.19007714387,1924.12875613455,4866.79823552695,2711.53518669612,2390.87185597186,939.706214371515,1165.32226450157,63.322631200774,963.540717537054,26859.2278903027,10146.0836670701,1811.86004598975
"ES423","0","0","ES","Cuenca","Spain","ES","ES","ESP",2500.63818075811,133.884118164129,2404.38117145463,807.271313132057,2056.61041975953,1137.62894701777,1028.0192428963,394.255253041394,488.912829605059,26.5671117265145,404.255057164143,11548.8427585945,4256.80571476822,760.168795292085
"ES424","0","0","ES","Guadalajara","Spain","ES","ES","ESP",661.973511613402,388.645100372909,6979.55048386824,937.176938053888,2415.63149135764,1320.69552808843,1240.92610187758,457.698576484102,567.588394596623,30.8422757204026,469.307543205013,13940.653859011,4941.80838679718,882.494710745914
"ES425","0","0","ES","Toledo","Spain","ES","ES","ESP",2520.11489195136,730.565951587199,13119.9954302924,2365.39628060026,6000.57306519792,3333.38152391256,2969.03736179974,1155.21249669214,1432.56990539979,77.8446431105982,1184.5130541304,33354.3811293,12472.9223510802,2227.38057424089
"ES431","0","0","ES","Badajoz","Spain","ES","ES","ESP",3487.87087050715,364.940265386585,6553.84309082491,2501.10466469791,6164.13882837281,3524.62551288017,2833.76093024805,1221.48977230184,1514.75983212082,82.3107745634288,1252.47137208202,31834.6758827982,13188.5234328621,2355.1706705473
"ES432","0","0","ES","C├íceres","Spain","ES","ES","ESP",2010.73286227359,335.452960029586,6024.29020009005,1545.56194291465,3861.18260465596,2178.04841701479,1839.14586788616,754.821712332148,936.048451800591,50.8640851591183,773.966845371447,20661.0981118363,8149.87081059709,1455.38177943718
"ES511","0","0","ES","Barcelona","Spain","ES","ES","ESP",3045.7403769724,8313.13426111363,149292.864361199,34149.1309373424,84028.5381838244,48123.8949506257,38464.0098590895,16677.7563377174,20681.9540884621,1123.83998070713,17100.7673066203,432107.477362138,180071.07816634,32156.6037373419
"ES512","0","0","ES","Girona","Spain","ES","ES","ESP",2200.37087055596,668.575697055114,12006.7326859547,4402.67094349645,10696.867847323,6204.36503569436,4728.11043822884,2150.17692150079,2666.41744081485,144.890879866823,2204.71353928431,53115.9356925408,23215.6333659461,4145.78471047154
"ES513","0","0","ES","Lleida","Spain","ES","ES","ESP",2212.43354759915,330.443588363336,5934.32852965215,2560.82433933599,6230.61835308088,3608.78412160265,2764.93091210857,1250.65567359547,1550.92823626876,84.2761352080743,1282.37703092548,31061.4344653276,13503.430017734,2411.40583261287
"ES514","0","0","ES","Tarragona","Spain","ES","ES","ESP",955.140633610044,1525.10132364727,27388.7967999516,4365.14719043713,11009.9281087779,6151.4855303947,5371.4790203092,2131.85106683853,2643.69169299352,143.655981854583,2185.92287164724,60343.5850207117,23017.7676374555,4110.45038644202
"ES521","0","0","ES","Alicante / Alacant","Spain","ES","ES","ESP",2015.65396930692,911.599976066836,16371.1263771153,8074.17710787938,19364.8190651516,11378.3525462266,8244.03529688571,3943.26750744737,4890.01493343036,265.719296394231,4043.28368319616,92614.0906388078,42575.7768122862,7603.06650964513
"ES522","0","0","ES","Castell├│n / Castell├│","Spain","ES","ES","ESP",1276.57353657721,1360.85597418652,24439.1681871068,2480.88406967706,6550.15087599072,3496.13009399504,3547.99178347795,1211.61443587292,1502.51350530712,81.6453194700089,1242.34555977694,39858.3971061967,13081.8986302207,2336.1299030791
"ES523","0","0","ES","Valencia / Val├¿ncia","Spain","ES","ES","ESP",4055.30058134696,3020.12677569457,54237.4708401492,11592.8322077156,28759.1399510176,16336.9381308113,13452.4023528874,5661.70867361376,7021.04026937437,381.517419830245,5805.31101574986,151125.264018542,61129.9244620628,10916.4157700236
"ES531","0","0","ES","Eivissa y Formentera","Spain","ES","ES","ESP",46.588417313329,37.5539745455523,674.419569316809,912.352894022593,2145.79491364424,1285.71280219114,859.903827849485,445.575007119179,552.554051851935,30.0253221874886,456.876474274816,9660.22198900515,4810.9092321052,859.11909546196
"ES532","0","0","ES","Mallorca","Spain","ES","ES","ESP",433.694323430715,334.168979407058,6001.23161124732,5402.28927265568,12771.7358516974,7613.05469024058,5203.18202939208,2638.37063146731,3271.82260991241,177.788087289701,2705.28968787648,58452.9244146217,28486.7001645949,5087.07749353931
"ES533","0","0","ES","Menorca","Spain","ES","ES","ESP",66.3205942485724,48.3872765690559,868.971303810528,384.100243098948,922.611947980141,541.284631322513,394.547749832037,187.586919134663,232.625058825518,12.6406499358931,192.344832777832,4432.37804647508,2025.39107146496,361.688832884565
"ES611","0","0","ES","Almer├¡a","Spain","ES","ES","ESP",8342.8995682856,299.853858258843,5384.97755276513,2711.03446903187,6825.03405101048,3820.46436949146,3314.32699761431,1324.01531332162,1641.9009468684,89.2195157459031,1357.59734853003,37233.389949174,14295.4999551937,2552.85152933726
"ES612","0","0","ES","C├ídiz","Spain","ES","ES","ESP",2279.54143454812,853.393991821096,15325.8241074699,4656.06441875983,11387.9666341066,6561.45409330824,5127.83502689924,2273.92925492807,2819.88173340047,153.230000381304,2331.60469986597,57606.4707221113,24551.7972752038,4384.39322992765
"ES613","0","0","ES","C├│rdoba","Spain","ES","ES","ESP",2999.41439959183,390.098832279005,7005.65758059703,2827.56465355381,6916.65709753703,3984.68191191737,3115.58618713594,1380.926337705,1712.47585932005,93.0544970977048,1415.95185170505,35000.7212654011,14909.9728682611,2662.58243212325
"ES614","0","0","ES","Granada","Spain","ES","ES","ESP",3787.37206918195,360.538255685136,6474.78883563873,3585.0498473133,8697.95028665355,5052.15088962052,3829.08062257882,1750.86704027014,2171.23640666072,117.983159179986,1795.27564944558,43016.1695179522,18904.2524235909,3375.87001936289
"ES615","0","0","ES","Huelva","Spain","ES","ES","ESP",2435.7673540684,537.574482173501,9654.12463342306,1881.27534399432,4767.80020386243,2651.1449791709,2353.51009207839,918.77746021886,1139.36868155258,61.9123353440135,942.081131035444,26439.5031240875,9920.1142231813,1771.5070368454
"ES616","0","0","ES","Ja├®n","Spain","ES","ES","ESP",3160.30843868835,361.360275598592,6489.55122291495,2154.59378652733,5341.63431717909,3036.31284890852,2494.42910216764,1052.26075136128,1304.90025804774,70.9071819111721,1078.95006321825,28022.5975072553,11361.3440664815,2028.87794525205
"ES617","0","0","ES","M├ílaga","Spain","ES","ES","ESP",2676.81815764552,386.131816187782,6934.41523365263,7257.03976844088,17212.5223896375,10226.8201234682,7084.12960058945,3544.19388338909,4395.12687993221,238.827496029688,3634.08804290512,79583.6258942146,38266.9467576459,6833.60734913174
"ES618","0","0","ES","Sevilla","Spain","ES","ES","ESP",6158.46570083441,1516.52755689356,27234.8233217396,7952.3036962557,19577.653574842,11206.6051811468,8973.91827911683,3883.74695722208,4816.20396856482,261.708470677489,3982.25346673577,100813.649014984,41933.1286385698,7488.30414538787
"ES620","0","0","ES","Murcia","Spain","ES","ES","ESP",5754.97310200052,1473.57891038066,26463.5225996593,6079.50557716842,15177.9225034308,8567.40654057082,7217.18666447429,2969.10960503932,3681.96940233267,200.075118839482,3044.41745253235,81078.3986033293,32057.7154952394,5724.77970589254
"ES630","0","0","ES","Ceuta","Spain","ES","ES","ESP",48.6287832129746,10.989867701961,197.363446402054,160.900575712141,410.010808887668,226.745518568938,181.571111045904,78.5806409319524,97.4472330142581,5.29520063734219,80.5737431445363,2303.73422858419,848.44150790342,151.512378566204
"ES640","0","0","ES","Melilla","Spain","ES","ES","ESP",100.102576133602,22.6226937144552,406.273571208348,331.214582516381,844.009154671321,466.756703249039,373.764975519395,161.758614380038,200.595581820275,10.9001951091555,165.86142454297,4742.24761081222,1746.52078518695,311.888935081558
"ES703","0","0","ES","El Hierro","Spain","ES","ES","ESP",0.698979155542853,0.15796587819608,2.83685763834469,2.31274856385105,5.8934028372579,3.25918891283621,2.60986217389009,1.12950039897312,1.40068453582282,0.076112018960242,1.15814880038101,33.1133559036145,12.1953067615233,2.17780473676829
"ES704","0","0","ES","Fuerteventura","Spain","ES","ES","ESP",12.5433194196129,2.8347289785405,50.9079723244257,41.5027311524114,105.758281445128,58.4867907124006,46.8344937451595,20.2691084226923,25.1355614822203,1.36584525864508,20.7832096614357,594.225731712675,218.847195823957,39.0811374419531
"ES705","0","0","ES","Gran Canaria","Spain","ES","ES","ESP",1316.22199465066,297.459747743851,5341.98250358707,4355.05194067384,11097.6505897533,6137.25902665144,4914.53567540657,2126.92074764448,2637.57764304891,143.323749525742,2180.86750091405,62354.5452127011,22964.5345840998,4100.94417245187
"ES706","0","0","ES","La Gomera","Spain","ES","ES","ESP",1.34185642530538,0.303253003978058,5.44602170108071,4.43986991015363,11.3137858280562,6.25678684305942,5.01025001879497,2.1683441569441,2.68894648619389,0.146115089233879,2.22334156451921,63.5689477008511,23.4117864699569,4.18081319867605
"ES707","0","0","ES","La Palma","Spain","ES","ES","ESP",13.4004134723148,3.02842805190779,54.3865507496992,44.3386426724512,112.984821009197,62.483235258239,50.0347284443983,21.6541112039734,26.8530925070659,1.45917444918338,22.2033413507413,634.829604066991,233.801182381766,41.7515797191345
"ES708","0","0","ES","Lanzarote","Spain","ES","ES","ESP",94.0419787315883,21.2530282767806,381.67619674232,311.16156973848,792.909573744951,438.497445871804,351.135797259553,151.965121785436,188.450748899963,10.2402551084923,155.819531941347,4455.13358578017,1640.77965701518,293.005971798481
"ES709","0","0","ES","Tenerife","Spain","ES","ES","ESP",547.28451299284,123.683629236248,2221.1939207625,1810.82863688417,4614.39812057682,2551.86954112807,2043.46172198307,884.372689622108,1096.70359690346,59.5939505480776,906.803725352155,25926.9918359635,9548.64314457994,1705.170741222
"FI193","0","0","FI","Keski-Suomi","Finland","FI","FI","FIN",2153.65216860636,500.61708783603,4120.36528480177,1470.56104788873,1036.61120207971,634.83318204399,434.560929354387,125.605905763032,288.594521574585,35.4388091259983,225.342976172487,16340.2903163993,7637.81102085359,1227.42390173315
"FI194","0","0","FI","Etel├ñ-Pohjanmaa","Finland","FI","FI","FIN",1899.21366043377,335.044801527283,2757.61056226367,934.172907204568,676.289543922535,403.277347860795,285.040176858796,79.7910663533313,183.329473883249,22.5124794354042,143.148972612465,10718.0349798824,4851.91426515314,779.720200192048
"FI195","0","0","FI","Pohjanmaa","Finland","FI","FI","FIN",1680.98108090465,550.075372820643,4527.43528989751,928.810658608479,748.590559877032,400.962494394458,321.898856059358,79.3330574234707,182.277143842022,22.3832554873364,142.327282782346,12103.9891191812,4824.06377810089,775.244526024475
"FI196","0","0","FI","Satakunta","Finland","FI","FI","FIN",1296.31589469385,544.963183892221,4485.35904779185,1081.28829607473,821.765903328479,466.786258679674,349.621679859893,92.3567205961432,212.200560417329,26.0577890253404,165.692354688557,13146.4182900782,5616.00327734536,902.51207263505
"FI197","0","0","FI","Pirkanmaa","Finland","FI","FI","FIN",1738.35837105722,1074.59968994439,8844.57076094826,3159.3550131695,2164.42420752062,1363.87632400337,901.963353574003,269.851869547245,620.016795507361,76.1367774794013,484.127104056784,33915.4812514982,16409.0818079392,2636.99889426019
"FI1B1","0","0","FI","Helsinki-Uusimaa","Finland","FI","FI","FIN",1202.65663554299,3450.95422410505,28403.3292708932,15926.1635180606,10016.8421904279,6875.23790898636,4095.06262404523,1360.31088059087,3125.47618992903,383.801998452424,2440.46249648862,153981.887511489,82717.4277550724,13292.9903134883
"FI1C1","0","0","FI","Varsinais-Suomi","Finland","FI","FI","FIN",1886.801779385,1134.19963673087,9335.11244975982,2808.49171671437,1997.93925469471,1212.41055298295,839.129650199058,239.883374044442,551.160609411635,67.6813805339677,430.362196053542,31552.8184223146,14586.7653822965,2344.14604267119
"FI1C2","0","0","FI","Kanta-H├ñme","Finland","FI","FI","FIN",895.996840344113,286.67336736453,2359.48596175949,902.879149033925,619.563480237478,389.768003174897,258.275703088577,77.1181539670036,177.188139471806,21.7583362978332,138.35364050985,9711.64153300542,4689.38050881381,753.600436712083
"FI1C3","0","0","FI","P├ñij├ñt-H├ñme","Finland","FI","FI","FIN",839.879617658448,367.538484723978,3025.05218076244,980.548883160181,690.883172003373,423.297603686669,289.600183950957,83.7522051812042,192.430661904433,23.6300864618397,150.255444295327,10889.4996346581,5092.78215755731,818.42854313085
"FI1C4","0","0","FI","Kymenlaakso","Finland","FI","FI","FIN",834.253208148737,347.992915494898,2864.18095427013,1069.45470802376,732.10697099713,461.677763273665,305.035577302858,91.345971298994,209.878243579831,25.7726133307876,163.879022318552,11469.8988180191,5554.54189880436,892.635006437848
"FI1C5","0","0","FI","Etel├ñ-Karjala","Finland","FI","FI","FIN",836.258845099827,325.14886931072,2676.1613737389,678.311183449352,509.791096447194,292.823237514284,216.435005068686,57.9369967052169,133.117147191748,16.3465097846862,103.941730993764,8138.35432170101,3523.01772167551,566.161711255683
"FI1D1","0","0","FI","Etel├ñ-Savo","Finland","FI","FI","FIN",2531.17738389641,180.575911417123,1486.24314821282,675.833659879852,491.239423739354,291.753704104928,207.211283145285,57.7253825104556,132.630938387118,16.2868043511643,103.562085051496,7791.52541039044,3510.14994114322,564.093812306042
"FI1D2","0","0","FI","Pohjois-Savo","Finland","FI","FI","FIN",2292.94839618819,404.220208182261,3326.96376867394,1348.24709338442,936.900885016693,582.030915141954,391.59981348197,115.158631190494,264.590664521015,32.4911852287464,206.600068100088,14724.8733328368,7002.53588483766,1125.33288586568
"FI1D3","0","0","FI","Pohjois-Karjala","Finland","FI","FI","FIN",1554.80892801055,283.189532552084,2330.81200641922,786.099825842169,568.623025637788,339.355006417503,239.621888239381,67.1436121518554,154.270442206049,18.9440905714164,120.458837515293,9010.22378107573,4082.85118249827,656.128976605364
"FI1D4","0","0","FI","Kainuu","Finland","FI","FI","FIN",1031.80867449579,101.377721917695,834.396699975955,384.657305644673,270.257652004461,166.054460431589,113.218865915158,32.8549633170497,75.4881895260784,9.26979322159616,58.9433687128499,4257.23762395229,1997.83600451181,321.059483795241
"FI1D5","0","0","FI","Keski-Pohjanmaa","Finland","FI","FI","FIN",627.135649009677,149.200593394446,1228.00631546891,365.668275739441,268.927123638125,157.856999812069,113.698802527225,31.2330420073344,71.7616322311374,8.81217970921221,56.0335646488725,4275.28412340702,1899.21063829956,305.21003013953
"FI1D6","0","0","FI","Pohjois-Pohjanmaa","Finland","FI","FI","FIN",2357.24972137813,696.652807446877,5733.85150669083,2252.15722021751,1541.23462662777,972.243985808473,642.11745525842,192.364844677686,441.981131223732,54.2743668912044,345.111691582469,24144.7974895912,11697.2710938919,1879.7938423057
"FI1D7","0","0","FI","Lappi","Finland","FI","FI","FIN",1364.12764961259,405.92506581406,3340.99572318024,978.612073928052,715.39936670739,422.461493707005,302.105605194825,83.5867753418642,192.050567154521,23.5834116143117,149.95865528594,11359.7264770879,5082.72274321359,816.811958802015
"FI200","0","0","FI","├àland","Finland","FI","FI","FIN",136.543641187174,27.9666243433721,230.181331954983,206.685370196248,126.35112745456,89.2249467861275,51.3029520951537,17.6537405017894,40.5615704386353,4.98087678443345,31.6716511145199,1929.08537030372,1073.48402883411,172.512772510641
"FR101","0","0","FR","Paris","France","FR","FR","FRA",2.21753591214043,3738.2201352138,26170.4004745205,21442.5298099837,50669.2728357378,28628.8939916829,18117.8998950847,15725.5245508493,10676.5616338191,32622.1076913911,26982.8109223326,733086.760129485,397656.068672742,44516.1023363998
"FR102","0","0","FR","Seine-et-Marne","France","FR","FR","FRA",1855.61234005047,2216.30146404777,15515.8055942254,3210.21838985557,8294.90002159308,4286.10815924038,3045.44058005732,2354.31026798698,1598.41654884185,4883.94284418776,4039.66866785173,123224.666265364,59534.1517910138,6664.6245397064
"FR103","0","0","FR","Yvelines","France","FR","FR","FRA",621.785108652626,3649.25502776124,25547.5766690521,4543.07624686369,11892.5575293833,6065.66713070561,4382.04803500137,3331.80168989068,2262.06674243242,6911.71815493449,5716.90786773618,177306.498838888,84252.2713512649,9431.7251238372
"FR104","0","0","FR","Essonne","France","FR","FR","FRA",528.981342016175,1905.68558185056,13341.2568151759,4753.82002005145,11677.0619933957,6347.04069975111,4225.07899779884,3486.35697830911,2366.99927153797,7232.33825550771,5982.1032264637,170955.215103477,88160.5574110602,9869.24305931967
"FR105","0","0","FR","Hauts-de-Seine","France","FR","FR","FRA",225.503303749568,7122.80401725364,49865.0766649915,14982.8510863716,37212.3882334938,20004.2839742346,13508.5474230784,10988.124754326,7460.1893755792,22794.5203292252,18854.0923819911,546583.065464817,277860.015274019,31105.3844001845
"FR106","0","0","FR","Seine-Saint-Denis","France","FR","FR","FRA",293.101561342358,2330.9572748563,16318.4839751277,5139.65175835284,12718.2973963369,6862.18215145212,4611.90044986442,3769.31829523032,2559.11076074949,7819.33263672872,6467.62545423619,186606.790986191,95315.8853309339,10670.2551273481
"FR107","0","0","FR","Val-de-Marne","France","FR","FR","FRA",15.835895100339,1505.63650835168,10540.6072856565,4633.44724097796,11227.7095136972,6186.32554337181,4045.93277644679,3398.07797814688,2307.0638345256,7049.20623718498,5830.62875182296,163706.597782435,85928.219784588,9619.34125205915
"FR108","0","0","FR","Val-d'Oise","France","FR","FR","FRA",450.398162521772,1483.88715318924,10388.3451624866,3147.23182171373,7822.04141866183,4202.01193560387,2840.06805946705,2308.11717265421,1567.05457883046,4788.11671605629,3960.40774696791,114914.879998138,58366.053097043,6533.86028110127
"FR211","0","0","FR","Ardennes","France","FR","FR","FRA",2261.69107173053,551.08300922727,3858.0026120791,406.733085081179,1210.62539295648,543.047787685835,460.831010340904,298.289948609921,202.518587585721,618.79314711234,511.824025796274,18646.1518329539,7542.94763937841,844.404638796076
"FR212","0","0","FR","Aube","France","FR","FR","FRA",4366.99619461,519.817450823527,3639.11978686028,573.357090529188,1633.98556153371,765.515053941871,615.530569232084,420.488677568362,285.483213476607,872.290579451925,721.500032963674,24905.6079000317,10633.0236490716,1190.32703433221
"FR213","0","0","FR","Marne","France","FR","FR","FRA",10510.6260320953,1356.46770595688,9496.31156315395,1293.46670817583,3776.41571967385,1726.9660622272,1430.97369548641,948.602737427683,644.036741630299,1967.84664045074,1627.67023902143,57900.0809326274,23987.6027078107,2685.32196807637
"FR214","0","0","FR","Haute-Marne","France","FR","FR","FRA",1886.23037105562,339.574659263982,2377.28237035163,288.402564586447,845.183612526607,385.05934335372,320.546732947677,211.508700238366,143.600022172992,438.768167925407,362.919484720904,12969.9671202209,5348.48411287672,598.742694681145
"FR221","0","0","FR","Aisne","France","FR","FR","FRA",4207.41400468153,833.553396242598,5835.51139513559,851.690238159704,2393.55814746658,1137.13026205856,898.54146943507,624.612667842165,424.069519838112,1295.73939806376,1071.74838343747,36356.7995454509,15794.768380168,1768.16495706478
"FR222","0","0","FR","Oise","France","FR","FR","FRA",2367.61964637284,1569.35617541859,10986.6936970841,1598.25894223501,4352.69754106554,2133.90799658355,1620.91269952471,1172.13129502233,795.797429444622,2431.54962564369,2011.21412563807,65585.3960021977,29640.0365685542,3318.09069466576
"FR223","0","0","FR","Somme","France","FR","FR","FRA",4792.74039745633,1135.83041700104,7951.68176535404,1109.74210547225,3121.04637289904,1481.66701304431,1171.85415493807,813.862770827986,552.55746834509,1688.3328037875,1396.47521397251,47415.5818699986,20580.3926501824,2303.89760779127
"FR231","0","0","FR","Eure","France","FR","FR","FRA",2643.2866845911,1406.80553245214,9848.71485422508,999.393263123753,2921.36948304199,1334.33526918313,1107.2966183802,732.93512633423,497.613101845676,1520.45094233676,1257.61464225017,44803.4537761682,18533.9509653743,2074.80615252829
"FR232","0","0","FR","Seine-Maritime","France","FR","FR","FRA",4597.67509313391,2746.56552707919,19228.0596576113,2811.73559222988,7662.79146786594,3754.075704496,2854.08371107822,2062.07091597562,1400.00590482883,4277.70147003519,3538.22662349324,115481.981521506,52144.2074075032,5837.34804035692
"FR241","0","0","FR","Cher","France","FR","FR","FRA",2473.84675955614,612.082747966377,4285.04744462004,543.303941947715,1553.61416050353,725.389732327315,585.744225399479,398.448296604161,270.519293828888,826.568500099435,683.68180754994,23700.3923715878,10075.6819071199,1127.93472103524
"FR242","0","0","FR","Eure-et-Loir","France","FR","FR","FRA",4019.73863295888,880.582849457059,6164.75354252181,781.228758021738,2245.95939291389,1043.05394442054,847.881615411224,572.937620838949,388.985677485105,1188.54113304909,983.081196649404,34306.9997082717,14488.045925643,1621.8822894695
"FR243","0","0","FR","Indre","France","FR","FR","FRA",2154.88328974543,364.44949728277,2551.42526433432,370.805787011146,1050.95671631505,495.079622689945,395.363261393768,271.941583335272,184.629839589078,564.134289361532,466.613899035828,15997.1947106306,6876.66860256851,769.817204769924
"FR244","0","0","FR","Indre-et-Loire","France","FR","FR","FRA",2609.04886444485,1142.76571022522,8000.23412303229,1415.65155167942,3769.67150580034,1890.10058800624,1395.46816453196,1038.21066957395,704.874433075512,2153.73548651282,1781.42497594138,56463.4555618731,26253.5454370313,2938.98574028809
"FR245","0","0","FR","Loir-et-Cher","France","FR","FR","FRA",2523.82198672318,688.555638022456,4820.41617246974,592.471225747195,1698.19507768735,791.035202718544,640.622900354342,434.506603871959,295.000432038999,901.37032811196,745.552843014625,25920.8942098707,10987.4991673163,1230.00923633807
"FR246","0","0","FR","Loiret","France","FR","FR","FRA",3372.79356972161,1703.1933494971,11923.6562935398,1595.84325232855,4426.26296114732,2130.68269943524,1656.096629812,1170.35967612904,794.594620708756,2427.87445778915,2008.17427425064,67009.0087615293,29595.2371087961,3313.07556352022
"FR251","0","0","FR","Calvados","France","FR","FR","FRA",2389.41543629483,1060.33668068122,7423.16786265567,1574.85552088915,4096.25943807358,2102.66102737372,1506.68964176567,1154.96769165045,784.144510099022,2395.9442685213,1981.76377165898,60963.7007820266,29206.0153682407,3269.50365251696
"FR252","0","0","FR","Manche","France","FR","FR","FRA",4290.55431434183,1057.2360358979,7401.4609773536,893.45089326454,2580.79991337982,1192.88680658079,975.412972942451,655.239101053645,444.862785000688,1359.27297363368,1124.29907921227,39467.1755702018,16569.2282074993,1854.86282400287
"FR253","0","0","FR","Orne","France","FR","FR","FRA",2406.9132414621,572.546700981148,4008.2648728725,456.225247482971,1336.40883256299,609.127018232612,506.796851654404,334.586515377972,227.161487791819,694.089236988793,574.103881394429,20506.0224515283,8460.78983921277,947.153623447228
"FR261","0","0","FR","C├┤te-d'Or","France","FR","FR","FRA",5219.78439081476,885.375602372372,6198.30647911525,1440.97970571066,3791.55829344296,1923.91735511307,1399.04208784132,1056.78583358564,717.485706091419,2192.26908193059,1813.29737146994,56608.0637049236,26723.261195762,2991.56865409716
"FR262","0","0","FR","Ni├¿vre","France","FR","FR","FRA",2523.37096753275,257.337315047034,1801.55805389282,358.367377637021,989.047679898613,478.47253823897,369.584319401003,262.819501485806,178.436566431184,545.210816538687,450.96167650002,14954.1267405857,6645.99577543067,743.994248733145
"FR263","0","0","FR","Sa├┤ne-et-Loire","France","FR","FR","FRA",4646.58135714447,1172.53985386986,8208.67590408903,1015.19537119173,2915.14778704951,1355.43338030772,1100.19272102552,744.524077851625,505.481211729497,1544.49185895028,1277.49966971433,44516.0157659029,18827.004267701,2107.61236831154
"FR264","0","0","FR","Yonne","France","FR","FR","FRA",3346.76308945795,574.099953177719,4019.13882639902,594.243914173946,1677.53932620894,793.401999430474,630.454274321292,435.806658278921,295.883080561047,904.06725022298,747.783555391713,25509.4510979922,11020.3740340885,1233.68945411625
"FR301","0","0","FR","Nord","France","FR","FR","FRA",6328.69574627513,4443.42227307503,31107.3548794972,6469.91323402397,16774.3728352867,8638.27457644557,6164.45723985946,4744.90558274223,3221.46817659346,9843.15788037358,8141.59742458573,249426.369065617,119985.854472163,13431.965453038
"FR302","0","0","FR","Pas-de-Calais","France","FR","FR","FRA",6607.08580474679,2380.35192968838,16664.2843430835,2569.21434128076,7011.58468978351,3430.27458374765,2612.48049667701,1884.2106578951,1279.25088635784,3908.73594050007,3233.04318119434,105706.228332236,47646.6015710351,5333.85797077679
"FR411","0","0","FR","Meurthe-et-Moselle","France","FR","FR","FRA",1091.10916176518,1138.60842355262,7971.12993623375,1529.28873459156,3989.89653926036,2041.8227444838,1468.80429671599,1121.54991758293,761.456114341969,2326.62014385302,1924.42352356784,59430.7833346573,28360.970065204,3174.90400686228
"FR412","0","0","FR","Meuse","France","FR","FR","FRA",1725.31261237815,295.82077241323,2070.9716931353,279.933868085779,804.17901531724,373.752402590952,303.533356009787,205.297926793483,139.383329415714,425.884113119435,352.262662113632,12281.5715859437,5191.43041692382,581.161123690202
"FR413","0","0","FR","Moselle","France","FR","FR","FRA",1377.47647607897,1800.65369934335,12605.9532941463,1926.4219130966,5172.42945202973,2572.05326153348,1918.98454988702,1412.79948579526,959.194762473376,2930.80824254387,2424.16723671857,77645.9840578364,35725.8854881172,3999.37860814178
"FR414","0","0","FR","Vosges","France","FR","FR","FRA",1680.50006753904,778.230649640942,5448.20985013631,621.754227345988,1779.65534325922,830.132266169508,671.124383527089,455.982174368774,309.580883793678,945.920725856456,782.401932295624,27155.0457179226,11530.5583771158,1290.80267384011
"FR421","0","0","FR","Bas-Rhin","France","FR","FR","FRA",3453.90169882279,3044.53414782846,21314.067932082,2884.96495356691,7920.57224533044,3851.84754584935,2955.74984727203,2115.77587195578,1436.46791731748,4389.11071758563,3630.37685149478,119595.598377144,53502.2607808108,5989.37701138767
"FR422","0","0","FR","Haut-Rhin","France","FR","FR","FRA",2874.97522779015,1941.33094271454,13590.8016079187,1528.64153129969,4354.56268642817,2040.95863401744,1640.21413683119,1121.0752715712,761.133861981989,2325.63550558167,1923.6090970889,66366.37107231,28348.9675487586,3173.5603702565
"FR431","0","0","FR","Doubs","France","FR","FR","FRA",2045.28301102849,1239.57243809436,8677.95526981502,1099.93280948915,3069.88938308198,1468.57017711488,1150.42827189155,806.668828407213,547.673270721209,1673.40919576303,1384.13141027311,46548.6474418117,20398.4772646542,2283.5328640926
"FR432","0","0","FR","Jura","France","FR","FR","FRA",1408.84086437716,657.828845260388,4605.30511886805,458.940515014905,1351.23592803242,612.752295054874,513.040654201607,336.577838538715,228.513460782595,698.220174458515,577.520714718994,20758.6592917097,8511.14502685677,952.790697448916
"FR433","0","0","FR","Haute-Sa├┤ne","France","FR","FR","FRA",1553.11510904818,443.994904942721,3108.30396571418,342.086221890125,1001.51133845712,456.73482883292,379.746083180546,250.879225936098,170.329931423937,520.441089234016,430.473825905497,15365.2921918513,6344.05843664031,710.193498457575
"FR434","0","0","FR","Territoire de Belfort","France","FR","FR","FRA",140.862956400763,258.339005567032,1808.57065376968,290.426168178606,772.84461362288,387.761148282266,286.042474173409,212.992770833192,144.607605171154,441.846825849312,365.465943258813,11573.8552407001,5386.01225233325,602.943828847456
"FR511","0","0","FR","Loire-Atlantique","France","FR","FR","FRA",3558.68415097604,2994.67140869509,20964.9906159592,4071.66014606263,10624.883966006,5436.25811528606,3911.54818657381,2986.07450506191,2027.3414977911,6194.51794842585,5123.6881484969,158269.126322068,75509.7640531614,8453.03428967472
"FR512","0","0","FR","Maine-et-Loire","France","FR","FR","FRA",4719.13010457525,1671.84806877989,11704.2153511436,1692.71173117602,4670.25026054466,2260.01619863684,1745.02912213681,1241.40109035667,842.8269092472,2575.24764448245,2130.07145113405,70607.3967119076,31391.6827156413,3514.18089744112
"FR513","0","0","FR","Mayenne","France","FR","FR","FRA",3748.47386114357,795.171814850174,5566.8109656389,610.40222217191,1813.15010360821,814.975689235643,689.857256144169,447.656839734835,303.928547806156,928.650080154494,768.116817063611,27913.0155143282,11320.0331364339,1267.23516438433
"FR514","0","0","FR","Sarthe","France","FR","FR","FRA",2755.14591227145,1065.98503578086,7462.71066902686,1081.50877920041,2976.41021450568,1443.97141872629,1111.4089587259,793.157011322255,538.499665896393,1645.37935481072,1360.94701318406,44969.8473580979,20056.7998824304,2245.28336531373
"FR515","0","0","FR","Vend├®e","France","FR","FR","FRA",4539.12138978467,1778.86739665321,12453.4325100198,1371.78632339586,3972.39771214158,1831.53413238839,1502.27335756241,1006.04078428455,683.033268926453,2087.0000679939,1726.22593127039,60785.0090187908,25440.0558728219,2847.91864099595
"FR521","0","0","FR","C├┤tes-d'Armor","France","FR","FR","FRA",7188.08890465508,1066.76807590802,7468.19254889867,1151.53709594368,3250.42765065367,1537.46940027162,1221.54666252942,844.51438491388,573.367829608773,1751.91861629199,1449.06911662229,49426.2409200982,21355.4892338581,2390.66675720892
"FR522","0","0","FR","Finist├¿re","France","FR","FR","FRA",7387.54390981446,1618.17835615972,11328.4863084927,1966.0587218769,5343.78604528729,2624.97416250905,1988.95887178863,1441.86833238731,978.930532257114,2991.11065350155,2474.04533069167,80477.2862083143,36460.9581541684,4081.66723040736
"FR523","0","0","FR","Ille-et-Vilaine","France","FR","FR","FRA",5127.36777811539,2144.41908328189,15012.5739428883,3030.56957129134,7937.65848188941,4046.25087430324,2925.23602746377,2222.55940034694,1508.9666704534,4610.62979960919,3813.60252049434,118360.947703946,56202.5279777317,6291.66177539232
"FR524","0","0","FR","Morbihan","France","FR","FR","FRA",5530.16864756375,1473.35095952896,10314.5837472695,1488.51908565404,4143.36269623381,1987.38933723878,1551.65883713732,1091.65026856867,741.15628621871,2264.59425931581,1873.11988829721,62783.2450962975,27604.8886484436,3090.26353391414
"FR531","0","0","FR","Charente","France","FR","FR","FRA",3955.14891051989,1096.44717065759,7675.96891498282,665.668659539012,2065.51114508833,888.764416158342,793.732652447207,488.188144825976,331.446547317423,1012.73100192473,837.662894091012,32116.0234884267,12344.9604378159,1381.97192368484
"FR532","0","0","FR","Charente-Maritime","France","FR","FR","FRA",5492.64480030304,727.675189797585,5094.28295915118,1330.22747415039,3481.53065477096,1776.04702802111,1282.77323039366,975.562351473396,662.340485969783,2023.7735146147,1673.92918357889,51903.5913044893,24669.3385761238,2761.63973629631
"FR533","0","0","FR","Deux-S├¿vres","France","FR","FR","FRA",4750.41788378715,706.789338205852,4948.066021508,825.16465879415,2295.94467043962,1101.71475808334,859.725016819715,605.159335924943,410.862030540965,1255.3840708562,1038.36917403593,34786.2076086211,15302.8461255065,1713.09610949719
"FR534","0","0","FR","Vienne","France","FR","FR","FRA",3323.21231504076,764.863725067541,5354.63115317746,911.661238053499,2481.09831083273,1217.20026376775,923.775748969748,668.594205446452,453.929992565996,1386.977719019,1147.21457913813,37377.8293742612,16906.9427487463,1892.66869762833
"FR611","0","0","FR","Dordogne","France","FR","FR","FRA",2765.57249843386,495.751201633111,3470.63763320114,712.65314318972,1902.97401461625,951.495531078551,704.973721163334,522.645629913122,354.840836143194,1084.21197450867,896.787141549919,28524.6581677086,13216.2972260927,1479.51480229817
"FR612","0","0","FR","Gironde","France","FR","FR","FRA",7281.69592791289,2580.95593043493,18068.6657990803,4561.58507138097,11678.2091161003,6090.37910171423,4276.49639834742,3345.37569337502,2271.28256759295,6939.87699962279,5740.19896802938,173035.666800457,84595.521259672,9470.1506610121
"FR613","0","0","FR","Landes","France","FR","FR","FRA",3503.05269565295,672.98844856566,4711.43393824832,782.77652138597,2153.40545604003,1045.1204334809,804.010843224444,574.072719682175,389.756332398458,1190.89586001443,985.028868243179,32531.899810766,14516.7495114657,1625.09554802272
"FR614","0","0","FR","Lot-et-Garonne","France","FR","FR","FRA",3051.44088802068,466.778671462803,3267.80775965392,623.220250522478,1693.59045740562,832.089620198207,630.322349425229,457.057326585341,310.310839024665,948.151095424102,784.24674382344,25504.1131507027,11557.7460745616,1293.84623438686
"FR615","0","0","FR","Pyr├®n├®es-Atlantiques","France","FR","FR","FRA",2920.75329849207,1224.64385065514,8573.44373821122,1650.33393083897,4348.54778257208,2203.43567552685,1605.18140743296,1210.3220551161,821.726358089583,2510.77516019209,2076.74415328568,64948.8762058098,30605.7778046832,3426.20179640623
"FR621","0","0","FR","Ari├¿ge","France","FR","FR","FRA",495.491807921022,204.271813607932,1430.05895169693,250.043893011952,667.683901295246,333.844941326553,247.349465017199,183.377214031835,124.500656338564,380.410281701587,314.649770676037,10008.2580751212,4637.11476079959,519.107569328375
"FR622","0","0","FR","Aveyron","France","FR","FR","FRA",2841.32916503478,495.371984538541,3467.98282345941,518.575826455465,1459.66035740366,692.374103886305,548.170534604544,380.313188913251,258.206789125349,788.947787723523,652.564487406013,22180.0850837416,9617.09398491704,1076.59752670257
"FR623","0","0","FR","Haute-Garonne","France","FR","FR","FRA",1462.2421000291,3631.24485305192,25421.4916693168,4400.44234525431,11579.6918676262,5875.23014006219,4272.88461698782,3227.19682556645,2191.047154021,6694.71864321745,5537.42048297579,172889.526844362,81607.0966878242,9135.60776189576
"FR624","0","0","FR","Gers","France","FR","FR","FRA",2194.58529694209,212.608339925821,1488.42101289562,318.661912220096,871.732499650914,425.459970674189,325.004730399784,233.700303483057,158.666611464121,484.803953158011,400.997186515761,13150.3466856097,5909.6498581143,661.563090773823
"FR625","0","0","FR","Lot","France","FR","FR","FRA",989.111777697005,376.586262747661,2636.39190653111,309.420640098058,885.28091132007,413.121529162174,333.81262553528,226.922938455516,154.06524155767,470.74452187625,389.368171629901,13506.7318817874,5738.26859041175,642.377601974286
"FR626","0","0","FR","Hautes-Pyr├®n├®es","France","FR","FR","FRA",799.612276435604,303.752005935087,2126.49639473559,437.638337587498,1145.40656964482,584.310791894305,422.026123321346,320.955245631546,217.90678273417,665.811595235068,550.714520167731,17076.0278634492,8116.09182161382,908.565975890872
"FR627","0","0","FR","Tarn","France","FR","FR","FRA",1681.30584563992,612.819582133236,4290.20584742472,700.800654677737,1894.88897911472,935.670736142777,704.314173786991,513.953250761242,348.939301891699,1066.17990646095,881.872229022711,28497.9715510436,12996.4904202992,1454.90825651201
"FR628","0","0","FR","Tarn-et-Garonne","France","FR","FR","FRA",1674.12038327642,313.062090742811,2191.67411008059,461.689168955452,1226.59555952246,616.422147585386,453.785018069191,338.593646626982,229.882057373871,702.40190514279,580.979560770553,18361.0567790967,8562.11937222672,958.497083830982
"FR631","0","0","FR","Corr├¿ze","France","FR","FR","FRA",1303.26770507946,393.370267888412,2753.89278133572,463.769982597019,1253.98374416677,619.200336245435,466.095129820093,340.119673933282,230.918126125532,705.567600949322,583.598011184406,18859.1487209089,8600.70848366454,962.816989823037
"FR632","0","0","FR","Creuse","France","FR","FR","FRA",1092.29823821769,111.556434278857,780.980374346047,179.439709227451,483.953989038657,239.578093578269,179.761048424644,131.597511014754,89.3457596700863,272.994911067085,225.803008737724,7273.49446404953,3327.7458381774,372.528639576092
"FR633","0","0","FR","Haute-Vienne","France","FR","FR","FRA",1050.56555125064,516.868351541653,3618.47383599218,787.526157290048,2039.36522635051,1051.46188777766,749.203181027777,577.556008113113,392.121248335032,1198.12183266462,991.005706269537,30314.2712918598,14604.8324735965,1634.95610458206
"FR711","0","0","FR","Ain","France","FR","FR","FRA",1801.90662898961,1591.37134942904,11140.8167555264,1197.45599242894,3427.85995319046,1598.77780144169,1292.71131555049,878.190389584314,596.23154638223,1821.77843225058,1506.85245247882,52305.7062676855,22207.064491812,2485.99740677439
"FR712","0","0","FR","Ard├¿che","France","FR","FR","FRA",909.472388532476,643.487993995801,4504.90819007179,525.929291974353,1486.39816161127,702.192049188343,558.779732733504,385.706074154677,261.868191419308,800.135159091914,661.817927717317,22609.354630928,9753.46549589425,1091.86380481746
"FR713","0","0","FR","Dr├┤me","France","FR","FR","FRA",2047.07435875929,1392.53034011683,9748.77758815914,1180.95948412676,3316.85786693317,1576.75256507261,1244.95350082412,866.092178757138,588.017684063195,1796.68107316402,1486.0936069349,50373.3287917449,21901.1333961623,2451.74957042855
"FR714","0","0","FR","Is├¿re","France","FR","FR","FRA",1427.5326705404,3366.92003923899,23571.0157790194,3174.32894306571,8661.2686418603,4238.19053120524,3226.97741006069,2327.98966208778,1580.54664757315,4829.34157239108,3994.50617231507,130570.012432523,58868.5747138794,6590.11568742767
"FR715","0","0","FR","Loire","France","FR","FR","FRA",1563.95153087919,1649.61350727509,11548.5564124217,1601.95280773543,4372.72189259495,2138.83984393403,1629.33800475122,1174.84030245424,797.63666124384,2437.16937663482,2015.86240526055,65926.3008392581,29708.5400542025,3325.75940242041
"FR716","0","0","FR","Rh├┤ne","France","FR","FR","FRA",1491.08060684141,5571.71351609424,39006.2566599346,7150.45381234695,18662.3716300594,9546.8951658303,6870.89817250566,5244.00049678005,3560.31967840632,10878.5146331051,8997.97481627363,278010.393568201,132606.617663183,14844.8124583663
"FR717","0","0","FR","Savoie","France","FR","FR","FRA",625.787031296474,835.669377834942,5850.32488488884,1240.04940527661,3193.68064910584,1655.64619859285,1171.47310710853,909.427550748412,617.439454287345,1886.57894381212,1560.45107239867,47400.1639065244,22996.9679805539,2574.42413356389
"FR718","0","0","FR","Haute-Savoie","France","FR","FR","FRA",1066.17338846188,1811.71250789613,12683.3734133819,1878.58280076011,5059.19037943308,2508.18109309653,1878.47173278408,1377.71523304128,935.374941030017,2858.02706008401,2363.96754319795,76006.7537935287,34838.6994373526,3900.06146416084
"FR721","0","0","FR","Allier","France","FR","FR","FRA",1264.03752861091,634.810396235022,4444.15836787242,589.609694391053,1638.02242952952,787.214642431356,613.12461689033,432.408013733911,293.575632066156,897.0168686606,741.951954490027,24808.2582172619,10934.4314873573,1224.06850901636
"FR722","0","0","FR","Cantal","France","FR","FR","FRA",1057.72302120142,169.874615858483,1189.25225553031,264.874171024895,702.300821365856,353.645518071097,259.679623800817,194.253444731063,131.884877260954,402.972681321349,333.311868436655,10507.1611602971,4912.1452774509,549.896201992142
"FR723","0","0","FR","Haute-Loire","France","FR","FR","FRA",924.495869326402,480.334773754611,3362.71084535192,369.516970914566,1062.89759531965,493.358865870171,401.311524416362,270.99639126382,183.988118457676,562.173518040723,464.992081024808,16237.8734257621,6852.76724639695,767.141537777431
"FR724","0","0","FR","Puy-de-D├┤me","France","FR","FR","FRA",1516.42743407788,1672.14396454387,11706.2868478351,1553.55717754888,4269.5187781333,2074.22464327678,1593.68512810632,1139.34791058647,773.539741100883,2363.54152237841,1954.96240183919,64483.7135647807,28811.0332669222,3225.28689077602
"FR811","0","0","FR","Aude","France","FR","FR","FRA",3160.91650731315,273.425857185496,1914.19015569136,680.470911728796,1750.44954642351,908.527574355384,641.869517373362,499.043821944351,338.81681375632,1035.25076378536,856.289724768223,25971.3348479628,12619.4712098868,1412.70237289624
"FR812","0","0","FR","Gard","France","FR","FR","FRA",3040.65668874629,1007.8962246919,7056.04455673279,1421.26900273935,3739.69477376652,1897.60070167395,1379.9050362031,1042.3303963664,707.671447373627,2162.28173059186,1788.49385359521,55833.7400103934,26357.7222074147,2950.64793819428
"FR813","0","0","FR","H├®rault","France","FR","FR","FRA",3561.26174917807,1025.78824158593,7181.302361377,3014.30372532317,7413.57470501481,4024.53360567708,2683.44383122723,2210.63035268421,1500.86765841777,4585.88336420406,3793.13393539079,108577.547928583,55900.874561896,6257.89280922443
"FR814","0","0","FR","Loz├¿re","France","FR","FR","FRA",1108.44398591041,86.5357809203899,605.816661445072,141.768289965259,387.976498478002,189.281273280909,144.66278065022,103.970041974366,70.5885872118734,215.682592653677,178.398117983911,5853.34778270652,2629.1217197606,294.320295229879
"FR815","0","0","FR","Pyr├®n├®es-Orientales","France","FR","FR","FRA",1477.19210588817,306.885486986373,2148.43315903125,965.050404929773,2373.50775601905,1288.48256172186,859.12329742236,707.748757726534,480.513270555302,1468.20261024338,1214.39834000446,34761.8608285821,17897.0556877451,2003.50811990643
"FR821","0","0","FR","Alpes-de-Haute-Provence","France","FR","FR","FRA",1241.03269247904,233.614687536795,1635.48151484617,315.573482542588,848.711225989483,421.336468148056,315.011901422856,231.435310632511,157.128835366998,480.105296496237,397.110774102039,12746.0166770741,5852.37430271979,655.151307611991
"FR822","0","0","FR","Hautes-Alpes","France","FR","FR","FRA",943.186307274868,90.9871297495923,636.979508280831,321.797396403215,798.415149678814,429.646297804737,289.746780299384,235.999805171402,160.227816715068,489.574197321959,404.942811291046,11723.7389353967,5967.79804886856,668.072562184463
"FR823","0","0","FR","Alpes-Maritimes","France","FR","FR","FRA",467.850317196963,1371.67557044125,9602.778247705,3126.77012197617,7730.7386151703,4174.69259232361,2802.61002463009,2293.11096935513,1556.86638740357,4756.98681775124,3934.65919117432,113399.252383544,57986.5867211952,6491.38044651244
"FR824","0","0","FR","Bouches-du-Rh├┤ne","France","FR","FR","FRA",5041.60385743507,3673.56273247905,25717.7491961029,5962.90400175917,15271.2537252463,7961.34355702102,5592.81818378262,4373.0751037763,2969.02057058989,9071.80720850598,7503.58808654072,226296.700284495,110583.265324807,12379.380936705
"FR825","0","0","FR","Var","France","FR","FR","FRA",4868.16323896144,896.547803992159,6276.52043655925,2341.8155894384,5853.01791375875,3126.66419737874,2128.63063522842,1717.44093964737,1166.02559013519,3562.7773881638,2946.88956129451,86128.6873715049,43429.4455507312,4861.76320407297
"FR826","0","0","FR","Vaucluse","France","FR","FR","FRA",6346.4977198718,805.865713091051,5641.67643355536,1337.07582656355,3550.25401657237,1785.19057390825,1313.23153534209,980.584796817314,665.750384767972,2034.19242002886,1682.54700059634,53135.9957345271,24796.3426620052,2775.85736637828
"FR831","0","0","FR","Corse-du-Sud","France","FR","FR","FRA",219.767885176376,112.681013448598,788.853288774009,408.791825102916,988.135319317226,545.796504854986,355.810080326116,299.799787562812,203.543665546431,621.925260687222,514.414699249314,14396.7932551855,7581.12739105499,848.678718501401
"FR832","0","0","FR","Haute-Corse","France","FR","FR","FRA",743.087614989127,141.181846940502,988.380924750993,356.460052551349,892.854427301317,475.925982017792,324.919067886911,261.420707233122,177.486880269459,542.309061713174,448.561540293602,13146.880607621,6610.62404448425,740.03451639489
"HR041","0","0","HR","Grad Zagreb","Croatia","HR","HR","HRV",119.049204260841,204.948170642381,12821.3833840786,4043.5170120209,8165.28095244803,6209.79912903069,7685.43920516403,7018.77501975148,1338.80846171948,1208.43328254385,1708.23973711665,50877.9239075418,17363.4795500644,1208.64288894124
"HR042","0","0","HR","Zagreba─ìka ┼¥upanija","Croatia","HR","HR","HRV",428.241119529519,65.8088340823335,4116.94473380354,568.461404127734,1234.95142407146,873.010085464115,1330.24152203683,986.740674299893,188.217567959923,169.888658449402,240.154389523093,8806.25363497329,2441.06008116921,169.918126149579
"HR043","0","0","HR","Krapinsko-zagorska ┼¥upanija","Croatia","HR","HR","HRV",98.8972560516537,35.3443772904378,2211.11420654231,155.160333419787,367.033272294105,238.286249437282,449.062221040911,269.328772211304,51.3735855909768,46.3707486521396,65.5496307753826,2972.81038883498,666.282166813281,46.3787917983435
"HR044","0","0","HR","Vara┼¥dinska ┼¥upanija","Croatia","HR","HR","HRV",187.936347332683,64.692192323911,4047.08857435341,275.371488826135,655.527323128434,422.899576380855,808.838317922875,477.992431138228,91.1754985228724,82.2966915118385,116.334497489026,5354.54296029472,1182.48722601855,82.310966121181
"HR045","0","0","HR","Koprivni─ìko-kri┼¥eva─ìka ┼¥upanija","Croatia","HR","HR","HRV",435.868307054938,25.1069217182064,1570.66768605061,148.040997402046,352.550525913972,227.352785704889,435.225520911332,256.970961510871,49.0163734724079,44.243085390708,62.54196871999,2881.21086439254,635.710650732953,44.2507594873023
"HR046","0","0","HR","Me─æimurska ┼¥upanija","Croatia","HR","HR","HRV",269.725258294429,42.9092360550057,2684.36534200219,149.514953775383,378.430189206888,229.616402495957,503.760973578482,259.529468904961,49.5044004199791,44.6835875410051,63.1646619942424,3334.91838229539,642.040044493396,44.6913380440259
"HR047","0","0","HR","Bjelovarsko-bilogorska ┼¥upanija","Croatia","HR","HR","HRV",581.078765453956,15.7930052667827,987.996988104473,143.04949265116,333.890233166676,219.687121936824,401.111049167799,248.306660420425,47.3636862752643,42.7513393555078,60.4332384393651,2655.37165713588,614.276367061487,42.7587547042535
"HR048","0","0","HR","Viroviti─ìko-podravska ┼¥upanija","Croatia","HR","HR","HRV",216.417014638635,10.4468537312685,653.54629136801,93.3981060940824,209.808917004019,143.435399468316,238.380946757754,162.121314686299,30.9241124435969,27.9126759192841,39.4573228521201,1578.09168043376,401.065730738409,27.9175174571045
"HR049","0","0","HR","Po┼¥e┼íko-slavonska ┼¥upanija","Croatia","HR","HR","HRV",167.876582640817,9.38368441366003,587.035322372667,92.548678691182,203.771046426623,142.130898082264,224.360341120122,160.646870577657,30.6428670348998,27.6588186109759,39.0984704869348,1485.27469395759,397.418159751153,27.6636161164807
"HR04A","0","0","HR","Brodsko-posavska ┼¥upanija","Croatia","HR","HR","HRV",296.610127918056,25.1085475295058,1570.76939542384,177.38348877944,401.914389179985,272.415283737479,462.614305503271,307.903935178267,58.7316722153585,53.0122937476372,74.9381103976074,3062.52574584426,761.71178970793,53.0214888898683
"HR04B","0","0","HR","Osje─ìko-baranjska ┼¥upanija","Croatia","HR","HR","HRV",879.8135150696,45.0773346013248,2819.99974454256,474.058822959625,1039.48885640058,728.032071380532,1136.94807566967,822.875782293013,156.960873824522,141.675788143071,200.272712270759,7526.64306314204,2035.68098106583,141.700362235807
"HR04C","0","0","HR","Vukovarsko-srijemska ┼¥upanija","Croatia","HR","HR","HRV",474.585738210209,18.4860730786979,1156.47302176538,226.846309213282,494.706723732299,348.377417280219,536.277218882997,393.761966054708,75.1088118045999,67.7946028817519,95.8343636157248,3550.17726473512,974.112694301202,67.8063620600844
"HR04D","0","0","HR","Karlova─ìka ┼¥upanija","Croatia","HR","HR","HRV",152.102370075716,24.4379607267976,1528.81805493187,178.910755781259,396.191028975029,274.76077190273,440.239135357018,310.554979664783,59.2373503117435,53.4687281513608,75.5833254848537,2914.40119840728,768.270107448333,53.4780024635158
"HR04E","0","0","HR","Sisa─ìko-moslava─ìka ┼¥upanija","Croatia","HR","HR","HRV",313.592571164508,32.8138730933938,2052.80801447614,221.243978240912,501.037432118438,339.773681994986,576.267909479029,384.037387039867,73.2538800486894,66.1203071667316,93.4675813420182,3814.91728268853,950.055429553149,66.1317759334229
"HR031","0","0","HR","Primorsko-goranska ┼¥upanija","Croatia","HR","HR","HRV",133.706713803341,70.97832781769,4440.34386869141,776.990601053998,1630.89468747414,1193.25714306287,1654.40563089541,1348.70762384499,257.261583981242,232.209064471855,328.250435484931,10952.2333797589,3336.51629803595,232.24934183441
"HR032","0","0","HR","Li─ìko-senjska ┼¥upanija","Croatia","HR","HR","HRV",177.253977127436,4.34383706635753,271.746755343931,86.0119204429592,182.699393248145,132.092123531342,189.343856646623,149.300303871894,28.4785464127983,25.7052627823218,36.3369264750406,1253.46412529741,369.348321580742,25.7097214376763
"HR033","0","0","HR","Zadarska ┼¥upanija","Croatia","HR","HR","HRV",306.758802057916,17.9963303942848,1125.83513562701,380.426438223153,781.220222905196,584.236880348304,760.396731361624,660.347804526535,125.959191723645,113.693096416258,160.716415162985,5033.85766317236,1633.60922205944,113.71281682672
"HR034","0","0","HR","┼áibensko-kninska ┼¥upanija","Croatia","HR","HR","HRV",48.4490718425165,13.1764999792503,824.310640903751,217.588799232586,445.37988193586,334.160269870126,430.763622989799,377.692692794711,72.0436502979802,65.0279314071674,91.9234003704199,2851.67291647898,934.359532695485,65.0392106979887
"HR035","0","0","HR","Splitsko-dalmatinska ┼¥upanija","Croatia","HR","HR","HRV",184.925760971402,45.2328043780437,2829.72580165106,982.858709188788,1984.66139237533,1509.41745469012,1867.88489612249,1706.05543033234,325.4245135175,293.73418553474,415.222267648713,12365.4749033875,4220.54539324739,293.785134615097
"HR036","0","0","HR","Istarska ┼¥upanija","Croatia","HR","HR","HRV",119.498790298163,47.9977193206667,3002.69653075113,576.680201036921,1203.17367578002,885.632037526298,1207.0248316424,1001.00693959991,190.93881157395,172.344903272412,243.626534052182,7990.5540723752,2476.35285022015,172.374797015662
"HR037","0","0","HR","Dubrova─ìko-neretvanska ┼¥upanija","Croatia","HR","HR","HRV",92.8016994123302,6.71711742895622,420.217157940883,360.170017134286,711.059369537485,553.128242580496,637.928799107116,625.186517482252,119.252290806126,107.63932358527,152.158809659434,4223.11491028295,1546.62505647081,107.657993950577
"HU101","0","0","HU","Budapest","Hungary","HU","HU","HUN",830.293860288991,806.212485949287,35941.1177183263,10807.1951469758,12241.9374658435,12838.1302194554,15606.5315389916,3941.32432130251,11797.7673500691,3364.80081685666,7673.00373189743,126144.367316485,114764.865244097,15995.9066869884
"HU102","0","0","HU","Pest","Hungary","HU","HU","HUN",3195.79556799639,496.930717091862,22153.2731285116,2610.17613783023,3275.40500828762,3100.69177963877,4518.49743648721,951.916806812965,2849.42118635104,812.673656880217,1853.19974092311,36522.0804457918,27718.2477643397,3863.36448722496
"HU211","0","0","HU","Fej├®r","Hungary","HU","HU","HUN",2509.63506431324,343.409194249892,15309.2522023621,758.61890897632,1156.4828732313,901.181870774732,1794.0169408455,276.664121993304,828.152843892191,236.194636063432,538.612067284836,14500.6679666527,8056.00303096725,1122.84428234516
"HU212","0","0","HU","Kom├írom-Esztergom","Hungary","HU","HU","HUN",1919.388279937,263.981964595663,11768.3700394148,485.890063237743,785.461904792409,577.200635257445,1254.23082092327,177.201419764686,530.426058364772,151.280999320384,344.97723209508,10137.6883761082,5159.81314971719,719.173847236465
"HU213","0","0","HU","Veszpr├®m","Hungary","HU","HU","HUN",1669.55038389914,159.000487374156,7088.27428696665,563.346874630742,767.842123357533,669.213467220175,1118.4192668311,205.449490650978,614.982451403394,175.397038561075,399.970816905628,9039.95166744736,5982.35039466021,833.818943439875
"HU221","0","0","HU","Gy┼ær-Moson-Sopron","Hungary","HU","HU","HUN",3057.14692843388,486.178742142558,21673.947883502,923.599938192405,1470.64251490333,1097.16685189248,2331.44823872847,336.831791232148,1008.25580061644,287.561183472126,655.746997824288,18844.6140175832,9807.9863465563,1367.0354080326
"HU222","0","0","HU","Vas","Hungary","HU","HU","HUN",1846.12802592438,171.599451661749,7649.93869490022,406.067306616032,614.628787172122,482.377239357891,949.934595396672,148.090501733878,443.286860908191,126.428327278125,288.30384912021,7678.12490744479,4312.15121870576,601.026876717813
"HU223","0","0","HU","Zala","Hungary","HU","HU","HUN",1861.96616198368,90.3659008333331,4028.53036411262,448.132829397147,584.84081360561,532.347897967173,828.649417050758,163.431565328154,489.208049938399,139.525352314728,318.16996228779,6697.80189018192,4758.85769413643,663.288746517988
"HU231","0","0","HU","Baranya","Hungary","HU","HU","HUN",2774.58173826349,98.1799890613348,4376.88401747152,595.240420527227,760.82332679925,707.100586848421,1063.0531094058,217.080890512355,649.799314552274,185.327036846983,422.614925146392,8592.43846557347,6321.03757918753,881.025103515567
"HU232","0","0","HU","Somogy","Hungary","HU","HU","HUN",2885.52440579823,70.6528103793317,3149.7167548629,469.3572907258,603.1850094861,557.56095229527,845.905294554592,171.172009032881,512.377915336457,146.133550264774,333.239123968269,6837.27757988104,4984.24665132049,694.703419638769
"HU233","0","0","HU","Tolna","Hungary","HU","HU","HUN",2033.53989034559,114.195695603136,5090.86749477189,305.062002295576,456.995372253784,362.390579351608,702.480789995095,111.254425667446,333.023553427421,94.9805070192823,216.59106273556,5678.00696679598,3239.54542398945,451.527270129049
"HU311","0","0","HU","Borsod-Aba├║j-Zempl├®n","Hungary","HU","HU","HUN",2399.85133611101,348.902018134873,15554.1234159649,867.180895915725,1275.4546134652,1030.14529803374,1941.38081196733,316.256078432893,946.665468819737,269.995215896167,615.690025034249,15691.7796650802,9208.85551787906,1283.52865874626
"HU312","0","0","HU","Heves","Hungary","HU","HU","HUN",1276.83946948831,179.433027464394,7999.16110832735,413.146525506911,621.621760565387,490.786815824043,957.745652381739,150.67225372512,451.014950977719,128.63242937703,293.330025869116,7741.26006588743,4387.32757954647,611.504944639715
"HU313","0","0","HU","N├│gr├íd","Hungary","HU","HU","HUN",521.473200657835,41.0661982708454,1830.73952837468,204.93133906312,262.724563887569,243.442926787155,367.838583471999,74.7373263702553,223.715055398198,63.8050046937552,145.499263039965,2973.16320866932,2176.22770682112,303.322234151621
"HU321","0","0","HU","Hajd├║-Bihar","Hungary","HU","HU","HUN",5236.37947998903,141.03398325123,6287.32385401898,912.376914334511,1170.8527314261,1083.83474862385,1640.41763631601,332.738816478929,996.004090284668,284.066915132278,647.778759740895,13259.1565493517,9688.8056707967,1350.42402645438
"HU322","0","0","HU","J├ísz-Nagykun-Szolnok","Hungary","HU","HU","HUN",2652.16384936171,194.41961694653,8667.26633636714,448.669259372649,691.866652163321,532.985136194619,1079.57839222078,163.627198374506,489.793648325816,139.692368825044,318.55082236739,8726.00890947465,4764.55420585979,664.08272531781
"HU323","0","0","HU","Szabolcs-Szatm├ír-Bereg","Hungary","HU","HU","HUN",4173.59840711733,163.348996038445,7282.13169370022,693.810752774092,944.576140076509,824.19468424837,1374.87246070536,253.028945725566,757.404463867353,216.016732919965,492.598904976368,11112.8098042303,7367.78567094777,1026.92066802451
"HU331","0","0","HU","B├ícs-Kiskun","Hungary","HU","HU","HUN",4725.9304475292,236.131511859766,10526.7911532842,845.246860909768,1180.024087231,1004.08932385959,1743.78494146527,308.256857131011,922.72099122594,263.166093454933,600.117072925266,14094.6531026178,8975.93138377361,1251.06373399448
"HU332","0","0","HU","B├®k├®s","Hungary","HU","HU","HUN",4192.83070597525,75.961459865891,3386.37743606917,429.366961239315,583.325607726787,510.055466321873,847.956804440911,156.587756960216,468.722128879582,133.68263293678,304.84637791191,6853.85951008165,4559.57727946522,635.513077450237
"HU333","0","0","HU","Csongr├íd","Hungary","HU","HU","HUN",3093.8317024275,112.38842097265,5010.29882165447,758.404625708601,951.691448462708,900.927318464218,1312.88050159442,276.585974070256,827.918919723599,236.127919352532,538.459928243158,10611.7416174125,8053.72749230903,1122.52711816811
"IE011","0","0","IE","Border","Ireland","IE","IE","IRL",3918.84386448403,154.247975064298,5447.37276566684,3652.66505084384,1650.92163378122,2450.88809864078,1105.71409133265,1267.04233137158,3326.98409105798,4056.58178581666,1002.1568732419,19936.639020926,20047.5556674657,625.085240785346
"IE012","0","0","IE","Midland","Ireland","IE","IE","IRL",1892.35674816332,42.0513097423378,1485.07077227785,1657.02907183616,695.593775803394,1111.84375647222,445.39250920783,574.79291123196,1509.28412095872,1840.265630112,454.627799260875,8030.67424780569,9094.56029990215,283.56950389353
"IE013","0","0","IE","West","Ireland","IE","IE","IRL",1743.12795549449,217.259553575552,7672.66976914971,3112.36975148636,1559.63204071811,2088.3573709353,1103.2921293713,1079.62382838871,2834.86290271621,3456.53988768818,853.919725763429,19892.9697019543,17082.1591857278,532.623815334896
"IE021","0","0","IE","Dublin","Ireland","IE","IE","IRL",532.450931170798,537.281429195606,18974.4612444907,43043.6781276076,16556.1278389643,28881.7170411796,9975.45132911783,14931.0603426427,39205.7936760688,47803.5073724236,11809.6012869366,179862.926391527,236244.090652752,7366.11967759449
"IE022","0","0","IE","Mid-East","Ireland","IE","IE","IRL",2779.97918008479,317.418428963931,11209.8489755739,5490.40514655577,2620.47517528344,3683.98647100174,1808.43131520526,1904.52057339871,5000.86657872831,6097.54171385816,1506.36512735609,32607.0207551862,30133.9436494701,939.580053268519
"IE023","0","0","IE","Mid-West","Ireland","IE","IE","IRL",3345.21240911403,536.687516385184,18953.4868072748,4444.62337371053,2675.68429088817,2982.28125983004,2048.11923264598,1541.75810897136,4048.32938395576,4936.1159514048,1219.44109326602,36928.7269947567,24394.1980075058,760.614081248479
"IE024","0","0","IE","South-East (IE)","Ireland","IE","IE","IRL",5619.73897896661,572.87102714818,20231.3322442369,5295.99958622701,3073.03603657294,3553.54300917671,2319.06677875162,1837.08485975898,4823.79471546574,5881.63851876258,1453.0273956539,41814.0616962466,29066.9538657078,906.311181144577
"IE025","0","0","IE","South-West (IE)","Ireland","IE","IE","IRL",6400.43004631648,2093.00757744734,73915.994495022,10498.484418815,7913.62089519675,7044.33890260349,6516.94859632017,3641.73117127467,9562.41269194629,11659.4212935584,2880.39778421727,117504.201765371,57620.6544757214,1796.61906292232
"IS001","0","0","IS","H├Âfu├░borgarsv├ª├░i","Iceland","IS","IS","ISL",1847.96546755163,214.237094335066,7565.92955330508,1421.2274075099,1351.92872041869,953.624077226405,4803.45937240264,492.997650415418,1294.5071362261,1578.3886927919,389.932499982928,21238.9702559819,7800.36909258911,243.21646355962
"IS002","0","0","IS","Landsbygg├░","Iceland","IS","IS","ISL",1033.36308851489,119.79915716166,4230.78919383051,794.73559928165,755.984493495311,533.256675532173,2686.04457160025,275.679163712309,723.874940243055,882.618557056371,218.046202469653,11876.6114875922,4361.88534829791,136.004119327309
"ITC11","0","0","IT","Torino","Italy","IT","IT","ITA",4372.03779101994,10215.9555123355,51885.4874650471,16465.1117182681,12981.0713563632,11217.235236141,18012.5202587185,7420.4197783054,4709.622088041,8849.55475786576,6334.97439590188,187188.499411914,65535.3505618474,3225.22424373956
"ITC12","0","0","IT","Vercelli","Italy","IT","IT","ITA",1100.77131037771,995.138479605387,5054.17677741503,873.491151169878,795.519211944829,595.08589355571,1150.95555351842,393.660919234717,249.850307100786,469.478003250508,336.076922670895,11960.8827559064,3476.71791021477,171.101471137871
"ITC13","0","0","IT","Biella","Italy","IT","IT","ITA",377.452465343211,825.855934995199,4194.41311303557,979.952689895451,819.424275373398,667.615260129112,1157.67094772752,441.64050911576,280.302187591368,526.698217281203,377.038146227401,12030.6700231465,3900.46202936296,191.955404084015
"ITC14","0","0","IT","Verbano-Cusio-Ossola","Italy","IT","IT","ITA",228.003370585888,494.948740301403,2513.77921817891,892.153893699252,691.117175615309,607.800315218045,953.59224254019,402.07175702021,255.188531702216,479.508725469198,343.257438546151,9909.85705320943,3551.00039277764,174.757172398229
"ITC15","0","0","IT","Novara","Italy","IT","IT","ITA",903.274199955131,2241.51224013093,11384.3443325131,2191.66265755131,1915.13645776147,1493.12048461491,2739.95601548217,987.728307571893,626.895403939841,1177.95973878822,843.245224059871,28473.9862954215,8723.37722534707,429.307960867979
"ITC16","0","0","IT","Cuneo","Italy","IT","IT","ITA",8261.46948142585,3553.07237784197,18045.584879488,3685.33154061334,3277.44677246972,2510.71669124261,4711.69661931656,1660.88803535045,1054.13914721087,1980.76659469992,1417.9363826783,48964.5761495898,14668.5609295176,721.891283483772
"ITC17","0","0","IT","Asti","Italy","IT","IT","ITA",2145.68969093716,850.251185927561,4318.31336739057,1140.22028282785,956.30956543014,776.801235992139,1352.2537106565,513.869160628493,326.144560761187,612.837738459977,438.701323197718,14052.7999017495,4538.36798871792,223.348991631792
"ITC18","0","0","IT","Alessandria","Italy","IT","IT","ITA",2296.98204426112,1944.72492949099,9877.00081800779,2523.68922232237,2092.60880517211,1719.32120195062,2949.06617613793,1137.36449166267,721.867103495772,1356.4150882741,970.992901851226,30647.0868178755,10044.9277675141,494.346093896685
"ITC20","0","0","IT","Valle d'Aosta/Vall├®e d'Aoste","Italy","IT","IT","ITA",556.932243435868,431.499888697271,2191.53088902333,1178.4097694971,870.754208709731,802.818700242999,1182.56327423691,531.080220416774,337.068145916634,633.363560527698,453.394780757068,12289.3543815392,4690.37190095798,230.829636790426
"ITC31","0","0","IT","Imperia","Italy","IT","IT","ITA",2615.45928446868,250.983115751909,1274.71006413056,1277.55250047286,929.533951912937,870.361961068533,1255.58320166058,575.761404146095,365.426580627653,686.6501122151,491.540082958351,13048.1871514836,5084.98529571232,250.249944712102
"ITC32","0","0","IT","Savona","Italy","IT","IT","ITA",1121.72918360022,945.903569878685,4804.11917992619,1707.02709658857,1332.48546426188,1162.95138621233,1843.07969636555,769.315012638215,488.27196903002,917.48115791164,656.781024935358,19153.5286402935,6794.40389520002,334.376423971019
"ITC33","0","0","IT","Genova","Italy","IT","IT","ITA",584.746663062401,3070.92053220084,15596.7993974981,7229.28599751226,5386.78968952103,4925.11699956843,7336.86366541046,3258.06090580289,2067.83929542815,3885.54680890962,2781.47773780847,76245.6602514146,28774.4049518454,1416.08929614697
"ITC34","0","0","IT","La Spezia","Italy","IT","IT","ITA",318.403379628949,688.99779633239,3499.32871985231,1594.18928001962,1193.18739526517,1086.0780340211,1627.60601708935,718.461791589008,455.996240667376,856.833866015227,613.366519702416,16914.2975883839,6345.28056144976,312.273490942935
"ITC41","0","0","IT","Varese","Italy","IT","IT","ITA",1277.16839256054,4968.07088517282,25232.1752308776,5416.02396650334,4600.11005995078,3689.79062616625,6528.59577995164,2440.86842825533,1549.18026299834,2910.96723068735,2083.82267563494,67846.0331904183,21557.1588805168,1060.9033270063
"ITC42","0","0","IT","Como","Italy","IT","IT","ITA",1492.84520092224,2981.87934077018,15144.5709577531,3563.32580237281,2977.05763507526,2427.59748200671,4204.88457060666,1605.90305810901,1019.24105908871,1915.19179145485,1370.99450696364,43697.7181242136,14182.9469256187,697.992516710623
"ITC43","0","0","IT","Lecco","Italy","IT","IT","ITA",874.291819561487,2470.12288345064,12545.4275668732,1920.99366085772,1784.4187910265,1308.72101870216,2595.00885441386,865.744466174038,549.47420527517,1032.48243207557,739.104955037834,26967.6761742011,7646.0454775851,376.288690479655
"ITC44","0","0","IT","Sondrio","Italy","IT","IT","ITA",888.207514759453,851.707184302643,4325.70819064995,1183.03285873824,965.71225863569,805.968285889478,1354.56935483083,533.163732720171,338.390517946512,635.848346667629,455.173520705738,14076.864383118,4708.77297708069,231.735218225683
"ITC46","0","0","IT","Bergamo","Italy","IT","IT","ITA",4596.81584068701,7954.17516350844,40398.2040879752,7191.11147295553,6432.46328667493,4899.10972860011,9261.93898809886,3240.85658906972,2056.91998998224,3865.02902857501,2766.79003694252,96251.2983150008,28622.4605926351,1408.61158180161
"ITC47","0","0","IT","Brescia","Italy","IT","IT","ITA",8734.84208391426,9085.44236284277,46143.7606362399,8150.86596050048,7358.59043839651,5552.9644998246,10621.7133868747,3673.39426652709,2331.44475549738,4380.87125527627,3136.0568970151,110382.254205107,32442.5286171223,1596.61051519685
"ITC48","0","0","IT","Pavia","Italy","IT","IT","ITA",2952.72504258432,2056.1687244844,10443.0091195519,2912.29061406635,2380.50106249637,1984.06481856681,3340.40064432982,1312.49755498557,833.021265660995,1565.27788581015,1120.50782218903,34713.8865114688,11591.6605727648,570.466235153487
"ITC49","0","0","IT","Lodi","Italy","IT","IT","ITA",1903.02750952657,974.711248336535,4950.42957034606,1313.75903353481,1092.24021932129,895.028492665179,1540.4800029182,592.078795648434,375.782968774764,706.110150045798,505.470596387988,16008.872494161,5229.0965460606,257.342164322345
"ITC4A","0","0","IT","Cremona","Italy","IT","IT","ITA",5032.01534525556,2181.35666053309,11078.8220964963,2162.22618649538,1945.71650071637,1473.06621313433,2806.09348610272,974.462016048067,618.475500288342,1162.13842722076,831.919501305248,29161.2956614924,8606.21255115822,423.54187669411
"ITC4B","0","0","IT","Mantova","Italy","IT","IT","ITA",6637.0863623485,2536.7092581977,12883.6109612811,2372.80160570595,2181.60378421703,1616.52555022545,3164.20259780244,1069.36316414058,678.707745442943,1275.31705211262,912.938683678923,32882.8130439563,9444.35650996063,464.789877849185
"ITC4C","0","0","IT","Milano","Italy","IT","IT","ITA",2369.7255838742,16258.0517962356,82572.4957064555,43890.5033347086,32192.9070183442,29901.4126938366,43608.6031661231,19780.3673972829,12554.2837180411,23589.9652098837,16886.9315681674,453186.387627522,174695.414862245,8597.37351602519
"ITC4D","0","0","IT","Monza e della Brianza","Italy","IT","IT","ITA",624.770349340135,4640.65725839156,23569.2847055878,5705.08550115335,4712.168330552,3886.72043067475,6633.03730992264,2571.14133290161,1631.86239790789,3066.33003192725,2195.03949895088,68931.4034212773,22707.697627619,1117.525370357
"ITF11","0","0","IT","L'Aquila","Italy","IT","IT","ITA",2885.19583286369,770.634552258109,3913.9510105579,1774.29578652579,1366.98525372167,1208.77972506385,1882.78316597625,799.631352169459,507.513266227563,953.636269718679,682.66274597618,19566.1323621007,7062.15046457077,347.553170861198
"ITF12","0","0","IT","Teramo","Italy","IT","IT","ITA",1640.79227856551,1156.04805730207,5871.41524977392,1551.58806706521,1281.81793235822,1057.05497998835,1804.45169220387,699.262475568821,443.810740991426,833.936859712301,596.975644382626,18752.1012980646,6175.71685164331,303.928666614727
"ITF13","0","0","IT","Pescara","Italy","IT","IT","ITA",1396.47829735029,793.772348849911,4031.4648205567,1887.46402264282,1423.53810951259,1285.87818315542,1946.85845770182,850.633485159969,539.883506624416,1014.46115323633,726.204380585031,20232.0112916017,7512.58895252627,369.720827236157
"ITF14","0","0","IT","Chieti","Italy","IT","IT","ITA",3000.4871784237,1766.21479535304,8970.37144633377,1994.86630093054,1719.37387955483,1359.04845014572,2450.41957274618,899.037043160553,570.604472918776,1072.18698948269,767.527554982892,25465.0851831754,7940.07745543863,390.75903442804
"ITF21","0","0","IT","Isernia","Italy","IT","IT","ITA",710.808647472737,156.07985256196,792.708936904773,397.673377188801,303.908593792777,270.924114904618,417.465146179461,179.221583423771,113.749080667109,213.7387457428,153.005379224228,4338.35316478184,1582.84162471041,77.8971827914218
"ITF22","0","0","IT","Campobasso","Italy","IT","IT","ITA",2385.65918450187,498.73210873828,2532.99444629636,1081.54460463805,848.724105060957,736.827083605131,1175.94159170164,487.425479565458,309.361178129966,581.301139378206,416.12577525399,12220.540978442,4304.82380113997,211.855463798291
"ITF31","0","0","IT","Caserta","Italy","IT","IT","ITA",5643.16486864376,1283.65975010774,6519.53816685858,3784.12477530774,2833.28055413764,2578.02184970544,3865.2987850545,1705.41170972526,1082.39761324663,2033.86530153497,1455.94721570429,40168.6976037033,15061.7832397951,741.243131263843
"ITF32","0","0","IT","Benevento","Italy","IT","IT","ITA",2546.33657756495,367.735735730008,1867.68118592826,1106.69553867,840.552318223492,753.961734634072,1152.26229624604,498.760385245234,316.555261989131,594.819090044782,425.802631740098,11974.4625996367,4404.9309432563,216.78208704753
"ITF33","0","0","IT","Napoli","Italy","IT","IT","ITA",5363.44928845017,5073.15617909331,25765.8895460866,15126.7318503625,11054.1733497942,10305.433235007,14954.5848717974,6817.24497982084,4326.79666323178,8130.2115714655,5820.03089960205,155410.029316964,60208.2568057332,2963.0592933182
"ITF34","0","0","IT","Avellino","Italy","IT","IT","ITA",2128.49934554284,882.299228996292,4481.08114128251,1728.62082718586,1348.69485492245,1177.66261076278,1865.21261868522,779.046774460017,494.448563050416,929.087207394762,665.089242503908,19383.536904385,6880.35245897815,338.606253967125
"ITF35","0","0","IT","Salerno","Italy","IT","IT","ITA",7961.59936026878,1760.71413227126,8942.43430574671,4917.66720350139,3710.61823146284,3350.27364396974,5075.48794749548,2216.27132596364,1406.63206418141,2643.11387271436,1892.07922514021,52745.143879301,19573.5716612473,963.284049252958
"ITF43","0","0","IT","Taranto","Italy","IT","IT","ITA",3938.88250290957,802.253050076135,4074.53718090878,2518.97539119668,1877.97529021367,1716.10979631274,2558.28823521237,1135.24008422984,720.51877597946,1353.88153081151,969.179248837578,26586.0706294426,10026.1655155113,493.422737730772
"ITF44","0","0","IT","Brindisi","Italy","IT","IT","ITA",2850.69281276722,715.010793535356,3631.44529364446,1647.24340957686,1271.60638777522,1122.22237738635,1752.54612734694,742.371979325571,471.171655489937,885.349033885404,633.779169072358,18212.6917841742,6556.44954947608,322.665856801506
"ITF45","0","0","IT","Lecce","Italy","IT","IT","ITA",2770.18465063002,1047.12979506816,5318.23379523169,3364.67537824314,2465.79992887553,2292.26232149582,3339.17064598133,1516.3762111976,962.419797181216,1808.4225307241,1294.56348286071,34701.1042055046,13392.2674934134,659.080411229961
"ITF46","0","0","IT","Foggia","Italy","IT","IT","ITA",9734.73755417687,961.744765702727,4884.57451925957,2509.17324437835,1992.0421482153,1709.43185883125,2770.24315860197,1130.82249840564,717.715004711114,1348.61314050249,965.407859357721,28788.7343035091,9987.15046726936,491.502670494055
"ITF47","0","0","IT","Bari","Italy","IT","IT","ITA",5480.38356071053,2469.91850582549,12544.3895599344,6688.28871835951,4981.46411003095,4556.55018713462,6783.77553919157,3014.24677450972,1913.09435478855,3594.77532022262,2573.32829003505,70497.8950912701,26621.0975860081,1310.11749526422
"ITF48","0","0","IT","Barletta-Andria-Trani","Italy","IT","IT","ITA",2934.23560398944,615.504538146243,3126.06617756947,1445.94459217019,1120.22351184292,985.082938174264,1545.71376074656,651.651566880593,413.592856573977,777.156332990612,556.329172010893,16063.2623996326,5755.22883551066,283.234977907697
"ITF51","0","0","IT","Potenza","Italy","IT","IT","ITA",2889.81506806006,1720.61319322678,8738.76693781265,1645.97729673433,1479.38406918934,1121.3598089548,2132.86725506319,741.801373493129,470.809501068446,884.668532281693,633.29203041354,22165.0393829169,6551.4100969412,322.417847683506
"ITF52","0","0","IT","Matera","Italy","IT","IT","ITA",2730.26686758944,358.642398366997,1821.49732762991,825.853957011228,657.204398260142,562.631961750654,914.625414555013,372.192010686369,236.224333244018,443.87429248125,317.748446651335,9504.90860887073,3287.10970880146,161.770187139735
"ITF61","0","0","IT","Cosenza","Italy","IT","IT","ITA",3912.51139681679,491.050769623872,2493.98194043196,2800.69202812227,1998.02014896774,1908.0357206794,2679.88370013056,1262.20282461629,801.100002425761,1505.29664704839,1077.57011264466,27849.7068272874,11147.4696934562,548.606045492305
"ITF62","0","0","IT","Crotone","Italy","IT","IT","ITA",2860.58353528631,308.822311239434,1568.46769148443,629.173544905557,519.83559480801,428.638917143329,731.810384127823,283.552999608484,179.96656658033,338.163860234524,242.075387386121,7605.07056710391,2504.27142768049,123.24397218013
"ITF63","0","0","IT","Catanzaro","Italy","IT","IT","ITA",2687.35786019719,356.78524635469,1812.06509808086,1774.67827520466,1278.64090093103,1209.04030425453,1721.12974550567,799.803730383843,507.622671931042,953.84184709743,682.809909021824,17886.2085775295,7063.6728672173,347.628093630089
"ITF64","0","0","IT","Vibo Valentia","Italy","IT","IT","ITA",1692.75695413717,139.094248576721,706.441299815103,609.81484149575,454.394016479168,415.450356158738,618.889383368958,274.828509418411,174.429271800028,327.759077758843,234.627099604211,6431.58055124051,2427.21884303407,119.451944489519
"ITF65","0","0","IT","Reggio di Calabria","Italy","IT","IT","ITA",4848.84548490089,342.783017918544,1740.94963099321,2432.39941637786,1739.87096091806,1657.12792652904,2335.87232204862,1096.22242757108,695.754891574839,1307.34927260493,935.869023364348,24274.6949622702,9681.57102037106,476.46403513046
"ITG11","0","0","IT","Trapani","Italy","IT","IT","ITA",2954.78497492441,397.551745013101,2019.11275530497,1726.36730578951,1259.41737424589,1176.12734759269,1702.76904435197,778.031167944467,493.803973792491,927.876000247414,664.222197044952,17695.40173608,6871.3828681709,338.164828973133
"ITG12","0","0","IT","Palermo","Italy","IT","IT","ITA",4349.40585816104,1088.83113331944,5530.02937915919,6183.27466022385,4347.38835665564,4212.49776984184,5799.95958511025,2786.64939348774,1768.64192691173,3323.34384514766,2379.02343607464,60273.9492193511,24611.0126315366,1211.1941711108
"ITG13","0","0","IT","Messina","Italy","IT","IT","ITA",2361.47766322866,623.304711822382,3165.68222846259,2944.61360625918,2096.37926997975,2006.08559881822,2809.70830298088,1327.06473039657,842.266819568415,1582.65062486246,1132.94413792404,29198.8613178999,11720.3143384246,576.7977377776
"ITG14","0","0","IT","Agrigento","Italy","IT","IT","ITA",4331.01643797672,352.662220209492,1791.12479336669,1612.24775658553,1196.04257908902,1098.38078562778,1626.55169549989,726.60030160756,461.161623178373,866.539811528873,620.314543416526,16903.3409385983,6417.15791112158,315.810827185892
"ITG15","0","0","IT","Caltanissetta","Italy","IT","IT","ITA",2091.702724922,204.519903609421,1038.72955224462,1009.87150013448,736.405056518617,687.998136247975,995.49101905047,455.124179013655,288.860057830009,542.778773188197,388.549449646608,10345.2746954663,4019.54653671149,197.815969974966
"ITG16","0","0","IT","Enna","Italy","IT","IT","ITA",1286.75488949837,141.876280354304,720.570871419919,637.135419225875,466.763170381911,434.063126750879,632.01136702353,287.141220003814,182.243952838182,342.443153565691,245.138729489452,6567.94594566209,2535.9617212928,124.803562574832
"ITG17","0","0","IT","Catania","Italy","IT","IT","ITA",5782.86237074087,1449.0206050281,7359.38408776335,5136.23754451728,3756.63865736253,3499.17970502602,5083.68445601471,2314.77558813793,1469.15114837912,2760.58955307184,1976.17446468256,52830.3230828825,20443.5374510941,1006.09811422069
"ITG18","0","0","IT","Ragusa","Italy","IT","IT","ITA",4625.44820960047,345.455075676639,1754.52065909197,1358.20298560889,1032.33300511301,925.30695501449,1415.50909049484,612.108588743047,388.495559004912,729.997579069386,522.570468120388,14710.1581981789,5405.99482828103,266.04794866014
"ITG19","0","0","IT","Siracusa","Italy","IT","IT","ITA",4549.13167714504,379.062149498392,1925.20654406963,1731.38370852899,1282.95489251525,1179.54488708655,1744.05986964119,780.291936941419,495.238847818773,930.572181815457,666.15226490346,18124.5014686189,6891.34943248681,339.147453568009
"ITG25","0","0","IT","Sassari","Italy","IT","IT","ITA",1779.36748758725,305.822482369612,1553.2319572416,1666.25552001347,1183.26019282735,1135.17481395356,1584.41642100494,750.940268610522,476.609812046943,895.5675319588,641.094104730788,16465.4655779196,6632.12260555389,326.389993057247
"ITG26","0","0","IT","Nuoro","Italy","IT","IT","ITA",1094.01985016277,178.409021350901,906.115833196032,707.748419201517,517.735479745171,482.169853568747,700.669655566694,318.964757589859,202.44184460342,380.395742080976,272.307178420606,7281.45198590454,2817.01949890223,138.635400666276
"ITG27","0","0","IT","Cagliari","Italy","IT","IT","ITA",4125.67657197085,1052.99187987228,5348.00654896541,3499.12817957021,2575.68430066579,2383.86137812235,3493.3568905697,1576.97077279472,1000.87819902895,1880.6872956435,1346.29438322983,36303.4281079849,13927.4239879311,685.417337568433
"ITG28","0","0","IT","Oristano","Italy","IT","IT","ITA",2324.91733404598,136.75480929078,694.559596963191,689.897852358031,515.992185752276,470.008745232039,703.684613318197,310.919947355598,197.335931851132,370.801542451883,265.43914825836,7312.78382671238,2745.96968303504,135.138790261608
"ITG29","0","0","IT","Olbia-Tempio","Italy","IT","IT","ITA",527.755670384394,169.148845504618,859.084624297725,969.845532079053,679.217220625299,660.729526905114,904.841289321954,437.085462357101,277.411172060231,521.26589176328,373.149403346223,9403.23068184387,3860.23295943527,189.975590586085
"ITG2A","0","0","IT","Ogliastra","Italy","IT","IT","ITA",398.765721380483,48.3621111845826,245.624769080187,242.262347994235,174.958899524215,165.046784547238,235.703654235827,109.181665411999,69.2958617431318,130.20949696718,93.2107718365352,2449.46363466007,964.266029614798,47.4549102044274
"ITG2B","0","0","IT","Medio Campidano","Italy","IT","IT","ITA",1240.59723559956,90.6445386989304,460.371628552943,353.160235715317,269.168935217955,240.598515689053,369.416638962025,159.160608373242,101.01669974685,189.814129277722,135.878886775178,3839.0267054175,1405.66795100631,69.177845473716
"ITG2C","0","0","IT","Carbonia-Iglesias","Italy","IT","IT","ITA",1349.95654262028,215.563253228828,1094.81726499533,427.116024388649,345.178654050311,290.982594024985,482.68951530955,192.490658383342,122.170750920883,229.563376821525,164.333478258726,5016.17345906523,1700.03088152972,83.6644767626776
"ITH10","0","0","IT","Bolzano-Bozen","Italy","IT","IT","ITA",10863.2336670573,2802.12886330627,14231.6420463038,5691.05337552211,4477.22627371153,3877.16072304798,6208.36680627005,2564.81739994887,1627.84869852062,3058.78814176168,2189.64061930068,64518.1712260349,22651.8461831766,1114.77672506679
"ITH20","0","0","IT","Trento","Italy","IT","IT","ITA",7448.75252498541,2537.99732674149,12890.1528911281,4788.45104624326,3778.89192837491,3262.24217129735,5245.20970815145,2158.03679069893,1369.67153340776,2573.66366315471,1842.36313078424,54508.9149251301,19059.2583477962,937.972888891416
"ITH31","0","0","IT","Verona","Italy","IT","IT","ITA",8274.2864048873,4469.35014462011,22699.2385220928,6774.14410554329,5493.57079877351,4615.0411400543,7690.23263704009,3052.93968009297,1937.65212486486,3640.92028195389,2606.36126842389,79917.9174696163,26962.8239582907,1326.93504748851
"ITH32","0","0","IT","Vicenza","Italy","IT","IT","ITA",3151.08185023524,7754.37694647981,39383.4553576523,4963.34538313251,4907.79784350618,3381.39295216809,7248.42777608804,2236.8573549789,1419.69768847921,2667.66466585819,1909.65396762395,75326.6227608997,19755.3824844215,972.231596945133
"ITH33","0","0","IT","Belluno","Italy","IT","IT","ITA",825.049265425237,1270.90546026078,6454.76081488392,1418.93524551725,1206.23537669883,966.682200896283,1712.35426068402,639.4791204659,405.867198967956,762.63953551792,545.937288710973,17795.0125754275,5647.72473644142,277.944324487108
"ITH34","0","0","IT","Treviso","Italy","IT","IT","ITA",7319.17803671436,6106.50550292282,31014.1341497197,5431.43437982713,4936.93672119636,3700.28932391558,7139.06364237004,2447.81352147889,1553.58820290287,2919.24991342183,2089.7518533719,74190.0961790491,21618.4962620517,1063.92195448411
"ITH35","0","0","IT","Venezia","Italy","IT","IT","ITA",3218.85272556559,3140.68090583787,15951.1031126553,6342.69656799167,4859.34988205163,4321.10760327782,6680.59037213468,2858.49691555363,1814.24240330011,3409.02883329319,2440.3612345139,69425.5811504378,25245.5525479109,1242.42210388854
"ITH36","0","0","IT","Padova","Italy","IT","IT","ITA",3817.90926791337,5265.56387344077,26743.1027887627,6701.56794556667,5543.37963921535,4565.59696543079,7806.51525043305,3020.23139471119,1916.89269778415,3601.91254773268,2578.43749098031,81126.341809802,26673.9523023989,1312.71866106616
"ITH37","0","0","IT","Rovigo","Italy","IT","IT","ITA",1779.32720257797,1008.81531971553,5123.63964021228,1230.92713466147,1043.08613375884,838.59736054674,1479.39147713139,554.7485016795,352.090026558319,661.590231971736,473.600909288063,15374.032432411,4899.40442958716,241.116859995691
"ITH41","0","0","IT","Pordenone","Italy","IT","IT","ITA",2619.4757084038,2070.10936533275,10513.8117914233,1863.36886981046,1690.21682978332,1269.46280729912,2442.80073535284,839.774394028501,532.99141467049,1001.51065657177,716.933737368627,25385.9092145469,7416.68408927792,365.001012855226
"ITH42","0","0","IT","Udine","Italy","IT","IT","ITA",2644.25018151322,2669.94229756105,13560.2839543721,3624.60377683285,2970.11544522982,2469.34450845111,4170.9009065588,1633.51952992154,1036.76879330427,1948.1270547992,1394.5712919791,43344.5553803961,14426.8489170945,709.99578836875
"ITH43","0","0","IT","Gorizia","Italy","IT","IT","ITA",611.609086452153,760.979705155477,3864.91531852541,814.8950192308,701.254585512112,555.165933877615,998.970358606293,367.253087705064,233.089677596653,437.984158139292,313.531980256621,10381.4324535725,3243.49033703437,159.623525008323
"ITH44","0","0","IT","Trieste","Italy","IT","IT","ITA",184.682842367373,811.996402452816,4124.02237952749,2026.97460922967,1500.53714128232,1380.9229720675,2039.16289021708,913.50746583533,579.788619407586,1089.44434171555,779.881270794307,21191.2511960363,8067.87672436168,397.048484273491
"ITH51","0","0","IT","Piacenza","Italy","IT","IT","ITA",2929.68610819633,1504.20891685556,7639.6782274631,1980.66863780357,1654.79246573544,1349.37596630086,2337.27799715615,892.638506541077,566.543423774046,1064.55612736491,762.064984553369,24289.302924413,7883.56712947753,387.977963269515
"ITH52","0","0","IT","Parma","Italy","IT","IT","ITA",3711.42054677209,3614.77905479944,18358.9849339343,3264.59777167633,2945.49618729719,2224.08215521827,4250.97452994448,1471.27370209589,933.793953975888,1754.6335085478,1256.05848598902,44176.6910942635,12993.9330549977,639.476977710794
"ITH53","0","0","IT","Reggio nell'Emilia","Italy","IT","IT","ITA",4138.00545011025,4341.04703142117,22047.6039722387,3501.86487893215,3257.82876078823,2385.72581737054,4739.57492865879,1578.20413570291,1001.66099479638,1882.15819795341,1347.34733207608,49254.291237593,13938.3167504666,685.953408582161
"ITH54","0","0","IT","Modena","Italy","IT","IT","ITA",3845.81665229122,6004.08599896346,30493.9590292973,4807.73844162088,4454.13923274853,3275.38215204848,6473.06704508684,2166.72914411755,1375.18843149175,2584.03011948075,1849.78398270262,67268.9712132887,19136.0271082592,941.750948599417
"ITH55","0","0","IT","Bologna","Italy","IT","IT","ITA",3712.91704975729,6878.8388077456,34936.7128999731,8977.11054897107,7368.36577875122,6115.86258822202,10352.5045463016,4045.76232517819,2567.7808235769,4824.95550166181,3453.95563965808,107584.600230456,35731.1931389167,1758.45722013219
"ITH56","0","0","IT","Ferrara","Italy","IT","IT","ITA",4210.47222887267,1326.33753328313,6736.29298546647,1903.23156245108,1586.53342726664,1296.62018151843,2239.38532087083,857.739526482402,544.393597720408,1022.93578185213,732.270963228434,23271.9892495877,7575.34778869537,372.809409477437
"ITH57","0","0","IT","Ravenna","Italy","IT","IT","ITA",5121.65683863958,1723.68799036209,8754.38342596486,2614.55264605125,2149.14224544267,1781.22399470222,3020.8558441778,1178.3143958054,747.857354561833,1405.25173496892,1005.95272919377,31393.1345691423,10406.5874045219,512.144631926306
"ITH58","0","0","IT","Forl├¼-Cesena","Italy","IT","IT","ITA",5145.96353659535,2049.4108912874,10408.6869781517,2636.75337523468,2231.45246134761,1796.34875097024,3163.63040841791,1188.31971691979,754.207572302349,1417.18402986829,1014.49449030381,32876.8667759866,10494.9519777274,516.493362212276
"ITH59","0","0","IT","Rimini","Italy","IT","IT","ITA",1055.79412262071,1048.26441118997,5323.99636051445,2449.30467822767,1839.62941118077,1668.64502414384,2512.38752646934,1103.8412121584,700.590412643527,1316.43539622169,942.373346129176,26109.0643766728,9748.85828089041,479.775477002081
"ITI11","0","0","IT","Massa-Carrara","Italy","IT","IT","ITA",346.274754315067,601.321647646235,3054.03315174357,1090.0123761431,844.710444228899,742.595947280237,1165.66123835727,491.241695345188,311.783269422091,585.852338841245,419.383761995455,12113.706183071,4338.52769477622,213.514150506031
"ITI12","0","0","IT","Lucca","Italy","IT","IT","ITA",1096.67505781953,1734.01770777089,8806.84669506236,2339.07267669768,1909.78387554742,1593.54694325195,2678.95180409828,1054.16236768098,669.060042361338,1257.1886598314,899.961431819071,27840.0224401286,9310.10675663644,458.182977063195
"ITI13","0","0","IT","Pistoia","Italy","IT","IT","ITA",5686.53963599352,911.720685668829,4630.50883011132,1581.09942840441,1311.71964750612,1077.16027219316,1848.86737110723,712.562518296327,452.252065993616,849.798422793022,608.330181276816,19213.6749237906,6293.1796082899,309.709420470854
"ITI14","0","0","IT","Firenze","Italy","IT","IT","ITA",3221.6239370272,5224.32320408182,26533.6468812374,9573.88301853054,7410.20502408868,6522.42752917375,10221.6491150392,4314.71295922424,2738.47950162193,5145.70465524901,3683.56466870851,106224.733234272,38106.5000100414,1875.35439457918
"ITI15","0","0","IT","Prato","Italy","IT","IT","ITA",353.306930120296,1621.33495613714,8234.54589653596,1653.57687669937,1425.53720295247,1126.53719721807,2031.77820149068,745.226316757668,472.983257935425,888.753102139955,636.21597926502,21114.5085314083,6581.65836647336,323.906471020223
"ITI16","0","0","IT","Livorno","Italy","IT","IT","ITA",848.862327331859,728.687599825579,3700.90798467482,2172.16646339145,1588.58364073201,1479.8382549014,2149.69150242248,978.941853691658,621.318781793625,1167.48105873188,835.744036522638,22339.8791927651,8645.77739239419,425.489001170594
"ITI17","0","0","IT","Pisa","Italy","IT","IT","ITA",1700.35335648655,1950.06375329444,9904.11599829587,2931.68588979623,2352.36825715683,1997.2782952838,3282.22631666749,1321.23852741833,838.569021457864,1575.70232492435,1127.97018122143,34109.3311831195,11668.8587245873,574.265426714917
"ITI18","0","0","IT","Arezzo","Italy","IT","IT","ITA",2833.5233380338,1962.13208259416,9965.4094473373,1870.62587883439,1675.87335665711,1274.40681124669,2414.0550056982,843.044949018587,535.067183761949,1005.41110376183,719.725881579007,25087.179779617,7445.5688389566,366.42253260204
"ITI19","0","0","IT","Siena","Italy","IT","IT","ITA",3954.36916027254,977.430528430981,4964.2404344482,1819.35700714736,1455.46712527686,1239.47871577759,2028.89846002621,819.939332974951,520.402417761103,977.855463986545,700.000112631822,21084.5818761882,7241.50563328807,356.379867192686
"ITI1A","0","0","IT","Grosseto","Italy","IT","IT","ITA",3522.66765128742,339.810611894123,1725.8531737568,1271.10227021271,957.374012581222,865.967593669549,1308.72450764267,572.85444444755,363.581579668902,683.183286914138,489.058347987771,13600.438651035,5059.31173160073,248.986458659368
"ITI21","0","0","IT","Perugia","Italy","IT","IT","ITA",4191.63028888141,2328.92497914753,11828.3020777338,3841.59987326054,3065.29375038271,2617.1780792524,4269.52004409282,1731.31431888496,1098.83758617014,2064.75662102615,1478.06083874937,44369.4185368638,15290.5488113481,752.501486657995
"ITI22","0","0","IT","Terni","Italy","IT","IT","ITA",1650.05062857008,763.087677752742,3875.62143266618,1184.78785845746,960.034121764497,807.163919725838,1343.57820235595,533.954667810696,338.892511834167,636.791611820091,455.848759263257,13962.6428689141,4715.75832426829,232.078991638158
"ITI31","0","0","IT","Pesaro e Urbino","Italy","IT","IT","ITA",1267.83090331723,1790.5112212432,9093.76978136445,2036.57855141009,1725.60532554048,1387.46587809058,2447.31951748585,917.835725717481,582.535696925135,1094.60620236194,783.576400766927,25432.8689977698,8106.1028675145,398.929726726369
"ITI32","0","0","IT","Ancona","Italy","IT","IT","ITA",1995.2400007131,2352.27087728247,11946.8728079585,3008.59848404642,2490.47836667289,2049.67676527833,3508.01036834791,1355.90113677929,860.568826799442,1617.04077594934,1157.56240772037,36455.7089924515,11974.9904966065,589.331243933113
"ITI33","0","0","IT","Macerata","Italy","IT","IT","ITA",1355.3291292401,1445.43204124722,7341.15824673991,1713.9729644891,1443.90094041281,1167.68341812883,2044.3679341621,772.44534399755,490.258740419411,921.214375115293,659.453457170264,21245.342703024,6822.0502237283,335.736996673466
"ITI34","0","0","IT","Ascoli Piceno","Italy","IT","IT","ITA",1368.73421761952,780.198153707106,3962.52327797856,1170.78150977016,950.137535417834,797.621773233715,1330.35076043891,527.64235189086,334.8861855924,629.263576068683,450.459797327719,13825.1815382427,4660.00947864731,229.335395595476
"ITI35","0","0","IT","Fermo","Italy","IT","IT","ITA",825.77600510115,893.503335863726,4537.98531884332,809.530168711047,728.382159524224,551.51100633649,1050.43190241255,364.835281887187,231.555134804645,435.100695260043,311.467846635057,10916.2276418167,3222.1368615439,158.572645654668
"ITI41","0","0","IT","Viterbo","Italy","IT","IT","ITA",4405.4839547027,454.369954055281,2307.68492748062,1563.76186635269,1186.39723973312,1065.34866014442,1625.76362991965,704.74890666966,447.292891310276,840.479949443435,601.659530414291,16895.1512565724,6224.1716825382,306.313298633762
"ITI42","0","0","IT","Rieti","Italy","IT","IT","ITA",1228.1087787036,216.38847639607,1099.0084643646,740.572065368914,549.1500097447,504.531715830455,746.7003598907,333.757565399745,211.830603795894,398.037569180691,284.936121461417,7759.80916999229,2947.66599527017,145.064972551267
"ITI43","0","0","IT","Roma","Italy","IT","IT","ITA",5278.50736197536,9085.71088415124,46145.1244204662,43300.7020958874,30366.2278109124,29499.5970638167,40473.8025407275,19514.5585250017,12385.5790660815,23272.9629053434,16660.0047297386,420609.123780209,172347.855270222,8481.84188241211
"ITI44","0","0","IT","Latina","Italy","IT","IT","ITA",5864.24488874324,1766.70061418526,8972.83885595581,2758.47078351626,2263.66762833939,1879.27152880436,3180.23851854619,1243.17475095971,789.023187546917,1482.60386351437,1061.3254306699,33049.4604590652,10979.4183547373,540.335650244816
"ITI45","0","0","IT","Frosinone","Italy","IT","IT","ITA",1750.51259884571,1761.98556376244,8948.89173820312,2365.35129360753,1942.68071641149,1611.44985412204,2729.96671650083,1066.00549222218,676.576684626477,1271.31270971845,910.072165844572,28370.1761755917,9414.70236466723,463.33049344813
"LI000","0","0","LI","Liechtenstein","Liechtenstein","LI","LI","LIE",58.460332610467,43.0781152969677,5529.12450074254,478.68250174671,731.762303883311,386.186990143734,666.612913795901,117.820497542513,218.989844037543,453.248684754575,224.572877035817,10530.0911688261,3334.33314017942,405.994241716556
"LT001","0","0","LT","Alytaus apskritis","Lithuania","LT","LT","LTU",568.561774198446,62.9708512362968,1519.92632386017,468.860780237105,352.936720738281,332.633416407258,396.645877515949,60.5454950354878,276.250049863329,55.8219283481247,189.608907486878,2223.38742636852,1741.38665147568,47.714760800717
"LT002","0","0","LT","Kauno apskritis","Lithuania","LT","LT","LTU",3506.60364644375,422.452262219948,10196.7227902466,3395.1593276924,2533.93363641298,2408.69676889198,2798.38746351963,438.427803911294,2000.40816613977,404.223063027513,1373.01407582458,15686.2830378129,12609.8948389047,345.516669402892
"LT003","0","0","LT","Klaip─ùdos apskritis","Lithuania","LT","LT","LTU",918.213844228826,225.059125149409,5432.24812788229,1861.5767883139,1376.69913086271,1320.69619192324,1491.43681399691,240.391376173628,1096.83023676253,221.636806642772,752.828037475496,8360.20754893778,6914.04593113426,189.447902043856
"LT004","0","0","LT","Marijampol─ùs apskritis","Lithuania","LT","LT","LTU",1294.16201151867,66.725351844655,1610.54863871786,423.744423414857,331.058695468336,300.625603985745,399.435942201537,54.7194753018275,249.66775433523,50.4504361184134,171.363698061324,2239.02705630629,1573.82087322111,43.1233847148675
"LT005","0","0","LT","Panev─ù┼¥io apskritis","Lithuania","LT","LT","LTU",1704.80135815386,137.619198143003,3321.71215442472,820.876115963745,637.699802250844,582.370798346703,761.495776362934,106.002363385352,483.655442137692,97.7323966078848,331.965116492036,4268.54337930187,3048.79992336229,83.5384599676355
"LT006","0","0","LT","┼áiauli┼│ apskritis","Lithuania","LT","LT","LTU",2300.64928154653,141.452158932015,3414.2282612768,1122.3196372881,849.319994192754,796.229991903579,964.675540602963,144.928731282011,661.264214948077,133.62185326038,453.869910316772,5407.46189254329,4168.38540872236,114.215595102811
"LT007","0","0","LT","Taurag─ùs apskritis","Lithuania","LT","LT","LTU",677.51853220659,31.7825802896855,767.135578987501,302.01920937367,226.11263857144,214.267615610286,251.320719350727,39.000708339282,177.947964867028,35.9579972905571,122.137604046201,1408.77129718266,1121.72363708174,30.7357214335538
"LT008","0","0","LT","Tel┼íi┼│ apskritis","Lithuania","LT","LT","LTU",651.275142439057,92.753180728866,2238.7818846937,465.819509198491,365.863561600839,330.475785787603,445.648918803103,60.1527659603946,274.458150622705,55.4598387446417,188.379007048817,2498.07261037701,1730.09112620806,47.4052584361468
"LT009","0","0","LT","Utenos apskritis","Lithuania","LT","LT","LTU",540.861410954653,78.1403715110996,1886.0727667514,361.899347313219,287.472658908284,256.749596823765,357.176805030683,46.7332224397573,213.228994522053,43.087245268703,146.353337188008,2002.1446391152,1344.12328595773,36.8295697120441
"LT00A","0","0","LT","Vilniaus apskritis","Lithuania","LT","LT","LTU",1312.24382825384,554.129889574404,13375.0233555108,8346.58531625186,5929.0312378315,5921.48737131626,5861.49305896691,1077.82130886027,4917.75961435094,993.733123166543,3375.38772652345,32856.4361961114,30999.8892374271,849.410611112183
"LU000","0","0","LU","Luxembourg","Luxembourg","LU","LU","LUX",5269.34657873297,246.079570018772,31584.5893058083,11457.7867993164,7974.04574434036,9243.80603341538,3750.92983281976,2820.16187453163,5241.76032138606,10849.0007009624,5375.39629419547,70761.0446827337,79810.8936480119,9717.91416307061
"LV003","0","0","LV","Kurzeme","Latvia","LV","LV","LVA",7058.36100228525,226.654972053342,5597.55857487881,1286.36091680596,851.656911514591,921.262370952963,1377.51413306405,407.100080975447,369.645797253185,219.048364786591,377.82546841092,5725.81666140202,4756.58640547519,379.655131696204
"LV005","0","0","LV","Latgale","Latvia","LV","LV","LVA",2947.96031986212,140.015290798695,3457.87160336344,1006.46272890878,643.302842879325,720.805667986691,972.453298819877,318.519517411099,289.214879721988,171.385815680354,295.614743125357,4042.12861935064,3721.60477778811,297.046291518217
"LV006","0","0","LV","R─½ga","Latvia","LV","LV","LVA",2543.22744674722,590.782982842897,14590.2043160406,9656.70746378227,5835.70389982149,6915.91379795099,7791.82439039416,3056.09906139194,2774.92986816936,1644.39540375359,2836.33463450533,32387.7315276611,35707.6795818154,2850.06991118574
"LV007","0","0","LV","Pier─½ga","Latvia","LV","LV","LVA",4433.78669660322,423.349740053857,10455.208399547,2613.59950717121,1671.50157039894,1871.8004000593,2529.67974376319,827.13689222516,751.03811139387,445.05759680139,767.657385368519,10514.942879484,9664.3264909163,771.37485454706
"LV008","0","0","LV","Vidzeme","Latvia","LV","LV","LVA",6251.76807654995,166.419922552573,4109.9705692562,862.028707422786,582.233484825771,617.365313617988,975.738591973288,272.809871638779,247.710642205786,146.790823860628,253.19208311644,4055.7843676467,3187.53001376757,254.418194899086
"LV009","0","0","LV","Zemgale","Latvia","LV","LV","LVA",7097.75805268346,211.761381010567,5229.74070837904,981.163632376097,668.864682704248,702.687031645858,1138.76793926176,310.513005309788,281.944987901247,167.077751237739,288.18398020886,4733.43705417517,3628.05611888065,289.579544277667
"1627","MDA-20210908-01","Anenii Noi","MDA","Anenii Noi","Moldova (the Republic of)","MD","MD","MDA",52.086765,6.29412497821704,28.6809767698298,12.2043372866566,30.7205815453231,13.9024280885371,67.5597420489734,2.6057665919731,5.32387702579972,2.43479236096724,4.77424043051285,432.529940027495,71.0770195515654,9.81387891430711
"1628","MDA-20210908-02","Balti","MDA","Balti","Moldova (the Republic of)","MD","MD","MDA",4.38449724746742,31.4536756722453,143.327649896297,63.6404100074391,88.0539409255439,72.4952287758199,180.531194310075,13.5879606079197,27.761746401545,12.6964029668657,24.895626147937,884.78420959837,370.636320524667,51.1751898689918
"1629","MDA-20210908-03","Basarabeasca","MDA","Basarabeasca","Moldova (the Republic of)","MD","MD","MDA",8.442876,0.811415124362946,3.69744458730697,2.44939909914834,10.0977678142787,2.79020433770445,20.9713787468845,0.522974922198195,1.06849714856929,0.488660553661264,0.958185597050094,161.519694955938,14.265091464663,1.96963633561131
"1630","MDA-20210908-04","Bender","MDA","Bender","Moldova (the Republic of)","MD","MD","MDA",2.57945207870509,35.7884541748274,163.080305263832,63.5164398812083,60.4974901486532,72.3540096563734,127.672816220809,13.5614915579625,27.7076671269868,12.6716706516858,24.8471300129216,362.747120411837,369.914329081874,51.0755017188495
"1631","MDA-20210908-05","Briceni","MDA","Briceni","Moldova (the Republic of)","MD","MD","MDA",96.15849,0.944865994882859,4.30555156493159,4.37790341011081,27.6462469491752,4.98703746938975,64.505165744946,0.934732806952526,1.90976526121922,0.87340144160424,1.71260126383782,471.054630499137,25.4965361056943,3.52040532445248
"1632","MDA-20210908-06","Cahul","MDA","Cahul","Moldova (the Republic of)","MD","MD","MDA",107.680014,6.73846609614481,30.7057438860329,16.4607233922371,40.5922650647443,18.7510405416343,92.2068904400972,3.51455405465545,7.18063300264484,3.28395083076185,6.43930508382699,567.372960650349,95.8658492388706,13.2365684771707
"1633","MDA-20210908-07","Calarasi","MDA","Calarasi","Moldova (the Republic of)","MD","MD","MDA",37.755111,2.41398402478978,11.0000071459255,7.44686516538956,24.6477362073758,8.48300936094683,52.8334713552069,1.58999149295196,3.24853315973103,1.48566611950879,2.91315488240824,376.07122183352,43.3699076423403,5.98825084129792
"1634","MDA-20210908-08","Cantemir","MDA","Cantemir","Moldova (the Republic of)","MD","MD","MDA",71.31309,1.0811241156388,4.92645057942955,1.93232961977348,14.4195419774149,2.2011906874798,36.1614509119861,0.412574632249059,0.842936820521339,0.385504045536265,0.755912097405445,250.03774984416,11.253722913318,1.55384503603646
"1635","MDA-20210908-09","Causeni","MDA","Causeni","Moldova (the Republic of)","MD","MD","MDA",94.835193,3.50025640751267,15.9499172736091,8.94870248313502,30.2527632408129,10.1938097772435,70.0367268950986,1.91065105989447,3.9036770651011,1.78528599585063,3.50066178868432,463.96520146851,52.1164801017374,7.19592392006936
"1636","MDA-20210908-10","Chisinau","MDA","Chisinau","Moldova (the Republic of)","MD","MD","MDA",26.515848,227.981153088241,1038.86118853889,828.489134957973,835.380995046733,943.763708782495,1624.43854724776,176.891973646658,361.410387809413,165.285420220687,324.098411200218,5610.69550786648,4825.05006708148,666.213319193182
"1637","MDA-20210908-11","Cimislia","MDA","Cimislia","Moldova (the Republic of)","MD","MD","MDA",45.644721,3.27876123919622,14.9406113257452,6.32195290653797,20.5713776067571,7.20157871729388,46.1887612576508,1.34980976786793,2.75781462333919,1.26124362853054,2.4730980844975,312.553404614598,36.818514581153,5.08367466986915
"1638","MDA-20210908-12","Criuleni","MDA","Criuleni","Moldova (the Republic of)","MD","MD","MDA",47.096526,2.0476839419962,9.33085627876791,7.00374495817677,25.6140375846088,7.97823415925776,55.5906224631186,1.49538022442813,3.0552315952596,1.39726265521815,2.7398097544294,399.919369085775,40.7892133455517,5.63192440128519
"1639","MDA-20210908-13","Donduseni","MDA","Donduseni","Moldova (the Republic of)","MD","MD","MDA",38.538417,2.88183597993403,13.1319081017615,3.8614155769868,18.7414870226081,4.39868639468932,42.1194788617483,0.824456705177905,1.68445866371307,0.770360973196521,1.51055529961618,308.261333498906,22.4885550125105,3.10508174432381
"1640","MDA-20210908-14","Drochia","MDA","Drochia","Moldova (the Republic of)","MD","MD","MDA",75.873078,4.27722966017208,19.4904176429895,8.85864404167458,33.3295619366349,10.0912207569009,74.7449546653126,1.89142254526309,3.86439102635856,1.76731913700708,3.46543163712176,523.539827171711,51.5919874190036,7.12350518737256
"1641","MDA-20210908-15","Dubasari","MDA","Dubasari","Moldova (the Republic of)","MD","MD","MDA",13.078494,2.67137279819768,12.1728725492144,3.50115977284353,9.47516392980215,3.98830520864526,21.0002732408127,0.747537941221153,1.52730489501264,0.698489141132265,1.36962607215635,136.66326962906,20.3904559323867,2.81538909186789
"1642","MDA-20210908-16","Edinet","MDA","Edinet","Moldova (the Republic of)","MD","MD","MDA",103.76625,5.70847846019604,26.0123112703643,4.65905779746263,30.3555670403977,5.30731120159878,73.2720077747415,0.994762507258254,2.03241275516891,0.929492365551832,1.82258664131331,519.049375741011,27.1339552803235,3.74649012110207
"1643","MDA-20210908-17","Falesti","MDA","Falesti","Moldova (the Republic of)","MD","MD","MDA",91.57761,6.52841627889155,29.7485919467249,5.28673789317926,28.2710158916986,6.02232564182139,68.2065803235685,1.12877943791561,2.30622456179533,1.05471593699909,2.06813014113734,471.668551458351,30.789510628188,4.25122678247072
"1644","MDA-20210908-18","Floresti","MDA","Floresti","Moldova (the Republic of)","MD","MD","MDA",84.712698,1.85485267243471,8.45216556609059,7.1802995272247,31.231196634893,8.17935423175651,70.4419718273981,1.53307665864486,3.13224969070194,1.4324856833855,2.80887650848101,504.458612366648,41.8174520988234,5.77389730171449
"1645","MDA-20210908-19","Gagauzia","MDA","Gagauzia","Moldova (the Republic of)","MD","MD","MDA",108.424107,12.3940054684523,56.4768230939256,28.9065879460611,60.0970200632774,32.9286015918674,131.794654394276,6.1718895003117,12.609871052036,5.766928417297,11.3080290751345,783.810675423604,168.349502996577,23.2446668151803
"1646","MDA-20210908-20","Glodeni","MDA","Glodeni","Moldova (the Republic of)","MD","MD","MDA",64.72344,1.11903181982145,5.09918785217562,4.29085636170862,20.0982290841165,4.8878788422307,46.3808612559691,0.916147259427197,1.87179287728169,0.85603536235583,1.67854914547389,328.720442878368,24.9895815193152,3.45040814453178
"1647","MDA-20210908-21","Hincesti","MDA","Hincesti","Moldova (the Republic of)","MD","MD","MDA",86.062407,4.06106057633026,18.5053815190676,14.5032530260227,38.9341837493745,16.5212110668711,85.6562202649873,3.096611583446,6.32672907762247,2.89343115054213,5.67355812482337,560.114352937156,84.4657087623245,11.6625070020445
"1648","MDA-20210908-22","Ialoveni","MDA","Ialoveni","Moldova (the Republic of)","MD","MD","MDA",32.299221,3.53425603701446,16.1048462887301,24.1222160689032,41.7052708996406,27.4785403219508,83.4898946667006,5.15037099355065,10.5227927518048,4.81243561486792,9.43642055481688,493.625960923479,140.485729203099,19.3974078300669
"1649","MDA-20210908-23","Leova","MDA","Leova","Moldova (the Republic of)","MD","MD","MDA",76.53126,1.47300205634019,6.71215425591566,3.22625895400327,15.9624593846997,3.67515515586974,39.7125173126106,0.688843449827245,1.4073853844795,0.643645817974708,1.26208704132973,263.326763992515,18.7894570074541,2.59433297991562
"1650","MDA-20210908-24","Nisporeni","MDA","Nisporeni","Moldova (the Republic of)","MD","MD","MDA",26.405619,4.07560164397162,18.5716420437115,6.96332601754285,21.2823331834,7.93219139574022,45.9935630773216,1.48675031501863,3.03759971043097,1.38919898690234,2.72399818383769,318.117608459438,40.5538168822935,5.59942230142438
"1651","MDA-20210908-25","Ocnita","MDA","Ocnita","Moldova (the Republic of)","MD","MD","MDA",40.339686,9.61222637518076,43.8008527518943,3.00050197404368,20.6936137806161,3.41798673241057,50.1263267970441,0.640641734120271,1.30890380610368,0.5986067996872,1.17377269243247,356.014889944631,17.4746676090954,2.41279492394881
"1652","MDA-20210908-26","Orhei","MDA","Orhei","Moldova (the Republic of)","MD","MD","MDA",72.2202,1.0696883675328,4.87434032948868,24.5477534860307,48.9822281195964,27.9632862939475,100.576175662024,5.24122813385581,10.7084242060534,4.89733127353351,9.60288743407688,626.61750484483,142.96402282992,19.739595413637
"1653","MDA-20210908-27","RIscani","MDA","RIscani","Moldova (the Republic of)","MD","MD","MDA",89.854368,1.429124108032,6.5122118619387,7.86613370890731,26.0353886913058,8.96061421888648,60.1825416705244,1.67951015653054,3.43142995404654,1.56931112398331,3.07716942778575,397.243621108006,45.8116918838778,6.32539743287563
"1654","MDA-20210908-28","Rezina","MDA","Rezina","Moldova (the Republic of)","MD","MD","MDA",41.960802,3.97490063253202,18.1127691456052,5.62037010051912,18.3565485066591,6.4023788689338,41.9262930018894,1.20001375727869,2.45176436473616,1.12127630244325,2.19864442763978,279.161352165637,32.7325561510329,4.51951059074649
"1655","MDA-20210908-29","SIngerei","MDA","SIngerei","Moldova (the Republic of)","MD","MD","MDA",70.37919,2.74838029706697,12.5237791953036,7.22938135207173,28.9846906739344,8.23526521851169,65.0017167249052,1.54355619362128,3.15366057058422,1.44227761631827,2.82807693100983,461.167078914347,42.1033004609539,5.81336549032876
"1656","MDA-20210908-30","Soldanesti","MDA","Soldanesti","Moldova (the Republic of)","MD","MD","MDA",35.737974,0.842737287357463,3.84017296215425,3.43390269444923,14.6150322136861,3.91169009437402,32.5440843877206,0.733177780252379,1.49796545559241,0.685071204799542,1.34331563387804,235.153803208419,19.9987564436122,2.76130562891628
"1657","MDA-20210908-31","Soroca","MDA","Soroca","Moldova (the Republic of)","MD","MD","MDA",76.46406,10.2939593081327,46.9073634234957,13.1419714562045,39.6027505996091,14.9705230870052,89.7856311692458,2.80596228774199,5.73289956398529,2.62185245769967,5.14103551787744,589.677754470109,76.5377209920309,10.5678590764189
"1658","MDA-20210908-32","Stefan Voda","MDA","Stefan Voda","Moldova (the Republic of)","MD","MD","MDA",90.2552549999997,1.75929507837582,8.01673011718082,5.51867528496786,22.0502802107713,6.28653440913473,52.9335989543278,1.17830074274,2.40740221057411,1.10098796115619,2.1588622183666,350.601831427883,32.1402942179632,4.43773469562075
"1659","MDA-20210908-33","Straseni","MDA","Straseni","Moldova (the Republic of)","MD","MD","MDA",36.682905,2.11423151998308,9.63409931015602,16.9682491532319,34.1217616402669,19.3291825766815,69.4889773291257,3.62291665079673,7.4020300908682,3.38520334589965,6.63784515615989,438.147256875294,98.8216359882738,13.6446853824401
"1660","MDA-20210908-34","Taraclia","MDA","Taraclia","Moldova (the Republic of)","MD","MD","MDA",60.221019,0.471625423753847,2.1490958424815,4.65686410473298,14.6337243831627,5.30481228218137,34.564257628503,0.994294128591415,2.03145580436931,0.929054718986107,1.82172848602999,220.361536005941,27.1211794009477,3.74472610603774
"1661","MDA-20210908-35","Telenesti","MDA","Telenesti","Moldova (the Republic of)","MD","MD","MDA",49.365237,0.845054239904965,3.85073081768169,4.08156295910337,19.9658642886386,4.64946471037071,44.472443047496,0.871460707128661,1.78049317688748,0.814280864270853,1.59667521810791,328.797788769661,23.7706745914272,3.28210895199988
"1662","MDA-20210908-36","Transnistria","MDA","Transnistria","Moldova (the Republic of)","MD","MD","MDA",86.944194,221.981018063916,1011.51986089698,421.351468256659,402.689026095592,479.977597295861,848.08609778508,89.9633920034672,183.805424985362,84.0605525803764,164.829369097024,2432.29477912171,2453.91501758174,338.821534730723
"1663","MDA-20210908-37","Ungheni","MDA","Ungheni","Moldova (the Republic of)","MD","MD","MDA",68.236116,11.5223879290903,52.5050490212576,21.3619874768909,45.0907223369185,24.334258202648,98.8785541494422,4.56103039419354,9.31870298914012,4.26176388788257,8.35664091320943,592.137319688701,124.410393280045,17.1778240426347
"ME000","0","0","ME","Crna Gora","Montenegro","ME","ME","MNE",1053.86460696325,16.574342972981,1036.87681099924,324.818916796922,904.723610832314,498.838071070738,540.976872216618,563.823743631917,107.547541667676,97.0744005009306,137.224247948044,8814.26648497395,1394.82203302482,97.0912383484655
"MK001","0","0","MK","Vardarski","North Macedonia","MK","MK","MKD",342.55474972022,86.296375803767,241.076918418,44.1553372670249,126.4573238593,45.4218047148387,89.441365633986,32.2354902170072,38.9396822701149,11.0971462189577,7.49783008307041,2198.62544062254,271.942865466834,15.5899571885777
"MK002","0","0","MK","Isto─ìen","North Macedonia","MK","MK","MKD",166.891598689544,138.400707276084,386.635194192403,40.7551117702748,127.726655753507,41.9240536374137,91.0617316227712,29.7531643529047,35.9410934542376,10.2425994789639,6.9204522484367,2238.45687500205,251.00163566198,14.3894370882493
"MK003","0","0","MK","Jugozapaden","North Macedonia","MK","MK","MKD",78.357467870455,60.4489099773173,168.869628687496,62.6615498925026,133.595863315571,64.4588142342627,91.4797013660775,45.745903067776,55.2599299289965,15.7481388321976,10.640291364883,2248.73130344497,385.918497900046,22.1239592008185
"MK004","0","0","MK","Jugoisto─ìen","North Macedonia","MK","MK","MKD",658.475968777626,64.9090268939893,181.329378381971,48.9986141763584,146.658139785493,50.4039969382898,104.144643192463,35.7713120472182,43.2108683977424,12.3143615176825,8.32024634255531,2560.05775856021,301.771526790572,17.2999765054345
"MK005","0","0","MK","Pelagoniski","North Macedonia","MK","MK","MKD",508.87223762114,151.214211147372,422.430904019795,54.8209978122654,177.105505575472,56.3933787175688,126.583720544566,40.0219282207495,48.3455085764791,13.7776465144609,9.30892055234517,3111.64958613048,337.630287878061,19.3556897495739
"MK006","0","0","MK","Polo┼íki","North Macedonia","MK","MK","MKD",217.346119195592,45.3099221568679,126.577464066114,53.4276086901119,120.900162427768,54.9600242803579,83.4028280233069,39.0046880818274,47.116707415542,13.4274591127673,9.07231506987935,2050.18760852006,329.048715319862,18.8637248342107
"MK007","0","0","MK","Severoisto─ìen","North Macedonia","MK","MK","MKD",80.0550208816498,29.3584634723819,82.015586836502,37.0661797370898,78.883649439781,38.1293153161016,54.0029919912809,27.0600690256554,32.6879002916627,9.3154948366306,6.29405038436415,1327.48813952199,228.282326746953,13.0869831601739
"MK008","0","0","MK","Skopski","North Macedonia","MK","MK","MKD",210.052940926237,318.103496055274,888.651578385872,349.128390375464,724.248678522448,359.142123004075,494.156380770155,254.880281954781,307.889134907591,87.7431594227503,59.2840075567943,12147.2294469796,2150.20382066995,123.267015861642
"MT001","0","0","MT","Malta","Malta","MT","MT","MLT",224.113624909189,0,6694.41912328439,0,2429.02094849569,1796.16197821276,1820.7267521003,2013.29863408983,764.349381678278,839.248532835005,980.304662931429,13986.1111358625,8431.94324078909,1102.45879904508
"MT002","0","0","MT","Gozo and Comino / G─ºawdex u Kemmuna","Malta","MT","MT","MLT",54.3093532241139,0,273.655650709809,0,107.921854603522,79.5504776610586,81.4858173815866,89.1672744211892,33.8523803253781,37.1695996648356,43.4168550139084,625.942194006213,373.443553839805,48.8269572173769
"NL111","0","0","NL","Oost-Groningen","Netherlands (the)","NL","NL","NLD",937.506733529319,1127.7437533633,2794.91286702049,418.703113526584,478.799419540242,335.51680413057,397.333754939162,57.0431639572859,257.834314826919,131.12851370057,128.83853141214,7535.13603130058,4124.12050596009,65.0040465908837
"NL112","0","0","NL","Delfzijl en omgeving","Netherlands (the)","NL","NL","NLD",395.133953629426,674.873402497928,1672.55402712368,148.974984992755,194.394177390244,119.377213221977,165.453927289701,20.296014574385,91.7377061241242,46.6556558324337,45.8408778524489,3137.70937793017,1467.36618533578,23.1285045477227
"NL113","0","0","NL","Overig Groningen","Netherlands (the)","NL","NL","NLD",1929.82475121839,5635.57554511774,13966.7744176292,1769.88708078666,2069.2007271584,1418.25278540667,1724.92508340037,241.125407654236,1089.88351902158,554.28931580338,544.609401953718,32711.9077743959,17432.943217516,274.776610307567
"NL121","0","0","NL","Noord-Friesland","Netherlands (the)","NL","NL","NLD",2221.5711200223,2015.36829365749,4994.73285392153,1230.5689803842,1289.7117140862,986.084311824699,1050.06254757753,167.64993103962,757.77537747991,385.386867665509,378.656606822602,19913.6470008249,12120.7953847199,191.046975171614
"NL122","0","0","NL","Zuidwest-Friesland","Netherlands (the)","NL","NL","NLD",795.206648169393,771.229472103304,1911.35545515414,320.286826590433,359.597673400798,256.653483079297,297.26798150167,43.6351519067385,197.230285169086,100.306718942058,98.5549976473871,5637.4638462524,3154.74479806232,49.7248267937919
"NL123","0","0","NL","Zuidoost-Friesland","Netherlands (the)","NL","NL","NLD",1253.23088927075,1684.36546986234,4174.40106446479,810.70226544039,876.950783613521,649.63508608995,719.120684635595,110.448240660439,499.224525411089,253.893939850375,249.460025295951,13637.5833019293,7985.21369705251,125.86227838183
"NL131","0","0","NL","Noord-Drenthe","Netherlands (the)","NL","NL","NLD",1254.85139463253,980.762727013448,2430.64646294781,697.340980056644,717.133947371688,558.795980873521,581.303269826164,95.0041558670664,429.417475020093,218.391703580014,214.577787605336,11023.9796119276,6868.63350806039,108.262833718949
"NL132","0","0","NL","Zuidoost-Drenthe","Netherlands (the)","NL","NL","NLD",1812.87824851691,1426.46386681254,3535.23768480572,495.758768320952,584.42065165664,397.263340522527,487.995528106134,67.5410518598847,305.284623448004,155.260632996999,152.549215856518,9254.46841914831,4883.09935223863,76.9670084426736
"NL133","0","0","NL","Zuidwest-Drenthe","Netherlands (the)","NL","NL","NLD",712.99767893529,910.252173062272,2255.89856129803,547.598492671383,571.218205646845,438.803749655314,464.570155175908,74.6035785048755,337.207146536338,171.495683048251,168.500742698211,8810.22382774623,5393.7076169258,85.0151737131714
"NL211","0","0","NL","Noord-Overijssel","Netherlands (the)","NL","NL","NLD",2567.12470716227,3102.52022805479,7689.04609732586,1824.29231005856,1911.5854625919,1461.84899490116,1556.30995103625,248.537452879674,1123.38586127591,571.327825003551,561.350356616066,29514.2485181518,17968.8210613225,283.223072595824
"NL212","0","0","NL","Zuidwest-Overijssel","Netherlands (the)","NL","NL","NLD",853.185924415709,1275.84111289205,3161.94590487525,667.697402680082,710.330938614397,535.041874388354,580.318993114043,90.9655820185719,411.163176890974,209.107993675359,205.456205148425,11005.3135438524,6576.65171623899,103.660640846112
"NL213","0","0","NL","Twente","Netherlands (the)","NL","NL","NLD",2472.27817545389,5725.1251165513,14188.707147196,2671.08530320028,2881.16922724973,2140.40444299918,2361.13839297658,363.902612548107,1644.83479283029,836.524579017374,821.915807700401,44777.2150204786,26309.5193616168,414.688469916123
"NL221","0","0","NL","Veluwe","Netherlands (the)","NL","NL","NLD",3865.75206748619,5053.47886806646,12524.1510488997,3482.15485340326,3560.80541872774,2790.33384314071,2882.50025290921,474.400891252818,2144.28548951179,1090.53354429619,1071.48884966113,54664.4508449955,34298.3507213329,540.607769597888
"NL224","0","0","NL","Zuidwest-Gelderland","Netherlands (the)","NL","NL","NLD",2577.89640470841,3709.60761331325,9193.604503794,1422.80668129251,1608.17463228627,1140.1289724887,1331.30836385388,193.839960054029,876.153947632216,445.591445044943,437.80979261686,25247.2625256398,14014.2884558772,220.892056477833
"NL225","0","0","NL","Achterhoek","Netherlands (the)","NL","NL","NLD",1867.25647363769,6264.72632929253,15526.0130449698,3388.55130569643,3552.83961403595,2715.32708496936,2892.93335016155,461.648555895547,2086.64510946998,1061.21899254969,1042.68623694603,54862.3066929996,33376.3792860672,526.075732028454
"NL226","0","0","NL","Arnhem/Nijmegen","Netherlands (the)","NL","NL","NLD",4362.45756534544,1626.22850254375,4030.31890260515,1116.9821498554,1186.10848000876,895.064471897178,968.60907916142,152.175118486473,687.829438038273,349.813995666183,343.704966960575,18368.9431917296,11001.9936326974,173.41251441584
"NL230","0","0","NL","Flevoland","Netherlands (the)","NL","NL","NLD",4451.26653865304,2120.85743301284,5256.16897541271,1738.39675448729,1778.69742406844,1393.01883490651,1440.06897474204,236.835236914799,1070.49200641331,544.427245161483,534.919559048259,27309.825768008,17122.771412638,269.887707952184
"NL310","0","0","NL","Utrecht","Netherlands (the)","NL","NL","NLD",2494.9750670727,6727.44974767883,16672.790965098,10095.3282637791,9530.85751506841,8089.62762942796,7562.84747998242,1375.36465994493,6216.62930547815,3161.63254531103,3106.41890544763,143423.71831553,99436.4478362216,1567.30907320395
"NL321","0","0","NL","Kop van Noord-Holland","Netherlands (the)","NL","NL","NLD",5952.74416568568,1783.30292934469,4419.60000944928,1346.82442122477,1424.77265635271,1079.24257292548,1162.50805300707,183.488309018088,829.364627632756,421.795489131517,414.429400916284,22046.0914986494,13265.8822780601,209.09574015259
"NL322","0","0","NL","Alkmaar en omgeving","Netherlands (the)","NL","NL","NLD",1099.30817412745,1124.37247373058,2786.55774840803,1035.13074707854,1025.80635600719,829.474988117155,824.106760442979,141.023868739585,637.425942886679,324.179954638792,318.518589818613,15628.5653233843,10195.7778733005,160.705008243215
"NL323","0","0","NL","IJmond","Netherlands (the)","NL","NL","NLD",587.735317369688,2186.78847988809,5419.56738103295,670.135416441688,785.963759331779,536.995513038973,655.614785530452,91.2977314921261,412.664487933225,209.871525425215,206.206402848085,12433.2416556461,6600.6655394546,104.039144743095
"NL324","0","0","NL","Agglomeratie Haarlem","Netherlands (the)","NL","NL","NLD",64.1223551986102,649.613544875773,1609.95195029841,999.879095339576,940.010454620459,801.226997716127,745.083907047246,136.221263540465,615.718233583833,313.139920426755,307.6713548849,14129.9563013305,9848.5579575442,155.232156625885
"NL325","0","0","NL","Zaanstreek","Netherlands (the)","NL","NL","NLD",128.210821927983,1207.61085733754,2992.84931834957,634.782175716662,665.357580025735,508.666116957312,541.736014371309,86.481286039611,390.894220875802,198.799675799533,195.327908113932,10273.6163504846,6252.44499770081,98.5505213414864
"NL326","0","0","NL","Groot-Amsterdam","Netherlands (the)","NL","NL","NLD",2453.34133197479,8046.99393218772,19943.0471814478,16076.4261416871,14930.5059334988,12882.4241966319,11796.0591453407,2190.21588954396,9899.74563168441,5034.77953106401,4946.85391041209,223703.395919684,158348.759709605,2495.88006434248
"NL327","0","0","NL","Het Gooi en Vechtstreek","Netherlands (the)","NL","NL","NLD",119.509415553011,1082.45912416304,2682.68294559322,1476.32831983165,1398.72293352897,1183.01713962755,1110.93289687651,201.131626879088,909.112181176084,462.353233256511,454.278858848719,21068.0074258809,14541.4631528904,229.201340485577
"NL332","0","0","NL","Agglomeratie 's-Gravenhage","Netherlands (the)","NL","NL","NLD",2202.87038912174,1659.08278832328,4111.74242260971,5539.64080818113,5069.31737166865,4439.04647457132,3989.10239122644,754.708118179505,3411.27029157842,1734.89243844779,1704.59488649469,75650.3286897437,54564.0706137777,860.034371750387
"NL333","0","0","NL","Delft en Westland","Netherlands (the)","NL","NL","NLD",9717.18888084008,1678.42825257831,4159.68672449887,1369.5536022674,1488.37648648643,1097.45600850206,1221.7604495441,186.584881168959,843.361091072791,428.913763707143,421.42336444588,23169.7686656081,13489.7590026253,212.624466583649
"NL337","0","0","NL","Agglomeratie Leiden en Bollenstreek","Netherlands (the)","NL","NL","NLD",2218.07442423476,2970.19087705657,7361.09127187336,1926.77779809322,1986.13410523692,1543.97306397132,1610.83793730317,262.499843672435,1186.49567520721,603.424003149142,592.886018384209,30548.3307951461,18978.2773780123,299.134039636369
"NL338","0","0","NL","Oost-Zuid-Holland","Netherlands (the)","NL","NL","NLD",3173.21710414985,1421.7508238011,3523.55724364502,1338.21622889565,1347.84835131147,1072.34462283554,1087.13215418759,182.31554838999,824.063765758615,419.099594524336,411.780586465262,20616.6442291283,13181.0937456683,207.759310312094
"NL339","0","0","NL","Groot-Rijnmond","Netherlands (the)","NL","NL","NLD",7303.58003122572,12250.3287426638,30360.2669719884,8677.51466550894,8812.03533133263,6953.49973360744,7121.58592913937,1182.20494621412,5343.55006185066,2717.60482294776,2670.14552720897,135055.524650499,85471.3399940425,1347.19219749486
"NL33A","0","0","NL","Zuidoost-Zuid-Holland","Netherlands (the)","NL","NL","NLD",574.482370605119,3274.92465735583,8116.31989631409,1909.79045017928,1974.05517838799,1530.3606964044,1602.07803182939,260.185525863587,1176.03499061084,598.103943155061,587.658866048545,30382.2057716721,18810.9562676348,296.496738122288
"NL341","0","0","NL","Zeeuwsch-Vlaanderen","Netherlands (the)","NL","NL","NLD",1361.46345655613,1205.67384216673,2988.04876981329,393.116734165663,468.67842419313,315.013827307342,392.227094605799,53.5573335781773,242.078409560631,123.115428084087,120.965383507293,7438.29205618091,3872.10109557911,61.0317374717547
"NL342","0","0","NL","Overig Zeeland","Netherlands (the)","NL","NL","NLD",3454.87136839029,2431.65626081298,6026.42874433881,1060.14237107939,1191.45227956867,849.517399744338,985.144613396858,144.431395750077,652.827918006121,332.013039644647,326.214880580249,18682.5271706023,10442.1360877415,164.588086059788
"NL411","0","0","NL","West-Noord-Brabant","Netherlands (the)","NL","NL","NLD",5716.88890900555,6333.61978159232,15696.7532469987,3280.17958563496,3516.43149497443,2628.48623760401,2877.77574434905,446.8842381819,2019.91059690971,1027.27937729547,1009.33933120719,54574.8540910338,32308.9450623106,509.250922008112
"NL412","0","0","NL","Midden-Noord-Brabant","Netherlands (the)","NL","NL","NLD",3063.76231811735,3469.83814493293,8599.3784038522,2253.60869648629,2329.21329229557,1805.87046806838,1890.26892581713,307.02654510132,1387.75575192764,705.780180003757,693.454682931289,35847.5294754493,22197.4796397089,349.874839645095
"NL413","0","0","NL","Noordoost-Noord-Brabant","Netherlands (the)","NL","NL","NLD",5624.98598084098,6803.73693217445,16861.8552209626,3392.24353900419,3654.06484718117,2718.28575969497,2993.62306893243,462.15157739966,2088.91875973513,1062.37531799901,1043.822368734,56771.8115323459,33412.7468568001,526.648954672872
"NL414","0","0","NL","Zuidoost-Noord-Brabant","Netherlands (the)","NL","NL","NLD",4906.88193731251,13233.0258157715,32795.7073686396,4251.8455768433,4948.78600216098,3407.10540120831,4121.68202675564,579.261812309246,2618.25540732611,1331.58358026016,1308.32927249516,78164.6018323457,41879.6110302194,660.102968058813
"NL421","0","0","NL","Noord-Limburg","Netherlands (the)","NL","NL","NLD",5753.90143973571,3035.56626822916,7523.11258339013,1242.17775938344,1435.56384177949,995.386703671934,1193.9059296994,169.231484800278,764.923978678584,389.022479359978,382.22872747189,22641.5286318647,12235.1389421792,192.849248874749
"NL422","0","0","NL","Midden-Limburg","Netherlands (the)","NL","NL","NLD",1834.90873246386,2111.1339261848,5232.07098837866,948.723283578637,1043.23737479398,760.234624074164,858.568928205513,129.251911597822,584.216858865827,297.119056605469,291.930273800111,16282.1144336631,9344.68606009071,147.29016941902
"NL423","0","0","NL","Zuid-Limburg","Netherlands (the)","NL","NL","NLD",704.399292801891,6570.72305820061,16284.3716635308,2652.69889312705,2911.94318914659,2125.6709735123,2395.58738987039,361.397689679109,1633.51257598927,830.766363835056,816.258151964754,45430.514355131,26128.4178403615,411.833962704622
"NO011","0","0","NO","Oslo","Norway","NO","NO","NOR",31.967895321045,849.732070093283,12358.2672277179,17365.8275740433,9402.42507889434,4790.38580449931,3789.79591468757,1308.46891582345,8014.54186760195,1678.67756203662,2787.86395128149,137947.136012994,42504.9502661901,5116.89190399518
"NO012","0","0","NO","Akershus","Norway","NO","NO","NOR",742.732230861523,540.86256998446,7866.1550017813,8426.26024230913,4628.41647011341,2324.39469283388,1873.42448253258,634.896295998023,3888.82218318447,814.529220697094,1352.72949552732,68191.9416558611,20624.2847340406,2482.8222341257
"NO021","0","0","NO","Hedmark","Norway","NO","NO","NOR",1756.16635575727,293.051784191233,4262.06375875305,1935.00138658642,1164.08797330484,533.772613742004,483.047858912569,145.797207511608,893.026811451514,187.048005418845,310.639996184642,17582.7591232417,4736.14847039016,570.153820025415
"NO022","0","0","NO","Oppland","Norway","NO","NO","NOR",1270.01035764787,370.67030849911,5390.92601896239,1792.59100679384,1108.61467735646,494.488527863399,463.26093646221,135.066964195837,827.302679021756,173.28182536554,287.777811101942,16862.5226398049,4387.58194888901,528.192184952247
"NO031","0","0","NO","├ÿstfold","Norway","NO","NO","NOR",780.444153814019,596.643226015757,8677.41337090054,2717.20492975435,1667.87196701698,749.544464144425,695.651890339867,204.734163882867,1254.02331559027,262.660154120827,436.212880705389,25321.4653492285,6650.68565893656,800.632382607412
"NO032","0","0","NO","Buskerud","Norway","NO","NO","NOR",707.114984111095,709.941351879127,10325.1898466848,2930.57481680769,1821.44697247206,808.402821092279,762.077490297365,220.811017323434,1352.49612869308,283.285675149615,470.46671709002,27739.3320308008,7172.93410340808,863.502444109779
"NO033","0","0","NO","Vestfold","Norway","NO","NO","NOR",451.023789019089,432.210644495069,6285.95157382714,2472.43399745641,1468.99481911053,682.024088600289,607.601106120237,186.291325207692,1141.05853596721,238.999233261432,396.918003708282,22116.4501504623,6051.57938199277,728.509911249885
"NO034","0","0","NO","Telemark","Norway","NO","NO","NOR",386.244208691369,539.909156191364,7852.28881637019,1653.36050874644,1081.15657491219,456.081616441768,457.892741911805,124.576316511304,763.046100917998,159.823030382876,265.426115810122,16667.122391227,4046.79857016383,487.167511339065
"NO041","0","0","NO","Aust-Agder","Norway","NO","NO","NOR",239.701522282011,123.176583909589,1791.44602602207,1141.85929137779,649.629051855381,314.983349732652,265.575980335441,86.036060339862,526.982031730887,110.378475385993,183.311065498896,9666.86510456526,2794.83786096925,336.452181080381
"NO042","0","0","NO","Vest-Agder","Norway","NO","NO","NOR",281.89761945222,525.891610834182,7648.42152984811,1942.82114149659,1224.61436151184,535.929703161245,514.138150084727,146.386405244091,896.635724004325,187.80390645796,311.895358920968,18714.4339473102,4755.28826042511,572.457933688898
"NO043","0","0","NO","Rogaland","Norway","NO","NO","NOR",2563.88872782409,1113.41375927045,16193.1804816685,6792.51744104813,4037.27870311473,1873.72464615776,1670.05034627726,511.798121564023,3134.82989426121,656.60254712382,1090.45275450353,60789.2001185631,16625.50286089,2001.43513769513
"NO051","0","0","NO","Hordaland","Norway","NO","NO","NOR",2856.35326678571,1033.36799699605,15029.0171466012,6804.63744840316,4019.33971906896,1877.06796572812,1659.9061358917,512.711331879857,3140.4234259238,657.774134502069,1092.39846837465,60419.9547023714,16655.1680356509,2005.00633332326
"NO052","0","0","NO","Sogn og Fjordane","Norway","NO","NO","NOR",1877.20092592349,402.589814766723,5855.15445297768,1049.42894506944,746.435004069239,289.486320180067,322.058296339313,79.071679603752,484.324296177156,101.443643588456,168.472542579165,11722.8000159726,2568.60347875095,309.217309105975
"NO053","0","0","NO","M├©re og Romsdal","Norway","NO","NO","NOR",4800.97869911832,746.105913416752,10851.1571855498,2788.52528592003,1854.1715096585,769.218275846815,788.305143747835,210.107963012817,1286.93853244733,269.554376760164,447.662461734515,28694.0086833909,6825.25080297383,821.647134222227
"NO061","0","0","NO","S├©r-Tr├©ndelag","Norway","NO","NO","NOR",2420.20733189634,595.657729573534,8663.08058435097,4386.33479505559,2576.84209682269,1209.97607781288,1062.65083291115,330.498659465195,2024.3471674703,424.007538290093,704.170567238907,38680.0878680032,10736.0816246598,1292.44638099366
"NO062","0","0","NO","Nord-Tr├©ndelag","Norway","NO","NO","NOR",2320.93239452807,256.165688170432,3725.60262275958,1246.45462860752,802.907990018582,343.836107630065,338.850585079961,93.9170407838765,575.254059413377,120.489242923708,200.102523832314,12334.0329665117,3050.84752063384,367.271503222355
"NO071","0","0","NO","Nordland","Norway","NO","NO","NOR",5732.208869412,603.585864904426,8778.38518268857,2438.53078156934,1637.40963815236,672.67184302375,697.693743872382,183.736808070773,1125.41178708555,235.721959687925,391.475271249891,25395.7880445159,5968.59718612566,718.52022949402
"NO072","0","0","NO","Troms","Norway","NO","NO","NOR",2816.19419841202,227.497442482486,3308.65961962848,2043.87695452966,1219.73224106711,563.806078770279,505.083194778731,154.000691954773,943.274217969834,197.572523883688,328.118591417151,18384.8370034889,5002.6345091867,602.234324670315
"NO073","0","0","NO","Finnmark","Norway","NO","NO","NOR",2315.88338497985,166.540666053095,2422.12119302539,774.949081569793,521.821347407501,213.770697868179,222.486316611871,58.3903519861975,357.64848136487,74.910892061173,124.408272475096,8098.41766405986,1896.78102183785,228.34101424685
"PL113","0","0","PL","Miasto ┼ü├│d┼║","Poland","PL","PL","POL",156.399050116905,3184.51590012982,24138.7436088055,6151.0156729603,2362.42968279813,4688.59608721896,14295.2123186033,1177.18261539902,1350.50245157073,836.683213255702,1256.39924082951,16327.6244754709,8862.01636479961,2440.97160001587
"PL114","0","0","PL","┼ü├│dzki","Poland","PL","PL","POL",1699.50396040827,1707.59462080188,12943.6278643268,1867.75016145793,766.529802876013,1423.68782076273,5158.83809921858,357.450401182091,410.078807481986,254.058075890968,381.504455472403,5892.29242186049,2690.94298831974,741.19874545039
"PL115","0","0","PL","Piotrkowski","Poland","PL","PL","POL",4321.64886704647,3887.74569607032,29469.2504345332,2577.40290975418,1152.34333384115,1964.61882725855,8692.10928644169,493.263886739741,565.888486288533,350.587587976324,526.457292795101,9927.90405386854,3713.36832473571,1022.81763516957
"PL116","0","0","PL","Sieradzki","Poland","PL","PL","POL",4564.77045575256,1586.15085955239,12023.0798414481,1647.72391957905,695.803744448323,1255.97337625338,4876.71332690775,315.341734801999,361.770366264128,224.1293173178,336.562153589736,5570.05675058443,2373.94230747485,653.883440752736
"PL117","0","0","PL","Skierniewicki","Poland","PL","PL","POL",3769.25530240578,1113.88888087213,8443.31727248577,1495.82267255445,611.751830597126,1140.18703619022,4095.98807334064,286.270843625301,328.419287773924,203.467164883887,305.534983185712,4678.33241136831,2155.09205435598,593.602887148555
"PL121","0","0","PL","Ciechanowsko-p┼éocki","Poland","PL","PL","POL",9822.68017628171,6241.31157552923,47309.3633786625,2738.41383894847,1367.07581560597,2087.34899943783,11609.6672554027,524.07819072046,601.239665047915,372.488872052022,559.345196185469,13260.2638566411,3945.34326437111,1086.71327880826
"PL122","0","0","PL","Ostro┼é─Öcko-siedlecki","Poland","PL","PL","POL",13489.9225372212,2418.83961705893,18334.8901930829,2889.77501621172,1227.3217263685,2202.72367269594,8669.58870685325,553.045723237714,634.472167098794,393.077562259964,590.262052574014,9902.18162608679,4163.41541720252,1146.77951090529
"PL127","0","0","PL","Miasto Warszawa","Poland","PL","PL","POL",302.751587424718,7966.94653769489,60389.73767116,41003.0322298937,15010.1140531221,31254.4572634246,83016.4547443648,7847.16854679163,9002.52876800993,5577.37950663095,8375.23123080469,94819.2631309829,59074.7222812464,16271.6602442888
"PL128","0","0","PL","Radomski","Poland","PL","PL","POL",6492.3356021603,2020.67614559537,15316.7969401464,2284.16429717308,955.510061226169,1741.09843897321,6609.80441706728,437.143822144284,501.505710135505,310.700220154529,466.56071801504,7549.54889601302,3290.88762859498,906.448703045871
"PL129","0","0","PL","Warszawski-wschodni","Poland","PL","PL","POL",6217.07053091698,3034.91871772343,23004.7916537971,4450.62362556182,1780.00559054576,3392.47656419166,11518.6566427646,851.761243712462,977.168395743516,605.389788290795,909.079157277222,13156.3138716168,6412.19296134725,1766.18731766743
"PL12A","0","0","PL","Warszawski-zachodni","Poland","PL","PL","POL",5991.37321113154,4167.91110602042,31592.9141909508,6296.90673634104,2497.57042268213,4799.80118005169,15950.228250759,1205.10327642234,1382.53394835655,856.527838954068,1286.19877817764,18217.9411800359,9072.20750393808,2498.86706986062
"PL213","0","0","PL","Miasto Krak├│w","Poland","PL","PL","POL",125.207998653188,2896.05163896079,21952.1742654466,9713.38833949729,3611.93323101694,7404.00561201743,20599.7086434623,1858.95021209931,2132.64856781552,1321.24992027207,1984.04529991276,23528.4583074612,13994.4703442531,3854.66504025785
"PL214","0","0","PL","Krakowski","Poland","PL","PL","POL",2355.25126081352,2684.86541758351,20351.3752079413,3306.12162085764,1334.90875570615,2520.08281552027,8766.85815197879,632.726220090311,725.884242790491,449.71052070528,675.304521299724,10013.2802888804,4763.26276274265,1312.00266944337
"PL215","0","0","PL","Nowos─àdecki","Poland","PL","PL","POL",2490.71325748675,1743.36699023779,13214.783694969,3209.09556656759,1248.97322516029,2446.12495186169,7731.73333467976,614.157354325085,704.581431815556,436.512688804155,655.486093346991,8830.98729977212,4623.47341304059,1273.49880998733
"PL216","0","0","PL","O┼øwi─Öcimski","Poland","PL","PL","POL",1236.62400735349,2622.67080108297,19879.9378062649,2491.09796586267,1036.37342626582,1898.83310279418,7113.78351095309,476.746829236752,546.939576953035,338.848079964269,508.828746267119,8125.18087720066,3589.02531119214,988.568345591878
"PL217","0","0","PL","Tarnowski","Poland","PL","PL","POL",1484.03287654696,1250.63915397699,9479.88919878006,1778.32679793367,708.390851592435,1355.52508884694,4555.20300831696,340.336539903209,390.445225308215,241.894389255846,363.238944210873,5202.83591958578,2562.10714183814,705.711940937734
"PL224","0","0","PL","Cz─Östochowski","Poland","PL","PL","POL",1939.73610796557,2209.56567660683,16748.5862928977,2459.48189986368,1005.74278012411,1874.73383671886,6732.76277541785,470.696140173329,539.998028286794,334.547549271943,502.370885739504,7689.98877591994,3543.47476975792,976.021812903459
"PL225","0","0","PL","Bielski","Poland","PL","PL","POL",1096.69875284576,3903.14699055606,29585.9927936528,3558.87915655933,1485.94485902022,2712.74660568352,10251.8840564213,681.099008058827,781.379089457632,484.091507259279,726.93247883616,11709.4387483479,5127.42073872726,1412.30707429964
"PL227","0","0","PL","Rybnicki","Poland","PL","PL","POL",793.373688626166,3960.44643308432,30020.3246027861,2522.33987369428,1119.35859591512,1922.64716775592,8367.2394811372,482.725911834923,553.798976337077,343.0977163207,515.21018168668,9556.84610340156,3634.03678786394,1000.96639719863
"PL228","0","0","PL","Bytomski","Poland","PL","PL","POL",641.007174772835,1288.5322992593,9767.12058564914,1926.24807262336,758.873373308458,1468.27770509783,4793.6819244506,368.645743174765,422.922470486774,262.015171578073,393.453170137761,5475.22041455969,2775.22328829255,764.413080676807
"PL229","0","0","PL","Gliwicki","Poland","PL","PL","POL",462.872873386373,3428.19340119165,25985.8277201224,2853.8979993099,1206.04658681765,2175.376507608,8461.51686552348,546.179572534367,626.595094131163,388.19744174338,582.933855216817,9664.52731124105,4111.72595194856,1132.54206070083
"PL22A","0","0","PL","Katowicki","Poland","PL","PL","POL",108.183945279529,3344.43319294063,25350.9223671584,6364.46115231694,2446.87885282272,4851.2943621958,14832.3707792251,1218.03185412535,1397.36603613531,865.716832907831,1299.99736388438,16941.1530774519,9169.53587566126,2525.67539219636
"PL22B","0","0","PL","Sosnowiecki","Poland","PL","PL","POL",1056.67359013494,3327.16075514545,25219.9966753068,3357.6067887821,1382.34489699793,2559.32725411626,9346.67007525787,642.579461872477,737.188204477205,456.713717904632,685.820821262774,10675.5265807652,4837.43952068796,1332.43406474579
"PL22C","0","0","PL","Tyski","Poland","PL","PL","POL",493.735640014194,3459.01419537293,26219.4504344984,2046.47195612145,921.045502197768,1559.91805520088,7002.69953596466,391.654214154908,449.318541970589,278.368455410116,418.009959453156,7998.30361309082,2948.43468615704,812.122776256436
"PL311","0","0","PL","Bialski","Poland","PL","PL","POL",3394.06761744874,431.597004773178,3271.52062268663,1128.50570187059,441.615988474185,860.200607430462,2758.91922906377,215.973647971763,247.772042540464,153.503393101265,230.507249938384,3151.16670716996,1625.88367994415,447.836668801131
"PL312","0","0","PL","Che┼émsko-zamojski","Poland","PL","PL","POL",5732.37118595819,905.218475446075,6861.58818923022,1997.02551603267,787.97097907801,1522.22763172394,4990.01101477667,382.19114451557,438.46219854508,271.642573283136,407.910087644608,5699.46246070849,2877.19520563122,792.500430550314
"PL314","0","0","PL","Lubelski","Poland","PL","PL","POL",2815.84602547856,2420.24579747559,18345.5490905763,4148.45692446487,1621.79633964583,3162.15076309202,10115.1523748591,793.932519742944,910.825389594407,564.28798984732,847.358941617383,11553.2673323039,5976.84920799115,1646.27535920981
"PL315","0","0","PL","Pu┼éawski","Poland","PL","PL","POL",3370.73873393574,1383.33042105806,10485.693715274,1610.7176466549,665.520689527108,1227.76543862815,4523.38575033375,308.259466854199,353.645356515371,219.095591346835,329.003295723023,5166.49506443718,2320.62587752398,639.197856121994
"PL323","0","0","PL","Kro┼ønie┼äski","Poland","PL","PL","POL",1089.47542060974,1351.57869841666,10245.0145301121,1567.89706015185,637.268139989372,1195.12555523243,4227.47048537329,300.064454405414,344.243769830381,213.270981589073,320.256812989967,4828.50824653269,2258.9325314952,622.204916889298
"PL324","0","0","PL","Przemyski","Poland","PL","PL","POL",1135.60262993911,703.208767982526,5330.34743305952,1269.28207596912,495.502413039994,967.507041337425,3083.06562871134,242.915458732576,278.680570245742,172.652300418965,259.262066857749,3521.39840226932,1828.70587994643,503.702423238776
"PL325","0","0","PL","Rzeszowski","Poland","PL","PL","POL",1070.9721506713,2495.2374906382,18913.9887877901,3434.17220967693,1363.55093483574,2617.6890518925,8722.79794002974,657.232567507425,753.998727181376,467.128421066611,701.459984256446,9962.95584605436,4947.75041063262,1362.81831799508
"PL326","0","0","PL","Tarnobrzeski","Poland","PL","PL","POL",1171.83745256583,3119.19101233446,23643.5786395548,2149.24613789713,942.094908389561,1638.2574144483,6935.08171036839,411.323157713291,471.883398219676,292.348168228246,439.002493178517,7921.07226880732,3096.50559496301,852.907724997847
"PL331","0","0","PL","Kielecki","Poland","PL","PL","POL",2496.00120346297,2478.94032240752,18790.4556738704,3641.44457123009,1443.33467783099,2775.68188348922,9207.44081277262,696.900393708176,799.50695660289,495.32235109442,743.797193515255,10516.5024919171,5246.3760616986,1445.07236755694
"PL332","0","0","PL","Sandomiersko-j─Ödrzejowski","Poland","PL","PL","POL",4608.69342535351,1491.71973614909,11307.2885726932,1555.62568548494,658.071513912861,1185.77173103378,4623.41604109929,297.715956256006,341.549495835169,211.601785193995,317.750276405576,5280.74709423506,2241.25266707952,617.335139498427
"PL343","0","0","PL","Bia┼éostocki","Poland","PL","PL","POL",2810.33281302517,1366.09976194913,10355.0847073478,2845.70922577795,1100.56009583018,2169.134635764,6740.04261715522,544.612403410473,624.797186384176,387.08357539746,581.261225947785,7698.30362423973,4099.92805564881,1129.29242443046
"PL344","0","0","PL","┼üom┼╝y┼äski","Poland","PL","PL","POL",5453.41016046934,1186.12515316193,8990.87078163553,1389.21631095348,586.205335262797,1058.92660759593,4104.37477151823,265.868496721964,305.013047187017,188.966185221309,283.759692907743,4687.9114826952,2001.499969515,551.297174582592
"PL345","0","0","PL","Suwalski","Poland","PL","PL","POL",3315.77928346036,761.725761985086,5773.90832560467,908.555643512138,381.365961396666,692.544233616231,2650.75291391631,173.879561609119,199.480327996147,123.584997283788,185.58050921217,3027.62191921848,1308.9927597698,360.551596803187
"PL411","0","0","PL","Pilski","Poland","PL","PL","POL",4688.52505748066,1630.48399970132,12359.1266180977,1551.31063410286,664.617137856435,1182.48259406813,4749.84262593794,296.890140855491,340.602093360522,211.014836428511,316.868889075608,5425.14829338866,2235.0357985173,615.622752725854
"PL414","0","0","PL","Koni┼äski","Poland","PL","PL","POL",6414.96206902683,2919.50044513378,22129.917048932,2690.72541172537,1149.34068882013,2050.99861680642,8181.50851261083,514.951569936589,590.769306768799,366.002121140374,549.604414021176,9344.70895986172,3876.63662388563,1067.7885836538
"PL415","0","0","PL","Miasto Pozna┼ä","Poland","PL","PL","POL",145.299851283857,3047.49784059862,23100.1418518902,7726.64609952123,2914.57375763504,5889.61638137167,17075.2133283461,1478.72708302165,1696.44414103742,1051.00611508046,1578.23566216418,19502.87025125,11132.090669185,3066.24542922481
"PL416","0","0","PL","Kaliski","Poland","PL","PL","POL",5473.37451367094,3711.62145361984,28134.2224223842,2965.83458172211,1286.28718370948,2260.6998834891,9341.29604114515,567.602018167547,651.171625391306,403.423457158235,605.797890140672,10669.3884969819,4272.99750089249,1176.9630202949
"PL417","0","0","PL","Leszczy┼äski","Poland","PL","PL","POL",5227.28440108155,2729.76040602652,20691.680814612,2633.86084637558,1112.75815934245,2007.65374617433,7804.11281776463,504.068817994294,578.284257307783,358.267199009318,537.989324654774,8913.65728698175,3794.70955110604,1045.22242605543
"PL418","0","0","PL","Pozna┼äski","Poland","PL","PL","POL",4303.38587031157,4478.19709537901,33944.8930089013,4376.19481306609,1824.01890722183,3335.74339074554,12553.3659596625,837.517042622238,960.826981725527,595.265714266487,893.876415407037,14338.1322868351,6304.96036929756,1736.65095697765
"PL422","0","0","PL","Koszali┼äski","Poland","PL","PL","POL",3449.43191837193,1648.72145366057,12497.3671667418,2633.25651647938,1043.89064285779,2007.19309724457,6660.96247471024,503.953161217333,578.151572065253,358.184995889329,537.865884939585,7607.98031595085,3793.83886865055,1044.98260352984
"PL423","0","0","PL","Stargardzki","Poland","PL","PL","POL",2500.26297181985,1144.12085482629,8672.47670863049,1477.68382438198,600.706226776449,1126.3607452019,3985.97890517473,282.799427217462,324.436765174726,200.999853698125,301.829963350762,4552.68276401512,2128.95868421198,586.404659148482
"PL424","0","0","PL","Miasto Szczecin","Poland","PL","PL","POL",54.3244662784139,1187.79222231479,9003.50722501377,3441.3435899786,1288.6732617868,2623.15541832857,7448.06102368513,658.605027710486,755.573258477261,468.103897936336,702.924801978555,8506.98406954505,4958.08250747168,1365.66421151576
"PL425","0","0","PL","Szczeci┼äski","Poland","PL","PL","POL",1764.64699625832,1195.24943393217,9060.03315388765,1504.01475461559,609.254475677528,1146.4314299522,4021.14420357961,287.838645936176,330.217921933754,204.581481267814,307.208288251032,4592.84766497118,2166.89471738718,596.853836377012
"PL431","0","0","PL","Gorzowski","Poland","PL","PL","POL",1948.671263112,1651.14614291005,12515.7463973563,1705.70641647692,707.065699667385,1300.17038737101,4828.35846618536,326.438436708589,374.500866131491,232.016304507633,348.405590341837,5514.82707019617,2457.48002932454,676.893238768353
"PL432","0","0","PL","Zielonog├│rski","Poland","PL","PL","POL",2673.36668597768,2939.86583233831,22284.2874071407,2763.17180304712,1157.70429395065,2106.22069474348,8026.14455686619,528.816374864214,606.675465083039,375.856539126386,564.402228869481,9167.25623863697,3981.01306179431,1096.53823950616
"PL514","0","0","PL","Miasto Wroc┼éaw","Poland","PL","PL","POL",107.609825637411,2767.69914150042,20979.2577767523,8209.02101190347,3070.27088218764,6257.30543420732,17704.3885306763,1571.04409067572,1802.35323579264,1116.62048076321,1676.76499551907,20221.4980130466,11827.0676607561,3257.67128867454
"PL515","0","0","PL","Jeleniog├│rski","Poland","PL","PL","POL",1797.21907284822,2289.31598578019,17353.096468457,2419.17139906405,995.132665390629,1844.00725978071,6720.12492437666,462.981508430811,531.147550081504,329.064370374312,494.1371101657,7675.55414694215,3485.39780543967,960.024977117973
"PL516","0","0","PL","Legnicko-G┼éogowski","Poland","PL","PL","POL",1356.75839671295,5003.34283614986,37925.5163724734,2242.49389943168,1080.47061344936,1709.33528404222,8857.90424812224,429.168933051808,492.356656174372,305.032063197429,458.049171488259,10117.2708022534,3230.8514059049,889.912205196374
"PL517","0","0","PL","Wa┼ébrzyski","Poland","PL","PL","POL",1637.67327988417,2739.83990746792,20768.0837934725,2527.37752470153,1057.73406496246,1926.48710445209,7321.64130662171,483.690018496892,554.905031076191,343.782955678898,516.239166367842,8362.59071458797,3641.29473485025,1002.96554070488
"PL518","0","0","PL","Wroc┼éawski","Poland","PL","PL","POL",2678.25913479443,4048.47848774189,30687.6107032099,3028.68106928431,1313.44593111625,2308.60445914721,9537.61139592076,579.629591584786,664.970051543668,411.972061803567,618.634839916147,10893.6148547377,4363.54297026835,1201.90304637457
"PL521","0","0","PL","Nyski","Poland","PL","PL","POL",1873.22991174219,1234.8685385044,9360.34737346513,1425.12025522939,583.955841459776,1086.29429800644,3921.00631766888,272.739800791575,312.896032265209,193.849968495895,291.093390418763,4478.47274276103,2053.22823012286,565.545310657308
"PL522","0","0","PL","Opolski","Poland","PL","PL","POL",1928.88896647747,2832.11314078209,21467.5181787225,2910.31619431117,1200.33319404576,2218.38113357469,8137.13696151831,556.976898029674,638.982139574301,395.871646978665,594.457769499813,9294.02891345976,4193.00992096389,1154.93108050575
"PL613","0","0","PL","Bydgosko-Toru┼äski","Poland","PL","PL","POL",1499.87857282536,3182.23821820433,24121.4786989272,5099.17317769244,1995.25119168207,3886.83181447243,12462.9230831096,975.880787310626,1119.56240133316,693.607824479125,1041.5511274787,14234.8307553905,7346.58445861341,2023.55798978473
"PL614","0","0","PL","Grudzi─àdzki","Poland","PL","PL","POL",4502.80640947039,2423.17619878883,18367.7616365926,1848.53728906074,813.190978828112,1409.04285753467,6013.14355190554,353.773437802322,405.860474664498,251.444672078029,377.580056710081,6868.05817531259,2663.26222815727,733.574301233405
"PL615","0","0","PL","W┼éoc┼éawski","Poland","PL","PL","POL",5986.78024564591,2387.52319608707,18097.5106100341,2811.85260688561,1160.79951502674,2143.3275139316,7879.7476263056,538.132916884134,617.363707224467,382.478276664547,574.345712716307,9000.04542334572,4051.14945929444,1115.8567498065
"PL621","0","0","PL","Elbl─àski","Poland","PL","PL","POL",3569.46952721726,1852.44397579676,14041.5911189551,1890.70257325004,791.952345660363,1441.1832384047,5488.43980165236,361.843038362633,415.118184723531,257.180145264747,386.192688161774,6268.75502373535,2724.01145371277,750.307190025274
"PL622","0","0","PL","Olszty┼äski","Poland","PL","PL","POL",4429.78289704605,1841.22168755946,13956.5257756001,2972.34632526444,1179.86905657491,2265.66344347932,7544.56700113159,568.848236955067,652.601328400612,404.309207870081,607.12797123265,8617.21071915789,4282.37923244771,1179.54714329158
"PL623","0","0","PL","E┼écki","Poland","PL","PL","POL",2539.5263981102,627.337389379259,4755.23968896685,952.68940076749,385.765445497192,726.185078085438,2544.53590230323,182.325888940331,209.170231345344,129.588229237135,194.595218661592,2906.30357571488,1372.57804386465,378.065655259563
"PL631","0","0","PL","S┼éupski","Poland","PL","PL","POL",3388.19951017942,1738.55604154924,13178.3165330674,1847.44157101897,769.379884458286,1408.20764923795,5288.80273292675,353.563739063329,405.619901403055,251.295628580053,377.356246629107,6040.73468959217,2661.68358298165,733.139476033182
"PL633","0","0","PL","Tr├│jmiejski","Poland","PL","PL","POL",147.217825010172,3585.44239323384,27177.7806638948,7580.15510198305,2892.32624220244,5777.95399024989,17300.607988049,1450.69160647873,1664.28092412707,1031.07988418626,1548.31358296929,19760.3102444718,10921.0351807092,3008.11188126124
"PL634","0","0","PL","Gda┼äski","Poland","PL","PL","POL",2313.97491838061,1882.00664715248,14265.6772176359,2527.09836557342,1013.47790713921,1926.27431611512,6586.57760125999,483.636592966864,554.843739558346,343.744983453052,516.182145652034,7523.01982335499,3640.89253903525,1002.85475908119
"PL635","0","0","PL","Starogardzki","Poland","PL","PL","POL",2980.68075512714,2330.23361093447,17663.2535201584,1787.12940329438,778.700450871098,1362.23485244468,5689.01661095442,342.021184285826,392.377904519569,243.0917512087,365.036954048684,6497.84870543676,2574.78941041085,709.205170484537
"PT111","0","0","PT","Minho-Lima","Portugal","PT","PT","PRT",489.904199278977,282.84755589249,4849.46488067943,758.673273382582,861.56209561979,750.419380158206,1007.42801973869,584.392358396918,297.134763138493,308.31971873951,268.595329657017,10283.9772926031,2949.36331532536,285.450960674847
"PT112","0","0","PT","C├ívado","Portugal","PT","PT","PRT",678.178762339013,480.042665027817,8230.40537838344,1601.92318828169,1743.89991363414,1584.49526059053,1987.06517432299,1233.93258048589,627.394009800727,651.01081609375,567.133576385742,20284.2612387934,6227.52066172304,602.723898501868
"PT113","0","0","PT","Ave","Portugal","PT","PT","PRT",475.557804689905,926.020396065907,15876.762220358,1454.6614223397,1859.13263464048,1438.83561104668,2317.26041890525,1120.49949443972,569.718866260426,591.164624262207,514.998060404387,23654.9441371013,5655.03647721648,547.316631587881
"PT114","0","0","PT","Grande Porto","Portugal","PT","PT","PRT",1071.94777523799,1091.4922582419,18713.8027662134,6601.68679203483,6640.59733045346,6529.86454681551,7172.29562527963,5085.16043618361,2585.55390058746,2682.88113782031,2337.21458552659,73215.87637134,25664.239833946,2483.88588734495
"PT115","0","0","PT","T├ómega","Portugal","PT","PT","PRT",539.546135334969,497.650763505247,8532.29893695567,1357.43592229429,1528.6144899007,1342.6678639553,1778.48020223735,1045.60844283522,531.640451031416,551.652834562991,480.577030757023,18154.9943587007,5277.06965907672,510.735519054002
"PT116","0","0","PT","Entre Douro e Vouga","Portugal","PT","PT","PRT",278.885915691751,539.641411560052,9252.2350609084,779.585805687332,1021.60980258008,771.1043971217,1288.88510590279,600.500905385974,305.325166769418,316.818431300695,275.999054956728,13157.1337129542,3030.66136255351,293.319304856683
"PT117","0","0","PT","Douro","Portugal","PT","PT","PRT",1262.57327048361,145.407891600654,2493.04068216534,643.891180656674,697.744416319005,636.886045192283,792.716205034284,495.977779653742,252.180299693918,261.673047784834,227.958687882382,8092.16667823632,2503.14475798421,242.264176868958
"PT118","0","0","PT","Alto Tr├ís-os-Montes","Portugal","PT","PT","PRT",1268.19358812331,158.443811196716,2716.5435300828,637.203580205376,699.227052537501,630.271201673368,800.730851218571,490.826441473177,249.561097666145,258.955251913374,225.591057031459,8173.98139626336,2477.14652642575,239.747965951284
"PT150","0","0","PT","Algarve","Portugal","PT","PT","PRT",2224.09546097097,119.584567253046,2050.29581159019,2486.30199636026,2378.9115978941,2459.25257743185,2474.04579902282,1915.15364823881,973.761407839557,1010.41641918063,880.232806095598,25255.432963449,9665.56771690478,935.471590062102
"PT161","0","0","PT","Baixo Vouga","Portugal","PT","PT","PRT",1168.46712734847,697.433552854643,11957.6056102165,1433.32609149109,1726.36047091575,1417.73239532445,2086.90238147875,1104.06527334715,561.362873370471,582.494089214716,507.444650493063,21303.4145194547,5572.09478896553,539.289209375025
"PT162","0","0","PT","Baixo Mondego","Portugal","PT","PT","PRT",800.567123284237,341.632101905563,5857.33496998448,1506.02783832495,1581.0145221509,1489.64319238236,1759.24749349955,1160.066119538,589.836548512497,612.039590449715,533.183463685226,17958.6639648071,5854.72483881009,566.643255187047
"PT163","0","0","PT","Pinhal Litoral","Portugal","PT","PT","PRT",764.015447280876,399.105229840488,6842.72059449083,1099.82775040096,1244.05800515069,1087.86230870754,1451.2742639328,847.177507679359,430.748082967905,446.962605066666,389.375252231819,14814.8267500991,4275.61077214019,413.810396310737
"PT164","0","0","PT","Pinhal Interior Norte","Portugal","PT","PT","PRT",459.618040872679,124.114850625734,2127.96821730024,380.979172724535,427.591911760192,376.834356342169,496.487510315038,293.461395121961,149.210681619884,154.827374973055,134.879176689808,5068.21944804081,1481.06706188148,143.34348482642
"PT165","0","0","PT","D├úo-Laf├Áes","Portugal","PT","PT","PRT",1122.89542782139,225.757168269439,3870.64139773021,942.438293393248,1011.15548762753,932.18515107607,1141.45838133707,725.943243610104,369.106424207506,383.000587661168,333.654200004625,11652.1794551304,3663.75490874872,354.592583743496
"PT166","0","0","PT","Pinhal Interior Sul","Portugal","PT","PT","PRT",226.499970466292,44.4908854488983,762.803078902236,103.776998572256,124.993544169036,102.647969390112,151.097832341738,79.937552923934,40.6443128706886,42.1742746634143,36.7404759338012,1542.42948013995,403.435949705899,39.046115077082
"PT167","0","0","PT","Serra da Estrela","Portugal","PT","PT","PRT",89.6362665361486,23.5221037489212,403.290089214873,107.333068039391,112.992113426773,106.165351033766,125.9657374617,82.6767291878569,42.0370492380976,43.6194373920772,37.9994416629481,1285.87726201832,417.260268027216,40.3840868776362
"PT168","0","0","PT","Beira Interior Norte","Portugal","PT","PT","PRT",423.981200554116,59.3282015231139,1017.19114670226,344.750750694833,356.971477828642,341.000077005524,393.512766818213,265.555294124702,135.021802195304,140.104387776245,122.053121918383,4017.03772281179,1340.22807011086,129.712534277702
"PT169","0","0","PT","Beira Interior Sul","Portugal","PT","PT","PRT",478.4446124511,74.8174511822223,1282.75671615859,284.031726708899,311.972184540828,280.9416382257,357.470144171285,218.784523528693,111.241166389299,115.428584562546,100.556587328149,3649.10919034651,1104.18118646616,106.866990173127
"PT16A","0","0","PT","Cova da Beira","Portugal","PT","PT","PRT",293.942547565495,71.247087533889,1221.54228187008,260.078743666157,283.749805346313,257.2492487367,323.763138901972,200.333972096219,101.859968721517,105.694253258396,92.0764423140125,3305.02299262372,1011.06330297477,97.8546758337885
"PT16B","0","0","PT","Oeste","Portugal","PT","PT","PRT",2287.43985727456,316.639358390688,5428.83053562663,1333.35496385921,1445.83490855299,1318.84889136661,1643.32874429771,1027.05931426292,522.209131737863,541.866494919603,472.051578238457,16775.3478754969,5183.45426771114,501.675053949416
"PT16C","0","0","PT","M├®dio Tejo","Portugal","PT","PT","PRT",827.934755618873,201.219220484841,3449.93450616851,812.190139013168,871.835579067735,803.35401558494,984.496374592288,625.615436126319,318.094670058847,330.068613208239,287.542062948634,10049.8875975112,3157.4116093404,305.586691354335
"PT171","0","0","PT","Grande Lisboa","Portugal","PT","PT","PRT",577.023291372162,1263.34103703701,21660.1765290162,17566.8999160904,16681.6763794015,17375.7829738206,17244.9302417908,13531.4666166048,6880.08504948736,7139.070046722,6219.26122819243,176038.850959397,68291.808864581,6609.54937132495
"PT172","0","0","PT","Pen├¡nsula de Set├║bal","Portugal","PT","PT","PRT",1117.7588148914,530.447958537307,9094.61189380944,2702.78761926177,2782.6364311867,2673.38297143743,3055.36861180555,2081.9086245442,1058.5481092307,1098.39472117953,956.875847691072,31189.6639846195,10507.161558262,1016.92434607393
"PT181","0","0","PT","Alentejo Litoral","Portugal","PT","PT","PRT",1652.03318434216,126.47523288781,2168.43733448527,371.808070414576,449.328611558706,367.763029919765,544.151710687949,286.397060188795,145.618814859587,151.100300639553,131.632304373773,5554.78280016222,1445.41414821881,139.892855871016
"PT182","0","0","PT","Alto Alentejo","Portugal","PT","PT","PRT",1079.9432611641,70.5596227226021,1209.7555918684,368.509317153362,400.732606827345,364.500165041794,456.294161928466,283.856089963898,144.326856511624,149.759709487378,130.464437057579,4657.91968069028,1432.59015375865,138.651699340954
"PT183","0","0","PT","Alentejo Central","Portugal","PT","PT","PRT",1682.95438483977,111.058194749664,1904.10984267038,631.958930115163,677.487530149471,625.083610113306,764.389212754182,486.786581967489,247.507027861693,256.8238613696,223.734278139492,7803.00046519822,2456.75780427026,237.774665376215
"PT184","0","0","PT","Baixo Alentejo","Portugal","PT","PT","PRT",1784.23517648366,130.395911829311,2235.65797839446,441.431545545282,517.954440285364,436.629044955592,617.172338795403,340.026769127948,172.886883365025,179.394812945566,156.281307984012,6300.18839404619,1716.07733175292,166.088701380338
"PT185","0","0","PT","Lez├¡ria do Tejo","Portugal","PT","PT","PRT",2736.0783306671,218.189078946895,3740.88534144145,885.033416411638,993.585209668195,875.404803442979,1153.86398819127,681.725300762062,346.623775716575,359.671631513373,313.330982622721,11778.8177624734,3440.59186316591,332.993988067702
"PT200","0","0","PT","Regi├úo Aut├│noma dos A├ºores","Portugal","PT","PT","PRT",0,0,0,0,0,0,0,0,0,0,0,0,0,0
"PT300","0","0","PT","Regi├úo Aut├│noma da Madeira","Portugal","PT","PT","PRT",0,0,0,0,0,0,0,0,0,0,0,0,0,0
"RO111","0","0","RO","Bihor","Romania","RO","RO","ROU",3090.01805673119,2581.14504275118,11761.7240310469,2106.17433368746,1711.90063682838,2399.22386019488,2096.72935314177,449.692481179985,918.772800527833,420.186451593257,823.918777514699,6439.34956177408,12266.1797013904,1693.63885950851
"RO112","0","0","RO","Bistri┼úa-N─âs─âud","Romania","RO","RO","ROU",1395.14429967637,1294.32712815771,5897.97095286909,883.248364498863,725.70616208066,1006.14204469659,927.549352366914,188.583699923008,385.297912158808,176.210007983791,345.519789639478,2848.63399596042,5143.96314997062,710.246881649917
"RO113","0","0","RO","Cluj","Romania","RO","RO","ROU",1925.80558160858,4160.16888933402,18956.9968322042,5256.51548960427,4158.38819157547,5987.89814424448,4526.96880585804,1122.3266066217,2293.0406947587,1048.68650044501,2056.30737537251,13902.9553587768,30613.4979271834,4226.92402827622
"RO114","0","0","RO","Maramure┼ƒ","Romania","RO","RO","ROU",1786.73163181188,2167.29770204744,9875.91051351136,1477.72431304584,1210.71432167592,1683.33236899836,1530.60364504499,315.511162682405,644.625130878013,294.809278415579,578.074089136224,4700.69820704411,8606.14037642321,1188.28307808367
"RO115","0","0","RO","Satu Mare","Romania","RO","RO","ROU",2269.45870578825,1637.29467916169,7460.80047995878,1105.91287332882,912.554559921394,1259.78771583535,1185.50893603531,236.125137421753,482.430467182247,220.632071421061,432.624388236448,3640.86401342141,6440.74226020136,889.298187496732
"RO116","0","0","RO","S─âlaj","Romania","RO","RO","ROU",1377.54337915754,1109.38173621213,5055.21449213213,726.854220945006,600.168371803619,827.98748512021,781.628500534507,155.19174877639,317.074364392201,145.009029423385,284.339634936067,2400.49061880363,4233.13699546231,584.485592716809
"RO121","0","0","RO","Alba","Romania","RO","RO","ROU",2139.08417696172,2568.85907524918,11705.7395137805,1232.50213885603,1039.69037695676,1403.9903971802,1461.51870950666,263.153403788488,537.652284362771,245.886910700463,482.145109874462,4488.52869231043,7177.98734689144,991.092467231483
"RO122","0","0","RO","Bra┼ƒov","Romania","RO","RO","ROU",1623.88493252713,3956.98835646003,18031.146747624,3069.34753826729,2483.00085227943,3496.41135173669,2982.77939802804,655.341055111308,1338.93618796017,612.34164246653,1200.70453383096,9160.53337107169,17875.618303871,2468.1557366835
"RO123","0","0","RO","Covasna","Romania","RO","RO","ROU",1599.6501302914,953.143446858089,4343.27013719328,606.374604302018,504.498014832849,690.744538848564,675.64370903147,129.467962823238,264.517748817175,120.973078649119,237.208959724515,2074.9964773222,3531.47398283307,487.604267528496
"RO124","0","0","RO","Harghita","Romania","RO","RO","ROU",1370.50286379481,1471.46162942669,6705.13486105545,993.641811050028,815.6582989317,1131.89544826741,1038.83498403946,212.153972379367,433.454655133716,198.233745451085,388.704834710665,3190.40776016537,5786.88516815022,799.017610607947
"RO125","0","0","RO","Mure┼ƒ","Romania","RO","RO","ROU",2814.95811111435,2588.12642727824,11793.5367020909,1870.26084571968,1530.61857820089,2130.48576942005,1926.63952658172,399.322234020853,815.860666163833,373.121187428433,731.631282839299,5916.9798775416,10892.2396665556,1503.9336464529
"RO126","0","0","RO","Sibiu","Romania","RO","RO","ROU",1304.78861752392,3433.06765887906,15643.7525651828,1813.26367672576,1506.12673651583,2065.55811095108,2004.98615769958,387.152681892547,790.99688934294,361.750125780138,709.334440147721,6157.59335681555,10560.2930151472,1458.10048879541
"RO211","0","0","RO","Bac─âu","Romania","RO","RO","ROU",2266.65788733715,1448.42811942759,6600.176099115,1985.37947065204,1576.28828314821,2261.62180468215,1744.90968539738,423.901386490739,866.078665562225,396.087608464406,776.664780402337,5358.86207781784,11562.6807206563,1596.50403510506
"RO212","0","0","RO","Boto┼ƒani","Romania","RO","RO","ROU",2741.82198371126,907.620929178566,4135.83379352531,910.532417416239,742.01267547789,1037.22235448632,918.395594303999,194.409159504779,397.199987551,181.653237063676,356.193095816357,2820.52152265396,5302.86314733258,732.186818684878
"RO213","0","0","RO","Ia┼ƒi","Romania","RO","RO","ROU",2752.62148487433,2140.96017789416,9755.89606813106,3484.4225700608,2745.06178070922,3969.23921983941,2930.06279699578,743.964355631872,1520.00365388187,695.150032049798,1363.07861051693,8998.63330454824,20292.9798907561,2801.93019790127
"RO214","0","0","RO","Neam┼ú","Romania","RO","RO","ROU",2528.76823961799,1233.31886899649,5619.96940859937,1304.90333330516,1052.17346537452,1486.46537109408,1246.75424251527,278.611892789833,569.235732665989,260.33110959706,510.467885756308,3828.95692911007,7599.6457288704,1049.31247040624
"RO215","0","0","RO","Suceava","Romania","RO","RO","ROU",3941.84758211556,1735.54563055843,7908.50898024692,1783.3181183722,1442.72545337445,2031.44597837043,1733.51591605812,380.758960242375,777.933790020245,355.775920461848,697.619974048676,5323.87021609198,10385.8926371025,1434.02035426614
"RO216","0","0","RO","Vaslui","Romania","RO","RO","ROU",1809.45139446235,752.79131205519,3430.30845563233,829.494603853719,669.074539602154,944.909076915975,793.978522397369,177.106652837856,361.849001773325,165.48601349577,324.491742697123,2438.41926598518,4830.90583218227,667.021847322419
"RO221","0","0","RO","Br─âila","Romania","RO","RO","ROU",3597.07325905583,996.547553634174,4541.0533369976,952.958134170427,782.807629739333,1085.55111355172,999.676648402033,203.467538731929,415.707284868787,190.117261667011,372.789701388934,3070.14702596581,5549.94690357419,766.302628277711
"RO222","0","0","RO","Buz─âu","Romania","RO","RO","ROU",3188.70948180561,1748.16654936435,7966.01979872275,1147.41034003735,953.79300566842,1307.05906971727,1273.27732216798,244.98532457168,500.532835582043,228.910908081196,448.857869716867,3910.41302218316,6682.41996733974,922.667562986973
"RO223","0","0","RO","Constan┼úa","Romania","RO","RO","ROU",2928.8772498308,4737.17470200039,21586.2884917144,3340.17872783536,2724.08906783813,3804.92553392171,3382.045196887,713.166633777706,1457.08041112811,666.373065556826,1306.65155780362,10386.7345701256,19452.9160549868,2685.93933592447
"RO224","0","0","RO","Gala┼úi","Romania","RO","RO","ROU",3023.49100978362,1670.90137924815,7613.93900005909,1639.39248414148,1325.00764735027,1867.49477536841,1585.68912571943,350.029179460505,715.149358591726,327.062437169686,641.317401791615,4869.87343479086,9547.68201755713,1318.28537301899
"RO225","0","0","RO","Tulcea","Romania","RO","RO","ROU",1576.81747903333,757.136604725796,3450.10902180715,663.259763727982,541.068178504523,755.544602928167,672.472890577645,141.613599618552,289.33266389724,132.321794140142,259.461985157084,2065.25844966951,3862.76830007008,533.347354884648
"RO226","0","0","RO","Vrancea","Romania","RO","RO","ROU",2148.85199553439,962.218608933172,4384.62370318675,941.429924478471,763.617640928947,1072.41888830527,927.448391800045,201.006133169711,410.678353818618,187.817358261007,368.279956737503,2848.3239319166,5482.80759347289,757.032444132662
"RO311","0","0","RO","Arge┼ƒ","Romania","RO","RO","ROU",2129.6277225593,4084.1809711892,18610.7361966684,2190.4214843985,1820.80343743209,2495.19301664427,2430.70321466979,467.680218296342,955.523789919937,436.993945041406,856.875597998503,7465.03007492759,12756.8279223961,1761.38455651226
"RO312","0","0","RO","C─âl─âra┼ƒi","Romania","RO","RO","ROU",3365.14905461037,783.060424503736,3568.2383051324,718.130703761357,595.17140808404,818.0501925433,785.895931324418,153.329177371836,313.268919522288,143.268668394299,280.927063859391,2413.59649655831,4182.3319753406,577.470747147044
"RO313","0","0","RO","D├ómbovi┼úa","Romania","RO","RO","ROU",2756.59701951357,2382.18027590979,10855.0842875493,1404.67462379857,1168.51075274216,1600.11866981942,1564.11393466099,299.914212571672,612.758790806394,280.235703368227,549.497627207233,4803.61300071091,8180.70521604456,1129.54160051206
"RO314","0","0","RO","Giurgiu","Romania","RO","RO","ROU",2136.77390906638,372.007632826706,1695.15894778507,611.54126098667,492.20739217284,696.630075386059,578.769172257656,130.571103539922,266.771590560281,122.003838118647,239.230115044552,1777.48120431531,3561.56415074351,491.758933357866
"RO315","0","0","RO","Ialomi┼úa","Romania","RO","RO","ROU",2920.90014780156,734.153336196472,3345.37919946241,896.880120369992,726.885636196592,1021.67049997175,879.869698640345,191.494236825143,391.24446953419,178.929573518733,350.85242495512,2702.20310020857,5223.35333362555,721.208591275471
"RO316","0","0","RO","Prahova","Romania","RO","RO","ROU",2496.60317455905,5914.15515236661,26949.5358171686,2604.61169719567,2200.64903977009,2967.01295353541,3110.2449865636,556.114599768994,1136.20527277545,519.625811272155,1018.90354047605,9551.99804935634,15169.0363989055,2094.44750785554
"RO317","0","0","RO","Teleorman","Romania","RO","RO","ROU",3029.79910799224,1047.29250309372,4772.28718152282,823.383583710027,682.169111997658,937.947779788587,899.635397262481,175.801879644581,359.183201985673,164.266851421329,322.101159844779,2762.90632953567,4795.31577202324,662.107790104527
"RO321","0","0","RO","Bucure┼ƒti","Romania","RO","RO","ROU",3043.47116160468,13763.795958087,62718.6643901685,28272.5613728971,22028.2200546977,32206.3576360838,22257.6738198588,6036.51752361453,12333.290732488,5640.43870952093,11060.0028834191,68356.4342452009,164656.986305298,22734.8267582124
"RO322","0","0","RO","Ilfov","Romania","RO","RO","ROU",1055.22012750472,2886.41730583065,13152.7842206931,2737.6636343359,2190.42217400454,3118.57751166632,2510.37915991811,584.522720968363,1194.24629005817,546.169967874178,1070.95240824599,7709.72606411185,15943.9195339225,2201.43861845323
"RO411","0","0","RO","Dolj","Romania","RO","RO","ROU",4294.9798803782,2940.86691048056,13400.8993838802,2154.53617908823,1768.61047439703,2454.31469078411,2252.52956581037,460.018292251207,939.869605016835,429.834747029405,842.837549766183,6917.83383999941,12547.8349646269,1732.52809074554
"RO412","0","0","RO","Gorj","Romania","RO","RO","ROU",1416.50559440894,2708.00306666074,12339.7888215315,1354.65906750434,1132.8659265839,1543.1440338063,1545.30448856246,289.235315175666,590.940590863776,270.257488940488,529.931936305233,4745.84655683951,7889.41888159575,1089.32257003345
"RO413","0","0","RO","Mehedin┼úi","Romania","RO","RO","ROU",1680.78506407502,499.090809189942,2274.24970968199,709.326586792912,568.105962208561,808.021085664166,653.958938821177,151.449396984802,309.428314747131,141.512227529356,277.482962782991,2008.39951031662,4131.05754894592,570.391088838176
"RO414","0","0","RO","Olt","Romania","RO","RO","ROU",3507.38200337135,1683.38944115305,7670.84441814884,1052.41434035454,881.250742193541,1198.84548767108,1207.60247341878,224.702584384289,459.092894323855,209.958995419537,411.696184344691,3708.71636167758,6129.1713666019,846.27838950437
"RO415","0","0","RO","V├ólcea","Romania","RO","RO","ROU",1741.79570669748,1617.69564234995,7371.49187527521,1296.7409364214,1053.93137253451,1477.1672721444,1290.54855605256,276.869127032827,565.675064337654,258.702693312508,507.274820512614,3963.45540086659,7552.10862552199,1042.74883874101
"RO421","0","0","RO","Arad","Romania","RO","RO","ROU",4938.31731148161,3073.8561945562,14006.9030111374,1644.04221053435,1388.22692388319,1872.79145680961,1958.05098555148,351.021949605396,717.177700724351,327.990067899323,643.136338061098,6013.44886828114,9574.76162753295,1322.02435947377
"RO422","0","0","RO","Cara┼ƒ-Severin","Romania","RO","RO","ROU",1464.6115166753,873.734858269745,3981.42224054213,1014.0836469201,811.618023419875,1155.18152652846,931.397755763434,216.518539806314,442.371961972885,202.31193705228,396.701519577077,2860.45298189093,5905.93667694418,815.455512749045
"RO423","0","0","RO","Hunedoara","Romania","RO","RO","ROU",1359.82931749784,1575.10352548133,7177.40873922143,1523.02714044987,1222.47905718011,1734.93855501229,1420.68221225162,325.183838174618,664.387505217157,303.847292975709,595.796197689004,4363.11408869954,8869.98017972478,1224.71245988263
"RO424","0","0","RO","Timi┼ƒ","Romania","RO","RO","ROU",5358.1298809943,6241.81984530274,28442.6335041257,3935.6531360814,3244.23082744779,4483.25324191253,4198.43121940631,840.307279184069,1716.84318620143,785.171530913409,1539.59644685484,12893.9704079178,22920.9082255765,3164.77842417915
"SE110","0","0","SE","Stockholms l├ñn","Sweden","SE","SE","SWE",2254.70181071069,4060.2474933725,59051.1118737238,63887.3278165358,22929.6367678164,17623.4013009073,10212.7814824917,4813.74021517457,29484.7833431309,6175.70474236411,10256.3023503494,285935.333440071,156371.913742857,18824.5880640288
"SE121","0","0","SE","Uppsala l├ñn","Sweden","SE","SE","SWE",2960.66201352166,715.994346554877,10413.2229201248,5873.08402362841,2261.42079343072,1620.09775897312,1043.03597589234,442.521259189712,2710.5001243747,567.724994871942,942.849349534836,29202.7044804642,14375.0790608223,1730.52139115478
"SE122","0","0","SE","S├Âdermanlands l├ñn","Sweden","SE","SE","SWE",1697.26538895551,632.579766464357,9200.06443437603,3169.07872518302,1312.99366303411,874.194430051158,625.754915587892,238.781652415883,1462.56860010918,306.340790590593,508.755502669877,17519.756076944,7756.70108603884,933.778318532316
"SE123","0","0","SE","├ûsterg├Âtlands l├ñn","Sweden","SE","SE","SWE",4170.55078756399,1034.42508789542,15044.3911830512,6601.44567949434,2635.37447110247,1821.01725572184,1235.8410097697,497.401372568401,3046.64793885713,638.13248703071,1059.77860011195,34600.8197485877,16157.8317586928,1945.13528411152
"SE124","0","0","SE","├ûrebro l├ñn","Sweden","SE","SE","SWE",2499.04024249823,754.728099935544,10976.5558716024,4191.64170677053,1708.46780941784,1156.26973975451,808.537449271177,315.829053132846,1934.49392547879,405.187420596638,672.915054647912,22637.2634675946,10259.546890024,1235.07949289334
"SE125","0","0","SE","V├ñstmanlands l├ñn","Sweden","SE","SE","SWE",1293.15643500327,667.695818689403,9710.78254500586,3299.6652290579,1366.04214665108,910.216884596109,650.823883309565,248.620998131934,1522.83586915735,318.964008978828,529.719514037859,18221.6318251702,8076.32725006537,972.256013971789
"SE211","0","0","SE","J├Ânk├Âpings l├ñn","Sweden","SE","SE","SWE",3071.58325594773,1075.78752783066,15645.9550217021,4586.89685079158,1965.89516282465,1265.30137806836,950.148292260818,345.610476883931,2116.90900973752,443.394983047588,736.368268315763,26602.054418854,11226.9813625499,1351.54257752495
"SE212","0","0","SE","Kronobergs l├ñn","Sweden","SE","SE","SWE",2560.20637056313,501.819682008373,7298.32608260519,2888.83958587083,1178.45399277629,796.890104121262,557.911028774754,217.666378685122,1333.23480905419,279.251315403647,463.766653684968,15620.2770338409,7070.78210934068,851.205036204416
"SE213","0","0","SE","Kalmar l├ñn","Sweden","SE","SE","SWE",3837.17045071052,570.274455992979,8293.91330320042,2634.4100464596,1130.70789511264,726.705389419695,546.806970448178,198.495789655178,1215.81246409126,254.656739815016,422.921209490536,15309.3879165528,6448.03523057469,776.236628001604
"SE214","0","0","SE","Gotlands l├ñn","Sweden","SE","SE","SWE",1366.22630415565,46.9235544320439,682.443143380368,804.392864422525,299.638516859296,221.892803123866,136.008537912189,60.608862705758,371.237147347395,77.7570920136726,129.135099368574,3807.93877801934,1968.84821935364,237.016711011646
"SE221","0","0","SE","Blekinge l├ñn","Sweden","SE","SE","SWE",1271.87501297983,408.050028079207,5934.56627890608,1938.79570472424,813.30009011197,534.819281265775,389.634183552815,146.083099290673,894.777935689325,187.414785331523,311.249125966164,10908.8968940361,4745.43552008903,571.271826966219
"SE224","0","0","SE","Sk├Ñne l├ñn","Sweden","SE","SE","SWE",14434.0359095354,2158.74175575417,31396.1405391165,21164.528663261,8027.39851721392,5838.26237103413,3675.96523993178,1594.69093861811,9767.68889110146,2045.88115519478,3397.69736020885,102918.910817383,51802.7277654125,6236.19029425264
"SE231","0","0","SE","Hallands l├ñn","Sweden","SE","SE","SWE",3570.05233124861,593.68669381044,8634.41438763672,4215.28400868278,1666.34533774351,1162.79149905353,777.973053972411,317.610437695073,1945.40513703576,407.472817106868,676.710527161123,21781.5278801712,10317.4142656313,1242.04576632493
"SE232","0","0","SE","V├ñstra G├Âtalands l├ñn","Sweden","SE","SE","SWE",7022.18621677407,4630.75594580315,67348.4283561248,27597.4783725707,11034.1526051524,7612.79979731816,5177.93807840985,2079.39658802053,12736.5738784488,2667.72588379667,4430.42606366536,144970.834196377,67548.1453847726,8131.6777477602
"SE311","0","0","SE","V├ñrmlands l├ñn","Sweden","SE","SE","SWE",2795.72399068333,709.516975816168,10319.0178390889,3234.07563124275,1373.71205812958,892.123909933263,661.519210973543,243.678996400282,1492.5654673854,312.62375334253,519.189933771773,18521.0773863127,7915.78882589724,952.929847072131
"SE312","0","0","SE","Dalarnas l├ñn","Sweden","SE","SE","SWE",4282.92160915626,607.11137545656,8829.65922900369,3629.48020905645,1481.83816142545,1001.19676975043,701.797993524535,273.471679590161,1675.04951716752,350.845760895717,582.667137144802,19648.7943690977,8883.5890555918,1069.43696280796
"SE313","0","0","SE","G├ñvleborgs l├ñn","Sweden","SE","SE","SWE",3743.79070298735,653.269668982931,9500.97263031114,3408.29170981173,1419.93972017437,940.181638603783,678.307280974642,256.805714517932,1572.96831889059,329.464449289373,547.158121472892,18991.1062811646,8342.2036180269,1004.26312434755
"SE321","0","0","SE","V├ñsternorrlands l├ñn","Sweden","SE","SE","SWE",4506.46937411442,525.941649408632,7649.14927697749,3307.54848604541,1345.85254425759,912.391491144814,636.462828703515,249.214980577034,1526.4740886957,319.726048482231,530.985071229446,17819.554002946,8095.62246906723,974.578838708158
"SE322","0","0","SE","J├ñmtlands l├ñn","Sweden","SE","SE","SWE",3002.92270937941,197.916720938201,2878.44582106859,1700.28827558193,671.251474087097,469.026701098808,313.20128607725,128.112198917797,784.703839396192,164.359329553608,272.959775171702,8768.94451544722,4161.65991995789,500.994915139388
"SE331","0","0","SE","V├ñsterbottens l├ñn","Sweden","SE","SE","SWE",3364.72711586727,722.847066293619,10512.8869727699,3702.60084910158,1540.89941287674,1021.36719206948,735.757693286039,278.981125321798,1708.79558705845,357.914008996314,594.405730978426,20599.5909852279,9062.56061080842,1090.98217333517
"SE332","0","0","SE","Norrbottens l├ñn","Sweden","SE","SE","SWE",2945.85897174667,1116.19979846467,16233.6998619306,3660.43781291424,1669.53594521993,1009.73646447154,826.583010158139,275.804252695795,1689.33683006297,353.838295213411,587.636988851851,23142.4993309265,8959.36151197058,1078.55871136107
"SI011","0","0","SI","Pomurska","Slovenia","SI","SI","SVN",628.531701220161,37.6456776597705,1761.53899901385,340.179576160171,264.797519681346,329.262045352008,443.147011883017,142.968460272242,136.52478000932,88.2194360003166,125.674023089892,3299.05489363332,1323.60315148551,111.996504880684
"SI012","0","0","SI","Podravska","Slovenia","SI","SI","SVN",808.455804429231,115.82227907932,5419.62515316647,1258.01427112759,920.976524193856,1217.64027302584,1490.08582854266,528.710057710624,504.880756078704,326.243305762045,464.753693745161,11093.1018663509,4894.80195334897,414.173017224213
"SI013","0","0","SI","Koro┼íka","Slovenia","SI","SI","SVN",348.507273981548,41.1712614943494,1926.51022027946,192.188468790026,175.394420126783,186.02048083298,316.191989322958,80.7717199696098,77.1312867105584,49.8406121666677,71.0010234504977,2353.92477379251,747.785231085946,63.2737480180725
"SI014","0","0","SI","Savinjska","Slovenia","SI","SI","SVN",813.044087370943,139.708292291209,6537.3137277745,933.869598478406,757.538283472243,903.898516065761,1294.65926312496,392.480642420023,374.791287968523,242.182232706459,345.003514928432,9638.22808925454,3633.58893433547,307.455645116873
"SI015","0","0","SI","Zasavska","Slovenia","SI","SI","SVN",101.075078521506,12.8524258297716,601.398373956477,105.272690420792,81.7967063585937,101.894128268706,136.75924864923,44.2433218009848,42.2492468916499,27.3005730678711,38.8913487282623,1018.11871999029,409.605027965324,34.6586750433356
"SI016","0","0","SI","Spodnjeposavska","Slovenia","SI","SI","SVN",356.053233937589,47.107986186738,2204.30498244485,213.853155286995,196.27076868949,206.989873141657,354.654760974199,89.8768135372911,85.8260078674128,55.4589577636015,79.0047029829027,2640.26495354357,832.080260337886,70.406360723351
"SI017","0","0","SI","Jugovzhodna Slovenija","Slovenia","SI","SI","SVN",773.137660062264,118.676893843052,5553.19998953735,457.682343702597,443.5089472518,442.993745568261,818.88568028888,192.351759360599,183.682342113116,118.691658930562,169.083582499479,6096.28123047446,1780.79413038836,150.681658842905
"SI018","0","0","SI","Notranjsko-kra┼íka","Slovenia","SI","SI","SVN",284.156502176094,19.0550320835928,891.634424702601,150.906876968613,120.630950832428,146.063757058049,204.659994949002,63.4221609898675,60.5636834891371,39.134976076494,55.7501851070781,1523.61302177912,587.162874947099,49.682708684975
"SI021","0","0","SI","Osrednjeslovenska","Slovenia","SI","SI","SVN",705.318308738308,245.416160585001,11483.6593397469,4331.12045132138,2932.98339472024,4192.11992255682,4523.25440570058,1820.25514044231,1738.21507300635,1123.19795261637,1600.06470038102,33673.8467870211,16851.936684562,1425.92438452817
"SI022","0","0","SI","Gorenjska","Slovenia","SI","SI","SVN",527.93307110252,102.879772840282,4814.01168298023,728.492902976118,581.042781293928,705.113064005347,984.677159653451,306.1662602834,292.36715043215,188.921491866774,269.130307418386,7330.53346879216,2834.48969246765,239.839968891293
"SI023","0","0","SI","Gori┼íka","Slovenia","SI","SI","SVN",477.771110478261,56.643398161186,2650.49166598552,436.523265167308,344.615125176345,422.513734525468,580.962196595397,183.459159419368,175.190537358588,113.20443363697,161.26669191945,4325.03464155132,1698.46636883382,143.715506232578
"SI024","0","0","SI","Obalno-kra┼íka","Slovenia","SI","SI","SVN",206.122884240913,24.1562445211131,1130.33339918139,604.857126159617,398.403209569501,585.445183843963,603.107800652222,254.205419936844,242.748218508951,156.858783625062,223.455003669234,4489.89993789099,2353.43581593031,199.135659014862
"SK010","0","0","SK","Bratislavsk├¢ kraj","Slovakia","SK","SK","SVK",1783.97988160825,2826.28732850978,29899.6956595541,15345.6438923,4000.22537528363,6091.59218957308,8509.80850276761,1238.69306255237,2361.02645687538,969.850825073068,2612.4381095155,51993.207571915,27940.1526890183,1718.89866525309
"SK021","0","0","SK","Trnavsk├¢ kraj","Slovakia","SK","SK","SVK",1885.36998390968,2655.34748236001,28091.2987126436,4579.79712784464,1469.69109709373,1817.99190764528,3397.52632926496,369.679041816221,704.631376946571,289.445008256455,779.663377737731,20758.1982145742,8338.53775929948,512.992952621046
"SK022","0","0","SK","Tren─ìiansky kraj","Slovakia","SK","SK","SVK",1616.14632182474,1664.35754374389,17607.4751935658,3947.37223904271,1176.46091636496,1566.94512589046,2647.61135731029,318.630006152264,607.328721878636,249.475502610031,671.999542156268,16176.3695182592,7187.06779938938,442.153677002254
"SK023","0","0","SK","Nitriansky kraj","Slovakia","SK","SK","SVK",3694.06493525432,2435.84674799086,25769.169221957,4178.87633213544,1363.49102800801,1658.84277027966,3169.94314534002,337.316906231467,642.947122286137,264.106653786844,711.410733993433,19367.711023489,7608.57241363296,468.084949708079
"SK031","0","0","SK","┼¢ilinsk├¢ kraj","Slovakia","SK","SK","SVK",1479.96338398914,1796.86752536205,19009.3171373306,5197.9580667485,1485.38984572245,2063.37648542865,3288.03825921539,419.576698241396,799.739431167174,328.513026570413,884.898922491681,20089.2482668893,9464.03703066124,582.234492451551
"SK032","0","0","SK","Banskobystrick├¢ kraj","Slovakia","SK","SK","SVK",3506.59708990322,1344.34961349163,14222.0657814833,3879.16775413963,1134.06958912107,1539.87073849783,2533.25130209238,313.124572631368,596.83502122561,245.164951914265,660.388429787755,15477.6527272826,7062.88638767136,434.513945565308
"SK041","0","0","SK","Pre┼íovsk├¢ kraj","Slovakia","SK","SK","SVK",2088.76185749901,1401.07553674356,14822.1773922637,4419.04075268001,1253.18817993698,1754.17821000902,2765.42313311263,356.702863815804,679.897970024133,279.285141118693,752.296257545505,16896.1756233809,8045.84507730086,494.986284367779
"SK042","0","0","SK","Ko┼íick├¢ kraj","Slovakia","SK","SK","SVK",2057.57219760323,1900.04787292751,20100.8767106034,5741.73253913505,1632.94150121834,2279.23268228339,3607.63093334628,463.469914535583,883.402646923295,362.879790480684,977.470936062067,22041.8948204688,10454.0992198728,643.143843753059
"3264","XKX-20210524-1","District of Ferizaj","SRB","District of Ferizaj","Serbia","RS","RS","SRB",186.33113625,57.3168609767818,160.119959719934,96.1573101788205,97.0701219109535,98.9153030002626,295.66983015566,70.1993965716559,84.7991508629789,24.1663136807909,16.3280640029062,1399.94169598353,592.211408271586,33.9503317569746
"3265","XKX-20210524-2","District of Gjakova","SRB","District of Gjakova","Serbia","RS","RS","SRB",190.198635,26.656706615802,74.4679788259398,41.6871804906853,103.360580798532,42.8828560386562,262.365127713985,30.4336187210069,36.7630656567646,10.4768475566982,7.0787228749098,1771.19389903356,256.742038846031,14.7185232723302
"3266","XKX-20210524-3","District of Gjilan","SRB","District of Gjilan","Serbia","RS","RS","SRB",186.98033625,34.5017785464185,96.3839138601202,57.9880371590318,119.73064711598,59.6512553783924,308.126323598551,42.3340171368001,51.1384553306676,14.5735887694078,9.84670203830352,2006.89081586018,357.135376239124,20.4738786455627
"3267","XKX-20210524-4","District of Mitrovica","SRB","District of Mitrovica","Serbia","RS","RS","SRB",246.8790975,42.2806227623711,118.114835639499,67.1986355591275,120.956378046949,69.1260330095981,325.376266633388,49.05819077007,59.2610923076746,16.8884019615673,11.4107145912977,1987.6129602717,413.861395710768,23.7258713519101
"3268","XKX-20210524-5","District of Peja","SRB","District of Peja","Serbia","RS","RS","SRB",226.8684825,36.7710784142777,102.723413219327,60.1868750630232,105.300684704961,61.9131605535402,285.514479715666,43.939273083873,53.0775651788637,15.1262020488584,10.220077353832,1722.55960956521,370.677528044973,21.2502239507869
"3269","XKX-20210524-6","District of Prishtina","SRB","District of Prishtina","Serbia","RS","RS","SRB",313.05157125,184.998183449954,516.809559655876,320.689283877548,322.245367687693,329.887323435881,949.924183652805,234.118385521966,282.809272775005,80.5958258799134,54.4548837988617,4640.59775684878,1975.05371218838,113.225999752928
"3270","XKX-20210524-7","District of Prizren","SRB","District of Prizren","Serbia","RS","RS","SRB",242.525655,66.3199454390888,185.270910014364,114.444791615505,176.17747440331,117.727307662803,474.549608948009,83.5501252815501,100.926503992651,28.7623346386223,19.4333834715441,2818.46587179647,704.839924140206,40.407106188584
"RS110","0","0","SRB","City of Belgrade","Serbia","RS","RS","SRB",1798.136775,926.568523862293,2588.45498846646,1770.86854448944,1673.21672947733,1821.6607590838,5003.9618697634,1292.8180187206,1561.69248685722,445.055759712832,300.703658217819,23607.0560395433,10906.3840559356,625.241850792217
"RS121","0","0","SRB","Zapadnoba├ä┬ìka oblast","Serbia","RS","RS","SRB",969.5948625,86.1149230844213,240.570013440694,60.9163870944967,107.85016658137,62.6635965162491,384.069070887526,44.4718514630515,53.7209068103865,15.3095434563262,10.3439526901807,1767.62832831221,375.170429798429,21.5077932967178
"RS122","0","0","SRB","Ju├à┬¥nobanatska oblast","Serbia","RS","RS","SRB",1309.1307375,160.854086271497,449.360788006381,147.68437017003,187.367960978653,151.920266868998,660.592737749716,107.816593972121,130.239803535091,37.1161257385618,25.0776549789167,2877.46853879227,909.555068412879,52.1430284735307
"RS123","0","0","SRB","Ju├à┬¥noba├ä┬ìka oblast","Serbia","RS","RS","SRB",1878.27135,611.228962355314,1707.52471723174,434.186509774171,460.655151899999,446.639887212633,1617.14071301103,316.976742891604,382.900138081439,109.12001772572,73.7273651645119,6745.85668615594,2674.05779059034,153.298548220859
"RS124","0","0","SRB","Severnobanatska oblast","Serbia","RS","RS","SRB",1089.5461875,90.7272895135374,253.455086249249,69.9325019500506,96.5405678848391,71.938312407987,380.928693423038,51.0540428856651,61.6720327561126,17.5754789257789,11.8749408193751,1511.07801471622,430.698668533646,24.6911195559048
"RS125","0","0","SRB","Severnoba├ä┬ìka oblast","Serbia","RS","RS","SRB",926.641575,119.421902948906,333.616146522796,83.6549078712451,122.068309610422,86.0543056389055,435.306268128132,61.0720499762102,73.7735398360259,21.0242023283993,14.2050842243689,1932.68706400331,515.211903360538,29.5360994400348
"RS126","0","0","SRB","Srednjobanatska oblast","Serbia","RS","RS","SRB",1225.2975375,180.11400227165,503.165147170487,77.681388234914,114.291026106763,79.9094529625268,468.842451313245,56.7110973549321,68.5056159321418,19.5229337400675,13.1907462529423,1812.52527428819,478.422329384407,27.4270244978064
"RS127","0","0","SRB","Sremska oblast","Serbia","RS","RS","SRB",1328.345625,194.335129371919,542.893182859488,128.906513859428,180.879434388038,132.603822355269,650.296436855173,94.1078683488466,113.679998906562,32.3968634691521,21.8890670378991,2840.96832061015,793.906443161791,45.5131170269212
"RS211","0","0","SRB","Zlatiborska oblast","Serbia","RS","RS","SRB",1208.27221125,117.261836797193,327.581801666666,70.2661449597564,173.930450857296,72.2815249972078,557.859373660545,51.2976181053561,61.9662656528296,17.659330289913,11.9315953202806,2979.94386137213,432.753501351562,24.8089191370999
"RS212","0","0","SRB","Kolubarska oblast","Serbia","RS","RS","SRB",1204.9704375,69.7452796377172,194.839898346329,90.3496259569154,119.681272494718,92.9410422449308,443.777406825958,65.9595116674475,79.6774737946206,22.7067229496803,15.3418858381095,1856.39374623199,556.443177593595,31.8998084456762
"RS213","0","0","SRB","Ma├ä┬ìvanska oblast","Serbia","RS","RS","SRB",1332.2124,97.7085390146989,272.957853321116,70.8670330089069,167.976703959572,72.8996477726934,551.31031856331,51.7362948776061,62.4961764441872,17.8103458399092,12.0336295650704,2864.04566862501,436.454236710519,25.0210751196199
"RS214","0","0","SRB","Moravi├ä┬ìka oblast","Serbia","RS","RS","SRB",1106.9993625,85.6024340543083,239.13832786929,71.3026660428146,131.456168767554,73.3477756733778,451.432429234632,52.0543276517147,62.8803522421014,17.9198293989599,12.1076025583478,2168.14222367127,439.137203320341,25.1748843931733
"RS215","0","0","SRB","Pomoravska oblast","Serbia","RS","RS","SRB",641.72355375,77.2534725311947,215.81473058915,56.7835327800433,131.581699283334,58.4122032939359,392.754976788546,41.4546718180129,50.0762277334207,14.2708719962536,9.64217027098046,2237.62741915881,349.717102649487,20.0486034044672
"RS216","0","0","SRB","Rasinska oblast","Serbia","RS","RS","SRB",1083.037125,76.6309137536894,214.075554983951,59.4718176039463,128.498641921428,61.177593750604,432.193703797312,43.4172472280342,52.4469707369519,14.9464933733172,10.0986564869645,2166.62543183495,366.273648776226,20.9977580912926
"RS217","0","0","SRB","Ra├à┬íka oblast","Serbia","RS","RS","SRB",774.5455875,100.343645144265,280.319266352698,75.8508832029541,159.893132765012,78.0264452167496,483.545706668114,55.3747418721717,66.8913312555848,19.0628901020504,12.8799159763476,2687.42497240123,467.148657514746,26.7807267488128
"RS218","0","0","SRB","├à┬áumadijska oblast","Serbia","RS","RS","SRB",923.3066625,171.261530601244,478.434947659711,114.935289582904,188.403787255858,118.231874138051,607.202837768842,83.9082120590088,101.359064045112,28.8856068861291,19.5166728459046,3048.49898162114,707.860791627946,40.5802866642893
"RS221","0","0","SRB","Borska oblast","Serbia","RS","RS","SRB",376.90719375,44.5731231727072,124.519147862907,55.0116763731791,95.6755839459753,56.5895263385179,280.936676276287,40.1611326129107,48.5136640710867,13.8255679663679,9.34129886805295,1563.5998549715,338.804634569706,19.4230127683846
"RS222","0","0","SRB","Brani├ä┬ìevska oblast","Serbia","RS","RS","SRB",916.4272125,33.88695066118,94.6663352184887,68.1509412088364,117.987640381021,70.1056527776079,383.81501967024,49.7534190562713,60.1009110412391,17.1277359966818,11.5724215646922,1926.80586790814,419.726433624894,24.0621026034035
"RS223","0","0","SRB","Zaje├ä┬ìarska oblast","Serbia","RS","RS","SRB",543.87485625,28.6920448323537,80.1538846431254,39.5010182713995,83.117857510702,40.6339901133694,256.629102581165,28.8376166248977,34.8351342337723,9.92741993803766,6.7074999635071,1396.68549642476,243.2779537527,13.9466533803658
"RS224","0","0","SRB","Jablani├ä┬ìka oblast","Serbia","RS","RS","SRB",734.23455,52.5641036781176,146.842692014555,47.8285354264803,112.461703587385,49.2003578820066,348.704869434154,34.9170990702744,42.1790000535889,12.0202966145753,8.12156024494171,1915.73298500927,294.56527296582,16.8868559463602
"RS225","0","0","SRB","Ni├à┬íavska oblast","Serbia","RS","RS","SRB",613.1463375,134.663807426404,376.195818357592,188.504748233321,261.709470946831,193.911458773252,755.70216994031,137.6174058141,166.238453988557,47.3751279819841,32.0091898190735,4101.30601596369,1160.95866460421,66.5555091795385
"RS226","0","0","SRB","Pirotska oblast","Serbia","RS","RS","SRB",376.99261875,45.6012425151814,127.391294468614,33.2704060739942,68.4569095558448,34.2246709234154,213.071185461329,24.2889742417397,29.3404856967663,8.3615386908829,5.64950619738229,1146.92223436872,204.90500408348,11.746806579768
"RS227","0","0","SRB","Podunavska oblast","Serbia","RS","RS","SRB",563.6887875,156.699186292502,437.753690095933,59.2759522653023,113.540942256749,60.9761105842884,380.593547765253,43.2742562421534,52.2742411299193,14.8972683772763,10.0653974265833,1883.3343290769,365.067357878381,20.9286037730791
"RS228","0","0","SRB","P├ä┬ìinjska oblast","Serbia","RS","RS","SRB",520.0306425,45.7921944185702,127.924736296341,40.8999195560668,91.2123541618794,42.0730148134468,277.810428442734,29.8588809038624,36.0687964572716,10.2789926597669,6.94504144285295,1544.01591616439,251.893474489346,14.4405644789748
"RS229","0","0","SRB","Topli├ä┬ìka oblast","Serbia","RS","RS","SRB",540.17232,16.8627382828989,47.1076211888037,18.6769797991756,58.1357225968635,19.2126746529163,188.563639356859,13.6350809859895,16.4708437113078,4.69390992320091,3.17145852951589,1018.26314269067,115.027349335796,6.59429490302015
"TR100","0","0","TR","─░stanbul","Turkey","TR","TR","TUR",2332.60035,5683.63610820625,15877.7638761027,5762.82351391456,10026.2897608965,5928.11334838535,26106.9400161708,4207.13445991189,5082.11533417872,1448.31631069243,978.560558710131,163866.639880748,35491.9435916964,2034.68430835316
"TR211","0","0","TR","Tekirda─ƒ","Turkey","TR","TR","TUR",1689.784356,1948.88352753317,5444.38663613946,1976.0363972164,3437.95249823839,2032.71325504755,9040.90263200716,1442.60028104211,1742.62578941396,496.618669251311,335.542338963305,56188.853243912,12169.9670614245,697.68061444932
"TR212","0","0","TR","Edirne","Turkey","TR","TR","TUR",1563.0372,97.2255455543688,271.608566355726,98.5801429589967,171.511946460096,101.407627693252,598.904654292114,71.9681794010227,86.9357971778545,24.7752214887668,16.7394749359854,2803.13925051672,607.133094517659,34.8057630967831
"TR213","0","0","TR","K─▒rklareli","Turkey","TR","TR","TUR",1316.88273,284.05315463769,793.52879595642,288.010732492919,501.087540031312,296.271482832509,1424.78661371293,210.261493271437,253.990731535703,72.3830324695511,48.9058779298518,8189.62282451524,1773.79380901746,101.688159740741
"TR221","0","0","TR","Bal─▒kesir","Turkey","TR","TR","TUR",2816.50578,544.828121113096,1522.02781729891,552.418952870532,961.110899460572,568.263484124704,2761.87770409441,403.29203337885,487.166893883799,138.834267238309,93.8039136298053,15708.1051319313,3402.22501468671,195.042963285031
"TR222","0","0","TR","├çanakkale","Turkey","TR","TR","TUR",1434.726225,383.358799549584,1070.94831252234,388.699955847038,676.268911924872,399.848683758908,1888.6411569863,283.76940138142,342.78648326382,97.6883093260454,66.0034868404128,11052.7340517466,2393.91625888033,137.238577393515
"TR310","0","0","TR","─░zmir","Turkey","TR","TR","TUR",2596.361259,4300.93574674569,12015.0623532212,4360.85864423928,7587.11979776609,4485.93719327282,19838.8338458603,3183.63361860464,3845.75139817527,1095.97364691559,740.49886501972,124001.585559748,26857.5549188676,1539.69154754709
"TR321","0","0","TR","Ayd─▒n","Turkey","TR","TR","TUR",1603.685904,547.330018301196,1529.01709881494,554.95570780531,965.524402662095,570.87299849802,2651.98513093937,405.143984783694,489.404005799853,139.471806031471,94.234669199587,15780.2380900827,3417.84832205223,195.938617203196
"TR322","0","0","TR","Denizli","Turkey","TR","TR","TUR",2011.614891,825.915239790303,2307.27071709098,837.42232503095,1456.96616645137,861.44134923884,3960.98463735754,611.35801098723,738.505496298369,210.461488079901,142.199124488193,23812.2132722977,5157.49716274694,295.669312116011
"TR323","0","0","TR","Mu─ƒla","Turkey","TR","TR","TUR",1151.281488,1304.08849429784,3643.09199107722,1322.25774065906,2300.49371014497,1360.18285888514,6051.74473125007,965.310857113718,1166.07186100954,332.310619631484,224.526965008372,37598.5716888505,8143.49025817675,466.850506530603
"TR331","0","0","TR","Manisa","Turkey","TR","TR","TUR",2944.55577,1290.07634147569,3603.94774438896,1308.05036315868,2275.77539572544,1345.56798407557,6167.28448003758,954.938797771197,1153.54266748509,328.740012876606,222.114470641505,37194.5830525713,8055.99019165351,461.834297376694
"TR332","0","0","TR","Afyon","Turkey","TR","TR","TUR",2768.861172,281.122310828821,785.341212327029,285.039054627587,495.917348148474,293.214571029112,1556.64234498702,208.092027501609,251.370070047253,71.6361885809445,48.401269946424,8105.12277598446,1755.49190841015,100.638947265732
"TR333","0","0","TR","K├╝tahya","Turkey","TR","TR","TUR",1410.436038,219.876882707181,614.246436431338,222.940323009363,387.876580374636,229.334717874676,1141.99158676622,162.757008465015,196.606477959449,56.0294975797669,37.8565483597236,6339.33722545274,1373.03968262391,78.7137027242059
"TR334","0","0","TR","U┼ƒak","Turkey","TR","TR","TUR",1172.658738,305.535794108208,853.542538999512,309.792679388306,538.984260380684,318.67818153369,1508.15987352926,226.163347486872,273.199781762215,77.8572846119346,52.604577720376,8808.99533161867,1907.94395757948,109.378727644897
"TR411","0","0","TR","Bursa","Turkey","TR","TR","TUR",4939.19412,2222.28389330401,6208.15587975482,2253.24592058863,3920.24785208691,2317.87372748516,10610.4471396706,1644.97637942151,1987.09115714712,566.287135274932,382.614109496608,64071.3422752471,13877.238634613,795.555183394501
"TR412","0","0","TR","Eski┼ƒehir","Turkey","TR","TR","TUR",4870.339041,916.446813885707,2560.17905419287,929.215232602112,1616.66952836788,955.867069434126,4658.9849457943,678.371186678917,819.455770414844,233.530937442735,157.78608784072,26422.3565973972,5722.82918962008,328.078701055685
"TR413","0","0","TR","Bilecik","Turkey","TR","TR","TUR",1063.76703,243.864858709492,681.259069115611,247.262512101964,430.192871143029,254.354518233591,1216.52541639012,180.513359952251,218.055715446915,62.1421649362295,41.9865958772369,7030.94185147078,1522.83461582235,87.3011557968229
"TR421","0","0","TR","Kocaeli","Turkey","TR","TR","TUR",2341.03899,3064.18486041565,8560.08420668635,3106.87669449642,5405.41384187514,3195.98841782345,14183.2267795224,2268.16732675441,2739.8905505918,780.822140585176,527.565521774016,88344.4449099752,19134.5600157933,1096.94722439729
"TR422","0","0","TR","Sakarya","Turkey","TR","TR","TUR",3415.67058,425.703675970731,1189.24264670868,431.634803343917,750.96792375548,444.014992503673,2279.50264521529,315.113876186008,380.649840749549,108.47872131362,73.2940707448539,12273.5920523635,2658.3424003018,152.397615367263
"TR423","0","0","TR","D├╝zce","Turkey","TR","TR","TUR",860.63898,178.313703272076,498.135845174823,180.798063511812,314.556530943811,185.983730211191,897.803356136279,131.991160487439,159.442087501835,45.4382792902662,30.7005504535483,5141.01656819643,1113.49491376152,63.8345043744429
"TR424","0","0","TR","Bolu","Turkey","TR","TR","TUR",3630.15834,86.5214919957306,241.705801350094,87.7269548998848,152.629326152982,90.2431474952362,756.88858601499,64.0448374188947,77.3645942203531,22.0475916644159,14.8965412169036,2494.52742942827,540.290732010115,30.9738200594576
"TR425","0","0","TR","Yalova","Turkey","TR","TR","TUR",248.50269,124.2958870578,347.232072550354,126.027642689043,219.265722858262,129.642379136987,590.683820529785,92.0061558675724,111.141181730431,31.6733438155685,21.4002181647478,3583.61249302197,776.176118271507,44.4966718795018
"TR510","0","0","TR","Ankara","Turkey","TR","TR","TUR",4601.048589,2963.87044748344,8279.84660322546,3005.16464843569,5228.45294006787,3091.35905749543,13952.5653197507,2193.9127095625,2650.1927925904,755.259807303936,510.294231688451,85452.2495853877,18508.1382292043,1061.03567798422
"TR521","0","0","TR","Konya","Turkey","TR","TR","TUR",6925.604319,2283.30619577914,6378.62733349148,2315.11841785655,4027.89501225771,2381.52085741484,11086.8806670247,1690.1462366535,2041.65523782215,581.836968921587,393.120415190179,65830.6948224567,14258.2975335379,817.40055120868
"TR522","0","0","TR","Karaman","Turkey","TR","TR","TUR",661.113186,127.809349804385,357.047256143338,129.590056845369,225.463691005891,133.306970784051,647.939245737268,94.6068871447615,114.282801383861,32.5686519081365,22.0051365660756,3684.91020520269,798.116231825446,45.7544560483611
"TR611","0","0","TR","Antalya","Turkey","TR","TR","TUR",4614.659721,11721.8599299515,32746.1013712327,11885.1750437725,20678.0944375812,12226.0667283605,53823.019533521,8676.7414216325,10481.2910188056,2986.98942103081,2018.17104117796,337956.505889,73198.1399764356,4196.30743596515
"TR612","0","0","TR","Isparta","Turkey","TR","TR","TUR",1380.693726,171.607098523012,479.400323655027,173.998018820239,302.72566048593,178.988646011858,919.278279213647,127.026805378909,153.44526817938,43.7292879223262,29.5458637766837,4947.6564085531,1071.61495647469,61.4336076271045
"TR613","0","0","TR","Burdur","Turkey","TR","TR","TUR",1601.71773,129.933515768867,362.981310501427,131.743817806578,229.21085269159,135.522506115394,751.669564524353,96.1792347858851,116.182158804869,33.1099364229095,22.370857557607,3746.15267965423,811.380764803189,46.5148860044642
"TR621","0","0","TR","Adana","Turkey","TR","TR","TUR",5026.993416,822.268781262105,2297.08399746423,833.725062125876,1450.53358542248,857.638041098804,4245.92267607161,608.65883372842,735.244956311503,209.532289717778,141.571307994186,23707.0811183202,5134.72654585164,294.363916800911
"TR622","0","0","TR","─░├ºel","Turkey","TR","TR","TUR",2342.342322,3221.56210037943,8999.73210251307,3266.44659688844,5683.03714139791,3360.13511884365,14899.787275671,2384.6609229052,2880.61196013381,820.925345511016,554.661408445024,92881.835941983,20117.3154239636,1153.28668641596
"TR631","0","0","TR","Hatay","Turkey","TR","TR","TUR",2445.775266,946.003643086907,2642.74879406509,959.183863083487,1668.80962466234,986.695262933459,4551.0804511824,700.249708155434,845.884488237971,241.062671883411,162.874933563102,27274.5185223552,5907.39929488135,338.659747314703
"TR632","0","0","TR","Kahramanmara┼ƒ","Turkey","TR","TR","TUR",2897.778864,213.410442128288,596.181835764473,216.383788581416,376.469374541737,222.590128322764,1261.28861987131,157.970427397104,190.824405321811,54.3817053593936,36.7432111253761,6152.90131198498,1332.65945069215,76.3987823235533
"TR633","0","0","TR","Osmaniye","Turkey","TR","TR","TUR",1753.13769,104.448719944915,291.787173012726,105.903954411818,184.254078091033,108.94150138029,650.796840549169,77.3149090842523,93.3945156166797,26.6158462377193,17.9831002196429,3011.39278647807,652.238814366985,37.3915865571774
"TR711","0","0","TR","K─▒r─▒kkale","Turkey","TR","TR","TUR",1779.11286,123.607302120717,345.308446753153,125.32946402468,218.051015939532,128.924175247908,740.610184648644,91.4964523323309,110.52547234985,31.4978771289812,21.281663414246,3563.75969144141,771.876191731565,44.2501654283888
"TR712","0","0","TR","Aksaray","Turkey","TR","TR","TUR",1848.44214,203.78373093915,569.288726449491,206.622952991972,359.487253591488,212.549331548498,1112.53116286637,150.844554521294,182.216525503223,51.9286062221313,35.0857651347396,5875.35067615367,1272.54464320032,72.9525169707616
"TR713","0","0","TR","Ni─ƒde","Turkey","TR","TR","TUR",1126.466793,127.070821580944,354.984109150043,128.841239058532,224.160881004715,132.536675336526,691.112596177184,94.0602146486162,113.622434404411,32.3804585664883,21.8779830014922,3663.6174735555,793.504430234316,45.4900704052795
"TR714","0","0","TR","Nev┼ƒehir","Turkey","TR","TR","TUR",1904.82024,65.6960732499402,183.528065272093,66.611385473813,115.891984289061,68.5219393632826,489.55099022644,48.6294703581838,58.7432085556617,16.7408139129375,11.3109961511614,1894.10345276745,410.244653526685,23.5185305352456
"TR715","0","0","TR","K─▒r┼ƒehir","Turkey","TR","TR","TUR",2460.59454,92.3841620488559,258.08371313312,93.6713067537433,162.971442996158,96.3579957961207,666.620904218371,68.3844961757219,82.6067956577743,23.5415297879157,15.9059263312033,2663.55585138302,576.9006681251,33.0725967114187
"TR721","0","0","TR","Kayseri","Turkey","TR","TR","TUR",3445.595964,2330.4324887023,6510.27899752212,2362.90129906337,4111.02874200552,2430.67425161865,10953.4133798693,1725.03000597832,2083.79397635997,593.845791689909,401.234223086191,67189.4072953056,14552.5816323561,834.27128798635
"TR722","0","0","TR","Sivas","Turkey","TR","TR","TUR",3390.506784,165.090156247604,461.194641821579,167.390279079598,291.229366500127,172.19138247176,1090.59243608302,122.202842004383,147.618038631382,42.0686267516216,28.4238315859007,4759.76446532579,1030.91936245256,59.1006081292884
"TR723","0","0","TR","Yozgat","Turkey","TR","TR","TUR",4523.88684,57.8666712828663,161.655905732392,58.6729001632216,102.080429277108,60.3557616863073,715.81577641831,42.8339996086368,51.7424219048652,14.7457089561814,9.96299571316649,1668.37158531596,361.353294600506,20.71568372681
"TR811","0","0","TR","Zonguldak","Turkey","TR","TR","TUR",1099.54977,346.704695544578,968.551678149262,351.535167598801,611.608778748927,361.617931633267,1688.26262543261,256.637343466241,310.011622157659,88.3480321384158,59.6926921640312,9995.94844007318,2165.02662432552,124.116778454268
"TR812","0","0","TR","Karab├╝k","Turkey","TR","TR","TUR",528.855507,136.065427787333,380.111374651326,137.961162846359,240.027929210037,141.918177617888,672.297713626391,100.718191514799,121.66510730889,34.6724833599405,23.4265984841044,3922.94369853381,849.672005010217,48.7100485600266
"TR813","0","0","TR","Bart─▒n","Turkey","TR","TR","TUR",590.28174,56.7952568080268,158.662810164507,57.5865581787587,100.190387097375,59.2382611410526,317.577854367041,42.0409184415583,50.7843992890294,14.4726888278903,9.77852859965877,1637.48130899126,354.662756821455,20.3321281686788
"TR821","0","0","TR","Kastamonu","Turkey","TR","TR","TUR",2304.03927,77.4047972828523,216.237470298324,78.4832416043241,136.546906182257,80.7343051640856,582.774648097411,57.2964883415025,69.2127538992515,19.7244560165864,13.3269055643074,2231.68123361694,483.360765289514,27.7101354527748
"TR822","0","0","TR","├çank─▒r─▒","Turkey","TR","TR","TUR",1094.91681,38.1362749741528,106.53721625131,38.6676096023887,67.2747755156257,39.7766775402021,283.099870470556,28.2291887731478,34.1001682980308,9.71796716443001,6.56598238088255,1099.51853331352,238.145175801416,13.6524011727132
"TR823","0","0","TR","Sinop","Turkey","TR","TR","TUR",991.2882,36.9138626594208,103.122294232546,37.42816599676,65.1183636973013,38.501684098991,267.17220827036,27.3243361619639,33.0071285166101,9.40646944358517,6.35551773203721,1064.27479237895,230.511719314358,13.2147899133414
"TR831","0","0","TR","Samsun","Turkey","TR","TR","TUR",3372.77523,359.464172590714,1004.19645903673,364.472416385816,634.117294710628,374.926247780812,1973.67028095293,266.082148613731,321.420715336345,91.5994293725107,61.8895113743757,10363.8208003685,2244.704251633,128.6845423354
"TR832","0","0","TR","Tokat","Turkey","TR","TR","TUR",2285.9352,129.736977707358,362.432263223611,131.544541473491,228.864147252287,135.317514120179,819.196609117163,96.0337536122989,116.006421112109,33.0598541736705,22.3370192907622,3740.48623107536,810.153466352004,46.4445273639508
"TR833","0","0","TR","├çorum","Turkey","TR","TR","TUR",2828.0265,215.06835452995,600.813367611285,218.064799890094,379.394035765781,224.319354552528,1261.86071656948,159.197645372314,192.3068545636,54.8041781439477,37.0286565084329,6200.70108827339,1343.01242409148,76.9922982144483
"TR834","0","0","TR","Amasya","Turkey","TR","TR","TUR",1564.34115,114.106203028749,318.766246465574,115.695990626168,201.290482589143,119.014393678658,675.881054393188,84.4635598958951,102.029910623594,29.0767867350106,19.6458442557371,3289.83061615686,712.545779542725,40.8488679373998
"TR901","0","0","TR","Trabzon","Turkey","TR","TR","TUR",860.469936,169.398559198118,473.230564500124,171.758708964613,298.829658912616,176.685108064833,857.20194203789,125.392002987811,151.470466950819,43.166503207374,29.1656160911254,4883.98134010664,1057.82354695324,60.6429728603478
"TR902","0","0","TR","Ordu","Turkey","TR","TR","TUR",1475.52459,98.1769373626736,274.266367488369,99.544790058048,173.190261145379,102.39994288919,594.484424821252,72.6724175305219,87.7864995813417,25.0176571844366,16.9032775584198,2830.56911686793,613.074140663313,35.1463517528125
"TR903","0","0","TR","Giresun","Turkey","TR","TR","TUR",1103.397363,40.9679436708644,114.447745019474,41.5387305957725,72.2700162945169,42.7301482901933,296.838562728406,30.3252432576685,36.6321507527298,10.4395390388157,7.05351522942914,1181.15923404657,255.827769081614,14.6661099594765
"TR904","0","0","TR","Rize","Turkey","TR","TR","TUR",300.411456,21.2169873628046,59.2716192759893,21.5125935828757,37.4280934076009,22.1296197721673,126.627473566553,15.7052135235557,18.971513089288,5.406558104052,3.6529620497545,611.713410454834,132.491261637798,7.59546713331899
"TR905","0","0","TR","Artvin","Turkey","TR","TR","TUR",1117.521693,13.3207237396087,37.212675507309,13.5063150644252,23.4985902502333,13.8937044363049,172.392248396301,9.8602505172628,11.9109410051217,3.39441531706222,2.29344993537398,384.053834276575,83.1823794778395,4.76868452745527
"TR906","0","0","TR","G├╝m├╝┼ƒhane","Turkey","TR","TR","TUR",1417.223559,6.30021760274579,17.6002413877327,6.38799554592532,11.1139781012063,6.57121662216281,170.402906688574,4.66353969128761,5.63344166973456,1.60543492603154,1.08471836337954,181.643488327637,39.3422385801959,2.25541425444333
"TRA11","0","0","TR","Erzurum","Turkey","TR","TR","TUR",4076.94919199997,98.0274465917351,273.848751174195,99.3932165031131,172.92655007073,102.244021887601,853.946356519113,72.5617616472316,87.6528299858854,24.9795636264174,16.8775394975119,2826.25910302107,612.140632974111,35.0928355670325
"TRA12","0","0","TR","Erzincan","Turkey","TR","TR","TUR",1041.426654,15.9634076637592,44.5952578099041,16.1858182500619,28.1604500641893,16.6500613789495,176.813063968396,11.8164149148913,14.2739396627805,4.06782968745543,2.74844497870147,460.245857599841,99.6848414548139,5.71473867484212
"TRA13","0","0","TR","Bayburt","Turkey","TR","TR","TUR",491.28756,5.18482118607695,14.4842781918222,5.25705884010165,9.14634902382035,5.40784228564454,72.7316752534789,3.83790226276639,4.63609188784824,1.32120722524385,0.892678809843936,149.485155272033,32.377051867128,1.85611360546043
"TRA21","0","0","TR","A─ƒr─▒","Turkey","TR","TR","TUR",2224.08909,5.34296592550563,14.9260701684885,5.41740693516454,9.42532624042718,5.57278949952942,246.731752312793,3.95496397647174,4.77749956947476,1.36150600602506,0.919906838103691,154.044674314355,33.3645999902428,1.91272782453394
"TRA22","0","0","TR","Kars","Turkey","TR","TR","TUR",2510.74461,14.8973277374624,41.6170647974497,15.104885137876,26.2798183619074,15.5381248437444,318.891732041895,11.027282481084,13.3206870199749,3.79616892023493,2.56489632279783,429.509383265332,93.0276157126987,5.33309283119732
"TRA23","0","0","TR","I─ƒd─▒r","Turkey","TR","TR","TUR",638.07933,9.57857977132857,26.7586497414887,9.71203357942273,16.897214117304,9.99059502050131,107.412608415381,7.09024509411977,8.56484233134449,2.44083418642049,1.64915912880971,276.162944297411,59.8142468061434,3.42903479145888
"TRA24","0","0","TR","Ardahan","Turkey","TR","TR","TUR",1178.155212,2.8802059097493,8.0461219682109,2.92033445238585,5.08086346001251,3.0040957539542,130.927114653552,2.13198264347933,2.57538279032235,0.733940230835634,0.495889576775526,83.0400918724975,17.9856879883104,1.0310846186883
"TRB11","0","0","TR","Malatya","Turkey","TR","TR","TUR",2567.39781,214.523179875857,599.290371722012,217.512029576164,378.432313560459,223.750729629574,1233.31604291744,158.794096828699,191.819377811636,54.6652555724342,36.9347929316756,6184.9829921438,1339.60803512246,76.7971311958574
"TRB12","0","0","TR","Elaz─▒─ƒ","Turkey","TR","TR","TUR",2169.77601,56.827197269479,158.75203880184,57.6189436515084,100.246732070122,59.2715754969127,475.672684285583,42.0645613725065,50.8129593702584,14.4808279645999,9.78402783909088,1638.40219414202,354.862211718738,20.3435625312032
"TRB13","0","0","TR","Bing├Âl","Turkey","TR","TR","TUR",1134.89229,16.3691172664848,45.7286451611885,16.5971804122229,28.8761471915672,17.0732222685099,188.006543913208,12.1167288016089,14.6367114789174,4.17121347625634,2.8182966384416,471.942994450317,102.218329183516,5.85997861397581
"TRB14","0","0","TR","Tunceli","Turkey","TR","TR","TUR",950.72811,0.96150252734835,2.68604636272733,0.974898685947027,1.69615062637627,1.00286081979286,99.4498696680908,0.711722274101793,0.859743066772584,0.245012130723848,0.165543400817782,27.7213715645752,6.0041833808905,0.344208191304318
"TRB21","0","0","TR","Van","Turkey","TR","TR","TUR",3803.194359,22.8106307334506,63.7236096321804,23.1284404306168,40.2393800391568,23.7918124879276,484.160524338757,16.8848583519384,20.3964951354607,5.81265371664777,3.92734213276376,657.660226778796,142.442901668831,8.16597536038207
"TRB22","0","0","TR","Mu┼ƒ","Turkey","TR","TR","TUR",3625.53333,14.3885819808922,40.1958364073829,14.5890512680169,25.3823590114337,15.0074957793495,428.05463506593,10.6506992933057,12.8657837570917,3.66652923831153,2.4773047665629,414.841579750891,89.8507100574203,5.15096698990003
"TRB23","0","0","TR","Bitlis","Turkey","TR","TR","TUR",1620.92253,4.96623319791931,13.87363240169,5.03542536919817,8.76074613408652,5.17985190312814,184.700091719531,3.67609931831451,4.44063789583787,1.26550616653021,0.855044172483881,143.182978557031,31.0120607948967,1.77786131396402
"TRB24","0","0","TR","Hakkari","Turkey","TR","TR","TUR",959.08113,4.63120515561891,12.9377005358483,4.69572954011406,8.16973570235256,4.8304128870066,116.990799829761,3.42810525342993,4.14106714240832,1.18013360414846,0.79736186805491,133.523683255151,28.919950013597,1.65792465940891
"TRC11","0","0","TR","Gaziantep","Turkey","TR","TR","TUR",3386.94726,1341.82444427835,3748.51086238144,1360.51944772957,2367.0622873206,1399.54199175969,6447.09709399175,993.243717789176,1199.81407222691,341.926575124719,231.024022806121,38686.5483306144,8379.13557089367,480.359595399837
"TRC12","0","0","TR","Ad─▒yaman","Turkey","TR","TR","TUR",2175.37869,92.9024417374121,259.531575445205,94.1968073873402,163.885720799262,96.8985688872606,640.45868961914,68.7681365594631,83.0702238404481,23.6735989267814,15.9951593594877,2678.49853058789,580.137109220334,33.2581356040513
"TRC13","0","0","TR","Kilis","Turkey","TR","TR","TUR",1088.93907,35.4720826644463,99.0945482815977,35.9662983650631,62.5749735636145,36.9978870453228,270.373864135253,26.2571034635667,31.7179375688659,9.03907198122184,6.10728420502055,1022.70639518993,221.508402902284,12.6986472405837
"TRC21","0","0","TR","┼×anl─▒urfa","Turkey","TR","TR","TUR",10478.29137,244.226519949485,682.269403285927,247.629212196451,430.830864202125,254.731736053941,2159.62424488249,180.781068411523,218.379100705675,62.2343242270172,42.048863661158,7041.36901658913,1525.09303984612,87.4306268670929
"TRC22","0","0","TR","Diyarbak─▒r","Turkey","TR","TR","TUR",7699.50606,298.392233731346,833.586341463444,302.549591173456,526.382572851909,311.227346395964,2128.32489623375,220.875549595561,266.812251483937,76.0369472762478,51.3746597065418,8603.0371714804,1863.33539413303,106.821405197109
"TRC31","0","0","TR","Mardin","Turkey","TR","TR","TUR",3299.38902,146.861271457478,410.27056383488,148.907419885058,259.072473017816,153.178396208529,998.497104350829,108.709478265706,131.318385882129,37.4235033368494,25.2853358509022,4234.20194822192,917.087558587321,52.5748515299706
"TRC32","0","0","TR","Batman","Turkey","TR","TR","TUR",1605.05697,273.684121498161,764.561941520539,277.49723253349,482.795916708145,285.456433699518,1406.40097262244,202.586139711364,244.719092515231,69.740773265024,47.1206252027021,7890.67007894212,1709.04350968755,97.9761506289451
"TRC33","0","0","TR","┼×─▒rnak","Turkey","TR","TR","TUR",1451.92605,16.432659625097,45.9061566251471,16.6616080763746,28.9882398884619,17.1394978528551,219.999184500293,12.1637640518417,14.693528908627,4.18740547599839,2.82923682615974,473.775003501855,102.61512478489,5.88272613642845
"TRC34","0","0","TR","Siirt","Turkey","TR","TR","TUR",1065.110874,11.719139738963,32.7385022657672,11.8824169536534,20.6732958504555,12.2232295304467,159.860257805676,8.67472788504651,10.4788587159503,2.98629625614449,2.01770270162158,337.87807923595,73.1811535150779,4.19533363507174
"UKC11","0","0","UK","Hartlepool and Stockton-on-Tees","United Kingdom","UK","GB","GBR",142.14197126982,4283.28088419915,2590.75705717198,1035.57970402141,1325.90564640621,1017.51307867074,1268.70031382635,438.577490555026,320.230010688936,525.530052442123,441.496229619858,13115.9521105263,4792.40328716462,570.558068078366
"UKC12","0","0","UK","South Teesside","United Kingdom","UK","GB","GBR",451.569578620186,2422.18271035735,1465.06547673947,837.830152041242,1045.17155598953,823.213446629153,975.810800309607,354.828743907083,259.080356153962,425.177243267723,357.190133942983,10088.0307085247,3877.26792938873,461.606915498775
"UKC13","0","0","UK","Darlington","United Kingdom","UK","GB","GBR",110.421793403768,897.838409906123,543.060625616494,454.602746886561,553.105291861566,446.67179045753,503.740457037704,192.528427464052,140.575797236457,230.699196289665,193.809706723547,5207.71977324938,2103.78755983053,250.465767144229
"UKC14","0","0","UK","Durham CC","United Kingdom","UK","GB","GBR",496.753532840097,9350.79566309944,5655.86066132517,1302.70234049028,1790.38284967961,1279.97551894513,1821.03161916517,551.706373940847,402.831749984819,661.08791689894,555.377987237508,18826.00898607,6028.5798905862,717.730685320515
"UKC21","0","0","UK","Northumberland","United Kingdom","UK","GB","GBR",1459.56973181608,4720.1482705011,2854.99778634884,788.252758979783,1068.14327618479,774.500976067455,1073.95279956186,333.832263817024,243.749649064638,400.017992005501,336.053921997133,11102.632618996,3647.83618159168,434.291990828406
"UKC22","0","0","UK","Tyneside","United Kingdom","UK","GB","GBR",135.353536672685,7247.75357521845,4383.82847898416,3587.88480021547,4361.93128716668,3525.29090209722,3969.50284198396,1519.50207788786,1109.47364404886,1820.75921330972,1529.61438453682,41037.1216990066,16603.8315001248,1976.76394404921
"UKC23","0","0","UK","Sunderland","United Kingdom","UK","GB","GBR",33.4636512067292,8021.6105401259,4851.89850457402,936.295914079109,1322.23191221551,919.96138431637,1373.94032374116,396.529896075727,289.528704945885,475.146083798846,399.168807836987,14203.9339728394,4332.94279423109,515.857143406899
"UKD11","0","0","UK","West Cumbria","United Kingdom","UK","GB","GBR",673.116722529296,6514.27529963442,3940.18164140186,639.263341462062,941.1605620063,628.110813804596,1008.635761466,270.733880756374,197.677982558462,324.409696383872,272.535618353387,10427.3784755782,2958.35050367432,352.205490008692
"UKD12","0","0","UK","East Cumbria","United Kingdom","UK","GB","GBR",1683.67674186006,4115.84063211452,2489.48024939989,1116.52440487921,1431.56651017561,1097.04562595037,1371.58498159069,472.858312821131,345.260360666104,566.607405273127,476.005191216588,14179.5842075616,5166.99507277331,615.154975456202
"UKD31","0","0","UK","Greater Manchester South","United Kingdom","UK","GB","GBR",192.329766546093,16769.8232128571,10143.2847881885,8994.29817079706,10891.0876313351,8837.38449750571,9870.77067894283,3809.1676630332,2781.28683691766,4564.37488203357,3834.51772477147,102045.025218399,41623.3573833884,4955.45573954651
"UKD32","0","0","UK","Greater Manchester North","United Kingdom","UK","GB","GBR",88.3310665337007,14614.6231050841,8839.70464955501,3747.31436479404,4766.57029148726,3681.93907360496,4533.33728438569,1587.02195886045,1158.77369403137,1901.66561492077,1597.58361122023,46866.0991684791,17341.6315616658,2064.60249863588
"UKD41","0","0","UK","Blackburn with Darwen","United Kingdom","UK","GB","GBR",17.8315139547658,2439.2029775509,1475.36024342388,477.990405477818,625.331316642273,469.65143017399,610.100690658233,202.433315108218,147.807910932374,242.567831217747,203.780511527446,6307.2826214873,2212.01978133563,263.351320280203
"UKD42","0","0","UK","Blackpool","United Kingdom","UK","GB","GBR",5.25221529938807,712.738597468591,431.102372511314,510.380752779083,610.72399227805,501.476698546615,546.718231546871,216.150923885631,157.823906053005,259.005099010609,217.589411174721,5652.02835119807,2361.91418953636,281.196951967298
"UKD43","0","0","UK","Lancashire CC","United Kingdom","UK","GB","GBR",1958.3509929422,23943.7164874977,14482.4386123601,4247.68834191396,5645.19442737331,4173.58357375199,5583.7065413896,1798.93492159243,1313.50322708358,2155.59253277688,1810.90685755316,57724.9227402041,19657.2369017948,2340.2861650824
"UKD61","0","0","UK","Warrington","United Kingdom","UK","GB","GBR",36.0156879478062,3273.70660556249,1980.112610116,1305.02805645891,1605.55547434114,1282.26066069344,1478.72106522611,552.691335957103,403.550925965773,662.268157908121,556.369504189154,15287.1678716922,6039.34272111465,719.012050728517
"UKD62","0","0","UK","Cheshire East","United Kingdom","UK","GB","GBR",850.658820618061,15917.149811303,9627.54237197481,1887.57421854238,2666.73495560949,1854.64377765449,2771.91181373308,799.404971717724,583.690381177548,957.895345193508,804.725022495114,28656.3045719412,8735.22033560702,1039.96891335735
"UKD63","0","0","UK","Cheshire West and Chester","United Kingdom","UK","GB","GBR",808.057645157165,7823.87182368284,4732.29556725772,1584.11831844247,2072.98928527737,1556.48194042222,2022.9867598838,670.888618371747,489.853387506023,803.899284364874,675.353391098943,20913.8416485774,7330.90249555956,872.778294001212
"UKD71","0","0","UK","East Merseyside","United Kingdom","UK","GB","GBR",154.050409654513,9235.7232074642,5586.25869391208,1605.13147813745,2132.31593334656,1577.12850652507,2108.31815099542,679.78788398295,496.351240184674,814.562922203271,684.311881441801,21796.0061969324,7428.14613137522,884.355604519402
"UKD72","0","0","UK","Liverpool","United Kingdom","UK","GB","GBR",12.6804104113188,3865.62385000725,2338.13577501376,2403.67916636471,2891.66758373145,2361.74480748024,2603.14199996723,1017.98014463775,743.28436734391,1219.80532589462,1024.75481611398,26911.5451745234,11123.6246649512,1324.31964059902
"UKD73","0","0","UK","Sefton","United Kingdom","UK","GB","GBR",58.9052398803153,913.054767109782,552.264291188662,816.945034408929,971.382317736774,802.692688779289,863.754737632378,345.983705282284,252.622097637824,414.578583481375,348.28623146785,8929.58380364768,3780.61684014351,450.100150426411
"UKD74","0","0","UK","Wirral","United Kingdom","UK","GB","GBR",35.8692876621257,2641.65966860274,1597.81686377982,910.809345951293,1131.3833641077,894.919452440165,1051.93586229714,385.736101016833,281.647550118013,462.212306289719,388.303179927628,10875.0192956308,4214.99734551287,501.815185055952
"UKE11","0","0","UK","Kingston upon Hull, City of","United Kingdom","UK","GB","GBR",17.576948990382,6054.02318362182,3661.79657867186,873.615016900281,1190.63193239976,858.374012128014,1202.78163098209,369.983961963967,270.146030395946,443.337141374046,372.446210178709,12434.478102873,4042.87131396188,481.322774433758
"UKE12","0","0","UK","East Riding of Yorkshire","United Kingdom","UK","GB","GBR",3644.40133896289,5656.11819689368,3421.1223898152,1060.94385752599,1435.51095300053,1042.43473155762,1441.52901714379,449.319441899663,328.073311514886,538.401707679909,452.309668794348,14902.672718484,4909.7822316915,584.53258145075
"UKE13","0","0","UK","North and North East Lincolnshire","United Kingdom","UK","GB","GBR",1094.37953231314,9545.25897270473,5773.4824576401,974.764340209998,1424.2246459115,957.758693931516,1517.99658966421,412.821626912639,301.42421087676,494.667820197722,415.568960360492,15693.2022141072,4510.96502769687,537.051524496084
"UKE21","0","0","UK","York","United Kingdom","UK","GB","GBR",146.008570187598,1713.03776434632,1036.13673657364,1107.93061652159,1332.36223639276,1088.6017640098,1198.95501511917,469.218764732644,342.602922588732,562.246278815434,472.341421886899,12394.9181612094,5127.22517441171,610.420182698331
"UKE22","0","0","UK","North Yorkshire CC","United Kingdom","UK","GB","GBR",4450.26986005077,9781.43561861313,5916.33470774202,2378.3958462133,3089.56740253078,2336.9025777355,2995.37400749612,1007.27242695861,735.466062436139,1206.97469150358,1013.97583843049,30966.4793231947,11006.6197969207,1310.38966278642
"UKE31","0","0","UK","Barnsley, Doncaster and Rotherham","United Kingdom","UK","GB","GBR",453.742764820881,9398.08781906546,5684.46548321994,2491.64697675416,3164.19334765683,2448.17793978836,3004.77922872928,1055.23531812214,770.486457875333,1264.44672609555,1062.25792327612,31063.7114511754,11530.7176410282,1372.78596699957
"UKE32","0","0","UK","Sheffield","United Kingdom","UK","GB","GBR",74.1938375209557,4740.84972437645,2867.51913135778,2288.85847495824,2786.03600924111,2248.92726697185,2538.52318030583,969.35253007048,707.778620086,1161.536779551,975.803584121451,26243.5092838712,10592.2632865908,1261.05857859684
"UKE41","0","0","UK","Bradford","United Kingdom","UK","GB","GBR",86.6669172347792,7111.39639999041,4301.35237630285,1592.13971594403,2052.81310007222,1564.36339738335,1976.85760899835,674.285753689598,492.333826430899,807.969937191775,678.773134397765,20436.9538230451,7368.02351251738,877.19772501556
"UKE42","0","0","UK","Leeds","United Kingdom","UK","GB","GBR",276.141484925252,10185.1598405791,6160.52868088727,4612.97058753759,5635.31635811819,4532.49313994466,5153.51470944788,1953.63529859654,1426.45864419565,2340.96387305451,1966.63676763508,53277.5560889968,21347.6715712573,2541.54033369639
"UKE44","0","0","UK","Calderdale and Kirklees","United Kingdom","UK","GB","GBR",218.058780645975,9870.72871479532,5970.34394163189,1949.4237751318,2549.64024337668,1915.41431274255,2486.94180826309,825.598825474796,602.815982124364,989.282403661089,831.093196699235,25710.2558447928,9021.444580016,1074.04525087356
"UKE45","0","0","UK","Wakefield","United Kingdom","UK","GB","GBR",186.376105515707,5677.05176916242,3433.78413242637,1284.75536368992,1655.94778396605,1262.34164340078,1594.20269902172,544.105664871729,397.282046229236,651.980287981104,547.726695347888,16481.028677118,5945.52578062371,707.842704345901
"UKF11","0","0","UK","Derby","United Kingdom","UK","GB","GBR",103.792689844415,7003.04788431556,4235.81740691659,1038.17701525534,1410.09347401708,1020.06507745909,1420.49613779269,439.677475653947,321.03317147026,526.848121059803,442.603535134322,14685.2326853186,4804.42299250159,571.989070321918
"UKF12","0","0","UK","East Derbyshire","United Kingdom","UK","GB","GBR",227.440473530761,3023.82491130025,1828.97081475624,1031.77050755935,1284.66513223487,1013.77033708908,1197.20271508553,436.964260961135,319.052101331478,523.59698325518,439.872263961445,12376.8027063034,4774.77528076845,568.459371313759
"UKF13","0","0","UK","South and West Derbyshire","United Kingdom","UK","GB","GBR",1210.01557492472,11217.8833464045,6785.17501699245,1470.13300049743,2047.71092608682,1444.48519952905,2105.10373777582,622.614792117408,454.605960927291,746.054668557256,626.758301885306,21762.7752680896,6803.40701618023,809.977485387961
"UKF14","0","0","UK","Nottingham","United Kingdom","UK","GB","GBR",4.67317361360495,3697.06744048412,2236.18385560671,1807.61531816905,2198.19415214201,1776.07983267752,2000.99202525108,765.541644986717,558.964868093623,917.318260741934,770.636334871851,20686.4578582665,8365.19058753529,995.915137925563
"UKF15","0","0","UK","North Nottinghamshire","United Kingdom","UK","GB","GBR",870.368476209562,7344.48129975144,4442.33457319863,1486.53864916008,1946.62430850298,1460.60463680027,1900.81499174924,629.562734601655,459.679043207872,754.380113106382,633.752483019702,19650.81755798,6879.32824587762,819.016263543024
"UKF16","0","0","UK","South Nottinghamshire","United Kingdom","UK","GB","GBR",455.509585667985,4449.49801352635,2691.294054971,1087.45057948255,1394.28912100375,1068.47901975558,1335.86948616829,460.545281449632,336.269926244313,551.853187006712,463.610216456646,13810.3538050317,5032.44869661283,599.136598902905
"UKF21","0","0","UK","Leicester","United Kingdom","UK","GB","GBR",16.7439225159508,5450.28734950805,3296.6248994883,1426.03118049147,1810.37893289205,1401.15277569437,1718.66708298976,603.937267372557,440.96845312652,723.674129724246,607.956477963499,17767.7540619865,6599.31484795233,785.679356404136
"UKF22","0","0","UK","Leicestershire CC and Rutland","United Kingdom","UK","GB","GBR",2296.57262920329,14499.3257258124,8769.96663631299,2796.07939740066,3689.38741146069,2747.29926128232,3626.61439856012,1184.16523686451,864.625418825531,1418.93834597393,1192.04587235194,37492.3063047105,12939.5545733863,1540.51460547133
"UKF24","0","0","UK","West Northamptonshire","United Kingdom","UK","GB","GBR",454.975984345698,6704.61034063682,4055.30644036686,2027.59728698909,2547.541811811,1992.22401692228,2394.90568807541,858.706023815113,626.989403484826,1028.95344938206,864.420723887257,24758.7771293982,9383.21199756896,1117.1153571406
"UKF25","0","0","UK","North Northamptonshire","United Kingdom","UK","GB","GBR",319.293180520187,6158.96953050873,3725.27373465868,1116.87239520203,1478.04016759901,1097.387545267,1456.60460427527,473.005689910432,345.367968940351,566.784001407532,476.153549102389,15058.5256623981,5168.60548475849,615.346702549274
"UKF30","0","0","UK","Lincolnshire","United Kingdom","UK","GB","GBR",9210.98345071388,10851.3647297288,6563.48498115092,2346.40609763751,3137.91324532881,2305.47091928097,3120.31132305218,993.724475410925,725.573943569209,1190.74071725576,1000.33772508407,32258.0939226337,10858.5792592056,1292.7647430677
"UKG11","0","0","UK","Herefordshire, County of","United Kingdom","UK","GB","GBR",3242.58141587471,2907.48045489818,1758.59947333933,579.42634710709,792.53197864483,569.317729981013,802.972936465673,245.392365540644,179.174721759243,294.043961463388,247.025455015,8301.21539811803,2681.43989280849,319.237984208595
"UKG12","0","0","UK","Worcestershire","United Kingdom","UK","GB","GBR",1435.58626563446,9623.61774544814,5820.8780286906,2314.49713134653,2977.373861605,2274.11863379115,2861.25536018486,980.210735900813,715.706804828701,1174.54773793881,986.734051456795,29579.9471878337,10710.9125616553,1275.18433077238
"UKG13","0","0","UK","Warwickshire","United Kingdom","UK","GB","GBR",1339.24021040071,19048.1282191866,11521.3253447425,2810.58784862534,3831.95124924746,2761.55459944224,3872.26152432795,1190.30969885547,869.111834958175,1426.30101164163,1198.23122581961,40031.8311259364,13006.6960489008,1548.50811274983
"UKG21","0","0","UK","Telford and Wrekin","United Kingdom","UK","GB","GBR",354.526786751753,4030.5666878552,2437.90201326373,672.867025348733,901.87078630532,661.128251007574,898.521730404993,284.965348691859,208.069175055215,341.462701272471,286.861796898304,9289.00848989005,3113.85992945193,370.719615849747
"UKG22","0","0","UK","Shropshire CC","United Kingdom","UK","GB","GBR",2934.60025348151,3213.51642201508,1943.70637223112,1018.32742334838,1305.07373036736,1000.56177965094,1249.87465557025,431.270991659245,314.895126273109,516.774963933114,434.141105876213,12921.330552192,4712.5640567438,561.052833577804
"UKG23","0","0","UK","Stoke-on-Trent","United Kingdom","UK","GB","GBR",45.7094894211726,3332.63506853791,2015.75569200798,994.000953028889,1248.28982026745,976.659706626665,1172.95386988324,420.968508648662,307.372705912624,504.429906210285,423.770059703418,12126.1156930325,4599.98724988718,547.650037197422
"UKG24","0","0","UK","Staffordshire CC","United Kingdom","UK","GB","GBR",1932.28139113632,12607.0244791688,7625.40177083282,3024.8576549729,3892.70225725302,2972.08627505953,3742.21775867386,1281.0549245534,935.37001104114,1535.0374248113,1289.58036220812,38687.4255291196,13998.283002848,1666.56118609845
"UKG31","0","0","UK","Birmingham","United Kingdom","UK","GB","GBR",102.529106460171,9521.82296954756,5759.30711116788,4762.48562753004,5786.11582430184,4679.39975472238,5262.0107431094,2016.95628758994,1472.69284777169,2416.83890855685,2030.37915865703,54399.199053989,22039.5896982328,2623.9164289747
"UKG32","0","0","UK","Solihull","United Kingdom","UK","GB","GBR",46.7547997132672,7281.48999437701,4404.23406721938,1525.97945503476,1981.07648922108,1499.35736211437,1919.64422105804,646.266277167053,471.875235966172,774.395307204132,650.567187884253,19845.4760342181,7061.85040905658,840.746382350803
"UKG33","0","0","UK","Coventry","United Kingdom","UK","GB","GBR",37.1480321773651,9215.91259326566,5574.27617632116,1405.6600577495,1900.08643619935,1381.13704562871,1906.51563396393,595.309910292007,434.669136108163,713.336309118723,599.271705706204,19709.751373533,6505.04239821934,774.455779511781
"UKG36","0","0","UK","Dudley","United Kingdom","UK","GB","GBR",5.29993085044666,3432.58920112812,2076.21329014423,903.853777515207,1146.74521120394,888.085230191675,1088.01467351598,382.790354071198,279.496695146651,458.682534287828,385.337828996677,11248.0056935958,4182.8087183046,497.982978153993
"UKG37","0","0","UK","Sandwell","United Kingdom","UK","GB","GBR",6.35940620402027,5993.52950840836,3625.20677281727,980.53528276992,1312.15188194516,963.428957174583,1305.51274348033,415.265673948555,303.20874662082,497.596425050038,418.029272562117,13496.5227300428,4537.67150329389,540.231055559888
"UKG38","0","0","UK","Walsall","United Kingdom","UK","GB","GBR",13.9719034062576,2664.46836085355,1611.61277910997,813.5892298895,1019.5633806285,799.3954293074,956.090205194228,344.562491329163,251.584389663292,412.875599038717,346.855559316865,9884.15720246064,3765.08701800859,448.251252329993
"UKG39","0","0","UK","Wolverhampton","United Kingdom","UK","GB","GBR",8.25863339198121,3331.39095241602,2015.00318412679,833.984899611808,1062.97172929814,819.4352781091,1012.8624904945,353.200244280735,257.891297289832,423.225876605122,355.550796629844,10471.0748275991,3859.47306501351,459.488353509879
"UKH11","0","0","UK","Peterborough","United Kingdom","UK","GB","GBR",370.09645826835,3636.8152224625,2199.74009595845,1064.29646085408,1342.2113745265,1045.72884568586,1266.27556904296,450.73930011893,329.110029592134,540.103067600336,453.738976189052,13090.8848538128,4925.29723951535,586.379715834015
"UKH12","0","0","UK","Cambridgeshire CC","United Kingdom","UK","GB","GBR",4416.9266266148,11213.4588788609,6782.49886270265,3184.394697109,4062.85342166962,3128.84004908152,3874.97474806423,1348.62032325609,984.703296069937,1615.9983685172,1357.59540954274,40059.8807072304,14736.5804435844,1754.458956009
"UKH13","0","0","UK","Norfolk","United Kingdom","UK","GB","GBR",4692.70159350501,9301.85351094714,5626.2578336074,3278.64208328353,4117.39598879878,3221.44320429084,3868.90566636878,1388.53495460632,1013.84720586739,1663.82649184415,1397.77567329839,39997.1379270758,15172.7337223282,1806.38504761582
"UKH14","0","0","UK","Suffolk","United Kingdom","UK","GB","GBR",3523.07590232004,10382.2247339842,6279.72405403997,3120.63576448963,3954.30246363705,3066.19344875673,3747.39299035214,1321.61783126047,964.987263016247,1583.64235084613,1330.41321560178,38740.927597428,14441.5200855215,1719.33063775713
"UKH21","0","0","UK","Luton","United Kingdom","UK","GB","GBR",5.96463065245269,3963.00077066029,2397.03453771648,1011.66974596125,1287.16453719775,994.020251472407,1224.46987613524,428.451404301522,312.836387488865,513.39636397329,431.302754126918,12658.6933739578,4681.75399463938,557.384751311283
"UKH23","0","0","UK","Hertfordshire","United Kingdom","UK","GB","GBR",540.008266796969,16625.8291135001,10056.189465891,7031.293152838,8623.9725347445,6908.62587901086,7918.39061778275,2977.81705681699,2174.27115725302,3568.20034710772,2997.63446915307,81861.1227595981,32539.0622159029,3873.9278317229
"UKH24","0","0","UK","Bedford","United Kingdom","UK","GB","GBR",172.04939337452,2325.76787259243,1406.74863315421,733.927578524619,919.179955629081,721.123547560865,861.457463904072,310.825052276035,226.950794229727,372.449360810175,312.89359715566,8905.834355589,3396.43286383821,404.361247798059
"UKH25","0","0","UK","Central Bedfordshire","United Kingdom","UK","GB","GBR",638.23390369506,3243.67442096896,1961.94754079613,1074.08335757805,1344.70966473082,1055.34500113732,1259.82748997182,454.884140529431,332.136409918399,545.069665853106,457.911400567914,13024.2239604716,4970.58854432654,591.771857902491
"UKH31","0","0","UK","Southend-on-Sea","United Kingdom","UK","GB","GBR",18.5014762106013,1140.89032158303,690.071403676597,573.057431240686,696.151615735921,563.059925617086,633.023277940337,242.695071332003,177.20527605839,290.811900544973,244.310210277329,6544.25864629388,2651.96614663975,315.728996616062
"UKH32","0","0","UK","Thurrock","United Kingdom","UK","GB","GBR",58.7256387900639,1925.15264679267,1164.43514694787,758.153510683816,933.865761882293,744.926836404061,861.121163897617,321.084956454803,234.442125398312,384.743398003684,323.221781133946,8902.35765212219,3508.54440529033,417.708652151846
"UKH33","0","0","UK","Essex CC","United Kingdom","UK","GB","GBR",2035.21555679059,14968.1945056546,9053.56351755998,6373.3555746839,7831.21117003054,6262.16661747737,7203.55654090363,2699.17446576567,1970.81858197873,3234.31395612471,2717.13750793196,74471.0958027654,29494.2920257857,3511.43367308884
"UKI11","0","0","UK","Inner London - West","United Kingdom","UK","GB","GBR",179.855153021351,9573.29194021594,5790.4382936865,36603.6242185597,42555.4164278539,35965.0408602096,36922.1884429309,15501.9701454706,11318.8573793456,18575.3974131129,15605.1359640998,381705.316973377,169392.397655118,20166.9586973445
"UKI12","0","0","UK","Inner London - East","United Kingdom","UK","GB","GBR",100.859122175436,9310.41940665508,5631.4389448528,20307.8921558065,23729.9997498519,19953.602594302,20705.2144605939,8600.5783481168,6279.76436470336,10305.7327100815,8657.81531204084,214052.600400394,93979.8344298758,11188.7396693526
"UKI21","0","0","UK","Outer London - East and North East","United Kingdom","UK","GB","GBR",77.2512218493803,11789.3970461369,7130.85702825497,7320.21645184816,8807.28688934977,7192.5086495344,7929.39241009919,3100.17872048294,2263.61426698278,3714.82148683356,3120.81045132709,81974.8604008517,33876.126820914,4033.11163830576
"UKI22","0","0","UK","Outer London - South","United Kingdom","UK","GB","GBR",64.8672748527533,3730.40957502543,2256.35095944591,6488.9603637529,7605.4580528391,6375.7545763548,6658.25166991021,2748.13415287536,2006.56679401446,3292.9804118558,2766.42302241411,68833.6789158603,30029.2820115829,3575.12673780967
"UKI23","0","0","UK","Outer London - West and North West","United Kingdom","UK","GB","GBR",69.5861432189187,12976.6584123726,7848.97611650569,13647.5734355482,16149.0147413475,13409.4791630858,14285.2325873625,5779.87236162019,4220.20880688609,6925.79234166131,5818.33748948221,147682.178731787,63157.5488978389,7519.20214649459
"UKJ11","0","0","UK","Berkshire","United Kingdom","UK","GB","GBR",579.975608318375,17918.0276223898,10837.7801429169,7548.27477059577,9260.15389011083,7416.58828447146,8504.45020534793,3196.76350748496,2334.13623411544,3830.55521524276,3218.03801137825,87919.8660267428,34931.5235539583,4158.76156486239
"UKJ12","0","0","UK","Milton Keynes","United Kingdom","UK","GB","GBR",38.9478655061019,4228.36861129515,2557.54318154776,2445.41731450328,2951.0414905096,2402.75479584287,2665.18251957915,1035.65663269555,756.190962145496,1240.9863620765,1042.54894143619,27552.9263385967,11316.7783522653,1347.3154921734
"UKJ13","0","0","UK","Buckinghamshire CC","United Kingdom","UK","GB","GBR",367.858083591014,5191.73880265881,3140.24092877037,2869.36162041717,3473.15258925921,2819.30300958272,3146.54256829253,1215.20092957659,887.286317806803,1456.12718846997,1223.28810801406,32529.2751879195,13278.6863322564,1580.88983050366
"UKJ14","0","0","UK","Oxfordshire","United Kingdom","UK","GB","GBR",1824.43063693877,10375.9208656949,6275.91113779669,3767.27969300047,4681.81780245104,3701.55608858807,4355.05309938459,1595.47745823812,1164.94752810723,1911.79750524133,1606.09538205934,45022.9792393239,17434.0260960065,2075.60250090106
"UKJ21","0","0","UK","Brighton and Hove","United Kingdom","UK","GB","GBR",40.3455612933926,2459.86934048213,1487.86036355555,1528.90207613727,1839.6883546747,1502.22899544618,1656.49567653322,647.504033975153,472.778991595277,775.878462209302,651.813181980463,17125.0197764809,7075.37556692171,842.356615772238
"UKJ22","0","0","UK","East Sussex CC","United Kingdom","UK","GB","GBR",455.021726399105,3644.96697949232,2204.67071401137,1745.85257760206,2130.39595296111,1715.39459902779,1946.05650314397,739.38455861038,539.866113072508,885.975259171805,744.305172735875,20118.5288767164,8079.36810591644,961.886632152147
"UKJ23","0","0","UK","Surrey","United Kingdom","UK","GB","GBR",752.963766581028,11740.194692476,7101.09681676696,7970.94232552911,9564.74979524481,7831.88202130736,8587.48758325762,3375.76708863072,2464.83678290814,4045.04812336672,3398.23286375039,88778.3148346905,36887.5230504476,4391.63247054518
"UKJ24","0","0","UK","West Sussex","United Kingdom","UK","GB","GBR",992.149066704364,15974.3721236856,9662.15348285936,3857.74147232501,4944.98034524869,3790.43968028566,4736.66883302548,1633.78885041125,1192.92082311055,1957.70453050247,1644.66173705973,48968.1612752309,17852.6605351658,2125.44289256373
"UKJ31","0","0","UK","Portsmouth","United Kingdom","UK","GB","GBR",50.8928604739873,3207.75875730968,1940.22382908916,988.654209379397,1238.42645084684,971.406241760048,1160.85747228263,418.704113736973,305.719344255014,501.716571389603,421.490595213309,12001.061911686,4575.24386051605,544.704220747642
"UKJ32","0","0","UK","Southampton","United Kingdom","UK","GB","GBR",36.1459635546072,1205.50827628844,729.155794053757,1425.13902488779,1682.18454722478,1400.27618455278,1484.06988111825,603.559431302262,440.692573831675,723.221383712167,607.576127389104,15342.464471153,6595.18617545025,785.1878185962
"UKJ33","0","0","UK","Hampshire CC","United Kingdom","UK","GB","GBR",1982.26266497431,18325.5948093296,11084.2985465385,7295.89906111294,8996.63033265408,7168.61549769281,8304.80941730531,3089.88008275946,2256.09465428197,3702.48103676611,3110.44327603183,85855.9593761819,33763.5920320973,4019.71384436993
"UKJ34","0","0","UK","Isle of Wight","United Kingdom","UK","GB","GBR",111.568489505109,1297.26433452767,784.654758947349,474.250723553065,587.791888031131,465.9769903856,545.32676309911,200.849525557628,146.651497400817,240.670038869751,202.186181836216,5637.64320970699,2194.71347079329,261.290922914428
"UKJ41","0","0","UK","Medway","United Kingdom","UK","GB","GBR",237.560782592612,3753.86958379025,2270.54082579182,954.802893075994,1217.81164197319,938.145492312007,1161.15449070938,404.36777120469,295.251576936306,484.537899421545,407.058844129751,12004.1325182105,4418.58845398645,526.053660528107
"UKJ42","0","0","UK","Kent CC","United Kingdom","UK","GB","GBR",3694.36762713543,14410.7590965446,8716.39680841494,6908.48635315317,8450.93016863866,6787.96155511211,7738.88839328458,2925.80725224114,2136.2958834783,3505.87905630992,2945.27853863223,80005.4106149779,31970.7431302639,3806.26678148895
"UKK11","0","0","UK","Bristol, City of","United Kingdom","UK","GB","GBR",28.2746546679153,2967.89681680799,1795.14251597843,2753.99846371365,3269.41493388995,2705.95246757544,2902.23023991874,1166.34357598704,851.612825210512,1397.58335494671,1174.10560808299,30003.5496371019,12744.8145604781,1517.32989440161
"UKK12","0","0","UK","Bath and North East Somerset, North Somerset and South Gloucestershire","United Kingdom","UK","GB","GBR",679.362852864188,10352.9590155165,6262.02258437147,3537.5848586099,4403.11026174299,3475.86848850482,4101.92228926259,1498.19959187083,1093.91950487883,1795.23328725385,1508.17013019046,42406.0873326405,16371.0559787829,1949.05092746972
"UKK13","0","0","UK","Gloucestershire","United Kingdom","UK","GB","GBR",1522.48885805971,11430.683202256,6913.88773586791,2906.94138559934,3716.66658619713,2856.22716174383,3551.69774975367,1231.1163043616,898.907025087223,1475.19795230423,1239.3093998311,36717.8104152415,13452.5960656073,1601.59459918339
"UKK14","0","0","UK","Swindon","United Kingdom","UK","GB","GBR",78.2011794731007,8716.29546941765,5272.08105429026,1309.04967526268,1773.99626822112,1286.21211871678,1783.75557371282,554.394528358497,404.79452221193,664.30902596747,558.084031358755,18440.645459558,6057.95376486152,721.227782696145
"UKK15","0","0","UK","Wiltshire CC","United Kingdom","UK","GB","GBR",1351.54061688819,6007.77914330634,3633.82571310443,1945.26080442271,2441.57154849199,1911.32396882583,2293.02231243554,823.835769246719,601.528675942627,987.169803147033,829.318407308383,23705.4964915768,9002.17939508323,1071.7516403325
"UKK21","0","0","UK","Bournemouth and Poole","United Kingdom","UK","GB","GBR",269.828689782894,4387.05555969456,2653.52552371996,1979.74058379576,2420.66654180866,1945.20221723638,2215.70871095152,838.438271645711,612.190781499838,1004.66740395144,844.018089556123,22906.2206629939,9161.74317116575,1090.74845557566
"UKK22","0","0","UK","Dorset CC","United Kingdom","UK","GB","GBR",1774.47873845387,3362.54822954962,2033.84876950829,1164.75036819084,1465.66174012116,1144.43024367755,1379.84855280193,493.282450033053,360.173168136932,591.080840712058,496.565251334792,14265.0138421944,5390.1727424436,641.725322819573
"UKK23","0","0","UK","Somerset","United Kingdom","UK","GB","GBR",1863.68992127233,8983.28667603838,5433.57159657694,1883.51145910907,2465.28196180404,1850.65189673713,2406.25185408267,797.684355882872,582.434063105937,955.83359932329,802.992955938871,24876.0749406839,8716.41890333913,1037.73051474416
"UKK30","0","0","UK","Cornwall and Isles of Scilly","United Kingdom","UK","GB","GBR",6651.45271369801,4395.92649992214,2658.89114218387,1919.39751606926,2422.53724397278,1885.91188894934,2287.21360706089,812.882429721513,593.531028756499,974.044849817091,818.292173162154,23645.4455081508,8882.49057959113,1057.50212599788
"UKK41","0","0","UK","Plymouth","United Kingdom","UK","GB","GBR",88.0241682130754,4216.38902426526,2550.29728745891,900.288548727526,1167.07340684569,884.582200047465,1129.39665325768,381.280447022147,278.394227371014,456.873272417899,383.817873496022,11675.8167839028,4166.30973315142,496.018696658848
"UKK42","0","0","UK","Torbay","United Kingdom","UK","GB","GBR",54.1330042725413,458.961083499129,277.604177309279,387.419891313949,461.730449794605,380.661000614774,411.588200005687,164.075872734621,119.800992096315,196.605625823594,165.167799861891,4255.04042341649,1792.88214459594,213.451020587641
"UKK43","0","0","UK","Devon CC","United Kingdom","UK","GB","GBR",3780.02361398092,8813.71711540724,5331.00686926539,3114.79538847714,3903.35958192703,3060.45496339052,3660.3549465762,1319.14437852138,963.181256519938,1580.67851030328,1327.92330200163,37841.1195012856,14414.4922893105,1716.11285196855
"UKL11","0","0","UK","Isle of Anglesey","United Kingdom","UK","GB","GBR",348.952805185203,709.745215700535,429.29181533562,187.367723033061,241.549522692335,184.098923498172,232.584370253923,79.3519469913738,57.9393046393642,95.0842981270811,79.8800352597914,2404.48073407265,867.090855764427,103.231229483207
"UKL12","0","0","UK","Gwynedd","United Kingdom","UK","GB","GBR",435.639692970912,1290.93242366184,780.824881055955,419.142876193518,527.588828393624,411.83054930725,496.843356905314,177.510847413411,129.610620218246,212.704224359894,178.692184476836,5136.41685478071,1939.68816679312,230.928965449134
"UKL13","0","0","UK","Conwy and Denbighshire","United Kingdom","UK","GB","GBR",525.663548260154,1626.80383366384,983.977849373997,674.217259036353,833.207332092761,662.454928646271,770.804738479785,285.537185026696,208.486704818052,342.14791012497,287.437438811597,7968.65731512018,3120.10847250261,371.463534180002
"UKL14","0","0","UK","South West Wales","United Kingdom","UK","GB","GBR",1954.8516335859,6030.90869125689,3647.81569909931,1098.27575022316,1470.99283124888,1079.11533559361,1464.62953600825,465.129840416762,339.617369737572,557.346682606248,468.225285725013,15141.488217978,5082.54487331463,605.100783485126
"UKL15","0","0","UK","Central Valleys","United Kingdom","UK","GB","GBR",309.039044943123,4778.66991595697,2890.39480327607,810.109391785294,1082.28586414532,795.976300128896,1075.29070221911,343.088748016742,250.508327058957,411.109670743394,345.372008222991,11116.4639919294,3748.98319953412,446.334017279662
"UKL16","0","0","UK","Gwent Valleys","United Kingdom","UK","GB","GBR",261.94368399496,6318.91265920478,3822.01588176934,794.877195001632,1110.39213917319,781.009842806416,1144.1280219615,336.637773152058,245.798108695362,403.379722827805,338.878102034312,11828.1111629111,3678.49241099,437.94175859042
"UKL17","0","0","UK","Bridgend and Neath Port Talbot","United Kingdom","UK","GB","GBR",237.066577823929,4920.51217941114,2976.18858028583,887.663747481813,1175.2903005816,872.177649887542,1158.73890645248,375.933728051507,274.490288135665,450.466510644791,378.43557203913,11979.159963946,4107.88531757548,489.062996213333
"UKL18","0","0","UK","Swansea","United Kingdom","UK","GB","GBR",80.6727365200141,1231.15583011385,744.668804493373,1040.58036991381,1239.40253432074,1022.42650342001,1104.07882119276,440.695318366519,321.776355490749,528.067761706291,443.628151603759,11414.0784763711,4815.54511542535,573.313211173191
"UKL21","0","0","UK","Monmouthshire and Newport","United Kingdom","UK","GB","GBR",281.708135510921,4085.09479390088,2470.88352425294,979.439254703124,1256.69200599789,962.352050309545,1204.82147838967,414.801496022659,302.869824297234,497.040219008934,417.562005525916,12455.5662516021,4532.59936013606,539.627193149372
"UKL22","0","0","UK","Cardiff and Vale of Glamorgan","United Kingdom","UK","GB","GBR",153.894101615862,6196.09119893855,3747.72690246594,2301.23522493275,2844.88778620313,2261.08809333953,2632.7236689561,974.594197055618,711.605854977956,1167.81766168678,981.080134470474,27217.3634592508,10649.5397830612,1267.87761389381
"UKL23","0","0","UK","Flintshire and Wrexham","United Kingdom","UK","GB","GBR",781.920934585735,12484.5905566581,7551.34719506308,828.978718599174,1340.60211862232,814.516434455861,1528.75570566021,351.080080765306,256.343247059646,420.68536855935,353.416523397866,15804.4310430254,3836.30571415879,456.730171830644
"UKL24","0","0","UK","Powys","United Kingdom","UK","GB","GBR",1078.30062271444,1163.63549463342,703.828899201647,371.327500255772,475.7349837461,364.849355885552,455.478766637638,157.260597715307,114.824777768669,188.439151448052,158.307169096181,4708.78553861423,1718.41059256951,204.584833352357
"UKM21","0","0","UK","Angus and Dundee City","United Kingdom","UK","GB","GBR",1449.3979788268,3718.10913426644,2248.91099588428,880.552111917654,1144.53747544356,865.190083243303,1110.24137131105,372.92188524756,272.29117287309,446.857538591295,375.403685381045,11477.7875425306,4074.97445081899,485.144803308811
"UKM22","0","0","UK","Clackmannanshire and Fife","United Kingdom","UK","GB","GBR",1681.78648704992,6855.44614149061,4146.53998915833,1278.98207321799,1701.34731558562,1256.66907320715,1684.15301390621,541.660623473569,395.496784445562,649.050491623858,545.265382166526,17410.9441264124,5918.80843947844,704.661879687663
"UKM23","0","0","UK","East Lothian and Midlothian","United Kingdom","UK","GB","GBR",756.494938900163,1677.82707454245,1014.83943070846,611.159393551965,764.504080973603,600.497164705681,715.666753210886,258.831601384505,188.987461196656,310.147665985178,260.554129153128,7398.63524893446,2828.29247740783,336.72147254225
"UKM24","0","0","UK","Scottish Borders","United Kingdom","UK","GB","GBR",1394.96702043872,1565.51503941683,946.907113059047,365.229126037339,484.290299077373,358.857373325651,478.081201282018,154.677880372741,112.938991060441,185.344383454454,155.707263735161,4942.45179308444,1690.18884533239,201.224902099381
"UKM25","0","0","UK","Edinburgh, City of","United Kingdom","UK","GB","GBR",565.382348882245,5325.95106394995,3221.4196729386,4183.10615364282,4996.36439209933,4110.12808021549,4464.09519358291,1771.58377328727,1293.53262051407,2122.81873404641,1783.37368699025,46150.2674333525,19358.3667229365,2304.70426981238
"UKM26","0","0","UK","Falkirk","United Kingdom","UK","GB","GBR",114.437836783235,2415.21100523003,1460.84861710606,651.331204177145,825.846671291718,639.9681417307,783.092265031433,275.844731157739,201.409700929571,330.533826183726,277.680481532522,8095.68700688575,3014.1975473352,358.854342250403
"UKM27","0","0","UK","Perth & Kinross and Stirling","United Kingdom","UK","GB","GBR",1821.95096309759,5533.08999933894,3346.70836475747,1013.60994872762,1356.80595575401,995.92660564523,1350.27262855002,429.273097945321,313.43635207894,514.380966952276,432.129916152905,13959.2549471384,4690.73276670222,558.453716199027
"UKM28","0","0","UK","West Lothian","United Kingdom","UK","GB","GBR",410.843401542485,2642.68272267137,1598.43566152384,798.119476200612,1005.47976813925,784.195559474944,947.656310295498,338.010908939097,246.800712105774,405.025097106497,340.260376058376,9796.96674432687,3693.49687565415,439.728110418169
"UKM31","0","0","UK","East Dunbartonshire, West Dunbartonshire and Helensburgh & Lomond","United Kingdom","UK","GB","GBR",56.4886905266283,2209.16849849421,1336.22310389901,653.905678612617,821.989022889218,642.497702129213,773.098441155391,276.935044663327,202.205799938453,331.84030571382,278.778051089071,7992.36984527501,3026.11156969328,360.272762440095
"UKM32","0","0","UK","Dumfries & Galloway","United Kingdom","UK","GB","GBR",2023.89075161173,2279.36118550178,1378.67939012987,547.367979096327,723.052386173701,537.818649219657,711.44080049819,231.815353033687,169.261383856915,277.775164618025,233.35808730824,7354.94692254483,2533.08180154878,301.575258252362
"UKM34","0","0","UK","Glasgow City","United Kingdom","UK","GB","GBR",20.4515110743642,7117.69530680545,4305.16229158151,3827.76975515797,4633.73956407895,3760.99084685521,4198.45933322088,1621.09555365032,1183.65273561183,1942.49465526698,1631.88396623911,43404.0970530212,17713.9589409616,2108.92981783138
"UKM35","0","0","UK","Inverclyde, East Renfrewshire and Renfrewshire","United Kingdom","UK","GB","GBR",47.8376482880459,3528.17909865184,2134.03116580994,1214.4331995414,1508.71427086733,1193.24631306195,1402.93106113975,514.32358420436,375.536479674098,616.293599192879,517.746414535396,14503.6431470429,5620.09243221299,669.098339268196
"UKM36","0","0","UK","North Lanarkshire","United Kingdom","UK","GB","GBR",140.283281350538,6126.74358775111,3705.78176322825,1266.5100814839,1647.85987583275,1244.4146666586,1599.9188675525,536.378620730838,391.640098155932,642.721276745835,539.948227624904,16540.1230052965,5861.09118801841,697.79037044385
"UKM37","0","0","UK","South Ayrshire","United Kingdom","UK","GB","GBR",432.433451839124,1828.1255159836,1105.74795582574,388.501502088135,508.29203441696,381.723741709923,495.941898993274,164.533944805035,120.135456192544,197.154515459682,165.628920408059,5127.09749174823,1797.88756813747,214.046939715195
"UKM38","0","0","UK","South Lanarkshire","United Kingdom","UK","GB","GBR",639.728101752597,4544.14358069054,2748.54074919673,1110.72323501953,1426.05992343058,1091.34566275015,1368.00833941677,470.401464246885,343.466477801308,563.663460843986,473.531992282224,14142.6085191675,5140.14871280991,611.958790503097
"UKM50","0","0","UK","Aberdeen City and Aberdeenshire","United Kingdom","UK","GB","GBR",3570.33227862399,13040.3931911672,7887.52631491986,2494.1107079884,3311.15179443723,2450.59868900103,3272.08944701819,1056.2787308676,771.248312010184,1265.69700630065,1063.30827994735,33827.191513033,11542.1191716104,1374.14337264185
"UKM61","0","0","UK","Caithness & Sutherland and Ross & Cromarty","United Kingdom","UK","GB","GBR",561.66857970114,1319.35305842688,798.015198963531,329.422750377516,426.249805941499,323.675672301396,411.800289483442,139.513552294686,101.866665081329,167.173569170245,140.44201685095,4257.23302587987,1524.48591416521,181.497191675912
"UKM62","0","0","UK","Inverness & Nairn and Moray, Badenoch & Strathspey","United Kingdom","UK","GB","GBR",574.95743278552,5237.45667446741,3167.89353952116,776.882534383993,1060.65684653411,763.329115332145,1073.01935743867,329.016869549538,240.233659778921,394.24789559969,331.206481216401,11092.9825999552,3595.21763227379,428.027505966642
"UKM63","0","0","UK","Lochaber, Skye & Lochalsh, Arran & Cumbrae and Argyll & Bute","United Kingdom","UK","GB","GBR",913.595604595182,1483.04228314133,897.023185032432,375.249540438301,488.009036155724,368.702972526839,473.612727512035,158.921617658466,116.037581539056,190.42948591946,159.979243149275,4896.25625948559,1736.56081141809,206.745701956464
"UKM64","0","0","UK","Eilean Siar (Western Isles)","United Kingdom","UK","GB","GBR",145.448504576443,190.672645055854,115.328999928629,96.0313172269282,118.233670784637,94.3559639696825,108.974088933859,40.6701424917161,29.6955508326727,48.7334224322636,40.9408028338888,1126.58514872912,444.408864486172,52.9089577743253
"UKM65","0","0","UK","Orkney Islands","United Kingdom","UK","GB","GBR",319.157690107529,155.096876162406,93.8108747304838,92.490473296974,115.017803361703,90.8768932672831,107.05783100234,39.1705626532779,28.6006235324041,46.9365352501643,39.4312432715715,1106.7746804985,428.02272634214,50.9581112444092
"UKM66","0","0","UK","Shetland Islands","United Kingdom","UK","GB","GBR",379.509374188698,456.560330175989,276.152073470515,107.780281717147,142.393608778183,105.899957139124,140.123915847568,45.6459365737462,33.3286570143373,54.6957195888304,45.949710892077,1448.61520862497,498.780127098846,59.3821113668776
"UKN01","0","0","UK","Belfast","United Kingdom","UK","GB","GBR",40.2583465961604,3158.1001487435,1910.18765026494,1902.21636470966,2291.70566745751,1869.0304783277,2066.14355281746,805.60605474151,588.218139500204,965.325857604358,810.967373809352,21360.0009370973,8802.98051780324,1048.03608056552
"UKN02","0","0","UK","Outer Belfast","United Kingdom","UK","GB","GBR",825.604566092878,4273.50778220161,2584.84576308338,1521.70863140771,1894.57861648014,1495.16104687148,1765.49057073064,644.457544240286,470.554578666275,772.227974109461,648.746417815669,18251.820012128,7042.08610785438,838.393349679063
"UKN03","0","0","UK","East of Northern Ireland","United Kingdom","UK","GB","GBR",1838.8069317112,5979.88730670834,3616.95524057242,1295.6311778404,1696.05139925309,1273.02771912855,1655.63971072732,548.71167178683,400.645150071592,657.499483808,552.363355300606,17116.1707154409,5995.85632233185,713.834791180339
"UKN04","0","0","UK","North of Northern Ireland","United Kingdom","UK","GB","GBR",1079.49543646095,2972.64904456317,1798.01691715054,869.226876930379,1104.95805452033,854.062427232062,1050.27470173894,368.125544491386,268.789095624041,441.110273254141,370.575424912995,10857.846049836,4022.56410213199,478.905105707766
"UKN05","0","0","UK","West and South of Northern Ireland","United Kingdom","UK","GB","GBR",3186.92447289043,7971.17824196206,4821.39435695686,1265.76537391407,1736.38019378236,1243.68295118645,1763.44699700721,536.063230253501,391.409813888947,642.343356816827,539.630738219722,18230.6933403689,5857.64486805698,697.380069903318
"UKM33","0","0","UK","East Ayrshire and North Ayrshire mainland","United Kingdom","UK","GB","GBR",685.622044037708,3630.23643715288,2195.7608952174,622.174202590898,835.020767420144,611.319810430247,832.841997565324,263.496473908058,192.393546119503,315.737398141372,265.250046465709,8610.00477154214,2879.26625261864,342.790139339312
