fid4,adm1_id,adm1_name,CNTR_CODE,NAME_LATN,TOTAL,A,B,C,D,E,F,G,H,I,J,K,L,M,N,O,P,Q,R,S,T,U
68,AND-20200925-1,Andorra la Vella,AND,Andorra la Vella,0,0,0,0,0,0,0,0,0,0,0,0,0,0,0,0,0,0,0,0,0,0
69,AND-20200925-2,Canillo,AND,Canillo,0,0,0,0,0,0,0,0,0,0,0,0,0,0,0,0,0,0,0,0,0,0
70,AND-20200925-3,Encamp,AND,Encamp,0,0,0,0,0,0,0,0,0,0,0,0,0,0,0,0,0,0,0,0,0,0
71,AND-20200925-4,Escaldes-Engordany,AND,Escaldes-Engordany,0,0,0,0,0,0,0,0,0,0,0,0,0,0,0,0,0,0,0,0,0,0
72,AND-20200925-5,La Massana,AND,La Massana,0,0,0,0,0,0,0,0,0,0,0,0,0,0,0,0,0,0,0,0,0,0
73,AND-20200925-6,Ordino,AND,Ordino,0,0,0,0,0,0,0,0,0,0,0,0,0,0,0,0,0,0,0,0,0,0
74,AND-20200925-7,Sant Juli├â┬á de L├â┬▓ria,AND,Sant Juli├â┬á de L├â┬▓ria,0,0,0,0,0,0,0,0,0,0,0,0,0,0,0,0,0,0,0,0,0,0
263,BIH-20201109-1,Brcko district of Bosnia and Herzegowina,BIH,Brcko district of Bosnia and Herzegowina,1.0329400098468,0.231073372268057,0.00280561152614222,0.0174339376290863,0.0016925693898195,0.000929960549024154,0.0365454975244171,0.0104082172274166,0.0529616514139633,0.00595299427890703,0.00629218731246043,0.00235015231235672,0.651147864048437,0.0006970848614811,0.000547514549420125,0.0414293192690569,0.00384425420774664,0.000768370079437443,0.00195175560972009,0.0012471596983782,0,0
264,BIH-20201109-2,Entity Federation of Bosnia and Herzegovina,BIH,Entity Federation of Bosnia and Herzegovina,59.3567999937285,7.66967205182563,0.218775028005865,1.35945770022565,0.266002383975406,0.146151599178975,1.83123412667934,1.63574421945676,3.04338501786026,0.935566175015186,0.988873387171891,0.369347408473968,28.0015757971643,0.109553106716004,0.0860467974211116,6.51098723534316,0.60415885459038,0.120756214861907,0.306735811391627,0.19600227616194,0,0
265,BIH-20201109-3,Republika Srpska,BIH,Republika Srpska,50.4766851163811,13.8395641812522,0.146078887619532,0.907727314332446,0.240439540600942,0.132106422654975,1.45351537288291,1.47854911218839,2.58807730960354,0.845658215391148,0.89384260159898,0.333853102699412,21.4776187972992,0.0990250472816722,0.0777776955714326,5.88528101262903,0.546099156243403,0.109151536133564,0.277258483456596,0.177166446904751,0,0
1627,MDA-20210908-01,Anenii Noi,MDA,Anenii Noi,0,0,0,0,0,0,0,0,0,0,0,0,0,0,0,0,0,0,0,0,0,0
1628,MDA-20210908-02,Balti,MDA,Balti,0,0,0,0,0,0,0,0,0,0,0,0,0,0,0,0,0,0,0,0,0,0
1629,MDA-20210908-03,Basarabeasca,MDA,Basarabeasca,0,0,0,0,0,0,0,0,0,0,0,0,0,0,0,0,0,0,0,0,0,0
1630,MDA-20210908-04,Bender,MDA,Bender,0,0,0,0,0,0,0,0,0,0,0,0,0,0,0,0,0,0,0,0,0,0
1631,MDA-20210908-05,Briceni,MDA,Briceni,0,0,0,0,0,0,0,0,0,0,0,0,0,0,0,0,0,0,0,0,0,0
1632,MDA-20210908-06,Cahul,MDA,Cahul,0,0,0,0,0,0,0,0,0,0,0,0,0,0,0,0,0,0,0,0,0,0
1633,MDA-20210908-07,Calarasi,MDA,Calarasi,0,0,0,0,0,0,0,0,0,0,0,0,0,0,0,0,0,0,0,0,0,0
1634,MDA-20210908-08,Cantemir,MDA,Cantemir,0,0,0,0,0,0,0,0,0,0,0,0,0,0,0,0,0,0,0,0,0,0
1635,MDA-20210908-09,Causeni,MDA,Causeni,0,0,0,0,0,0,0,0,0,0,0,0,0,0,0,0,0,0,0,0,0,0
1636,MDA-20210908-10,Chisinau,MDA,Chisinau,0,0,0,0,0,0,0,0,0,0,0,0,0,0,0,0,0,0,0,0,0,0
1637,MDA-20210908-11,Cimislia,MDA,Cimislia,0,0,0,0,0,0,0,0,0,0,0,0,0,0,0,0,0,0,0,0,0,0
1638,MDA-20210908-12,Criuleni,MDA,Criuleni,0,0,0,0,0,0,0,0,0,0,0,0,0,0,0,0,0,0,0,0,0,0
1639,MDA-20210908-13,Donduseni,MDA,Donduseni,0,0,0,0,0,0,0,0,0,0,0,0,0,0,0,0,0,0,0,0,0,0
1640,MDA-20210908-14,Drochia,MDA,Drochia,0,0,0,0,0,0,0,0,0,0,0,0,0,0,0,0,0,0,0,0,0,0
1641,MDA-20210908-15,Dubasari,MDA,Dubasari,0,0,0,0,0,0,0,0,0,0,0,0,0,0,0,0,0,0,0,0,0,0
1642,MDA-20210908-16,Edinet,MDA,Edinet,0,0,0,0,0,0,0,0,0,0,0,0,0,0,0,0,0,0,0,0,0,0
1643,MDA-20210908-17,Falesti,MDA,Falesti,0,0,0,0,0,0,0,0,0,0,0,0,0,0,0,0,0,0,0,0,0,0
1644,MDA-20210908-18,Floresti,MDA,Floresti,0,0,0,0,0,0,0,0,0,0,0,0,0,0,0,0,0,0,0,0,0,0
1645,MDA-20210908-19,Gagauzia,MDA,Gagauzia,0,0,0,0,0,0,0,0,0,0,0,0,0,0,0,0,0,0,0,0,0,0
1646,MDA-20210908-20,Glodeni,MDA,Glodeni,0,0,0,0,0,0,0,0,0,0,0,0,0,0,0,0,0,0,0,0,0,0
1647,MDA-20210908-21,Hincesti,MDA,Hincesti,0,0,0,0,0,0,0,0,0,0,0,0,0,0,0,0,0,0,0,0,0,0
1648,MDA-20210908-22,Ialoveni,MDA,Ialoveni,0,0,0,0,0,0,0,0,0,0,0,0,0,0,0,0,0,0,0,0,0,0
1649,MDA-20210908-23,Leova,MDA,Leova,0,0,0,0,0,0,0,0,0,0,0,0,0,0,0,0,0,0,0,0,0,0
1650,MDA-20210908-24,Nisporeni,MDA,Nisporeni,0,0,0,0,0,0,0,0,0,0,0,0,0,0,0,0,0,0,0,0,0,0
1651,MDA-20210908-25,Ocnita,MDA,Ocnita,0,0,0,0,0,0,0,0,0,0,0,0,0,0,0,0,0,0,0,0,0,0
1652,MDA-20210908-26,Orhei,MDA,Orhei,0,0,0,0,0,0,0,0,0,0,0,0,0,0,0,0,0,0,0,0,0,0
1653,MDA-20210908-27,RIscani,MDA,RIscani,0,0,0,0,0,0,0,0,0,0,0,0,0,0,0,0,0,0,0,0,0,0
1654,MDA-20210908-28,Rezina,MDA,Rezina,0,0,0,0,0,0,0,0,0,0,0,0,0,0,0,0,0,0,0,0,0,0
1655,MDA-20210908-29,SIngerei,MDA,SIngerei,0,0,0,0,0,0,0,0,0,0,0,0,0,0,0,0,0,0,0,0,0,0
1656,MDA-20210908-30,Soldanesti,MDA,Soldanesti,0,0,0,0,0,0,0,0,0,0,0,0,0,0,0,0,0,0,0,0,0,0
1657,MDA-20210908-31,Soroca,MDA,Soroca,0,0,0,0,0,0,0,0,0,0,0,0,0,0,0,0,0,0,0,0,0,0
1658,MDA-20210908-32,Stefan Voda,MDA,Stefan Voda,0,0,0,0,0,0,0,0,0,0,0,0,0,0,0,0,0,0,0,0,0,0
1659,MDA-20210908-33,Straseni,MDA,Straseni,0,0,0,0,0,0,0,0,0,0,0,0,0,0,0,0,0,0,0,0,0,0
1660,MDA-20210908-34,Taraclia,MDA,Taraclia,0,0,0,0,0,0,0,0,0,0,0,0,0,0,0,0,0,0,0,0,0,0
1661,MDA-20210908-35,Telenesti,MDA,Telenesti,0,0,0,0,0,0,0,0,0,0,0,0,0,0,0,0,0,0,0,0,0,0
1662,MDA-20210908-36,Transnistria,MDA,Transnistria,0,0,0,0,0,0,0,0,0,0,0,0,0,0,0,0,0,0,0,0,0,0
1663,MDA-20210908-37,Ungheni,MDA,Ungheni,0,0,0,0,0,0,0,0,0,0,0,0,0,0,0,0,0,0,0,0,0,0
3264,XKX-20210524-1,District of Ferizaj,SRB_1,District of Ferizaj,0,0,0,0,0,0,0,0,0,0,0,0,0,0,0,0,0,0,0,0,0,0
3265,XKX-20210524-2,District of Gjakova,SRB_1,District of Gjakova,0,0,0,0,0,0,0,0,0,0,0,0,0,0,0,0,0,0,0,0,0,0
3266,XKX-20210524-3,District of Gjilan,SRB_1,District of Gjilan,0,0,0,0,0,0,0,0,0,0,0,0,0,0,0,0,0,0,0,0,0,0
3267,XKX-20210524-4,District of Mitrovica,SRB_1,District of Mitrovica,0,0,0,0,0,0,0,0,0,0,0,0,0,0,0,0,0,0,0,0,0,0
3268,XKX-20210524-5,District of Peja,SRB_1,District of Peja,0,0,0,0,0,0,0,0,0,0,0,0,0,0,0,0,0,0,0,0,0,0
3269,XKX-20210524-6,District of Prishtina,SRB_1,District of Prishtina,0,0,0,0,0,0,0,0,0,0,0,0,0,0,0,0,0,0,0,0,0,0
3270,XKX-20210524-7,District of Prizren,SRB_1,District of Prizren,0,0,0,0,0,0,0,0,0,0,0,0,0,0,0,0,0,0,0,0,0,0
AL011,,,AL,Dib├â┬½r,0,0,0,0,0,0,0,0,0,0,0,0,0,0,0,0,0,0,0,0,0,0
AL012,,,AL,Durr├â┬½s,0,0,0,0,0,0,0,0,0,0,0,0,0,0,0,0,0,0,0,0,0,0
AL013,,,AL,Kuk├â┬½s,0,0,0,0,0,0,0,0,0,0,0,0,0,0,0,0,0,0,0,0,0,0
AL014,,,AL,Lezh├â┬½,0,0,0,0,0,0,0,0,0,0,0,0,0,0,0,0,0,0,0,0,0,0
AL015,,,AL,Shkod├â┬½r,0,0,0,0,0,0,0,0,0,0,0,0,0,0,0,0,0,0,0,0,0,0
AL021,,,AL,Elbasan,0,0,0,0,0,0,0,0,0,0,0,0,0,0,0,0,0,0,0,0,0,0
AL022,,,AL,Tiran├â┬½,0,0,0,0,0,0,0,0,0,0,0,0,0,0,0,0,0,0,0,0,0,0
AL031,,,AL,Berat,0,0,0,0,0,0,0,0,0,0,0,0,0,0,0,0,0,0,0,0,0,0
AL032,,,AL,Fier,0,0,0,0,0,0,0,0,0,0,0,0,0,0,0,0,0,0,0,0,0,0
AL033,,,AL,Gjirokast├â┬½r,0,0,0,0,0,0,0,0,0,0,0,0,0,0,0,0,0,0,0,0,0,0
AL034,,,AL,Korc├â┬½,0,0,0,0,0,0,0,0,0,0,0,0,0,0,0,0,0,0,0,0,0,0
AL035,,,AL,Vlor├â┬½,0,0,0,0,0,0,0,0,0,0,0,0,0,0,0,0,0,0,0,0,0,0
RS110,,,RS,City of Belgrade,107.580381631685,10.0968232293661,0.282506565214118,1.75548246500206,0.626457051827213,0.344198794661775,3.27023228602083,3.85230946411004,5.51593956729732,2.20333374096176,2.3288765217058,0.869842913265081,46.139006070381,0.258006395379394,0.202647142578192,15.3338996702933,1.42284279270591,0.284390617939719,0.722387556165636,0.461601156503865,0,0
RS121,,,RS,Zapadnoba├ä┬ìka oblast,16.110384752492,10.622575442756,0.0512279419702939,0.318328014001496,0.0420452176649276,0.0231012057400411,0.411267804519712,0.258551148013641,0.826023363673223,0.147878687704146,0.156304602181839,0.058380274459122,6.74054241022735,0.0173163268272412,0.0136008417401066,1.02914820323144,0.0954953491988048,0.0190871271993228,0.0484836780890714,0.0309807688220268,0,0
RS122,,,RS,Ju├à┬¥nobanatska oblast,16.6510158972912,8.61852411722745,0.0575004113670373,0.357304842840498,0.0612530001875911,0.0336546755639386,0.429348140157538,0.376666703071728,0.853742996915658,0.215435043240092,0.227710221482617,0.0850505042189172,6.59363403988288,0.0252270538554536,0.0198142002331238,1.49930048140002,0.139121093128929,0.0278068201534356,0.0706327831800538,0.0451339092495714,0,0
RS123,,,RS,Ju├à┬¥noba├ä┬ìka oblast,92.2056634355891,27.9711975761194,0.494248800250586,3.07123872158725,0.407354015236405,0.223815440557411,2.38777298015286,2.50496618014167,4.72763583433384,1.43271888099709,1.51435313776037,0.565615794905591,34.9666648831561,0.167768789269621,0.13177140709748,9.97087602686765,0.925204246593419,0.18492514335246,0.469732874269008,0.300156385806765,0,0
RS124,,,RS,Severnobanatska oblast,7.859295347948,5.87122209060211,0.0265466529486406,0.164959648709449,0.0237413209084203,0.0130443643606881,0.181074413225479,0.145993911249333,0.402967506931152,0.0835014200254406,0.0882592105821695,0.0329651006138525,2.83422369318411,0.00977786523634898,0.00767987339130511,0.58112049627045,0.0539225590091706,0.0107777682510837,0.027376872430687,0.0174936512507786,0,0
RS125,,,RS,Severnoba├ä┬ìka oblast,0.646111245847778,0.359225453533666,0.00251378586498311,0.0156205467416421,0.00204310033215534,0.00112255528076473,0.0164711007932355,0.0125637579188098,0.0331278856961951,0.00718585876697844,0.00759529864205004,0.00283686860868003,0.260784175144037,0.000841451062862704,0.000660904754929682,0.0500093269255014,0.00464039884921605,0.000927499441948598,0.00235596399089459,0.00150544634053614,0,0
RS126,,,RS,Srednjobanatska oblast,6.86845480307648,4.68831321715851,0.0374206654871846,0.232530249488792,0.018725567342862,0.0102885228763435,0.152212936158504,0.115150240683433,0.352164409903194,0.0658603398666176,0.069612967103195,0.0260006683659284,2.41392350089836,0.0077121266613158,0.0060573708989601,0.45834901222241,0.0425305109989712,0.00850078333762166,0.0215930474262682,0.0137978230374206,0,0
RS127,,,RS,Sremska oblast,2.08730148022704,1.11359644858505,0.00884620569839646,0.0549699047651027,0.00680823534555355,0.00374069761506902,0.0527801126523173,0.0418662849736718,0.107021639531641,0.0239454797571726,0.0253098586794749,0.00945331407779253,0.828986603760545,0.00280397236375168,0.0022023368317942,0.166646376500934,0.0154632285871982,0.00309071188735704,0.00785079276979941,0.00501660776280129,0,0
RS211,,,RS,Zlatiborska oblast,0,0,0,0,0,0,0,0,0,0,0,0,0,0,0,0,0,0,0,0,0,0
RS212,,,RS,Kolubarska oblast,0.287703466111449,0.204032447389608,0.000641248908806759,0.00398469045934837,0.000963811612661358,0.000529553932534485,0.00705364208512331,0.00592682385208201,0.0147513413533506,0.0033898551224119,0.00358300418125637,0.00133826365039834,0.109410075461552,0.000396945902807309,0.000311775035048012,0.0235913867143906,0.00218906053112754,0.000437538342497327,0.00111140183264556,0.000710178860240602,0,0
RS213,,,RS,Ma├ä┬ìvanska oblast,0.0921982822586059,0.0581892984633121,0.000231734738182917,0.00143998872770843,0.000195009985068988,0.000107145735868051,0.00255377763304205,0.00119918645481929,0.00472725738125943,0.000685876356046608,0.000724956602213536,0.000270773635692067,0.0435425603439976,8.0314880587403E-05,6.30820838127401E-05,0.00477329377493864,0.000442917117704705,8.85280323629933E-05,0.000224872217705897,0.000143691948833668,0,0
RS214,,,RS,Moravi├ä┬ìka oblast,0,0,0,0,0,0,0,0,0,0,0,0,0,0,0,0,0,0,0,0,0,0
RS215,,,RS,Pomoravska oblast,0,0,0,0,0,0,0,0,0,0,0,0,0,0,0,0,0,0,0,0,0,0
RS216,,,RS,Rasinska oblast,0,0,0,0,0,0,0,0,0,0,0,0,0,0,0,0,0,0,0,0,0,0
RS217,,,RS,Ra├à┬íka oblast,0,0,0,0,0,0,0,0,0,0,0,0,0,0,0,0,0,0,0,0,0,0
RS218,,,RS,├à┬áumadijska oblast,0,0,0,0,0,0,0,0,0,0,0,0,0,0,0,0,0,0,0,0,0,0
RS221,,,RS,Borska oblast,10.8795596704619,3.8122401050893,0.02447979954082,0.152116319166262,0.0350544895587021,0.0192602398175525,0.336830426228359,0.215562649494735,0.557824695830954,0.123291356353321,0.13031632013005,0.0486735670575099,5.50472737013073,0.0144371948029407,0.0113394719125412,0.85803491926329,0.0796176332840463,0.0159135696822045,0.0404224471112333,0.0258296923528169,0,0
RS222,,,RS,Brani├ä┬ìevska oblast,1.54809275393738,0.965419195352017,0.00193838221135364,0.0120450155907852,0.00452306428079961,0.00248513967412143,0.0432632202699572,0.0278139471570803,0.0793749375655163,0.0159082256530707,0.0168146534211665,0.00628032743732466,0.706513211142791,0.00186282444703053,0.00146312672118237,0.11071184158878,0.0102730257311499,0.00205332040248541,0.00521568931606204,0.00333279304122876,0,0
RS223,,,RS,Zaje├ä┬ìarska oblast,0,0,0,0,0,0,0,0,0,0,0,0,0,0,0,0,0,0,0,0,0,0
RS224,,,RS,Jablani├ä┬ìka oblast,0,0,0,0,0,0,0,0,0,0,0,0,0,0,0,0,0,0,0,0,0,0
RS225,,,RS,Ni├à┬íavska oblast,0,0,0,0,0,0,0,0,0,0,0,0,0,0,0,0,0,0,0,0,0,0
RS226,,,RS,Pirotska oblast,0,0,0,0,0,0,0,0,0,0,0,0,0,0,0,0,0,0,0,0,0,0
RS227,,,RS,Podunavska oblast,5.00316183728759,1.9353765156798,0.0292133784118337,0.181530554897282,0.012821757513209,0.00704475026439535,0.135688467897807,0.0788455931186205,0.256525752384563,0.0450958463391602,0.047665342663831,0.0178031596514685,2.25070132916393,0.00528064203086687,0.00414759881033141,0.313840418478685,0.0291214620607768,0.00582065048452911,0.0147851764916681,0.00944763584230802,0,0
RS228,,,RS,P├ä┬ìinjska oblast,0,0,0,0,0,0,0,0,0,0,0,0,0,0,0,0,0,0,0,0,0,0
RS229,,,RS,Topli├ä┬ìka oblast,0,0,0,0,0,0,0,0,0,0,0,0,0,0,0,0,0,0,0,0,0,0
AT111,,,AT,Mittelburgenland,10.1317069919531,3.8971956671687,0.00359677398666803,0.360584457736862,0.0364242448280631,0.0792495301206186,0.485263527219151,0.47378659194643,0.278640777595923,0.281105443034607,0.0591327120122922,0.17295678202074,3.28627484773925,0.0941473230415711,0.0585853005473604,0.501741681220951,0.233588292250167,0.326186852229887,0.138791683191066,0.166863213337899,0,0
AT112,,,AT,Nordburgenland,8.51352222541259,2.23411193283154,0.00274396881529666,0.275088874357434,0.0336178625855723,0.0731435840644662,0.439422541638317,0.437282711505118,0.243554824988231,0.259447085330179,0.0545767083470148,0.15963096444861,2.87247294638638,0.0868935453226617,0.0540714733450892,0.463083942367541,0.215590992964512,0.301055102919695,0.128098187225633,0.154006887529446,0,0
AT113,,,AT,S├╝dburgenland,4.91240363922729,1.28891179074207,0.00165671157910518,0.166088958770364,0.0191915018550657,0.0417556358821513,0.25176896195327,0.249632526389118,0.140512514617648,0.148111118210782,0.0311563234223768,0.0911288736023392,1.65719729382254,0.0496051059762729,0.0308678988251254,0.264361730802359,0.12307489599858,0.171863977117924,0.0731276889336311,0.0879182446590972,0,0
AT121,,,AT,Mostviertel-Eisenwurzen,176.842159095871,60.0673884667148,0.0986254288808119,9.88741492344856,0.551789546623494,1.20054822006056,7.78719043412108,7.17737567382568,4.9234342494556,4.25845602833079,0.895799281657075,2.62011593616222,58.066727627165,1.42623433765467,0.887506565487474,7.60086629413699,3.53862045694276,4.94139263987714,2.10255010926419,2.52780468807196,0,0
AT122,,,AT,Nieder├Âsterreich-S├╝d,103.262457533463,18.4116612905217,0.0530251527757,5.31588752335046,0.37072173971714,0.806592526949141,5.05674935186208,4.82214498749774,3.02573826317614,2.86105859922884,0.601845885202812,1.76033406949885,35.6853998036771,0.958220535592056,0.596274394796393,5.1066686441643,2.37743454913907,3.31989195389865,1.41260565575871,1.69831443411994,0,0
AT123,,,AT,Sankt P├Âlten,40.2429939492333,5.95825563844015,0.0120976983390786,1.21282071423729,0.171217788379137,0.372524656074241,2.20843738709839,2.2271070497049,1.19280548188793,1.32137955048668,0.277962445601745,0.81301006630474,14.0678858535856,0.442554032597941,0.275389253465534,2.35851426438069,1.09801784440893,1.53329167703498,0.652411742606218,0.784366305586094,0,0
AT124,,,AT,Waldviertel,27.1679723349828,10.5500029235959,0.00980214349690257,0.982686321295325,0.0970137858739624,0.211076358124256,1.29500445471121,1.26190209839663,0.746225588841823,0.748707444376544,0.157496422736742,0.46065998885122,8.80094580738841,0.250755733750306,0.156038425216284,1.33635879771237,0.622148370515092,0.868779066978801,0.3696633024993,0.444430135076738,0,0
AT125,,,AT,Weinviertel,3.19571701696655,1.45831484665658,0.00103463895988777,0.103724818319811,0.0112799640569636,0.0245422205871816,0.150014635605235,0.14672358351022,0.0858663246113649,0.0870535355946269,0.0183123869619813,0.0535617497030146,1.01270296929531,0.029155811602443,0.0181428630177527,0.155380795312807,0.0723382887729591,0.101014475011777,0.0429814044241903,0.051674675968321,0,0
AT126,,,AT,Wiener Umland/Nordteil,58.8606757303491,12.9538105591709,0.023663203016191,2.37228785003945,0.224540622592006,0.488541050539437,2.98340316165062,2.92070122067244,1.7047404176846,1.73290047579412,0.364529066655187,1.06620806278256,20.10561987695,0.580379871454131,0.361154498102565,3.09303295136299,1.4399766095259,2.01080898799021,0.855594154427153,1.0286436956334,0,0
AT127,,,AT,Wiener Umland/S├╝dteil,253.220185482023,8.45080606064405,0.113068489104307,11.3353632955325,1.03539833336316,2.25275312622221,13.690731153174,13.4678934316078,7.75407633816131,7.99072454600626,1.68091093593791,4.91648254324709,91.4511732898725,2.67623891251529,1.66535017630845,14.2625469098196,6.63999843045836,9.27221208725224,3.94530286459035,4.74326629982928,0,0
AT130,,,AT,Wien,2541.32531408313,9.53206596794241,0.438944663222851,44.0051623903467,12.5128157720806,27.224580086812,156.146490962563,162.759842195549,78.7157224776773,96.5681138435333,20.3138523531788,59.4158193305913,928.369139405526,32.3424168219435,20.1258001685817,172.36325013538,80.2445536273505,112.05492408954,47.6790876698905,57.3224965264308,0,0
AT211,,,AT,Klagenfurt-Villach,0,0,0,0,0,0,0,0,0,0,0,0,0,0,0,0,0,0,0,0,0,0
AT212,,,AT,Oberk├ñrnten,0,0,0,0,0,0,0,0,0,0,0,0,0,0,0,0,0,0,0,0,0,0
AT213,,,AT,Unterk├ñrnten,0,0,0,0,0,0,0,0,0,0,0,0,0,0,0,0,0,0,0,0,0,0
AT221,,,AT,Graz,38.0242391926355,1.37331283775235,0.017857137936103,1.79021712881854,0.152779991403118,0.332408882810956,2.03194939773589,1.9872783028495,1.16315960362288,1.17908517727478,0.248029719642137,0.725460082836938,13.718243906265,0.394897060263436,0.245733624848654,2.104534770875,0.979776449733113,1.36817728726381,0.582155986070523,0.699900860528464,0,0
AT222,,,AT,Liezen,80.419300696732,21.8610823760189,0.0303875416534336,3.04641750348352,0.303347609951339,0.660004227001422,4.02389194668028,3.94577927345825,2.29242715833651,2.34109628604193,0.492467776436906,1.44041494061241,27.0367667493398,0.784075704597002,0.487908836084653,4.17859424484425,1.94536497602581,2.7165423055045,1.15588190162547,1.38966661337214,0,0
AT223,,,AT,├ûstliche Obersteiermark,104.601929718186,17.8942397309553,0.0826052282163054,8.2813547731976,0.295745847821973,0.643464801690485,4.43678739021366,3.84689972251461,3.06260071990085,2.28242940849082,0.480126743344699,1.40431875463,36.1201537022467,0.76442710080969,0.475682048099323,4.07388044970493,1.8966149568484,2.64846691033617,1.12691599262356,1.35484215889343,0,0
AT224,,,AT,Oststeiermark,62.4277130834874,22.0374541126801,0.0265646396189215,2.66316321444417,0.216255413468456,0.470514625198519,2.9300263309649,2.81293176621321,1.73319157211267,1.66895907104287,0.351078495823118,1.02686659900912,20.4411713134368,0.558964732622733,0.34782844374256,2.97890471687138,1.38684365208942,1.93661317976319,0.824024025100506,0.99068830015278,0,0
AT225,,,AT,West- und S├╝dsteiermark,12.428496196029,3.17418024796196,0.00689080509166955,0.690818279536062,0.0411355329386111,0.0895000478948711,0.573318710964142,0.535068442760658,0.355421754827788,0.31746498151868,0.0667812231719067,0.195327849276063,4.19182570228011,0.106324793453914,0.0661630068587624,0.566639378577779,0.263801732480327,0.368377438362334,0.15674367121299,0.188446108928393,0,0
AT226,,,AT,Westliche Obersteiermark,0,0,0,0,0,0,0,0,0,0,0,0,0,0,0,0,0,0,0,0,0,0
AT311,,,AT,Innviertel,84.7423212799071,22.4865975129791,0.0603101262482674,6.04622204505517,0.241127000611244,0.524628625467411,3.56439427553974,3.13644772555031,2.41161217639927,1.86090645542243,0.391456118111391,1.14496677366671,28.4424286573574,0.623251401031149,0.387832276758955,3.32150926520346,1.54634487424679,2.15934352759505,0.918795226520755,1.10462759995294,0,0
AT312,,,AT,Linz-Wels,609.426773139272,25.3467182502755,0.307727808213328,30.8503857252228,2.38086723513476,5.18013786022642,31.9626999232722,30.9690146916191,18.6055992125819,18.3744300560898,3.86520399309024,11.3053033041954,219.433470028904,6.15393065150457,3.82942249570724,32.7962963943188,15.2684760975751,21.3211720015549,9.0721049284245,10.9069977774645,0,0
AT313,,,AT,M├╝hlviertel,196.601676091918,60.3231204261859,0.0984668776247446,9.87151981330139,0.658754055039496,1.43327472054301,9.08390954353222,8.56871131141721,5.53497592281856,5.083958538244,1.06945014254813,3.12802590803373,65.2792183360138,1.70271013489798,1.059549881774,9.0742956689107,4.22458270462188,5.8992825416508,2.51012984728868,3.01782010696821,0,0
AT314,,,AT,Steyr-Kirchdorf,148.286609977353,28.7081419608543,0.121160768752934,12.1466320268376,0.400677316780558,0.871767945629032,6.11101749574329,5.21179069830548,4.31039273702872,3.09224186195724,0.650477079068728,1.90257504764183,50.836547894355,1.03564801292203,0.644455393293797,5.5193048338421,2.5695393442458,3.58815051176772,1.52674899575703,1.83554401485079,0,0
AT315,,,AT,Traunviertel,94.6021310101171,15.477597654741,0.0671004812635797,6.72696998476806,0.290418425610034,0.631873738950729,4.21479782045908,3.77760353736186,2.77856248516084,2.2413148325212,0.471477973139207,1.37902203793506,32.7702215254999,0.750657081902398,0.467113342477492,4.00049554385967,1.86245025522022,2.60075871240331,1.10661627469242,1.3304366895889,0,0
AT321,,,AT,Lungau,0,0,0,0,0,0,0,0,0,0,0,0,0,0,0,0,0,0,0,0,0,0
AT322,,,AT,Pinzgau-Pongau,87.8918045507152,10.2725462901073,0.0241532081899626,2.42141194027353,0.386200077008719,0.840269298099686,4.94406467016967,5.02347870653547,2.63040629136896,2.98051323397356,0.626974094883274,1.83383136289835,31.0228750768006,0.998228064314079,0.621169984162241,5.31988176668314,2.47669696053233,3.45850375333952,1.47158462693129,1.76922228985703,0,0
AT323,,,AT,Salzburg und Umgebung,704.948745100275,35.7832803007956,0.271301551048203,27.1985737859806,2.97874038730015,6.48095182643213,38.8797894410712,38.7458206217854,21.4907661702287,22.9885379974153,4.83581741537976,14.1442425037105,253.4609791618,7.69927928015838,4.79105062208699,41.0319614558829,19.1026302236461,26.6752531213737,11.3502529453698,13.6459162041799,0,0
AT331,,,AT,Au├ƒerfern,0,0,0,0,0,0,0,0,0,0,0,0,0,0,0,0,0,0,0,0,0,0
AT332,,,AT,Innsbruck,49.6211390207519,1.88624177257036,0.0151056789940752,1.51437735287659,0.222271203443947,0.483603394261886,2.8490626948403,2.89118186154964,1.51966527477396,1.71538615043041,0.360844792360668,1.05543195926258,17.9228532613221,0.574514005499805,0.357504330378168,3.06177184535745,1.42542284881797,1.99048585729005,0.846946713556057,1.01824725301,0,0
AT333,,,AT,Osttirol,0,0,0,0,0,0,0,0,0,0,0,0,0,0,0,0,0,0,0,0,0,0
AT334,,,AT,Tiroler Oberland,52.7329615867236,2.82540456512052,0.0113000263928762,1.13285235724865,0.24784489889952,0.539244996658002,3.12385621628192,3.22383046059586,1.60911501338572,1.91275208141965,0.402362247989543,1.17686602306412,18.9778188290789,0.640615443670666,0.398637444913381,3.41404789153166,1.58942668407087,2.21950373425402,0.944393242768926,1.13540298323269,0,0
AT335,,,AT,Tiroler Unterland,97.1474002995885,8.84743287890202,0.0500159577002056,5.0142091364005,0.366532761698953,0.797478417893649,4.95673780003677,4.7676570597907,2.9224811220473,2.82873000800552,0.595045315089566,1.74044313802172,34.4675904483168,0.947393102695262,0.58953677985502,5.04896573547357,2.35057067794118,3.28237876562907,1.39664388873406,1.67912429480433,0,0
AT341,,,AT,Bludenz-Bregenzer Wald,0,0,0,0,0,0,0,0,0,0,0,0,0,0,0,0,0,0,0,0,0,0
AT342,,,AT,Rheintal-Bodenseegebiet,7.50766089175781,0.270771607666326,0.00455347624756619,0.456495951547784,0.0272708354391386,0.0593341304603616,0.376177219622812,0.354724064787934,0.229336380748442,0.21046367094855,0.0442726669000085,0.129492758541328,2.70478135407049,0.0704881093848786,0.0438628198860726,0.375654042688383,0.174887575803791,0.244216126142399,0.103913345918114,0.124930503110329,0,0
BE100,,,BE,Arr. de Bruxelles-Capitale / Arr. van Brussel-Hoofdstad,0,0,0,0,0,0,0,0,0,0,0,0,0,0,0,0,0,0,0,0,0,0
BE211,,,BE,Arr. Antwerpen,0,0,0,0,0,0,0,0,0,0,0,0,0,0,0,0,0,0,0,0,0,0
BE212,,,BE,Arr. Mechelen,0,0,0,0,0,0,0,0,0,0,0,0,0,0,0,0,0,0,0,0,0,0
BE213,,,BE,Arr. Turnhout,0,0,0,0,0,0,0,0,0,0,0,0,0,0,0,0,0,0,0,0,0,0
BE221,,,BE,Arr. Hasselt,0,0,0,0,0,0,0,0,0,0,0,0,0,0,0,0,0,0,0,0,0,0
BE222,,,BE,Arr. Maaseik,0,0,0,0,0,0,0,0,0,0,0,0,0,0,0,0,0,0,0,0,0,0
BE223,,,BE,Arr. Tongeren,0,0,0,0,0,0,0,0,0,0,0,0,0,0,0,0,0,0,0,0,0,0
BE231,,,BE,Arr. Aalst,0,0,0,0,0,0,0,0,0,0,0,0,0,0,0,0,0,0,0,0,0,0
BE232,,,BE,Arr. Dendermonde,0,0,0,0,0,0,0,0,0,0,0,0,0,0,0,0,0,0,0,0,0,0
BE233,,,BE,Arr. Eeklo,0,0,0,0,0,0,0,0,0,0,0,0,0,0,0,0,0,0,0,0,0,0
BE234,,,BE,Arr. Gent,0,0,0,0,0,0,0,0,0,0,0,0,0,0,0,0,0,0,0,0,0,0
BE235,,,BE,Arr. Oudenaarde,0,0,0,0,0,0,0,0,0,0,0,0,0,0,0,0,0,0,0,0,0,0
BE236,,,BE,Arr. Sint-Niklaas,0,0,0,0,0,0,0,0,0,0,0,0,0,0,0,0,0,0,0,0,0,0
BE241,,,BE,Arr. Halle-Vilvoorde,0,0,0,0,0,0,0,0,0,0,0,0,0,0,0,0,0,0,0,0,0,0
BE242,,,BE,Arr. Leuven,0,0,0,0,0,0,0,0,0,0,0,0,0,0,0,0,0,0,0,0,0,0
BE251,,,BE,Arr. Brugge,0,0,0,0,0,0,0,0,0,0,0,0,0,0,0,0,0,0,0,0,0,0
BE252,,,BE,Arr. Diksmuide,0,0,0,0,0,0,0,0,0,0,0,0,0,0,0,0,0,0,0,0,0,0
BE253,,,BE,Arr. Ieper,0,0,0,0,0,0,0,0,0,0,0,0,0,0,0,0,0,0,0,0,0,0
BE254,,,BE,Arr. Kortrijk,0,0,0,0,0,0,0,0,0,0,0,0,0,0,0,0,0,0,0,0,0,0
BE255,,,BE,Arr. Oostende,0,0,0,0,0,0,0,0,0,0,0,0,0,0,0,0,0,0,0,0,0,0
BE256,,,BE,Arr. Roeselare,0,0,0,0,0,0,0,0,0,0,0,0,0,0,0,0,0,0,0,0,0,0
BE257,,,BE,Arr. Tielt,0,0,0,0,0,0,0,0,0,0,0,0,0,0,0,0,0,0,0,0,0,0
BE258,,,BE,Arr. Veurne,0,0,0,0,0,0,0,0,0,0,0,0,0,0,0,0,0,0,0,0,0,0
BE310,,,BE,Arr. Nivelles,0,0,0,0,0,0,0,0,0,0,0,0,0,0,0,0,0,0,0,0,0,0
BE321,,,BE,Arr. Ath,0,0,0,0,0,0,0,0,0,0,0,0,0,0,0,0,0,0,0,0,0,0
BE322,,,BE,Arr. Charleroi,0,0,0,0,0,0,0,0,0,0,0,0,0,0,0,0,0,0,0,0,0,0
BE323,,,BE,Arr. Mons,0,0,0,0,0,0,0,0,0,0,0,0,0,0,0,0,0,0,0,0,0,0
BE324,,,BE,Arr. Mouscron,0,0,0,0,0,0,0,0,0,0,0,0,0,0,0,0,0,0,0,0,0,0
BE325,,,BE,Arr. Soignies,0,0,0,0,0,0,0,0,0,0,0,0,0,0,0,0,0,0,0,0,0,0
BE326,,,BE,Arr. Thuin,0,0,0,0,0,0,0,0,0,0,0,0,0,0,0,0,0,0,0,0,0,0
BE327,,,BE,Arr. Tournai,0,0,0,0,0,0,0,0,0,0,0,0,0,0,0,0,0,0,0,0,0,0
BE331,,,BE,Arr. Huy,0,0,0,0,0,0,0,0,0,0,0,0,0,0,0,0,0,0,0,0,0,0
BE332,,,BE,Arr. Li├¿ge,0,0,0,0,0,0,0,0,0,0,0,0,0,0,0,0,0,0,0,0,0,0
BE334,,,BE,Arr. Waremme,0,0,0,0,0,0,0,0,0,0,0,0,0,0,0,0,0,0,0,0,0,0
BE335,,,BE,Arr. Verviers - communes francophones,0,0,0,0,0,0,0,0,0,0,0,0,0,0,0,0,0,0,0,0,0,0
BE336,,,BE,Bezirk Verviers - Deutschsprachige Gemeinschaft,0,0,0,0,0,0,0,0,0,0,0,0,0,0,0,0,0,0,0,0,0,0
BE341,,,BE,Arr. Arlon,0,0,0,0,0,0,0,0,0,0,0,0,0,0,0,0,0,0,0,0,0,0
BE342,,,BE,Arr. Bastogne,0,0,0,0,0,0,0,0,0,0,0,0,0,0,0,0,0,0,0,0,0,0
BE343,,,BE,Arr. Marche-en-Famenne,0,0,0,0,0,0,0,0,0,0,0,0,0,0,0,0,0,0,0,0,0,0
BE344,,,BE,Arr. Neufch├óteau,0,0,0,0,0,0,0,0,0,0,0,0,0,0,0,0,0,0,0,0,0,0
BE345,,,BE,Arr. Virton,0,0,0,0,0,0,0,0,0,0,0,0,0,0,0,0,0,0,0,0,0,0
BE351,,,BE,Arr. Dinant,0,0,0,0,0,0,0,0,0,0,0,0,0,0,0,0,0,0,0,0,0,0
BE352,,,BE,Arr. Namur,0,0,0,0,0,0,0,0,0,0,0,0,0,0,0,0,0,0,0,0,0,0
BE353,,,BE,Arr. Philippeville,0,0,0,0,0,0,0,0,0,0,0,0,0,0,0,0,0,0,0,0,0,0
BG311,,,BG,Vidin,0,0,0,0,0,0,0,0,0,0,0,0,0,0,0,0,0,0,0,0,0,0
BG312,,,BG,Montana,0.304819795222777,0.0611867417419407,0.00114911250282975,0.0173723732835764,0.00197696860813615,0.000454171111449335,0.0124761716539552,0.0100646541263879,0.00258260772931285,0.00385538226532147,0.00147754697477345,0.00177460368858855,0.143595017965689,0.00185780444324353,0.00209764540325147,0.020090863265882,0.0019392188536355,0.000956939760458996,0.0010043617174762,0.000240840431934827,0,0
BG313,,,BG,Vratsa,0.429167467078857,0.0457349162903993,0.00277189115560233,0.0419056687121454,0.00196194935636473,0.000450720722686414,0.0148243816243825,0.00998819182258886,0.00339781126135436,0.00382609249477093,0.00146632188504421,0.00176112182575891,0.188920974556216,0.00184369049496924,0.00208170935636184,0.019938230729152,0.00192448639097384,0.000949669782001441,0.000996731469103882,0.0002390107402194,0,0
BG314,,,BG,Pleven,1.16919700945953,0.13711654924372,0.00382911596661615,0.057888876636837,0.00898288708638215,0.00206364825180123,0.0519711938093105,0.0457314553244572,0.0101226510971755,0.0175179633210635,0.00671363095225305,0.00806338780093086,0.562827350689479,0.00844143274382554,0.00953121447003717,0.0912882255401662,0.00881136095247067,0.00434811244917894,0.0045635868292716,0.00109432309496594,0,0
BG315,,,BG,Lovech,0,0,0,0,0,0,0,0,0,0,0,0,0,0,0,0,0,0,0,0,0,0
BG321,,,BG,Veliko Tarnovo,0.301202514748535,0.0292253979195643,0.00103969546312707,0.0157181978633126,0.00231170198529028,0.000531069767965997,0.0133605366941103,0.0117687659932882,0.00260023212633614,0.00450816204168216,0.00172772003606252,0.0020750733487272,0.144574948281265,0.00217236136277153,0.00245281135126528,0.0234925776296073,0.00226756057501992,0.0011189654377678,0.00117441671389422,0.000281618687494894,0,0
BG322,,,BG,Gabrovo,0,0,0,0,0,0,0,0,0,0,0,0,0,0,0,0,0,0,0,0,0,0
BG323,,,BG,Ruse,0.126782488798828,0.0106197782095545,0.000601347081902864,0.00909121252625841,0.000822530937638549,0.000188960911473935,0.00514055275802231,0.00418746628627065,0.00105734252911448,0.00160405743247468,0.000614743245574952,0.000738335666992569,0.0587890749883562,0.000772951894309962,0.000872739320831341,0.0083589372800581,0.000806824901216293,0.000398141151657448,0.000417871372263625,0.000100203263463748,0,0
BG324,,,BG,Razgrad,0,0,0,0,0,0,0,0,0,0,0,0,0,0,0,0,0,0,0,0,0,0
BG325,,,BG,Silistra,0,0,0,0,0,0,0,0,0,0,0,0,0,0,0,0,0,0,0,0,0,0
BG331,,,BG,Varna,0,0,0,0,0,0,0,0,0,0,0,0,0,0,0,0,0,0,0,0,0,0
BG332,,,BG,Dobrich,0,0,0,0,0,0,0,0,0,0,0,0,0,0,0,0,0,0,0,0,0,0
BG333,,,BG,Shumen,0,0,0,0,0,0,0,0,0,0,0,0,0,0,0,0,0,0,0,0,0,0
BG334,,,BG,Targovishte,0,0,0,0,0,0,0,0,0,0,0,0,0,0,0,0,0,0,0,0,0,0
BG341,,,BG,Burgas,0,0,0,0,0,0,0,0,0,0,0,0,0,0,0,0,0,0,0,0,0,0
BG342,,,BG,Sliven,0,0,0,0,0,0,0,0,0,0,0,0,0,0,0,0,0,0,0,0,0,0
BG343,,,BG,Yambol,0,0,0,0,0,0,0,0,0,0,0,0,0,0,0,0,0,0,0,0,0,0
BG344,,,BG,Stara Zagora,0,0,0,0,0,0,0,0,0,0,0,0,0,0,0,0,0,0,0,0,0,0
BG411,,,BG,Sofia (stolitsa),65.8501187717958,0.144564795680304,0.0960023567991298,1.45137118803473,0.689771969160005,0.158462051744639,3.48514444762658,3.51159662682659,0.604521973445394,1.34515773597565,0.515521835866048,0.619166068555014,33.6118964766833,0.648195132616919,0.731876568219416,7.00977964950948,0.676600934278593,0.333879971701528,0.350425675330082,0.0840301552110388,0,0
BG412,,,BG,Sofia,1.38664209962494,0.0802265074388964,0.0101724040248447,0.153787204887057,0.00568230319211867,0.00130540158591072,0.045588613393444,0.0289283380801187,0.0107476627314036,0.0110813347581315,0.00424684026681433,0.00510065570232761,0.59757848839696,0.00533979552064185,0.00602915854190843,0.0577461756339022,0.00557380093790081,0.00275048467291948,0.0028867872609456,0.000692235754044032,0,0
BG413,,,BG,Blagoevgrad,0,0,0,0,0,0,0,0,0,0,0,0,0,0,0,0,0,0,0,0,0,0
BG414,,,BG,Pernik,0,0,0,0,0,0,0,0,0,0,0,0,0,0,0,0,0,0,0,0,0,0
BG415,,,BG,Kyustendil,0.420144356795654,0.0559688296754337,0.00154266319055555,0.0233221035635487,0.00300419645143312,0.00069015726185247,0.0179879167469502,0.0152942227241041,0.00359276629502855,0.0058586290509269,0.00224527661196655,0.00269668323615117,0.199760627533789,0.00282311489058532,0.00318757660130691,0.0305300245442412,0.00294683202083641,0.00145416321775414,0.00152622550261025,0.000365980505710893,0,0
BG421,,,BG,Plovdiv,0,0,0,0,0,0,0,0,0,0,0,0,0,0,0,0,0,0,0,0,0,0
BG422,,,BG,Haskovo,0,0,0,0,0,0,0,0,0,0,0,0,0,0,0,0,0,0,0,0,0,0
BG423,,,BG,Pazardzhik,2.54838263560821,0.262444080276902,0.013278320439914,0.200742693768518,0.0149250330722676,0.00342874380045951,0.0983878594714469,0.0759826408366164,0.0209323651291495,0.0291060301005014,0.0111546725494612,0.0133972884715266,1.1638559401293,0.014025408720757,0.0158360769556854,0.15167504302276,0.0146400430465923,0.00722437246309317,0.00758238233432761,0.00181821370201493,0,0
BG424,,,BG,Smolyan,0,0,0,0,0,0,0,0,0,0,0,0,0,0,0,0,0,0,0,0,0,0
BG425,,,BG,Kardzhali,0,0,0,0,0,0,0,0,0,0,0,0,0,0,0,0,0,0,0,0,0,0
CH011,,,CH,Vaud,0,0,0,0,0,0,0,0,0,0,0,0,0,0,0,0,0,0,0,0,0,0
CH012,,,CH,Valais,0,0,0,0,0,0,0,0,0,0,0,0,0,0,0,0,0,0,0,0,0,0
CH013,,,CH,Gen├¿ve,0,0,0,0,0,0,0,0,0,0,0,0,0,0,0,0,0,0,0,0,0,0
CH021,,,CH,Bern,0,0,0,0,0,0,0,0,0,0,0,0,0,0,0,0,0,0,0,0,0,0
CH022,,,CH,Freiburg,0,0,0,0,0,0,0,0,0,0,0,0,0,0,0,0,0,0,0,0,0,0
CH023,,,CH,Solothurn,0,0,0,0,0,0,0,0,0,0,0,0,0,0,0,0,0,0,0,0,0,0
CH024,,,CH,Neuch├ótel,0,0,0,0,0,0,0,0,0,0,0,0,0,0,0,0,0,0,0,0,0,0
CH025,,,CH,Jura,0,0,0,0,0,0,0,0,0,0,0,0,0,0,0,0,0,0,0,0,0,0
CH031,,,CH,Basel-Stadt,0,0,0,0,0,0,0,0,0,0,0,0,0,0,0,0,0,0,0,0,0,0
CH032,,,CH,Basel-Landschaft,0,0,0,0,0,0,0,0,0,0,0,0,0,0,0,0,0,0,0,0,0,0
CH033,,,CH,Aargau,0,0,0,0,0,0,0,0,0,0,0,0,0,0,0,0,0,0,0,0,0,0
CH040,,,CH,Z├╝rich,0,0,0,0,0,0,0,0,0,0,0,0,0,0,0,0,0,0,0,0,0,0
CH051,,,CH,Glarus,0,0,0,0,0,0,0,0,0,0,0,0,0,0,0,0,0,0,0,0,0,0
CH052,,,CH,Schaffhausen,0,0,0,0,0,0,0,0,0,0,0,0,0,0,0,0,0,0,0,0,0,0
CH053,,,CH,Appenzell Ausserrhoden,0,0,0,0,0,0,0,0,0,0,0,0,0,0,0,0,0,0,0,0,0,0
CH054,,,CH,Appenzell Innerrhoden,0,0,0,0,0,0,0,0,0,0,0,0,0,0,0,0,0,0,0,0,0,0
CH055,,,CH,St. Gallen,0,0,0,0,0,0,0,0,0,0,0,0,0,0,0,0,0,0,0,0,0,0
CH056,,,CH,Graub├╝nden,0,0,0,0,0,0,0,0,0,0,0,0,0,0,0,0,0,0,0,0,0,0
CH057,,,CH,Thurgau,0,0,0,0,0,0,0,0,0,0,0,0,0,0,0,0,0,0,0,0,0,0
CH061,,,CH,Luzern,0,0,0,0,0,0,0,0,0,0,0,0,0,0,0,0,0,0,0,0,0,0
CH062,,,CH,Uri,0,0,0,0,0,0,0,0,0,0,0,0,0,0,0,0,0,0,0,0,0,0
CH063,,,CH,Schwyz,0,0,0,0,0,0,0,0,0,0,0,0,0,0,0,0,0,0,0,0,0,0
CH064,,,CH,Obwalden,0,0,0,0,0,0,0,0,0,0,0,0,0,0,0,0,0,0,0,0,0,0
CH065,,,CH,Nidwalden,0,0,0,0,0,0,0,0,0,0,0,0,0,0,0,0,0,0,0,0,0,0
CH066,,,CH,Zug,0,0,0,0,0,0,0,0,0,0,0,0,0,0,0,0,0,0,0,0,0,0
CH070,,,CH,Ticino,0,0,0,0,0,0,0,0,0,0,0,0,0,0,0,0,0,0,0,0,0,0
CY000,,,CY,K├¢pros,0,0,0,0,0,0,0,0,0,0,0,0,0,0,0,0,0,0,0,0,0,0
CZ010,,,CZ,Hlavn├¡ m─østo Praha,149.69379882832,1.67386278158798,0.212625364487545,4.02425010646501,1.59736464975221,1.06927186234423,4.46966642715019,7.08324674676231,6.05712507098306,1.82191031246623,2.35152492584304,2.13986619711393,44.0385696827889,2.01579204233501,0.684910639430943,22.0966060383224,9.24593032032339,2.51774384247777,2.5876245945925,1.14732493378134,0,0
CZ020,,,CZ,St┼Öedo─ìesk├¢ kraj,154.433385596495,10.365777913112,0.768216706089249,14.539639561436,0.997798546434495,0.667923827008369,3.56138447450489,4.42457100140076,5.79424797627298,1.13806165786555,1.46888699037796,1.33667374032336,42.127311269312,1.25917045307601,0.427831453868551,13.802710226243,5.7754976833151,1.57271612759705,1.6163673458049,0.716679908618647,0,0
CZ031,,,CZ,Jiho─ìesk├¢ kraj,11.9672212312665,1.38308552993164,0.0509435133441689,0.964181481795801,0.0832948031527517,0.0557573308665339,0.285074642724356,0.369356892645307,0.451749028081944,0.0950037681517392,0.122620596266025,0.111583622242725,3.28445934650148,0.105113758082241,0.0357147611207469,1.15223061346167,0.482130330175307,0.131288104930061,0.134932046526281,0.059827419197229,0,0
CZ032,,,CZ,Plze┼êsk├¢ kraj,29.954650399605,2.72836543603866,0.134605123007508,2.5476014204572,0.205053734251952,0.137262451837929,0.708654663701718,0.909276536373151,1.13004240409255,0.233878665776968,0.301865305023157,0.274694669489401,8.21601842027982,0.258767267586823,0.0879219934321154,2.83654178972541,1.18690027296507,0.323202830906525,0.332173424550052,0.147282126287652,0,0
CZ041,,,CZ,Karlovarsk├¢ kraj,0,0,0,0,0,0,0,0,0,0,0,0,0,0,0,0,0,0,0,0,0,0
CZ042,,,CZ,├Üsteck├¢ kraj,0,0,0,0,0,0,0,0,0,0,0,0,0,0,0,0,0,0,0,0,0,0
CZ051,,,CZ,Libereck├¢ kraj,0,0,0,0,0,0,0,0,0,0,0,0,0,0,0,0,0,0,0,0,0,0
CZ052,,,CZ,Kr├ílov├®hradeck├¢ kraj,59.9178398361044,4.61734621692157,0.299273605508625,5.66419646937654,0.382305820398353,0.255914550648031,1.37353093377431,1.69527130766604,2.24355277276034,0.436047534173033,0.562803030667455,0.512145615690977,16.3118400168984,0.482450284984649,0.163923324550738,5.28849884139511,2.21287792803326,0.60258509251515,0.619310026468973,0.274595409470719,0,0
CZ053,,,CZ,Pardubick├¢ kraj,94.4003946687561,8.36677805617833,0.440230007698632,8.33200526014425,0.630067641075496,0.421765687678228,2.2075820132211,2.79392972016785,3.55094154851962,0.718637872075602,0.927540097488693,0.844053013970177,25.8172623136229,0.795112961345298,0.270157494095482,8.71582856456732,3.64698286479437,0.993103812525466,1.0206677132593,0.452553094052034,0,0
CZ063,,,CZ,Vyso─ìina,48.6913914794457,7.45407018348672,0.229037299763263,4.33487030194256,0.304414873882044,0.203774547766304,1.10306384851445,1.34987691472047,1.81095363471158,0.347207256702368,0.448137602044741,0.407801123318923,13.1666107105168,0.384155916080295,0.130525604128765,4.21102065919676,1.76202641821329,0.479814470912485,0.493131868630714,0.218649370432074,0,0
CZ064,,,CZ,Jihomoravsk├¢ kraj,92.7064695599121,6.92259304873286,0.29984203716579,5.67495488083124,0.771053950276919,0.51614156699184,2.41327280847675,3.41910996072465,3.59213965687133,0.87944298986162,1.13508996429036,1.03292149641893,26.1167948053882,0.973030433232821,0.330608952816028,10.6661152018134,4.46304549094435,1.21532446322073,1.24905616623215,0.553818079410068,0,0
CZ071,,,CZ,Olomouck├¢ kraj,44.8889793770507,3.71980020681357,0.181195263402043,3.42938886804044,0.331861157837012,0.222147020929217,1.10168163761269,1.47158287682805,1.71071912626412,0.378511735478826,0.488542039974356,0.44456879266777,12.4378517145981,0.41879171498612,0.1422938950425,4.59068958692903,1.92089210303912,0.523074920201404,0.537593024950319,0.238362969281317,0,0
CZ072,,,CZ,Zl├¡nsk├¢ kraj,111.19740107068,7.13595829426135,0.575259360321255,10.8876358547214,0.696218899292287,0.466047172861247,2.52894196925788,3.08726642611724,4.15786692353313,0.794088183027759,1.02492320446855,0.932670751552279,30.2299374865076,0.878592447337768,0.298521525170949,9.63090972151074,4.02988223856544,1.09737050145796,1.1278283561041,0.50006697134042,0,0
CZ080,,,CZ,Moravskoslezsk├¢ kraj,161.741364432842,6.98556911231555,0.715166797348091,13.5355914253442,1.16537659362178,0.780100148571357,3.92615136808788,5.16766786269177,6.15754338380276,1.32919658273121,1.715583294222,1.56116512280766,44.7686650357349,1.470645330802,0.499684795227666,16.1208447172893,6.74547967693804,1.83685030416449,1.8878326474083,0.83704470567496,0,0
DE111,,,DE,"Stuttgart, Stadtkreis",0,0,0,0,0,0,0,0,0,0,0,0,0,0,0,0,0,0,0,0,0,0
DE112,,,DE,B├Âblingen,0,0,0,0,0,0,0,0,0,0,0,0,0,0,0,0,0,0,0,0,0,0
DE113,,,DE,Esslingen,0,0,0,0,0,0,0,0,0,0,0,0,0,0,0,0,0,0,0,0,0,0
DE114,,,DE,G├Âppingen,0,0,0,0,0,0,0,0,0,0,0,0,0,0,0,0,0,0,0,0,0,0
DE115,,,DE,Ludwigsburg,0,0,0,0,0,0,0,0,0,0,0,0,0,0,0,0,0,0,0,0,0,0
DE116,,,DE,Rems-Murr-Kreis,0,0,0,0,0,0,0,0,0,0,0,0,0,0,0,0,0,0,0,0,0,0
DE117,,,DE,"Heilbronn, Stadtkreis",0,0,0,0,0,0,0,0,0,0,0,0,0,0,0,0,0,0,0,0,0,0
DE118,,,DE,"Heilbronn, Landkreis",0,0,0,0,0,0,0,0,0,0,0,0,0,0,0,0,0,0,0,0,0,0
DE119,,,DE,Hohenlohekreis,0,0,0,0,0,0,0,0,0,0,0,0,0,0,0,0,0,0,0,0,0,0
DE11A,,,DE,Schw├ñbisch Hall,0,0,0,0,0,0,0,0,0,0,0,0,0,0,0,0,0,0,0,0,0,0
DE11B,,,DE,Main-Tauber-Kreis,0,0,0,0,0,0,0,0,0,0,0,0,0,0,0,0,0,0,0,0,0,0
DE11C,,,DE,Heidenheim,0,0,0,0,0,0,0,0,0,0,0,0,0,0,0,0,0,0,0,0,0,0
DE11D,,,DE,Ostalbkreis,0,0,0,0,0,0,0,0,0,0,0,0,0,0,0,0,0,0,0,0,0,0
DE121,,,DE,"Baden-Baden, Stadtkreis",0,0,0,0,0,0,0,0,0,0,0,0,0,0,0,0,0,0,0,0,0,0
DE122,,,DE,"Karlsruhe, Stadtkreis",0,0,0,0,0,0,0,0,0,0,0,0,0,0,0,0,0,0,0,0,0,0
DE123,,,DE,"Karlsruhe, Landkreis",0,0,0,0,0,0,0,0,0,0,0,0,0,0,0,0,0,0,0,0,0,0
DE124,,,DE,Rastatt,0,0,0,0,0,0,0,0,0,0,0,0,0,0,0,0,0,0,0,0,0,0
DE125,,,DE,"Heidelberg, Stadtkreis",0,0,0,0,0,0,0,0,0,0,0,0,0,0,0,0,0,0,0,0,0,0
DE126,,,DE,"Mannheim, Stadtkreis",0,0,0,0,0,0,0,0,0,0,0,0,0,0,0,0,0,0,0,0,0,0
DE127,,,DE,Neckar-Odenwald-Kreis,0,0,0,0,0,0,0,0,0,0,0,0,0,0,0,0,0,0,0,0,0,0
DE128,,,DE,Rhein-Neckar-Kreis,0,0,0,0,0,0,0,0,0,0,0,0,0,0,0,0,0,0,0,0,0,0
DE129,,,DE,"Pforzheim, Stadtkreis",0,0,0,0,0,0,0,0,0,0,0,0,0,0,0,0,0,0,0,0,0,0
DE12A,,,DE,Calw,0,0,0,0,0,0,0,0,0,0,0,0,0,0,0,0,0,0,0,0,0,0
DE12B,,,DE,Enzkreis,0,0,0,0,0,0,0,0,0,0,0,0,0,0,0,0,0,0,0,0,0,0
DE12C,,,DE,Freudenstadt,0,0,0,0,0,0,0,0,0,0,0,0,0,0,0,0,0,0,0,0,0,0
DE131,,,DE,"Freiburg im Breisgau, Stadtkreis",0,0,0,0,0,0,0,0,0,0,0,0,0,0,0,0,0,0,0,0,0,0
DE132,,,DE,Breisgau-Hochschwarzwald,0,0,0,0,0,0,0,0,0,0,0,0,0,0,0,0,0,0,0,0,0,0
DE133,,,DE,Emmendingen,0,0,0,0,0,0,0,0,0,0,0,0,0,0,0,0,0,0,0,0,0,0
DE134,,,DE,Ortenaukreis,0,0,0,0,0,0,0,0,0,0,0,0,0,0,0,0,0,0,0,0,0,0
DE135,,,DE,Rottweil,0,0,0,0,0,0,0,0,0,0,0,0,0,0,0,0,0,0,0,0,0,0
DE136,,,DE,Schwarzwald-Baar-Kreis,0,0,0,0,0,0,0,0,0,0,0,0,0,0,0,0,0,0,0,0,0,0
DE137,,,DE,Tuttlingen,0,0,0,0,0,0,0,0,0,0,0,0,0,0,0,0,0,0,0,0,0,0
DE138,,,DE,Konstanz,0,0,0,0,0,0,0,0,0,0,0,0,0,0,0,0,0,0,0,0,0,0
DE139,,,DE,L├Ârrach,0,0,0,0,0,0,0,0,0,0,0,0,0,0,0,0,0,0,0,0,0,0
DE13A,,,DE,Waldshut,0,0,0,0,0,0,0,0,0,0,0,0,0,0,0,0,0,0,0,0,0,0
DE141,,,DE,Reutlingen,0,0,0,0,0,0,0,0,0,0,0,0,0,0,0,0,0,0,0,0,0,0
DE142,,,DE,"T├╝bingen, Landkreis",0,0,0,0,0,0,0,0,0,0,0,0,0,0,0,0,0,0,0,0,0,0
DE143,,,DE,Zollernalbkreis,0,0,0,0,0,0,0,0,0,0,0,0,0,0,0,0,0,0,0,0,0,0
DE144,,,DE,"Ulm, Stadtkreis",0,0,0,0,0,0,0,0,0,0,0,0,0,0,0,0,0,0,0,0,0,0
DE145,,,DE,Alb-Donau-Kreis,0,0,0,0,0,0,0,0,0,0,0,0,0,0,0,0,0,0,0,0,0,0
DE146,,,DE,Biberach,0,0,0,0,0,0,0,0,0,0,0,0,0,0,0,0,0,0,0,0,0,0
DE147,,,DE,Bodenseekreis,0,0,0,0,0,0,0,0,0,0,0,0,0,0,0,0,0,0,0,0,0,0
DE148,,,DE,Ravensburg,0,0,0,0,0,0,0,0,0,0,0,0,0,0,0,0,0,0,0,0,0,0
DE149,,,DE,Sigmaringen,0,0,0,0,0,0,0,0,0,0,0,0,0,0,0,0,0,0,0,0,0,0
DE211,,,DE,"Ingolstadt, Kreisfreie Stadt",0,0,0,0,0,0,0,0,0,0,0,0,0,0,0,0,0,0,0,0,0,0
DE212,,,DE,"M├╝nchen, Kreisfreie Stadt",0,0,0,0,0,0,0,0,0,0,0,0,0,0,0,0,0,0,0,0,0,0
DE213,,,DE,"Rosenheim, Kreisfreie Stadt",0,0,0,0,0,0,0,0,0,0,0,0,0,0,0,0,0,0,0,0,0,0
DE214,,,DE,Alt├Âtting,0,0,0,0,0,0,0,0,0,0,0,0,0,0,0,0,0,0,0,0,0,0
DE215,,,DE,Berchtesgadener Land,0,0,0,0,0,0,0,0,0,0,0,0,0,0,0,0,0,0,0,0,0,0
DE216,,,DE,Bad T├Âlz-Wolfratshausen,0,0,0,0,0,0,0,0,0,0,0,0,0,0,0,0,0,0,0,0,0,0
DE217,,,DE,Dachau,0,0,0,0,0,0,0,0,0,0,0,0,0,0,0,0,0,0,0,0,0,0
DE218,,,DE,Ebersberg,0,0,0,0,0,0,0,0,0,0,0,0,0,0,0,0,0,0,0,0,0,0
DE219,,,DE,Eichst├ñtt,0,0,0,0,0,0,0,0,0,0,0,0,0,0,0,0,0,0,0,0,0,0
DE21A,,,DE,Erding,0,0,0,0,0,0,0,0,0,0,0,0,0,0,0,0,0,0,0,0,0,0
DE21B,,,DE,Freising,0,0,0,0,0,0,0,0,0,0,0,0,0,0,0,0,0,0,0,0,0,0
DE21C,,,DE,F├╝rstenfeldbruck,0,0,0,0,0,0,0,0,0,0,0,0,0,0,0,0,0,0,0,0,0,0
DE21D,,,DE,Garmisch-Partenkirchen,0,0,0,0,0,0,0,0,0,0,0,0,0,0,0,0,0,0,0,0,0,0
DE21E,,,DE,Landsberg a. Lech,0,0,0,0,0,0,0,0,0,0,0,0,0,0,0,0,0,0,0,0,0,0
DE21F,,,DE,Miesbach,0,0,0,0,0,0,0,0,0,0,0,0,0,0,0,0,0,0,0,0,0,0
DE21G,,,DE,M├╝hldorf a. Inn,0,0,0,0,0,0,0,0,0,0,0,0,0,0,0,0,0,0,0,0,0,0
DE21H,,,DE,"M├╝nchen, Landkreis",0,0,0,0,0,0,0,0,0,0,0,0,0,0,0,0,0,0,0,0,0,0
DE21I,,,DE,Neuburg-Schrobenhausen,0,0,0,0,0,0,0,0,0,0,0,0,0,0,0,0,0,0,0,0,0,0
DE21J,,,DE,Pfaffenhofen a. d. Ilm,0,0,0,0,0,0,0,0,0,0,0,0,0,0,0,0,0,0,0,0,0,0
DE21K,,,DE,"Rosenheim, Landkreis",0,0,0,0,0,0,0,0,0,0,0,0,0,0,0,0,0,0,0,0,0,0
DE21L,,,DE,Starnberg,0,0,0,0,0,0,0,0,0,0,0,0,0,0,0,0,0,0,0,0,0,0
DE21M,,,DE,Traunstein,0,0,0,0,0,0,0,0,0,0,0,0,0,0,0,0,0,0,0,0,0,0
DE21N,,,DE,Weilheim-Schongau,0,0,0,0,0,0,0,0,0,0,0,0,0,0,0,0,0,0,0,0,0,0
DE221,,,DE,"Landshut, Kreisfreie Stadt",0,0,0,0,0,0,0,0,0,0,0,0,0,0,0,0,0,0,0,0,0,0
DE222,,,DE,"Passau, Kreisfreie Stadt",0,0,0,0,0,0,0,0,0,0,0,0,0,0,0,0,0,0,0,0,0,0
DE223,,,DE,"Straubing, Kreisfreie Stadt",0,0,0,0,0,0,0,0,0,0,0,0,0,0,0,0,0,0,0,0,0,0
DE224,,,DE,Deggendorf,0,0,0,0,0,0,0,0,0,0,0,0,0,0,0,0,0,0,0,0,0,0
DE225,,,DE,Freyung-Grafenau,0,0,0,0,0,0,0,0,0,0,0,0,0,0,0,0,0,0,0,0,0,0
DE226,,,DE,Kelheim,0,0,0,0,0,0,0,0,0,0,0,0,0,0,0,0,0,0,0,0,0,0
DE227,,,DE,"Landshut, Landkreis",0,0,0,0,0,0,0,0,0,0,0,0,0,0,0,0,0,0,0,0,0,0
DE228,,,DE,"Passau, Landkreis",0.0339924525,0.00640873988089422,1.26459188509206E-05,0.00149919857575286,0.000118835631598026,0.000247715385487268,0.000932652508152241,0.000667445677226066,0.000559593021935055,0.000148584227030396,0.000168784002055695,0.000558894061920134,0.015639897585997,0.000242874077654056,0.000131505351351252,0.00216052813641188,0.000856595080662872,0.00102617901313375,0.000575359966049449,0.000185967598283486,0,0
DE229,,,DE,Regen,0,0,0,0,0,0,0,0,0,0,0,0,0,0,0,0,0,0,0,0,0,0
DE22A,,,DE,Rottal-Inn,0,0,0,0,0,0,0,0,0,0,0,0,0,0,0,0,0,0,0,0,0,0
DE22B,,,DE,Straubing-Bogen,0,0,0,0,0,0,0,0,0,0,0,0,0,0,0,0,0,0,0,0,0,0
DE22C,,,DE,Dingolfing-Landau,0,0,0,0,0,0,0,0,0,0,0,0,0,0,0,0,0,0,0,0,0,0
DE231,,,DE,"Amberg, Kreisfreie Stadt",0,0,0,0,0,0,0,0,0,0,0,0,0,0,0,0,0,0,0,0,0,0
DE232,,,DE,"Regensburg, Kreisfreie Stadt",0,0,0,0,0,0,0,0,0,0,0,0,0,0,0,0,0,0,0,0,0,0
DE233,,,DE,"Weiden i. d. Opf, Kreisfreie Stadt",0,0,0,0,0,0,0,0,0,0,0,0,0,0,0,0,0,0,0,0,0,0
DE234,,,DE,Amberg-Sulzbach,0,0,0,0,0,0,0,0,0,0,0,0,0,0,0,0,0,0,0,0,0,0
DE235,,,DE,Cham,0,0,0,0,0,0,0,0,0,0,0,0,0,0,0,0,0,0,0,0,0,0
DE236,,,DE,Neumarkt i. d. OPf.,0,0,0,0,0,0,0,0,0,0,0,0,0,0,0,0,0,0,0,0,0,0
DE237,,,DE,Neustadt a. d. Waldnaab,0,0,0,0,0,0,0,0,0,0,0,0,0,0,0,0,0,0,0,0,0,0
DE238,,,DE,"Regensburg, Landkreis",0,0,0,0,0,0,0,0,0,0,0,0,0,0,0,0,0,0,0,0,0,0
DE239,,,DE,Schwandorf,0,0,0,0,0,0,0,0,0,0,0,0,0,0,0,0,0,0,0,0,0,0
DE23A,,,DE,Tirschenreuth,0,0,0,0,0,0,0,0,0,0,0,0,0,0,0,0,0,0,0,0,0,0
DE241,,,DE,"Bamberg, Kreisfreie Stadt",0,0,0,0,0,0,0,0,0,0,0,0,0,0,0,0,0,0,0,0,0,0
DE242,,,DE,"Bayreuth, Kreisfreie Stadt",0,0,0,0,0,0,0,0,0,0,0,0,0,0,0,0,0,0,0,0,0,0
DE243,,,DE,"Coburg, Kreisfreie Stadt",0,0,0,0,0,0,0,0,0,0,0,0,0,0,0,0,0,0,0,0,0,0
DE244,,,DE,"Hof, Kreisfreie Stadt",0,0,0,0,0,0,0,0,0,0,0,0,0,0,0,0,0,0,0,0,0,0
DE245,,,DE,"Bamberg, Landkreis",0,0,0,0,0,0,0,0,0,0,0,0,0,0,0,0,0,0,0,0,0,0
DE246,,,DE,"Bayreuth, Landkreis",0,0,0,0,0,0,0,0,0,0,0,0,0,0,0,0,0,0,0,0,0,0
DE247,,,DE,"Coburg, Landkreis",0,0,0,0,0,0,0,0,0,0,0,0,0,0,0,0,0,0,0,0,0,0
DE248,,,DE,Forchheim,0,0,0,0,0,0,0,0,0,0,0,0,0,0,0,0,0,0,0,0,0,0
DE249,,,DE,"Hof, Landkreis",0,0,0,0,0,0,0,0,0,0,0,0,0,0,0,0,0,0,0,0,0,0
DE24A,,,DE,Kronach,0,0,0,0,0,0,0,0,0,0,0,0,0,0,0,0,0,0,0,0,0,0
DE24B,,,DE,Kulmbach,0,0,0,0,0,0,0,0,0,0,0,0,0,0,0,0,0,0,0,0,0,0
DE24C,,,DE,Lichtenfels,0,0,0,0,0,0,0,0,0,0,0,0,0,0,0,0,0,0,0,0,0,0
DE24D,,,DE,Wunsiedel i. Fichtelgebirge,0,0,0,0,0,0,0,0,0,0,0,0,0,0,0,0,0,0,0,0,0,0
DE251,,,DE,"Ansbach, Kreisfreie Stadt",0,0,0,0,0,0,0,0,0,0,0,0,0,0,0,0,0,0,0,0,0,0
DE252,,,DE,"Erlangen, Kreisfreie Stadt",0,0,0,0,0,0,0,0,0,0,0,0,0,0,0,0,0,0,0,0,0,0
DE253,,,DE,"F├╝rth, Kreisfreie Stadt",0,0,0,0,0,0,0,0,0,0,0,0,0,0,0,0,0,0,0,0,0,0
DE254,,,DE,"N├╝rnberg, Kreisfreie Stadt",0,0,0,0,0,0,0,0,0,0,0,0,0,0,0,0,0,0,0,0,0,0
DE255,,,DE,"Schwabach, Kreisfreie Stadt",0,0,0,0,0,0,0,0,0,0,0,0,0,0,0,0,0,0,0,0,0,0
DE256,,,DE,"Ansbach, Landkreis",0,0,0,0,0,0,0,0,0,0,0,0,0,0,0,0,0,0,0,0,0,0
DE257,,,DE,Erlangen-H├Âchstadt,0,0,0,0,0,0,0,0,0,0,0,0,0,0,0,0,0,0,0,0,0,0
DE258,,,DE,"F├╝rth, Landkreis",0,0,0,0,0,0,0,0,0,0,0,0,0,0,0,0,0,0,0,0,0,0
DE259,,,DE,N├╝rnberger Land,0,0,0,0,0,0,0,0,0,0,0,0,0,0,0,0,0,0,0,0,0,0
DE25A,,,DE,Neustadt a. d. Aisch-Bad Windsheim,0,0,0,0,0,0,0,0,0,0,0,0,0,0,0,0,0,0,0,0,0,0
DE25B,,,DE,Roth,0,0,0,0,0,0,0,0,0,0,0,0,0,0,0,0,0,0,0,0,0,0
DE25C,,,DE,Wei├ƒenburg-Gunzenhausen,0,0,0,0,0,0,0,0,0,0,0,0,0,0,0,0,0,0,0,0,0,0
DE261,,,DE,"Aschaffenburg, Kreisfreie Stadt",0,0,0,0,0,0,0,0,0,0,0,0,0,0,0,0,0,0,0,0,0,0
DE262,,,DE,"Schweinfurt, Kreisfreie Stadt",0,0,0,0,0,0,0,0,0,0,0,0,0,0,0,0,0,0,0,0,0,0
DE263,,,DE,"W├╝rzburg, Kreisfreie Stadt",0,0,0,0,0,0,0,0,0,0,0,0,0,0,0,0,0,0,0,0,0,0
DE264,,,DE,"Aschaffenburg, Landkreis",0,0,0,0,0,0,0,0,0,0,0,0,0,0,0,0,0,0,0,0,0,0
DE265,,,DE,Bad Kissingen,0,0,0,0,0,0,0,0,0,0,0,0,0,0,0,0,0,0,0,0,0,0
DE266,,,DE,Rh├Ân-Grabfeld,0,0,0,0,0,0,0,0,0,0,0,0,0,0,0,0,0,0,0,0,0,0
DE267,,,DE,Ha├ƒberge,0,0,0,0,0,0,0,0,0,0,0,0,0,0,0,0,0,0,0,0,0,0
DE268,,,DE,Kitzingen,0,0,0,0,0,0,0,0,0,0,0,0,0,0,0,0,0,0,0,0,0,0
DE269,,,DE,Miltenberg,0,0,0,0,0,0,0,0,0,0,0,0,0,0,0,0,0,0,0,0,0,0
DE26A,,,DE,Main-Spessart,0,0,0,0,0,0,0,0,0,0,0,0,0,0,0,0,0,0,0,0,0,0
DE26B,,,DE,"Schweinfurt, Landkreis",0,0,0,0,0,0,0,0,0,0,0,0,0,0,0,0,0,0,0,0,0,0
DE26C,,,DE,"W├╝rzburg, Landkreis",0,0,0,0,0,0,0,0,0,0,0,0,0,0,0,0,0,0,0,0,0,0
DE271,,,DE,"Augsburg, Kreisfreie Stadt",0,0,0,0,0,0,0,0,0,0,0,0,0,0,0,0,0,0,0,0,0,0
DE272,,,DE,"Kaufbeuren, Kreisfreie Stadt",0,0,0,0,0,0,0,0,0,0,0,0,0,0,0,0,0,0,0,0,0,0
DE273,,,DE,"Kempten (Allg├ñu), Kreisfreie Stadt",0,0,0,0,0,0,0,0,0,0,0,0,0,0,0,0,0,0,0,0,0,0
DE274,,,DE,"Memmingen, Kreisfreie Stadt",0,0,0,0,0,0,0,0,0,0,0,0,0,0,0,0,0,0,0,0,0,0
DE275,,,DE,Aichach-Friedberg,0,0,0,0,0,0,0,0,0,0,0,0,0,0,0,0,0,0,0,0,0,0
DE276,,,DE,"Augsburg, Landkreis",0,0,0,0,0,0,0,0,0,0,0,0,0,0,0,0,0,0,0,0,0,0
DE277,,,DE,Dillingen a.d. Donau,0,0,0,0,0,0,0,0,0,0,0,0,0,0,0,0,0,0,0,0,0,0
DE278,,,DE,G├╝nzburg,0,0,0,0,0,0,0,0,0,0,0,0,0,0,0,0,0,0,0,0,0,0
DE279,,,DE,Neu-Ulm,0,0,0,0,0,0,0,0,0,0,0,0,0,0,0,0,0,0,0,0,0,0
DE27A,,,DE,Lindau (Bodensee),0,0,0,0,0,0,0,0,0,0,0,0,0,0,0,0,0,0,0,0,0,0
DE27B,,,DE,Ostallg├ñu,0,0,0,0,0,0,0,0,0,0,0,0,0,0,0,0,0,0,0,0,0,0
DE27C,,,DE,Unterallg├ñu,0,0,0,0,0,0,0,0,0,0,0,0,0,0,0,0,0,0,0,0,0,0
DE27D,,,DE,Donau-Ries,0,0,0,0,0,0,0,0,0,0,0,0,0,0,0,0,0,0,0,0,0,0
DE27E,,,DE,Oberallg├ñu,0,0,0,0,0,0,0,0,0,0,0,0,0,0,0,0,0,0,0,0,0,0
DE300,,,DE,Berlin,0,0,0,0,0,0,0,0,0,0,0,0,0,0,0,0,0,0,0,0,0,0
DE401,,,DE,"Brandenburg an der Havel, Kreisfreie Stadt",0,0,0,0,0,0,0,0,0,0,0,0,0,0,0,0,0,0,0,0,0,0
DE402,,,DE,"Cottbus, Kreisfreie Stadt",0,0,0,0,0,0,0,0,0,0,0,0,0,0,0,0,0,0,0,0,0,0
DE403,,,DE,"Frankfurt (Oder), Kreisfreie Stadt",0.02783988,0.00069422782682245,2.42266472539032E-06,0.000287211672686594,0.000140140673381446,0.000292126195336408,0.000839999515884101,0.000787106403981532,0.000483260233122714,0.000175222644503934,0.000199043867449714,0.000659093481754006,0.013506495358517,0.00028641693010451,0.000155081840722377,0.00254787107052623,0.00101016681449037,0.00121015402515739,0.00067851141946752,0.000219308166247092,0,0
DE404,,,DE,"Potsdam, Kreisfreie Stadt",0,0,0,0,0,0,0,0,0,0,0,0,0,0,0,0,0,0,0,0,0,0
DE405,,,DE,Barnim,0,0,0,0,0,0,0,0,0,0,0,0,0,0,0,0,0,0,0,0,0,0
DE406,,,DE,Dahme-Spreewald,0,0,0,0,0,0,0,0,0,0,0,0,0,0,0,0,0,0,0,0,0,0
DE407,,,DE,Elbe-Elster,0,0,0,0,0,0,0,0,0,0,0,0,0,0,0,0,0,0,0,0,0,0
DE408,,,DE,Havelland,0,0,0,0,0,0,0,0,0,0,0,0,0,0,0,0,0,0,0,0,0,0
DE409,,,DE,M├ñrkisch-Oderland,0,0,0,0,0,0,0,0,0,0,0,0,0,0,0,0,0,0,0,0,0,0
DE40A,,,DE,Oberhavel,0,0,0,0,0,0,0,0,0,0,0,0,0,0,0,0,0,0,0,0,0,0
DE40B,,,DE,Oberspreewald-Lausitz,0,0,0,0,0,0,0,0,0,0,0,0,0,0,0,0,0,0,0,0,0,0
DE40C,,,DE,Oder-Spree,0,0,0,0,0,0,0,0,0,0,0,0,0,0,0,0,0,0,0,0,0,0
DE40D,,,DE,Ostprignitz-Ruppin,0,0,0,0,0,0,0,0,0,0,0,0,0,0,0,0,0,0,0,0,0,0
DE40E,,,DE,Potsdam-Mittelmark,0,0,0,0,0,0,0,0,0,0,0,0,0,0,0,0,0,0,0,0,0,0
DE40F,,,DE,Prignitz,0,0,0,0,0,0,0,0,0,0,0,0,0,0,0,0,0,0,0,0,0,0
DE40G,,,DE,Spree-Nei├ƒe,0,0,0,0,0,0,0,0,0,0,0,0,0,0,0,0,0,0,0,0,0,0
DE40H,,,DE,Teltow-Fl├ñming,0,0,0,0,0,0,0,0,0,0,0,0,0,0,0,0,0,0,0,0,0,0
DE40I,,,DE,Uckermark,0,0,0,0,0,0,0,0,0,0,0,0,0,0,0,0,0,0,0,0,0,0
DE501,,,DE,"Bremen, Kreisfreie Stadt",0,0,0,0,0,0,0,0,0,0,0,0,0,0,0,0,0,0,0,0,0,0
DE502,,,DE,"Bremerhaven, Kreisfreie Stadt",0,0,0,0,0,0,0,0,0,0,0,0,0,0,0,0,0,0,0,0,0,0
DE600,,,DE,Hamburg,0,0,0,0,0,0,0,0,0,0,0,0,0,0,0,0,0,0,0,0,0,0
DE711,,,DE,"Darmstadt, Kreisfreie Stadt",0,0,0,0,0,0,0,0,0,0,0,0,0,0,0,0,0,0,0,0,0,0
DE712,,,DE,"Frankfurt am Main, Kreisfreie Stadt",0,0,0,0,0,0,0,0,0,0,0,0,0,0,0,0,0,0,0,0,0,0
DE713,,,DE,"Offenbach am Main, Kreisfreie Stadt",0,0,0,0,0,0,0,0,0,0,0,0,0,0,0,0,0,0,0,0,0,0
DE714,,,DE,"Wiesbaden, Kreisfreie Stadt",0,0,0,0,0,0,0,0,0,0,0,0,0,0,0,0,0,0,0,0,0,0
DE715,,,DE,Bergstra├ƒe,0,0,0,0,0,0,0,0,0,0,0,0,0,0,0,0,0,0,0,0,0,0
DE716,,,DE,Darmstadt-Dieburg,0,0,0,0,0,0,0,0,0,0,0,0,0,0,0,0,0,0,0,0,0,0
DE717,,,DE,Gro├ƒ-Gerau,0,0,0,0,0,0,0,0,0,0,0,0,0,0,0,0,0,0,0,0,0,0
DE718,,,DE,Hochtaunuskreis,0,0,0,0,0,0,0,0,0,0,0,0,0,0,0,0,0,0,0,0,0,0
DE719,,,DE,Main-Kinzig-Kreis,0,0,0,0,0,0,0,0,0,0,0,0,0,0,0,0,0,0,0,0,0,0
DE71A,,,DE,Main-Taunus-Kreis,0,0,0,0,0,0,0,0,0,0,0,0,0,0,0,0,0,0,0,0,0,0
DE71B,,,DE,Odenwaldkreis,0,0,0,0,0,0,0,0,0,0,0,0,0,0,0,0,0,0,0,0,0,0
DE71C,,,DE,"Offenbach, Landkreis",0,0,0,0,0,0,0,0,0,0,0,0,0,0,0,0,0,0,0,0,0,0
DE71D,,,DE,Rheingau-Taunus-Kreis,0,0,0,0,0,0,0,0,0,0,0,0,0,0,0,0,0,0,0,0,0,0
DE71E,,,DE,Wetteraukreis,0,0,0,0,0,0,0,0,0,0,0,0,0,0,0,0,0,0,0,0,0,0
DE721,,,DE,"Gie├ƒen, Landkreis",0,0,0,0,0,0,0,0,0,0,0,0,0,0,0,0,0,0,0,0,0,0
DE722,,,DE,Lahn-Dill-Kreis,0,0,0,0,0,0,0,0,0,0,0,0,0,0,0,0,0,0,0,0,0,0
DE723,,,DE,Limburg-Weilburg,0,0,0,0,0,0,0,0,0,0,0,0,0,0,0,0,0,0,0,0,0,0
DE724,,,DE,Marburg-Biedenkopf,0,0,0,0,0,0,0,0,0,0,0,0,0,0,0,0,0,0,0,0,0,0
DE725,,,DE,Vogelsbergkreis,0,0,0,0,0,0,0,0,0,0,0,0,0,0,0,0,0,0,0,0,0,0
DE731,,,DE,"Kassel, Kreisfreie Stadt",0,0,0,0,0,0,0,0,0,0,0,0,0,0,0,0,0,0,0,0,0,0
DE732,,,DE,Fulda,0,0,0,0,0,0,0,0,0,0,0,0,0,0,0,0,0,0,0,0,0,0
DE733,,,DE,Hersfeld-Rotenburg,0,0,0,0,0,0,0,0,0,0,0,0,0,0,0,0,0,0,0,0,0,0
DE734,,,DE,"Kassel, Landkreis",0,0,0,0,0,0,0,0,0,0,0,0,0,0,0,0,0,0,0,0,0,0
DE735,,,DE,Schwalm-Eder-Kreis,0,0,0,0,0,0,0,0,0,0,0,0,0,0,0,0,0,0,0,0,0,0
DE736,,,DE,Waldeck-Frankenberg,0,0,0,0,0,0,0,0,0,0,0,0,0,0,0,0,0,0,0,0,0,0
DE737,,,DE,Werra-Mei├ƒner-Kreis,0,0,0,0,0,0,0,0,0,0,0,0,0,0,0,0,0,0,0,0,0,0
DE801,,,DE,"Greifswald, Kreisfreie Stadt",0,0,0,0,0,0,0,0,0,0,0,0,0,0,0,0,0,0,0,0,0,0
DE802,,,DE,"Neubrandenburg, Kreisfreie Stadt",0,0,0,0,0,0,0,0,0,0,0,0,0,0,0,0,0,0,0,0,0,0
DE803,,,DE,"Rostock, Kreisfreie Stadt",0,0,0,0,0,0,0,0,0,0,0,0,0,0,0,0,0,0,0,0,0,0
DE804,,,DE,"Schwerin, Kreisfreie Stadt",0,0,0,0,0,0,0,0,0,0,0,0,0,0,0,0,0,0,0,0,0,0
DE805,,,DE,"Stralsund, Kreisfreie Stadt",0,0,0,0,0,0,0,0,0,0,0,0,0,0,0,0,0,0,0,0,0,0
DE806,,,DE,"Wismar, Kreisfreie Stadt",0,0,0,0,0,0,0,0,0,0,0,0,0,0,0,0,0,0,0,0,0,0
DE807,,,DE,Bad Doberan,0,0,0,0,0,0,0,0,0,0,0,0,0,0,0,0,0,0,0,0,0,0
DE808,,,DE,Demmin,0,0,0,0,0,0,0,0,0,0,0,0,0,0,0,0,0,0,0,0,0,0
DE809,,,DE,G├╝strow,0,0,0,0,0,0,0,0,0,0,0,0,0,0,0,0,0,0,0,0,0,0
DE80A,,,DE,Ludwigslust,0,0,0,0,0,0,0,0,0,0,0,0,0,0,0,0,0,0,0,0,0,0
DE80B,,,DE,Mecklenburg-Strelitz,0,0,0,0,0,0,0,0,0,0,0,0,0,0,0,0,0,0,0,0,0,0
DE80C,,,DE,M├╝ritz,0,0,0,0,0,0,0,0,0,0,0,0,0,0,0,0,0,0,0,0,0,0
DE80D,,,DE,Nordvorpommern,0,0,0,0,0,0,0,0,0,0,0,0,0,0,0,0,0,0,0,0,0,0
DE80E,,,DE,Nordwestmecklenburg,0,0,0,0,0,0,0,0,0,0,0,0,0,0,0,0,0,0,0,0,0,0
DE80F,,,DE,Ostvorpommern,0,0,0,0,0,0,0,0,0,0,0,0,0,0,0,0,0,0,0,0,0,0
DE80G,,,DE,Parchim,0,0,0,0,0,0,0,0,0,0,0,0,0,0,0,0,0,0,0,0,0,0
DE80H,,,DE,R├╝gen,0,0,0,0,0,0,0,0,0,0,0,0,0,0,0,0,0,0,0,0,0,0
DE80I,,,DE,Uecker-Randow,0,0,0,0,0,0,0,0,0,0,0,0,0,0,0,0,0,0,0,0,0,0
DE911,,,DE,"Braunschweig, Kreisfreie Stadt",0,0,0,0,0,0,0,0,0,0,0,0,0,0,0,0,0,0,0,0,0,0
DE912,,,DE,"Salzgitter, Kreisfreie Stadt",0,0,0,0,0,0,0,0,0,0,0,0,0,0,0,0,0,0,0,0,0,0
DE913,,,DE,"Wolfsburg, Kreisfreie Stadt",0,0,0,0,0,0,0,0,0,0,0,0,0,0,0,0,0,0,0,0,0,0
DE914,,,DE,Gifhorn,0,0,0,0,0,0,0,0,0,0,0,0,0,0,0,0,0,0,0,0,0,0
DE915,,,DE,G├Âttingen,0,0,0,0,0,0,0,0,0,0,0,0,0,0,0,0,0,0,0,0,0,0
DE916,,,DE,Goslar,0,0,0,0,0,0,0,0,0,0,0,0,0,0,0,0,0,0,0,0,0,0
DE917,,,DE,Helmstedt,0,0,0,0,0,0,0,0,0,0,0,0,0,0,0,0,0,0,0,0,0,0
DE918,,,DE,Northeim,0,0,0,0,0,0,0,0,0,0,0,0,0,0,0,0,0,0,0,0,0,0
DE919,,,DE,Osterode am Harz,0,0,0,0,0,0,0,0,0,0,0,0,0,0,0,0,0,0,0,0,0,0
DE91A,,,DE,Peine,0,0,0,0,0,0,0,0,0,0,0,0,0,0,0,0,0,0,0,0,0,0
DE91B,,,DE,Wolfenb├╝ttel,0,0,0,0,0,0,0,0,0,0,0,0,0,0,0,0,0,0,0,0,0,0
DE922,,,DE,Diepholz,0,0,0,0,0,0,0,0,0,0,0,0,0,0,0,0,0,0,0,0,0,0
DE923,,,DE,Hameln-Pyrmont,0,0,0,0,0,0,0,0,0,0,0,0,0,0,0,0,0,0,0,0,0,0
DE925,,,DE,Hildesheim,0,0,0,0,0,0,0,0,0,0,0,0,0,0,0,0,0,0,0,0,0,0
DE926,,,DE,Holzminden,0,0,0,0,0,0,0,0,0,0,0,0,0,0,0,0,0,0,0,0,0,0
DE927,,,DE,Nienburg (Weser),0,0,0,0,0,0,0,0,0,0,0,0,0,0,0,0,0,0,0,0,0,0
DE928,,,DE,Schaumburg,0,0,0,0,0,0,0,0,0,0,0,0,0,0,0,0,0,0,0,0,0,0
DE929,,,DE,Region Hannover,0,0,0,0,0,0,0,0,0,0,0,0,0,0,0,0,0,0,0,0,0,0
DE931,,,DE,Celle,0,0,0,0,0,0,0,0,0,0,0,0,0,0,0,0,0,0,0,0,0,0
DE932,,,DE,Cuxhaven,0,0,0,0,0,0,0,0,0,0,0,0,0,0,0,0,0,0,0,0,0,0
DE933,,,DE,Harburg,0,0,0,0,0,0,0,0,0,0,0,0,0,0,0,0,0,0,0,0,0,0
DE934,,,DE,L├╝chow-Dannenberg,0,0,0,0,0,0,0,0,0,0,0,0,0,0,0,0,0,0,0,0,0,0
DE935,,,DE,"L├╝neburg, Landkreis",0,0,0,0,0,0,0,0,0,0,0,0,0,0,0,0,0,0,0,0,0,0
DE936,,,DE,Osterholz,0,0,0,0,0,0,0,0,0,0,0,0,0,0,0,0,0,0,0,0,0,0
DE937,,,DE,Rotenburg (W├╝mme),0,0,0,0,0,0,0,0,0,0,0,0,0,0,0,0,0,0,0,0,0,0
DE938,,,DE,Soltau-Fallingbostel,0,0,0,0,0,0,0,0,0,0,0,0,0,0,0,0,0,0,0,0,0,0
DE939,,,DE,Stade,0,0,0,0,0,0,0,0,0,0,0,0,0,0,0,0,0,0,0,0,0,0
DE93A,,,DE,Uelzen,0,0,0,0,0,0,0,0,0,0,0,0,0,0,0,0,0,0,0,0,0,0
DE93B,,,DE,Verden,0,0,0,0,0,0,0,0,0,0,0,0,0,0,0,0,0,0,0,0,0,0
DE941,,,DE,"Delmenhorst, Kreisfreie Stadt",0,0,0,0,0,0,0,0,0,0,0,0,0,0,0,0,0,0,0,0,0,0
DE942,,,DE,"Emden, Kreisfreie Stadt",0,0,0,0,0,0,0,0,0,0,0,0,0,0,0,0,0,0,0,0,0,0
DE943,,,DE,"Oldenburg (Oldenburg), Kreisfreie Stadt",0,0,0,0,0,0,0,0,0,0,0,0,0,0,0,0,0,0,0,0,0,0
DE944,,,DE,"Osnabr├╝ck, Kreisfreie Stadt",0,0,0,0,0,0,0,0,0,0,0,0,0,0,0,0,0,0,0,0,0,0
DE945,,,DE,"Wilhelmshaven, Kreisfreie Stadt",0,0,0,0,0,0,0,0,0,0,0,0,0,0,0,0,0,0,0,0,0,0
DE946,,,DE,Ammerland,0,0,0,0,0,0,0,0,0,0,0,0,0,0,0,0,0,0,0,0,0,0
DE947,,,DE,Aurich,0,0,0,0,0,0,0,0,0,0,0,0,0,0,0,0,0,0,0,0,0,0
DE948,,,DE,Cloppenburg,0,0,0,0,0,0,0,0,0,0,0,0,0,0,0,0,0,0,0,0,0,0
DE949,,,DE,Emsland,0,0,0,0,0,0,0,0,0,0,0,0,0,0,0,0,0,0,0,0,0,0
DE94A,,,DE,Friesland (D),0,0,0,0,0,0,0,0,0,0,0,0,0,0,0,0,0,0,0,0,0,0
DE94B,,,DE,Grafschaft Bentheim,0,0,0,0,0,0,0,0,0,0,0,0,0,0,0,0,0,0,0,0,0,0
DE94C,,,DE,Leer,0,0,0,0,0,0,0,0,0,0,0,0,0,0,0,0,0,0,0,0,0,0
DE94D,,,DE,"Oldenburg, Landkreis",0,0,0,0,0,0,0,0,0,0,0,0,0,0,0,0,0,0,0,0,0,0
DE94E,,,DE,"Osnabr├╝ck, Landkreis",0,0,0,0,0,0,0,0,0,0,0,0,0,0,0,0,0,0,0,0,0,0
DE94F,,,DE,Vechta,0,0,0,0,0,0,0,0,0,0,0,0,0,0,0,0,0,0,0,0,0,0
DE94G,,,DE,Wesermarsch,0,0,0,0,0,0,0,0,0,0,0,0,0,0,0,0,0,0,0,0,0,0
DE94H,,,DE,Wittmund,0,0,0,0,0,0,0,0,0,0,0,0,0,0,0,0,0,0,0,0,0,0
DEA11,,,DE,"D├╝sseldorf, Kreisfreie Stadt",0,0,0,0,0,0,0,0,0,0,0,0,0,0,0,0,0,0,0,0,0,0
DEA12,,,DE,"Duisburg, Kreisfreie Stadt",0,0,0,0,0,0,0,0,0,0,0,0,0,0,0,0,0,0,0,0,0,0
DEA13,,,DE,"Essen, Kreisfreie Stadt",0,0,0,0,0,0,0,0,0,0,0,0,0,0,0,0,0,0,0,0,0,0
DEA14,,,DE,"Krefeld, Kreisfreie Stadt",0,0,0,0,0,0,0,0,0,0,0,0,0,0,0,0,0,0,0,0,0,0
DEA15,,,DE,"M├Ânchengladbach, Kreisfreie Stadt",0,0,0,0,0,0,0,0,0,0,0,0,0,0,0,0,0,0,0,0,0,0
DEA16,,,DE,"M├╝lheim an der Ruhr,Kreisfreie Stadt",0,0,0,0,0,0,0,0,0,0,0,0,0,0,0,0,0,0,0,0,0,0
DEA17,,,DE,"Oberhausen, Kreisfreie Stadt",0,0,0,0,0,0,0,0,0,0,0,0,0,0,0,0,0,0,0,0,0,0
DEA18,,,DE,"Remscheid, Kreisfreie Stadt",0,0,0,0,0,0,0,0,0,0,0,0,0,0,0,0,0,0,0,0,0,0
DEA19,,,DE,"Solingen, Kreisfreie Stadt",0,0,0,0,0,0,0,0,0,0,0,0,0,0,0,0,0,0,0,0,0,0
DEA1A,,,DE,"Wuppertal, Kreisfreie Stadt",0,0,0,0,0,0,0,0,0,0,0,0,0,0,0,0,0,0,0,0,0,0
DEA1B,,,DE,Kleve,0,0,0,0,0,0,0,0,0,0,0,0,0,0,0,0,0,0,0,0,0,0
DEA1C,,,DE,Mettmann,0,0,0,0,0,0,0,0,0,0,0,0,0,0,0,0,0,0,0,0,0,0
DEA1D,,,DE,Rhein-Kreis Neuss,0,0,0,0,0,0,0,0,0,0,0,0,0,0,0,0,0,0,0,0,0,0
DEA1E,,,DE,Viersen,0,0,0,0,0,0,0,0,0,0,0,0,0,0,0,0,0,0,0,0,0,0
DEA1F,,,DE,Wesel,0,0,0,0,0,0,0,0,0,0,0,0,0,0,0,0,0,0,0,0,0,0
DEA22,,,DE,"Bonn, Kreisfreie Stadt",0,0,0,0,0,0,0,0,0,0,0,0,0,0,0,0,0,0,0,0,0,0
DEA23,,,DE,"K├Âln, Kreisfreie Stadt",0,0,0,0,0,0,0,0,0,0,0,0,0,0,0,0,0,0,0,0,0,0
DEA24,,,DE,"Leverkusen, Kreisfreie Stadt",0,0,0,0,0,0,0,0,0,0,0,0,0,0,0,0,0,0,0,0,0,0
DEA26,,,DE,D├╝ren,0,0,0,0,0,0,0,0,0,0,0,0,0,0,0,0,0,0,0,0,0,0
DEA27,,,DE,Rhein-Erft-Kreis,0,0,0,0,0,0,0,0,0,0,0,0,0,0,0,0,0,0,0,0,0,0
DEA28,,,DE,Euskirchen,0,0,0,0,0,0,0,0,0,0,0,0,0,0,0,0,0,0,0,0,0,0
DEA29,,,DE,Heinsberg,0,0,0,0,0,0,0,0,0,0,0,0,0,0,0,0,0,0,0,0,0,0
DEA2A,,,DE,Oberbergischer Kreis,0,0,0,0,0,0,0,0,0,0,0,0,0,0,0,0,0,0,0,0,0,0
DEA2B,,,DE,Rheinisch-Bergischer Kreis,0,0,0,0,0,0,0,0,0,0,0,0,0,0,0,0,0,0,0,0,0,0
DEA2C,,,DE,Rhein-Sieg-Kreis,0,0,0,0,0,0,0,0,0,0,0,0,0,0,0,0,0,0,0,0,0,0
DEA2D,,,DE,St├ñdteregion Aachen,0,0,0,0,0,0,0,0,0,0,0,0,0,0,0,0,0,0,0,0,0,0
DEA31,,,DE,"Bottrop, Kreisfreie Stadt",0,0,0,0,0,0,0,0,0,0,0,0,0,0,0,0,0,0,0,0,0,0
DEA32,,,DE,"Gelsenkirchen, Kreisfreie Stadt",0,0,0,0,0,0,0,0,0,0,0,0,0,0,0,0,0,0,0,0,0,0
DEA33,,,DE,"M├╝nster, Kreisfreie Stadt",0,0,0,0,0,0,0,0,0,0,0,0,0,0,0,0,0,0,0,0,0,0
DEA34,,,DE,Borken,0,0,0,0,0,0,0,0,0,0,0,0,0,0,0,0,0,0,0,0,0,0
DEA35,,,DE,Coesfeld,0,0,0,0,0,0,0,0,0,0,0,0,0,0,0,0,0,0,0,0,0,0
DEA36,,,DE,Recklinghausen,0,0,0,0,0,0,0,0,0,0,0,0,0,0,0,0,0,0,0,0,0,0
DEA37,,,DE,Steinfurt,0,0,0,0,0,0,0,0,0,0,0,0,0,0,0,0,0,0,0,0,0,0
DEA38,,,DE,Warendorf,0,0,0,0,0,0,0,0,0,0,0,0,0,0,0,0,0,0,0,0,0,0
DEA41,,,DE,"Bielefeld, Kreisfreie Stadt",0,0,0,0,0,0,0,0,0,0,0,0,0,0,0,0,0,0,0,0,0,0
DEA42,,,DE,G├╝tersloh,0,0,0,0,0,0,0,0,0,0,0,0,0,0,0,0,0,0,0,0,0,0
DEA43,,,DE,Herford,0,0,0,0,0,0,0,0,0,0,0,0,0,0,0,0,0,0,0,0,0,0
DEA44,,,DE,H├Âxter,0,0,0,0,0,0,0,0,0,0,0,0,0,0,0,0,0,0,0,0,0,0
DEA45,,,DE,Lippe,0,0,0,0,0,0,0,0,0,0,0,0,0,0,0,0,0,0,0,0,0,0
DEA46,,,DE,Minden-L├╝bbecke,0,0,0,0,0,0,0,0,0,0,0,0,0,0,0,0,0,0,0,0,0,0
DEA47,,,DE,Paderborn,0,0,0,0,0,0,0,0,0,0,0,0,0,0,0,0,0,0,0,0,0,0
DEA51,,,DE,"Bochum, Kreisfreie Stadt",0,0,0,0,0,0,0,0,0,0,0,0,0,0,0,0,0,0,0,0,0,0
DEA52,,,DE,"Dortmund, Kreisfreie Stadt",0,0,0,0,0,0,0,0,0,0,0,0,0,0,0,0,0,0,0,0,0,0
DEA53,,,DE,"Hagen, Kreisfreie Stadt",0,0,0,0,0,0,0,0,0,0,0,0,0,0,0,0,0,0,0,0,0,0
DEA54,,,DE,"Hamm, Kreisfreie Stadt",0,0,0,0,0,0,0,0,0,0,0,0,0,0,0,0,0,0,0,0,0,0
DEA55,,,DE,"Herne, Kreisfreie Stadt",0,0,0,0,0,0,0,0,0,0,0,0,0,0,0,0,0,0,0,0,0,0
DEA56,,,DE,Ennepe-Ruhr-Kreis,0,0,0,0,0,0,0,0,0,0,0,0,0,0,0,0,0,0,0,0,0,0
DEA57,,,DE,Hochsauerlandkreis,0,0,0,0,0,0,0,0,0,0,0,0,0,0,0,0,0,0,0,0,0,0
DEA58,,,DE,M├ñrkischer Kreis,0,0,0,0,0,0,0,0,0,0,0,0,0,0,0,0,0,0,0,0,0,0
DEA59,,,DE,Olpe,0,0,0,0,0,0,0,0,0,0,0,0,0,0,0,0,0,0,0,0,0,0
DEA5A,,,DE,Siegen-Wittgenstein,0,0,0,0,0,0,0,0,0,0,0,0,0,0,0,0,0,0,0,0,0,0
DEA5B,,,DE,Soest,0,0,0,0,0,0,0,0,0,0,0,0,0,0,0,0,0,0,0,0,0,0
DEA5C,,,DE,Unna,0,0,0,0,0,0,0,0,0,0,0,0,0,0,0,0,0,0,0,0,0,0
DEB11,,,DE,"Koblenz, Kreisfreie Stadt",0,0,0,0,0,0,0,0,0,0,0,0,0,0,0,0,0,0,0,0,0,0
DEB12,,,DE,Ahrweiler,0,0,0,0,0,0,0,0,0,0,0,0,0,0,0,0,0,0,0,0,0,0
DEB13,,,DE,Altenkirchen (Westerwald),0,0,0,0,0,0,0,0,0,0,0,0,0,0,0,0,0,0,0,0,0,0
DEB14,,,DE,Bad Kreuznach,0,0,0,0,0,0,0,0,0,0,0,0,0,0,0,0,0,0,0,0,0,0
DEB15,,,DE,Birkenfeld,0,0,0,0,0,0,0,0,0,0,0,0,0,0,0,0,0,0,0,0,0,0
DEB16,,,DE,Cochem-Zell,0,0,0,0,0,0,0,0,0,0,0,0,0,0,0,0,0,0,0,0,0,0
DEB17,,,DE,Mayen-Koblenz,0,0,0,0,0,0,0,0,0,0,0,0,0,0,0,0,0,0,0,0,0,0
DEB18,,,DE,Neuwied,0,0,0,0,0,0,0,0,0,0,0,0,0,0,0,0,0,0,0,0,0,0
DEB19,,,DE,Rhein-Hunsr├╝ck-Kreis,0,0,0,0,0,0,0,0,0,0,0,0,0,0,0,0,0,0,0,0,0,0
DEB1A,,,DE,Rhein-Lahn-Kreis,0,0,0,0,0,0,0,0,0,0,0,0,0,0,0,0,0,0,0,0,0,0
DEB1B,,,DE,Westerwaldkreis,0,0,0,0,0,0,0,0,0,0,0,0,0,0,0,0,0,0,0,0,0,0
DEB21,,,DE,"Trier, Kreisfreie Stadt",0,0,0,0,0,0,0,0,0,0,0,0,0,0,0,0,0,0,0,0,0,0
DEB22,,,DE,Bernkastel-Wittlich,0,0,0,0,0,0,0,0,0,0,0,0,0,0,0,0,0,0,0,0,0,0
DEB23,,,DE,Bitburg-Pr├╝m,0,0,0,0,0,0,0,0,0,0,0,0,0,0,0,0,0,0,0,0,0,0
DEB24,,,DE,Daun,0,0,0,0,0,0,0,0,0,0,0,0,0,0,0,0,0,0,0,0,0,0
DEB25,,,DE,Trier-Saarburg,0,0,0,0,0,0,0,0,0,0,0,0,0,0,0,0,0,0,0,0,0,0
DEB31,,,DE,"Frankenthal (Pfalz), Kreisfreie Stadt",0,0,0,0,0,0,0,0,0,0,0,0,0,0,0,0,0,0,0,0,0,0
DEB32,,,DE,"Kaiserslautern, Kreisfreie Stadt",0,0,0,0,0,0,0,0,0,0,0,0,0,0,0,0,0,0,0,0,0,0
DEB33,,,DE,"Landau in der Pfalz, Kreisfreie Stadt",0,0,0,0,0,0,0,0,0,0,0,0,0,0,0,0,0,0,0,0,0,0
DEB34,,,DE,"Ludwigshafen am Rhein, Kreisfreie Stadt",0,0,0,0,0,0,0,0,0,0,0,0,0,0,0,0,0,0,0,0,0,0
DEB35,,,DE,"Mainz, Kreisfreie Stadt",0,0,0,0,0,0,0,0,0,0,0,0,0,0,0,0,0,0,0,0,0,0
DEB36,,,DE,"Neustadt an der Weinstra├ƒe, Kreisfreie Stadt",0,0,0,0,0,0,0,0,0,0,0,0,0,0,0,0,0,0,0,0,0,0
DEB37,,,DE,"Pirmasens, Kreisfreie Stadt",0,0,0,0,0,0,0,0,0,0,0,0,0,0,0,0,0,0,0,0,0,0
DEB38,,,DE,"Speyer, Kreisfreie Stadt",0,0,0,0,0,0,0,0,0,0,0,0,0,0,0,0,0,0,0,0,0,0
DEB39,,,DE,"Worms, Kreisfreie Stadt",0,0,0,0,0,0,0,0,0,0,0,0,0,0,0,0,0,0,0,0,0,0
DEB3A,,,DE,"Zweibr├╝cken, Kreisfreie Stadt",0,0,0,0,0,0,0,0,0,0,0,0,0,0,0,0,0,0,0,0,0,0
DEB3B,,,DE,Alzey-Worms,0,0,0,0,0,0,0,0,0,0,0,0,0,0,0,0,0,0,0,0,0,0
DEB3C,,,DE,Bad D├╝rkheim,0,0,0,0,0,0,0,0,0,0,0,0,0,0,0,0,0,0,0,0,0,0
DEB3D,,,DE,Donnersbergkreis,0,0,0,0,0,0,0,0,0,0,0,0,0,0,0,0,0,0,0,0,0,0
DEB3E,,,DE,Germersheim,0,0,0,0,0,0,0,0,0,0,0,0,0,0,0,0,0,0,0,0,0,0
DEB3F,,,DE,"Kaiserslautern, Landkreis",0,0,0,0,0,0,0,0,0,0,0,0,0,0,0,0,0,0,0,0,0,0
DEB3G,,,DE,Kusel,0,0,0,0,0,0,0,0,0,0,0,0,0,0,0,0,0,0,0,0,0,0
DEB3H,,,DE,S├╝dliche Weinstra├ƒe,0,0,0,0,0,0,0,0,0,0,0,0,0,0,0,0,0,0,0,0,0,0
DEB3I,,,DE,Rhein-Pfalz-Kreis,0,0,0,0,0,0,0,0,0,0,0,0,0,0,0,0,0,0,0,0,0,0
DEB3J,,,DE,Mainz-Bingen,0,0,0,0,0,0,0,0,0,0,0,0,0,0,0,0,0,0,0,0,0,0
DEB3K,,,DE,S├╝dwestpfalz,0,0,0,0,0,0,0,0,0,0,0,0,0,0,0,0,0,0,0,0,0,0
DEC01,,,DE,Stadtverband Saarbr├╝cken,0,0,0,0,0,0,0,0,0,0,0,0,0,0,0,0,0,0,0,0,0,0
DEC02,,,DE,Merzig-Wadern,0,0,0,0,0,0,0,0,0,0,0,0,0,0,0,0,0,0,0,0,0,0
DEC03,,,DE,Neunkirchen,0,0,0,0,0,0,0,0,0,0,0,0,0,0,0,0,0,0,0,0,0,0
DEC04,,,DE,Saarlouis,0,0,0,0,0,0,0,0,0,0,0,0,0,0,0,0,0,0,0,0,0,0
DEC05,,,DE,Saarpfalz-Kreis,0,0,0,0,0,0,0,0,0,0,0,0,0,0,0,0,0,0,0,0,0,0
DEC06,,,DE,St. Wendel,0,0,0,0,0,0,0,0,0,0,0,0,0,0,0,0,0,0,0,0,0,0
DED21,,,DE,"Dresden, Kreisfreie Stadt",0,0,0,0,0,0,0,0,0,0,0,0,0,0,0,0,0,0,0,0,0,0
DED2C,,,DE,Bautzen,0,0,0,0,0,0,0,0,0,0,0,0,0,0,0,0,0,0,0,0,0,0
DED2D,,,DE,G├Ârlitz,0,0,0,0,0,0,0,0,0,0,0,0,0,0,0,0,0,0,0,0,0,0
DED2E,,,DE,Mei├ƒen,0,0,0,0,0,0,0,0,0,0,0,0,0,0,0,0,0,0,0,0,0,0
DED2F,,,DE,S├ñchsische Schweiz-Osterzgebirge,0,0,0,0,0,0,0,0,0,0,0,0,0,0,0,0,0,0,0,0,0,0
DED41,,,DE,"Chemnitz, Kreisfreie Stadt",0,0,0,0,0,0,0,0,0,0,0,0,0,0,0,0,0,0,0,0,0,0
DED42,,,DE,Erzgebirgskreis,0,0,0,0,0,0,0,0,0,0,0,0,0,0,0,0,0,0,0,0,0,0
DED43,,,DE,Mittelsachsen,0,0,0,0,0,0,0,0,0,0,0,0,0,0,0,0,0,0,0,0,0,0
DED44,,,DE,Vogtlandkreis,0,0,0,0,0,0,0,0,0,0,0,0,0,0,0,0,0,0,0,0,0,0
DED45,,,DE,Zwichau,0,0,0,0,0,0,0,0,0,0,0,0,0,0,0,0,0,0,0,0,0,0
DED51,,,DE,"Leipzig, Kreisfreie Stadt",0,0,0,0,0,0,0,0,0,0,0,0,0,0,0,0,0,0,0,0,0,0
DED52,,,DE,Leipzig,0,0,0,0,0,0,0,0,0,0,0,0,0,0,0,0,0,0,0,0,0,0
DED53,,,DE,Nordhausen,0,0,0,0,0,0,0,0,0,0,0,0,0,0,0,0,0,0,0,0,0,0
DEE01,,,DE,"Dessau-Ro├ƒlau, Kreisfreie Stadt",0,0,0,0,0,0,0,0,0,0,0,0,0,0,0,0,0,0,0,0,0,0
DEE02,,,DE,"Halle (Saale), Kreisfreie Stadt",0,0,0,0,0,0,0,0,0,0,0,0,0,0,0,0,0,0,0,0,0,0
DEE03,,,DE,"Magdeburg, Kreisfreie Stadt",0,0,0,0,0,0,0,0,0,0,0,0,0,0,0,0,0,0,0,0,0,0
DEE04,,,DE,Altmarkkreis Salzwedel,0,0,0,0,0,0,0,0,0,0,0,0,0,0,0,0,0,0,0,0,0,0
DEE05,,,DE,Anhalt-Bitterfeld,0,0,0,0,0,0,0,0,0,0,0,0,0,0,0,0,0,0,0,0,0,0
DEE06,,,DE,Jerichower Land,0,0,0,0,0,0,0,0,0,0,0,0,0,0,0,0,0,0,0,0,0,0
DEE07,,,DE,B├Ârde,0,0,0,0,0,0,0,0,0,0,0,0,0,0,0,0,0,0,0,0,0,0
DEE08,,,DE,Burgenland (D),0,0,0,0,0,0,0,0,0,0,0,0,0,0,0,0,0,0,0,0,0,0
DEE09,,,DE,Harz,0,0,0,0,0,0,0,0,0,0,0,0,0,0,0,0,0,0,0,0,0,0
DEE0A,,,DE,Mansfeld-S├╝dharz,0,0,0,0,0,0,0,0,0,0,0,0,0,0,0,0,0,0,0,0,0,0
DEE0B,,,DE,Saalekreis,0,0,0,0,0,0,0,0,0,0,0,0,0,0,0,0,0,0,0,0,0,0
DEE0C,,,DE,Salzland,0,0,0,0,0,0,0,0,0,0,0,0,0,0,0,0,0,0,0,0,0,0
DEE0D,,,DE,Stendal,0,0,0,0,0,0,0,0,0,0,0,0,0,0,0,0,0,0,0,0,0,0
DEE0E,,,DE,Wittenberg,0,0,0,0,0,0,0,0,0,0,0,0,0,0,0,0,0,0,0,0,0,0
DEF01,,,DE,"Flensburg, Kreisfreie Stadt",0,0,0,0,0,0,0,0,0,0,0,0,0,0,0,0,0,0,0,0,0,0
DEF02,,,DE,"Kiel, Kreisfreie Stadt",0,0,0,0,0,0,0,0,0,0,0,0,0,0,0,0,0,0,0,0,0,0
DEF03,,,DE,"L├╝beck, Kreisfreie Stadt",0,0,0,0,0,0,0,0,0,0,0,0,0,0,0,0,0,0,0,0,0,0
DEF04,,,DE,"Neum├╝nster, Kreisfreie Stadt",0,0,0,0,0,0,0,0,0,0,0,0,0,0,0,0,0,0,0,0,0,0
DEF05,,,DE,Dithmarschen,0,0,0,0,0,0,0,0,0,0,0,0,0,0,0,0,0,0,0,0,0,0
DEF06,,,DE,Herzogtum Lauenburg,0,0,0,0,0,0,0,0,0,0,0,0,0,0,0,0,0,0,0,0,0,0
DEF07,,,DE,Nordfriesland,0,0,0,0,0,0,0,0,0,0,0,0,0,0,0,0,0,0,0,0,0,0
DEF08,,,DE,Ostholstein,0,0,0,0,0,0,0,0,0,0,0,0,0,0,0,0,0,0,0,0,0,0
DEF09,,,DE,Pinneberg,0,0,0,0,0,0,0,0,0,0,0,0,0,0,0,0,0,0,0,0,0,0
DEF0A,,,DE,Pl├Ân,0,0,0,0,0,0,0,0,0,0,0,0,0,0,0,0,0,0,0,0,0,0
DEF0B,,,DE,Rendsburg-Eckernf├Ârde,0,0,0,0,0,0,0,0,0,0,0,0,0,0,0,0,0,0,0,0,0,0
DEF0C,,,DE,Schleswig-Flensburg,0,0,0,0,0,0,0,0,0,0,0,0,0,0,0,0,0,0,0,0,0,0
DEF0D,,,DE,Segeberg,0,0,0,0,0,0,0,0,0,0,0,0,0,0,0,0,0,0,0,0,0,0
DEF0E,,,DE,Steinburg,0,0,0,0,0,0,0,0,0,0,0,0,0,0,0,0,0,0,0,0,0,0
DEF0F,,,DE,Stormarn,0,0,0,0,0,0,0,0,0,0,0,0,0,0,0,0,0,0,0,0,0,0
DEG01,,,DE,"Erfurt, Kreisfreie Stadt",0,0,0,0,0,0,0,0,0,0,0,0,0,0,0,0,0,0,0,0,0,0
DEG02,,,DE,"Gera, Kreisfreie Stadt",0,0,0,0,0,0,0,0,0,0,0,0,0,0,0,0,0,0,0,0,0,0
DEG03,,,DE,"Jena, Kreisfreie Stadt",0,0,0,0,0,0,0,0,0,0,0,0,0,0,0,0,0,0,0,0,0,0
DEG04,,,DE,"Suhl, Kreisfreie Stadt",0,0,0,0,0,0,0,0,0,0,0,0,0,0,0,0,0,0,0,0,0,0
DEG05,,,DE,"Weimar, Kreisfreie Stadt",0,0,0,0,0,0,0,0,0,0,0,0,0,0,0,0,0,0,0,0,0,0
DEG06,,,DE,Eichsfeld,0,0,0,0,0,0,0,0,0,0,0,0,0,0,0,0,0,0,0,0,0,0
DEG07,,,DE,Nordhausen,0,0,0,0,0,0,0,0,0,0,0,0,0,0,0,0,0,0,0,0,0,0
DEG09,,,DE,Unstrut-Hainich-Kreis,0,0,0,0,0,0,0,0,0,0,0,0,0,0,0,0,0,0,0,0,0,0
DEG0A,,,DE,Kyffh├ñuserkreis,0,0,0,0,0,0,0,0,0,0,0,0,0,0,0,0,0,0,0,0,0,0
DEG0B,,,DE,Schmalkalden-Meiningen,0,0,0,0,0,0,0,0,0,0,0,0,0,0,0,0,0,0,0,0,0,0
DEG0C,,,DE,Gotha,0,0,0,0,0,0,0,0,0,0,0,0,0,0,0,0,0,0,0,0,0,0
DEG0D,,,DE,S├Âmmerda,0,0,0,0,0,0,0,0,0,0,0,0,0,0,0,0,0,0,0,0,0,0
DEG0E,,,DE,Hildburghausen,0,0,0,0,0,0,0,0,0,0,0,0,0,0,0,0,0,0,0,0,0,0
DEG0F,,,DE,Ilm-Kreis,0,0,0,0,0,0,0,0,0,0,0,0,0,0,0,0,0,0,0,0,0,0
DEG0G,,,DE,Weimarer Land,0,0,0,0,0,0,0,0,0,0,0,0,0,0,0,0,0,0,0,0,0,0
DEG0H,,,DE,Sonneberg,0,0,0,0,0,0,0,0,0,0,0,0,0,0,0,0,0,0,0,0,0,0
DEG0I,,,DE,Saalfeld-Rudolstadt,0,0,0,0,0,0,0,0,0,0,0,0,0,0,0,0,0,0,0,0,0,0
DEG0J,,,DE,Saale-Holzland-Kreis,0,0,0,0,0,0,0,0,0,0,0,0,0,0,0,0,0,0,0,0,0,0
DEG0K,,,DE,Saale-Orla-Kreis,0,0,0,0,0,0,0,0,0,0,0,0,0,0,0,0,0,0,0,0,0,0
DEG0L,,,DE,Greiz,0,0,0,0,0,0,0,0,0,0,0,0,0,0,0,0,0,0,0,0,0,0
DEG0M,,,DE,Altenburger Land,0,0,0,0,0,0,0,0,0,0,0,0,0,0,0,0,0,0,0,0,0,0
DEG0N,,,DE,"Eisenach, Kreisfreie Stadt",0,0,0,0,0,0,0,0,0,0,0,0,0,0,0,0,0,0,0,0,0,0
DEG0P,,,DE,Wartburgkreis,0,0,0,0,0,0,0,0,0,0,0,0,0,0,0,0,0,0,0,0,0,0
DK011,,,DK,Byen K├©benhavn,0,0,0,0,0,0,0,0,0,0,0,0,0,0,0,0,0,0,0,0,0,0
DK012,,,DK,K├©benhavns omegn,0,0,0,0,0,0,0,0,0,0,0,0,0,0,0,0,0,0,0,0,0,0
DK013,,,DK,Nordsj├ªlland,0,0,0,0,0,0,0,0,0,0,0,0,0,0,0,0,0,0,0,0,0,0
DK014,,,DK,Bornholm,0,0,0,0,0,0,0,0,0,0,0,0,0,0,0,0,0,0,0,0,0,0
DK021,,,DK,├ÿstsj├ªlland,0,0,0,0,0,0,0,0,0,0,0,0,0,0,0,0,0,0,0,0,0,0
DK022,,,DK,Vest- og Sydsj├ªlland,0,0,0,0,0,0,0,0,0,0,0,0,0,0,0,0,0,0,0,0,0,0
DK031,,,DK,Fyn,0,0,0,0,0,0,0,0,0,0,0,0,0,0,0,0,0,0,0,0,0,0
DK032,,,DK,Sydjylland,0,0,0,0,0,0,0,0,0,0,0,0,0,0,0,0,0,0,0,0,0,0
DK041,,,DK,Vestjylland,0,0,0,0,0,0,0,0,0,0,0,0,0,0,0,0,0,0,0,0,0,0
DK042,,,DK,├ÿstjylland,0,0,0,0,0,0,0,0,0,0,0,0,0,0,0,0,0,0,0,0,0,0
DK050,,,DK,Nordjylland,0,0,0,0,0,0,0,0,0,0,0,0,0,0,0,0,0,0,0,0,0,0
EE001,,,EE,P├Áhja-Eesti,0,0,0,0,0,0,0,0,0,0,0,0,0,0,0,0,0,0,0,0,0,0
EE004,,,EE,L├ñ├ñne-Eesti,0,0,0,0,0,0,0,0,0,0,0,0,0,0,0,0,0,0,0,0,0,0
EE006,,,EE,Kesk-Eesti,0,0,0,0,0,0,0,0,0,0,0,0,0,0,0,0,0,0,0,0,0,0
EE007,,,EE,Kirde-Eesti,0,0,0,0,0,0,0,0,0,0,0,0,0,0,0,0,0,0,0,0,0,0
EE008,,,EE,L├Áuna-Eesti,0,0,0,0,0,0,0,0,0,0,0,0,0,0,0,0,0,0,0,0,0,0
EL111,,,EL,Evros,0,0,0,0,0,0,0,0,0,0,0,0,0,0,0,0,0,0,0,0,0,0
EL112,,,EL,Xanthi,0,0,0,0,0,0,0,0,0,0,0,0,0,0,0,0,0,0,0,0,0,0
EL113,,,EL,Rodopi,0,0,0,0,0,0,0,0,0,0,0,0,0,0,0,0,0,0,0,0,0,0
EL114,,,EL,Drama,0,0,0,0,0,0,0,0,0,0,0,0,0,0,0,0,0,0,0,0,0,0
EL115,,,EL,Kavala,0,0,0,0,0,0,0,0,0,0,0,0,0,0,0,0,0,0,0,0,0,0
EL121,,,EL,Imathia,0,0,0,0,0,0,0,0,0,0,0,0,0,0,0,0,0,0,0,0,0,0
EL122,,,EL,Thessaloniki,0,0,0,0,0,0,0,0,0,0,0,0,0,0,0,0,0,0,0,0,0,0
EL123,,,EL,Kilkis,0,0,0,0,0,0,0,0,0,0,0,0,0,0,0,0,0,0,0,0,0,0
EL124,,,EL,Pella,0,0,0,0,0,0,0,0,0,0,0,0,0,0,0,0,0,0,0,0,0,0
EL125,,,EL,Pieria,0,0,0,0,0,0,0,0,0,0,0,0,0,0,0,0,0,0,0,0,0,0
EL126,,,EL,Serres,0,0,0,0,0,0,0,0,0,0,0,0,0,0,0,0,0,0,0,0,0,0
EL127,,,EL,Chalkidiki,0,0,0,0,0,0,0,0,0,0,0,0,0,0,0,0,0,0,0,0,0,0
EL131,,,EL,Grevena,0,0,0,0,0,0,0,0,0,0,0,0,0,0,0,0,0,0,0,0,0,0
EL132,,,EL,Kastoria,0,0,0,0,0,0,0,0,0,0,0,0,0,0,0,0,0,0,0,0,0,0
EL133,,,EL,Kozani,0,0,0,0,0,0,0,0,0,0,0,0,0,0,0,0,0,0,0,0,0,0
EL134,,,EL,Florina,0,0,0,0,0,0,0,0,0,0,0,0,0,0,0,0,0,0,0,0,0,0
EL141,,,EL,Karditsa,0,0,0,0,0,0,0,0,0,0,0,0,0,0,0,0,0,0,0,0,0,0
EL142,,,EL,Larisa,0,0,0,0,0,0,0,0,0,0,0,0,0,0,0,0,0,0,0,0,0,0
EL143,,,EL,Magnisia,0,0,0,0,0,0,0,0,0,0,0,0,0,0,0,0,0,0,0,0,0,0
EL144,,,EL,Trikala,0,0,0,0,0,0,0,0,0,0,0,0,0,0,0,0,0,0,0,0,0,0
EL211,,,EL,Arta,0,0,0,0,0,0,0,0,0,0,0,0,0,0,0,0,0,0,0,0,0,0
EL212,,,EL,Thesprotia,0,0,0,0,0,0,0,0,0,0,0,0,0,0,0,0,0,0,0,0,0,0
EL213,,,EL,Ioannina,0,0,0,0,0,0,0,0,0,0,0,0,0,0,0,0,0,0,0,0,0,0
EL214,,,EL,Preveza,0,0,0,0,0,0,0,0,0,0,0,0,0,0,0,0,0,0,0,0,0,0
EL221,,,EL,Zakynthos,0,0,0,0,0,0,0,0,0,0,0,0,0,0,0,0,0,0,0,0,0,0
EL222,,,EL,Kerkyra,0,0,0,0,0,0,0,0,0,0,0,0,0,0,0,0,0,0,0,0,0,0
EL223,,,EL,Kefallinia,0,0,0,0,0,0,0,0,0,0,0,0,0,0,0,0,0,0,0,0,0,0
EL224,,,EL,Lefkada,0,0,0,0,0,0,0,0,0,0,0,0,0,0,0,0,0,0,0,0,0,0
EL231,,,EL,Aitoloakarnania,0,0,0,0,0,0,0,0,0,0,0,0,0,0,0,0,0,0,0,0,0,0
EL232,,,EL,Achaia,0,0,0,0,0,0,0,0,0,0,0,0,0,0,0,0,0,0,0,0,0,0
EL233,,,EL,Ileia,0,0,0,0,0,0,0,0,0,0,0,0,0,0,0,0,0,0,0,0,0,0
EL241,,,EL,Voiotia,0,0,0,0,0,0,0,0,0,0,0,0,0,0,0,0,0,0,0,0,0,0
EL242,,,EL,Evvoia,0,0,0,0,0,0,0,0,0,0,0,0,0,0,0,0,0,0,0,0,0,0
EL243,,,EL,Evrytania,0,0,0,0,0,0,0,0,0,0,0,0,0,0,0,0,0,0,0,0,0,0
EL244,,,EL,Fthiotida,0,0,0,0,0,0,0,0,0,0,0,0,0,0,0,0,0,0,0,0,0,0
EL245,,,EL,Fokida,0,0,0,0,0,0,0,0,0,0,0,0,0,0,0,0,0,0,0,0,0,0
EL251,,,EL,Argolida,0,0,0,0,0,0,0,0,0,0,0,0,0,0,0,0,0,0,0,0,0,0
EL252,,,EL,Arkadia,0,0,0,0,0,0,0,0,0,0,0,0,0,0,0,0,0,0,0,0,0,0
EL253,,,EL,Korinthia,0,0,0,0,0,0,0,0,0,0,0,0,0,0,0,0,0,0,0,0,0,0
EL254,,,EL,Lakonia,0,0,0,0,0,0,0,0,0,0,0,0,0,0,0,0,0,0,0,0,0,0
EL255,,,EL,Messinia,0,0,0,0,0,0,0,0,0,0,0,0,0,0,0,0,0,0,0,0,0,0
EL300,,,EL,Attiki,0,0,0,0,0,0,0,0,0,0,0,0,0,0,0,0,0,0,0,0,0,0
EL411,,,EL,Lesvos,0,0,0,0,0,0,0,0,0,0,0,0,0,0,0,0,0,0,0,0,0,0
EL412,,,EL,Samos,0,0,0,0,0,0,0,0,0,0,0,0,0,0,0,0,0,0,0,0,0,0
EL413,,,EL,Chios,0,0,0,0,0,0,0,0,0,0,0,0,0,0,0,0,0,0,0,0,0,0
EL421,,,EL,Dodekanisos,0,0,0,0,0,0,0,0,0,0,0,0,0,0,0,0,0,0,0,0,0,0
EL422,,,EL,Kyklades,0,0,0,0,0,0,0,0,0,0,0,0,0,0,0,0,0,0,0,0,0,0
EL431,,,EL,Irakleio,0,0,0,0,0,0,0,0,0,0,0,0,0,0,0,0,0,0,0,0,0,0
EL432,,,EL,Lasithi,0,0,0,0,0,0,0,0,0,0,0,0,0,0,0,0,0,0,0,0,0,0
EL433,,,EL,Rethymni,0,0,0,0,0,0,0,0,0,0,0,0,0,0,0,0,0,0,0,0,0,0
EL434,,,EL,Chania,0,0,0,0,0,0,0,0,0,0,0,0,0,0,0,0,0,0,0,0,0,0
ES111,,,ES,A Coru├▒a,0,0,0,0,0,0,0,0,0,0,0,0,0,0,0,0,0,0,0,0,0,0
ES112,,,ES,Lugo,0,0,0,0,0,0,0,0,0,0,0,0,0,0,0,0,0,0,0,0,0,0
ES113,,,ES,Ourense,0,0,0,0,0,0,0,0,0,0,0,0,0,0,0,0,0,0,0,0,0,0
ES114,,,ES,Pontevedra,0,0,0,0,0,0,0,0,0,0,0,0,0,0,0,0,0,0,0,0,0,0
ES120,,,ES,Asturias,0,0,0,0,0,0,0,0,0,0,0,0,0,0,0,0,0,0,0,0,0,0
ES130,,,ES,Cantabria,0,0,0,0,0,0,0,0,0,0,0,0,0,0,0,0,0,0,0,0,0,0
ES211,,,ES,├ülava,0,0,0,0,0,0,0,0,0,0,0,0,0,0,0,0,0,0,0,0,0,0
ES212,,,ES,Guip├║zcoa,0,0,0,0,0,0,0,0,0,0,0,0,0,0,0,0,0,0,0,0,0,0
ES213,,,ES,Vizcaya,0,0,0,0,0,0,0,0,0,0,0,0,0,0,0,0,0,0,0,0,0,0
ES220,,,ES,Navarra,0,0,0,0,0,0,0,0,0,0,0,0,0,0,0,0,0,0,0,0,0,0
ES230,,,ES,La Rioja,0,0,0,0,0,0,0,0,0,0,0,0,0,0,0,0,0,0,0,0,0,0
ES241,,,ES,Huesca,0,0,0,0,0,0,0,0,0,0,0,0,0,0,0,0,0,0,0,0,0,0
ES242,,,ES,Teruel,0,0,0,0,0,0,0,0,0,0,0,0,0,0,0,0,0,0,0,0,0,0
ES243,,,ES,Zaragoza,0,0,0,0,0,0,0,0,0,0,0,0,0,0,0,0,0,0,0,0,0,0
ES300,,,ES,Madrid,0,0,0,0,0,0,0,0,0,0,0,0,0,0,0,0,0,0,0,0,0,0
ES411,,,ES,├üvila,0,0,0,0,0,0,0,0,0,0,0,0,0,0,0,0,0,0,0,0,0,0
ES412,,,ES,Burgos,0,0,0,0,0,0,0,0,0,0,0,0,0,0,0,0,0,0,0,0,0,0
ES413,,,ES,Le├│n,0,0,0,0,0,0,0,0,0,0,0,0,0,0,0,0,0,0,0,0,0,0
ES414,,,ES,Palencia,0,0,0,0,0,0,0,0,0,0,0,0,0,0,0,0,0,0,0,0,0,0
ES415,,,ES,Salamanca,0,0,0,0,0,0,0,0,0,0,0,0,0,0,0,0,0,0,0,0,0,0
ES416,,,ES,Segovia,0,0,0,0,0,0,0,0,0,0,0,0,0,0,0,0,0,0,0,0,0,0
ES417,,,ES,Soria,0,0,0,0,0,0,0,0,0,0,0,0,0,0,0,0,0,0,0,0,0,0
ES418,,,ES,Valladolid,0,0,0,0,0,0,0,0,0,0,0,0,0,0,0,0,0,0,0,0,0,0
ES419,,,ES,Zamora,0,0,0,0,0,0,0,0,0,0,0,0,0,0,0,0,0,0,0,0,0,0
ES421,,,ES,Albacete,0,0,0,0,0,0,0,0,0,0,0,0,0,0,0,0,0,0,0,0,0,0
ES422,,,ES,Ciudad Real,0,0,0,0,0,0,0,0,0,0,0,0,0,0,0,0,0,0,0,0,0,0
ES423,,,ES,Cuenca,0,0,0,0,0,0,0,0,0,0,0,0,0,0,0,0,0,0,0,0,0,0
ES424,,,ES,Guadalajara,0,0,0,0,0,0,0,0,0,0,0,0,0,0,0,0,0,0,0,0,0,0
ES425,,,ES,Toledo,0,0,0,0,0,0,0,0,0,0,0,0,0,0,0,0,0,0,0,0,0,0
ES431,,,ES,Badajoz,0,0,0,0,0,0,0,0,0,0,0,0,0,0,0,0,0,0,0,0,0,0
ES432,,,ES,C├íceres,0,0,0,0,0,0,0,0,0,0,0,0,0,0,0,0,0,0,0,0,0,0
ES511,,,ES,Barcelona,0,0,0,0,0,0,0,0,0,0,0,0,0,0,0,0,0,0,0,0,0,0
ES512,,,ES,Girona,0,0,0,0,0,0,0,0,0,0,0,0,0,0,0,0,0,0,0,0,0,0
ES513,,,ES,Lleida,0,0,0,0,0,0,0,0,0,0,0,0,0,0,0,0,0,0,0,0,0,0
ES514,,,ES,Tarragona,0,0,0,0,0,0,0,0,0,0,0,0,0,0,0,0,0,0,0,0,0,0
ES521,,,ES,Alicante / Alacant,0,0,0,0,0,0,0,0,0,0,0,0,0,0,0,0,0,0,0,0,0,0
ES522,,,ES,Castell├│n / Castell├│,0,0,0,0,0,0,0,0,0,0,0,0,0,0,0,0,0,0,0,0,0,0
ES523,,,ES,Valencia / Val├¿ncia,0,0,0,0,0,0,0,0,0,0,0,0,0,0,0,0,0,0,0,0,0,0
ES531,,,ES,Eivissa y Formentera,0,0,0,0,0,0,0,0,0,0,0,0,0,0,0,0,0,0,0,0,0,0
ES532,,,ES,Mallorca,0,0,0,0,0,0,0,0,0,0,0,0,0,0,0,0,0,0,0,0,0,0
ES533,,,ES,Menorca,0,0,0,0,0,0,0,0,0,0,0,0,0,0,0,0,0,0,0,0,0,0
ES611,,,ES,Almer├¡a,0,0,0,0,0,0,0,0,0,0,0,0,0,0,0,0,0,0,0,0,0,0
ES612,,,ES,C├ídiz,0,0,0,0,0,0,0,0,0,0,0,0,0,0,0,0,0,0,0,0,0,0
ES613,,,ES,C├│rdoba,0,0,0,0,0,0,0,0,0,0,0,0,0,0,0,0,0,0,0,0,0,0
ES614,,,ES,Granada,0,0,0,0,0,0,0,0,0,0,0,0,0,0,0,0,0,0,0,0,0,0
ES615,,,ES,Huelva,0,0,0,0,0,0,0,0,0,0,0,0,0,0,0,0,0,0,0,0,0,0
ES616,,,ES,Ja├®n,0,0,0,0,0,0,0,0,0,0,0,0,0,0,0,0,0,0,0,0,0,0
ES617,,,ES,M├ílaga,0,0,0,0,0,0,0,0,0,0,0,0,0,0,0,0,0,0,0,0,0,0
ES618,,,ES,Sevilla,0,0,0,0,0,0,0,0,0,0,0,0,0,0,0,0,0,0,0,0,0,0
ES620,,,ES,Murcia,0,0,0,0,0,0,0,0,0,0,0,0,0,0,0,0,0,0,0,0,0,0
ES630,,,ES,Ceuta,0,0,0,0,0,0,0,0,0,0,0,0,0,0,0,0,0,0,0,0,0,0
ES640,,,ES,Melilla,0,0,0,0,0,0,0,0,0,0,0,0,0,0,0,0,0,0,0,0,0,0
ES703,,,ES,El Hierro,0,0,0,0,0,0,0,0,0,0,0,0,0,0,0,0,0,0,0,0,0,0
ES704,,,ES,Fuerteventura,0,0,0,0,0,0,0,0,0,0,0,0,0,0,0,0,0,0,0,0,0,0
ES705,,,ES,Gran Canaria,0,0,0,0,0,0,0,0,0,0,0,0,0,0,0,0,0,0,0,0,0,0
ES706,,,ES,La Gomera,0,0,0,0,0,0,0,0,0,0,0,0,0,0,0,0,0,0,0,0,0,0
ES707,,,ES,La Palma,0,0,0,0,0,0,0,0,0,0,0,0,0,0,0,0,0,0,0,0,0,0
ES708,,,ES,Lanzarote,0,0,0,0,0,0,0,0,0,0,0,0,0,0,0,0,0,0,0,0,0,0
ES709,,,ES,Tenerife,0,0,0,0,0,0,0,0,0,0,0,0,0,0,0,0,0,0,0,0,0,0
FI193,,,FI,Keski-Suomi,0,0,0,0,0,0,0,0,0,0,0,0,0,0,0,0,0,0,0,0,0,0
FI194,,,FI,Etel├ñ-Pohjanmaa,0,0,0,0,0,0,0,0,0,0,0,0,0,0,0,0,0,0,0,0,0,0
FI195,,,FI,Pohjanmaa,0,0,0,0,0,0,0,0,0,0,0,0,0,0,0,0,0,0,0,0,0,0
FI196,,,FI,Satakunta,0,0,0,0,0,0,0,0,0,0,0,0,0,0,0,0,0,0,0,0,0,0
FI197,,,FI,Pirkanmaa,0,0,0,0,0,0,0,0,0,0,0,0,0,0,0,0,0,0,0,0,0,0
FI1B1,,,FI,Helsinki-Uusimaa,0,0,0,0,0,0,0,0,0,0,0,0,0,0,0,0,0,0,0,0,0,0
FI1C1,,,FI,Varsinais-Suomi,0,0,0,0,0,0,0,0,0,0,0,0,0,0,0,0,0,0,0,0,0,0
FI1C2,,,FI,Kanta-H├ñme,0,0,0,0,0,0,0,0,0,0,0,0,0,0,0,0,0,0,0,0,0,0
FI1C3,,,FI,P├ñij├ñt-H├ñme,0,0,0,0,0,0,0,0,0,0,0,0,0,0,0,0,0,0,0,0,0,0
FI1C4,,,FI,Kymenlaakso,0,0,0,0,0,0,0,0,0,0,0,0,0,0,0,0,0,0,0,0,0,0
FI1C5,,,FI,Etel├ñ-Karjala,0,0,0,0,0,0,0,0,0,0,0,0,0,0,0,0,0,0,0,0,0,0
FI1D1,,,FI,Etel├ñ-Savo,0,0,0,0,0,0,0,0,0,0,0,0,0,0,0,0,0,0,0,0,0,0
FI1D2,,,FI,Pohjois-Savo,0,0,0,0,0,0,0,0,0,0,0,0,0,0,0,0,0,0,0,0,0,0
FI1D3,,,FI,Pohjois-Karjala,0,0,0,0,0,0,0,0,0,0,0,0,0,0,0,0,0,0,0,0,0,0
FI1D4,,,FI,Kainuu,0,0,0,0,0,0,0,0,0,0,0,0,0,0,0,0,0,0,0,0,0,0
FI1D5,,,FI,Keski-Pohjanmaa,0,0,0,0,0,0,0,0,0,0,0,0,0,0,0,0,0,0,0,0,0,0
FI1D6,,,FI,Pohjois-Pohjanmaa,0,0,0,0,0,0,0,0,0,0,0,0,0,0,0,0,0,0,0,0,0,0
FI1D7,,,FI,Lappi,0,0,0,0,0,0,0,0,0,0,0,0,0,0,0,0,0,0,0,0,0,0
FI200,,,FI,├àland,0,0,0,0,0,0,0,0,0,0,0,0,0,0,0,0,0,0,0,0,0,0
FR101,,,FR,Paris,0,0,0,0,0,0,0,0,0,0,0,0,0,0,0,0,0,0,0,0,0,0
FR102,,,FR,Seine-et-Marne,0,0,0,0,0,0,0,0,0,0,0,0,0,0,0,0,0,0,0,0,0,0
FR103,,,FR,Yvelines,0,0,0,0,0,0,0,0,0,0,0,0,0,0,0,0,0,0,0,0,0,0
FR104,,,FR,Essonne,0,0,0,0,0,0,0,0,0,0,0,0,0,0,0,0,0,0,0,0,0,0
FR105,,,FR,Hauts-de-Seine,0,0,0,0,0,0,0,0,0,0,0,0,0,0,0,0,0,0,0,0,0,0
FR106,,,FR,Seine-Saint-Denis,0,0,0,0,0,0,0,0,0,0,0,0,0,0,0,0,0,0,0,0,0,0
FR107,,,FR,Val-de-Marne,0,0,0,0,0,0,0,0,0,0,0,0,0,0,0,0,0,0,0,0,0,0
FR108,,,FR,Val-d'Oise,0,0,0,0,0,0,0,0,0,0,0,0,0,0,0,0,0,0,0,0,0,0
FR211,,,FR,Ardennes,0,0,0,0,0,0,0,0,0,0,0,0,0,0,0,0,0,0,0,0,0,0
FR212,,,FR,Aube,0,0,0,0,0,0,0,0,0,0,0,0,0,0,0,0,0,0,0,0,0,0
FR213,,,FR,Marne,0,0,0,0,0,0,0,0,0,0,0,0,0,0,0,0,0,0,0,0,0,0
FR214,,,FR,Haute-Marne,0,0,0,0,0,0,0,0,0,0,0,0,0,0,0,0,0,0,0,0,0,0
FR221,,,FR,Aisne,0,0,0,0,0,0,0,0,0,0,0,0,0,0,0,0,0,0,0,0,0,0
FR222,,,FR,Oise,0,0,0,0,0,0,0,0,0,0,0,0,0,0,0,0,0,0,0,0,0,0
FR223,,,FR,Somme,0,0,0,0,0,0,0,0,0,0,0,0,0,0,0,0,0,0,0,0,0,0
FR231,,,FR,Eure,0,0,0,0,0,0,0,0,0,0,0,0,0,0,0,0,0,0,0,0,0,0
FR232,,,FR,Seine-Maritime,0,0,0,0,0,0,0,0,0,0,0,0,0,0,0,0,0,0,0,0,0,0
FR241,,,FR,Cher,0,0,0,0,0,0,0,0,0,0,0,0,0,0,0,0,0,0,0,0,0,0
FR242,,,FR,Eure-et-Loir,0,0,0,0,0,0,0,0,0,0,0,0,0,0,0,0,0,0,0,0,0,0
FR243,,,FR,Indre,0,0,0,0,0,0,0,0,0,0,0,0,0,0,0,0,0,0,0,0,0,0
FR244,,,FR,Indre-et-Loire,0,0,0,0,0,0,0,0,0,0,0,0,0,0,0,0,0,0,0,0,0,0
FR245,,,FR,Loir-et-Cher,0,0,0,0,0,0,0,0,0,0,0,0,0,0,0,0,0,0,0,0,0,0
FR246,,,FR,Loiret,0,0,0,0,0,0,0,0,0,0,0,0,0,0,0,0,0,0,0,0,0,0
FR251,,,FR,Calvados,0,0,0,0,0,0,0,0,0,0,0,0,0,0,0,0,0,0,0,0,0,0
FR252,,,FR,Manche,0,0,0,0,0,0,0,0,0,0,0,0,0,0,0,0,0,0,0,0,0,0
FR253,,,FR,Orne,0,0,0,0,0,0,0,0,0,0,0,0,0,0,0,0,0,0,0,0,0,0
FR261,,,FR,C├┤te-d'Or,0,0,0,0,0,0,0,0,0,0,0,0,0,0,0,0,0,0,0,0,0,0
FR262,,,FR,Ni├¿vre,0,0,0,0,0,0,0,0,0,0,0,0,0,0,0,0,0,0,0,0,0,0
FR263,,,FR,Sa├┤ne-et-Loire,0,0,0,0,0,0,0,0,0,0,0,0,0,0,0,0,0,0,0,0,0,0
FR264,,,FR,Yonne,0,0,0,0,0,0,0,0,0,0,0,0,0,0,0,0,0,0,0,0,0,0
FR301,,,FR,Nord,0,0,0,0,0,0,0,0,0,0,0,0,0,0,0,0,0,0,0,0,0,0
FR302,,,FR,Pas-de-Calais,0,0,0,0,0,0,0,0,0,0,0,0,0,0,0,0,0,0,0,0,0,0
FR411,,,FR,Meurthe-et-Moselle,0,0,0,0,0,0,0,0,0,0,0,0,0,0,0,0,0,0,0,0,0,0
FR412,,,FR,Meuse,0,0,0,0,0,0,0,0,0,0,0,0,0,0,0,0,0,0,0,0,0,0
FR413,,,FR,Moselle,0,0,0,0,0,0,0,0,0,0,0,0,0,0,0,0,0,0,0,0,0,0
FR414,,,FR,Vosges,0,0,0,0,0,0,0,0,0,0,0,0,0,0,0,0,0,0,0,0,0,0
FR421,,,FR,Bas-Rhin,0,0,0,0,0,0,0,0,0,0,0,0,0,0,0,0,0,0,0,0,0,0
FR422,,,FR,Haut-Rhin,0,0,0,0,0,0,0,0,0,0,0,0,0,0,0,0,0,0,0,0,0,0
FR431,,,FR,Doubs,0,0,0,0,0,0,0,0,0,0,0,0,0,0,0,0,0,0,0,0,0,0
FR432,,,FR,Jura,0,0,0,0,0,0,0,0,0,0,0,0,0,0,0,0,0,0,0,0,0,0
FR433,,,FR,Haute-Sa├┤ne,0,0,0,0,0,0,0,0,0,0,0,0,0,0,0,0,0,0,0,0,0,0
FR434,,,FR,Territoire de Belfort,0,0,0,0,0,0,0,0,0,0,0,0,0,0,0,0,0,0,0,0,0,0
FR511,,,FR,Loire-Atlantique,0,0,0,0,0,0,0,0,0,0,0,0,0,0,0,0,0,0,0,0,0,0
FR512,,,FR,Maine-et-Loire,0,0,0,0,0,0,0,0,0,0,0,0,0,0,0,0,0,0,0,0,0,0
FR513,,,FR,Mayenne,0,0,0,0,0,0,0,0,0,0,0,0,0,0,0,0,0,0,0,0,0,0
FR514,,,FR,Sarthe,0,0,0,0,0,0,0,0,0,0,0,0,0,0,0,0,0,0,0,0,0,0
FR515,,,FR,Vend├®e,0,0,0,0,0,0,0,0,0,0,0,0,0,0,0,0,0,0,0,0,0,0
FR521,,,FR,C├┤tes-d'Armor,0,0,0,0,0,0,0,0,0,0,0,0,0,0,0,0,0,0,0,0,0,0
FR522,,,FR,Finist├¿re,0,0,0,0,0,0,0,0,0,0,0,0,0,0,0,0,0,0,0,0,0,0
FR523,,,FR,Ille-et-Vilaine,0,0,0,0,0,0,0,0,0,0,0,0,0,0,0,0,0,0,0,0,0,0
FR524,,,FR,Morbihan,0,0,0,0,0,0,0,0,0,0,0,0,0,0,0,0,0,0,0,0,0,0
FR531,,,FR,Charente,0,0,0,0,0,0,0,0,0,0,0,0,0,0,0,0,0,0,0,0,0,0
FR532,,,FR,Charente-Maritime,0,0,0,0,0,0,0,0,0,0,0,0,0,0,0,0,0,0,0,0,0,0
FR533,,,FR,Deux-S├¿vres,0,0,0,0,0,0,0,0,0,0,0,0,0,0,0,0,0,0,0,0,0,0
FR534,,,FR,Vienne,0,0,0,0,0,0,0,0,0,0,0,0,0,0,0,0,0,0,0,0,0,0
FR611,,,FR,Dordogne,0,0,0,0,0,0,0,0,0,0,0,0,0,0,0,0,0,0,0,0,0,0
FR612,,,FR,Gironde,0,0,0,0,0,0,0,0,0,0,0,0,0,0,0,0,0,0,0,0,0,0
FR613,,,FR,Landes,0,0,0,0,0,0,0,0,0,0,0,0,0,0,0,0,0,0,0,0,0,0
FR614,,,FR,Lot-et-Garonne,0,0,0,0,0,0,0,0,0,0,0,0,0,0,0,0,0,0,0,0,0,0
FR615,,,FR,Pyr├®n├®es-Atlantiques,0,0,0,0,0,0,0,0,0,0,0,0,0,0,0,0,0,0,0,0,0,0
FR621,,,FR,Ari├¿ge,0,0,0,0,0,0,0,0,0,0,0,0,0,0,0,0,0,0,0,0,0,0
FR622,,,FR,Aveyron,0,0,0,0,0,0,0,0,0,0,0,0,0,0,0,0,0,0,0,0,0,0
FR623,,,FR,Haute-Garonne,0,0,0,0,0,0,0,0,0,0,0,0,0,0,0,0,0,0,0,0,0,0
FR624,,,FR,Gers,0,0,0,0,0,0,0,0,0,0,0,0,0,0,0,0,0,0,0,0,0,0
FR625,,,FR,Lot,0,0,0,0,0,0,0,0,0,0,0,0,0,0,0,0,0,0,0,0,0,0
FR626,,,FR,Hautes-Pyr├®n├®es,0,0,0,0,0,0,0,0,0,0,0,0,0,0,0,0,0,0,0,0,0,0
FR627,,,FR,Tarn,0,0,0,0,0,0,0,0,0,0,0,0,0,0,0,0,0,0,0,0,0,0
FR628,,,FR,Tarn-et-Garonne,0,0,0,0,0,0,0,0,0,0,0,0,0,0,0,0,0,0,0,0,0,0
FR631,,,FR,Corr├¿ze,0,0,0,0,0,0,0,0,0,0,0,0,0,0,0,0,0,0,0,0,0,0
FR632,,,FR,Creuse,0,0,0,0,0,0,0,0,0,0,0,0,0,0,0,0,0,0,0,0,0,0
FR633,,,FR,Haute-Vienne,0,0,0,0,0,0,0,0,0,0,0,0,0,0,0,0,0,0,0,0,0,0
FR711,,,FR,Ain,0,0,0,0,0,0,0,0,0,0,0,0,0,0,0,0,0,0,0,0,0,0
FR712,,,FR,Ard├¿che,0,0,0,0,0,0,0,0,0,0,0,0,0,0,0,0,0,0,0,0,0,0
FR713,,,FR,Dr├┤me,0,0,0,0,0,0,0,0,0,0,0,0,0,0,0,0,0,0,0,0,0,0
FR714,,,FR,Is├¿re,0,0,0,0,0,0,0,0,0,0,0,0,0,0,0,0,0,0,0,0,0,0
FR715,,,FR,Loire,0,0,0,0,0,0,0,0,0,0,0,0,0,0,0,0,0,0,0,0,0,0
FR716,,,FR,Rh├┤ne,0,0,0,0,0,0,0,0,0,0,0,0,0,0,0,0,0,0,0,0,0,0
FR717,,,FR,Savoie,0,0,0,0,0,0,0,0,0,0,0,0,0,0,0,0,0,0,0,0,0,0
FR718,,,FR,Haute-Savoie,0,0,0,0,0,0,0,0,0,0,0,0,0,0,0,0,0,0,0,0,0,0
FR721,,,FR,Allier,0,0,0,0,0,0,0,0,0,0,0,0,0,0,0,0,0,0,0,0,0,0
FR722,,,FR,Cantal,0,0,0,0,0,0,0,0,0,0,0,0,0,0,0,0,0,0,0,0,0,0
FR723,,,FR,Haute-Loire,0,0,0,0,0,0,0,0,0,0,0,0,0,0,0,0,0,0,0,0,0,0
FR724,,,FR,Puy-de-D├┤me,0,0,0,0,0,0,0,0,0,0,0,0,0,0,0,0,0,0,0,0,0,0
FR811,,,FR,Aude,0,0,0,0,0,0,0,0,0,0,0,0,0,0,0,0,0,0,0,0,0,0
FR812,,,FR,Gard,0,0,0,0,0,0,0,0,0,0,0,0,0,0,0,0,0,0,0,0,0,0
FR813,,,FR,H├®rault,0,0,0,0,0,0,0,0,0,0,0,0,0,0,0,0,0,0,0,0,0,0
FR814,,,FR,Loz├¿re,0,0,0,0,0,0,0,0,0,0,0,0,0,0,0,0,0,0,0,0,0,0
FR815,,,FR,Pyr├®n├®es-Orientales,0,0,0,0,0,0,0,0,0,0,0,0,0,0,0,0,0,0,0,0,0,0
FR821,,,FR,Alpes-de-Haute-Provence,0,0,0,0,0,0,0,0,0,0,0,0,0,0,0,0,0,0,0,0,0,0
FR822,,,FR,Hautes-Alpes,0,0,0,0,0,0,0,0,0,0,0,0,0,0,0,0,0,0,0,0,0,0
FR823,,,FR,Alpes-Maritimes,0,0,0,0,0,0,0,0,0,0,0,0,0,0,0,0,0,0,0,0,0,0
FR824,,,FR,Bouches-du-Rh├┤ne,0,0,0,0,0,0,0,0,0,0,0,0,0,0,0,0,0,0,0,0,0,0
FR825,,,FR,Var,0,0,0,0,0,0,0,0,0,0,0,0,0,0,0,0,0,0,0,0,0,0
FR826,,,FR,Vaucluse,0,0,0,0,0,0,0,0,0,0,0,0,0,0,0,0,0,0,0,0,0,0
FR831,,,FR,Corse-du-Sud,0,0,0,0,0,0,0,0,0,0,0,0,0,0,0,0,0,0,0,0,0,0
FR832,,,FR,Haute-Corse,0,0,0,0,0,0,0,0,0,0,0,0,0,0,0,0,0,0,0,0,0,0
HR041,,,HR,Grad Zagreb,0,0,0,0,0,0,0,0,0,0,0,0,0,0,0,0,0,0,0,0,0,0
HR042,,,HR,Zagreba─ìka ┼¥upanija,7.03953585911178,0.387048571965949,0.00322961142432626,0.449413371092533,0.0323683853692886,0.0581178134072638,0.388500295073319,0.297158391874976,0.236021236591816,0.270683007517904,0.0451779138671259,0.0534448502594577,2.77033741489062,0.0515384350687405,0.00649800941728793,0.554216911669335,0.0295905278042354,0.0256912600358651,0.0377805797202931,0.0136850891454012,0,0
HR043,,,HR,Krapinsko-zagorska ┼¥upanija,0,0,0,0,0,0,0,0,0,0,0,0,0,0,0,0,0,0,0,0,0,0
HR044,,,HR,Vara┼¥dinska ┼¥upanija,0,0,0,0,0,0,0,0,0,0,0,0,0,0,0,0,0,0,0,0,0,0
HR045,,,HR,Koprivni─ìko-kri┼¥eva─ìka ┼¥upanija,11.9337427012189,2.02880201410109,0.00634551414478388,0.883003720398838,0.0434119532840771,0.0779466683871943,0.571176218124662,0.398544013823061,0.397687744363591,0.363035657883328,0.0605918850722962,0.0716793660316294,4.66792418158239,0.0691225129091998,0.00871502480103464,0.743306729827268,0.0396863357882372,0.0344567011224559,0.0506707005354331,0.0183542195228642,0,0
HR046,,,HR,Me─æimurska ┼¥upanija,1.06208378690186,0.0925169826686527,0.000799170782072613,0.111207816687989,0.00323092905949621,0.00580117080508036,0.0451803916755507,0.0296615871514237,0.0339209369994658,0.0270188823113561,0.00450954328105623,0.00533472763048424,0.398152481000205,0.00514443416453344,0.00064861460390037,0.0553205081052845,0.00295365045484306,0.0025644355650717,0.00377116039339812,0.00136601043571439,0,0
HR047,,,HR,Bjelovarsko-bilogorska ┼¥upanija,1.64737859475585,0.417684110076937,0.000616405778196978,0.0857753340398252,0.00647801902753025,0.0116313587099072,0.0835374161108468,0.0594715397383658,0.0566006022128947,0.0541729114110778,0.00904164302038512,0.0106961392406297,0.664358717376368,0.0103146004725095,0.00130047353817659,0.110917725991345,0.00592207488768887,0.00514169827919406,0.00756118389925612,0.00273885357165424,0,0
HR048,,,HR,Viroviti─ìko-podravska ┼¥upanija,1.15689527281494,0.181768927954695,0.000476433982130158,0.0662976977352071,0.00494207421173641,0.00887355188112245,0.0613361567290128,0.045370777952977,0.0393045892646826,0.0413284597222679,0.00689786038183464,0.00816007388703384,0.46134396967495,0.00786899834392549,0.000992129956512095,0.0846190217899466,0.0045179449856567,0.00392259645458656,0.00576841960480576,0.00208946863982199,0,0
HR049,,,HR,Po┼¥e┼íko-slavonska ┼¥upanija,0.720934269670257,0.0935020777525388,0.000283787660292285,0.0394901900971027,0.0032474637601952,0.00583085905301134,0.0395037197294881,0.0298133841908432,0.0245313083426121,0.0271571549642101,0.00453262145673522,0.00536202879465603,0.287940196903931,0.00517076147708343,0.000651933973699891,0.0556036180180041,0.00296876614613215,0.00257755939841793,0.00379045979838179,0.00137300117221473,0,0
HR04A,,,HR,Brodsko-posavska ┼¥upanija,2.97277650624023,0.324159903696344,0.00148999181043729,0.207338330978497,0.0122131997376083,0.0219289425579266,0.152887242387753,0.112123442435254,0.0992512202397857,0.102133782660947,0.0170464754263335,0.0201657457954217,1.16497724049872,0.0194464195379825,0.00245182099770401,0.209116449985184,0.0111650619050424,0.00969379494062014,0.0142553223172007,0.00516364116568949,0,0
HR04B,,,HR,Osje─ìko-baranjska ┼¥upanija,75.960140234577,10.2235505098434,0.0284418812516729,3.95780174582283,0.347045406712398,0.623124074959147,4.20431580038818,3.1860549665879,2.59355359448038,2.90219278355839,0.484385838637183,0.573021779843706,30.4422545363541,0.552581692157006,0.0696699663982419,5.94216953742976,0.317261940609461,0.275455006061575,0.405073546464251,0.14672796539513,0,0
HR04C,,,HR,Vukovarsko-srijemska ┼¥upanija,23.591537343792,3.66259537238562,0.00774654230875802,1.07796240348516,0.110293247870695,0.198032812780091,1.32888208408429,1.01254862724851,0.812469535799672,0.922335411604549,0.153940914740701,0.182109983239121,9.53649250375421,0.175613992760284,0.0221415605119138,1.88845944941308,0.100827872027061,0.0875413610817507,0.128734961483203,0.046631084993149,0,0
HR04D,,,HR,Karlova─ìka ┼¥upanija,0,0,0,0,0,0,0,0,0,0,0,0,0,0,0,0,0,0,0,0,0,0
HR04E,,,HR,Sisa─ìko-moslava─ìka ┼¥upanija,4.4567340324417,0.410554097643928,0.0023326581169633,0.324598724185381,0.018248158019138,0.032764780531462,0.228317485077719,0.167527457109198,0.148105961158546,0.152601565939364,0.0254697199695518,0.0301303281494262,1.73841765889674,0.0290555582696997,0.00366334932384435,0.312448015730077,0.0166820995573574,0.0144838294371658,0.0212993629717682,0.00771517227016877,0,0
HR031,,,HR,Primorsko-goranska ┼¥upanija,0,0,0,0,0,0,0,0,0,0,0,0,0,0,0,0,0,0,0,0,0,0
HR032,,,HR,Li─ìko-senjska ┼¥upanija,0,0,0,0,0,0,0,0,0,0,0,0,0,0,0,0,0,0,0,0,0,0
HR033,,,HR,Zadarska ┼¥upanija,0,0,0,0,0,0,0,0,0,0,0,0,0,0,0,0,0,0,0,0,0,0
HR034,,,HR,┼áibensko-kninska ┼¥upanija,0,0,0,0,0,0,0,0,0,0,0,0,0,0,0,0,0,0,0,0,0,0
HR035,,,HR,Splitsko-dalmatinska ┼¥upanija,0,0,0,0,0,0,0,0,0,0,0,0,0,0,0,0,0,0,0,0,0,0
HR036,,,HR,Istarska ┼¥upanija,0,0,0,0,0,0,0,0,0,0,0,0,0,0,0,0,0,0,0,0,0,0
HR037,,,HR,Dubrova─ìko-neretvanska ┼¥upanija,0,0,0,0,0,0,0,0,0,0,0,0,0,0,0,0,0,0,0,0,0,0
HU101,,,HU,Budapest,422.856650556401,2.60612413843732,0.137404755765308,13.6253824094871,2.13707229822282,3.81071583451745,13.3745076348542,15.1759778342261,9.61641383592907,3.75479563671441,9.83449382441971,3.67609737759042,137.814688931017,3.9910307012916,2.55956010026041,82.4955675098961,11.8366785433218,5.29499741080334,8.26291638743279,8.77797084088179,0,0
HU102,,,HU,Pest,192.488672237774,15.0572924231119,0.127131364974589,12.6066485426279,0.774784026793009,1.38155445732303,5.37152099346227,5.50196885089061,4.17931795627027,1.3612808914409,3.56544265399505,1.33274926237229,59.8946149691732,1.44692663901576,0.927954699028021,29.9083227278011,4.29132391696609,1.91967273134015,2.99567573686345,3.18240594893571,0,0
HU211,,,HU,Fej├®r,17.3321152282287,2.53303339526199,0.0188205032822502,1.86628587148519,0.0482388509416474,0.0860170024547742,0.406287930863399,0.342558243465963,0.355467876354708,0.0847547493767238,0.221988129310013,0.0829783407852099,5.0942789734943,0.0900871417701896,0.0577754146433544,1.86212295567436,0.267182243843752,0.119520800044323,0.18651385462632,0.198139869818889,0,0
HU212,,,HU,Kom├írom-Esztergom,75.8189327775988,11.9737266853277,0.0894189840014945,8.86699914353176,0.190962225981596,0.340513879173822,1.70551680286757,1.3560788332155,1.53598667721887,0.335517021810278,0.878780204897699,0.3284847867494,22.0125225198,0.356626262627298,0.228714440164646,7.37155089156569,1.0576892905032,0.473144728409355,0.738348865293959,0.784372551537119,0,0
HU213,,,HU,Veszpr├®m,4.20371868322631,0.671388597988352,0.00347185724446812,0.344277622441436,0.0142722771251285,0.02544958000746,0.107475813060836,0.101351630206897,0.0882922429538786,0.0250761211588284,0.0656789297040656,0.0245505407353598,1.26533323183829,0.0266537993268165,0.0170938302366827,0.550940462835581,0.079050370243364,0.0353622432365381,0.055183267613958,0.0586230201671443,0,0
HU221,,,HU,Gy┼ær-Moson-Sopron,124.049573387439,16.8739763801168,0.145708894498989,14.4488405583529,0.321164821543987,0.572684355117702,2.82535234729845,2.28068569179336,2.52621541642412,0.564280521347993,1.47795348651601,0.55245354087176,36.2036823422121,0.599782545505276,0.384657394845673,12.3976499248615,1.77884704939595,0.795746077440016,1.24177271363706,1.31917644572649,0,0
HU222,,,HU,Vas,19.0739360077074,3.85320632539977,0.0194475688334084,1.92846718306177,0.0533951023066686,0.0952113608954216,0.446516714515962,0.379174298284667,0.389222225568248,0.0938141855704758,0.245716443157245,0.0918478966429665,5.5780190887078,0.0997165574518629,0.0639510294186696,2.06116530109938,0.295741357144259,0.132296379817615,0.2064503228203,0.219319042918486,0,0
HU223,,,HU,Zala,0.542532374366454,0.130743928227546,0.000344542896011413,0.0341656930903184,0.00198243727375012,0.00353497872594177,0.01429393463395,0.0140778691245936,0.0114225758941497,0.003483104821361,0.00912288608214517,0.00341010103838352,0.163699147156252,0.00370224630654803,0.00237435455570664,0.0765263243956641,0.0109801960191956,0.00491186013702772,0.00766502539476533,0.00814281135800925,0,0
HU231,,,HU,Baranya,17.2457179621288,4.83502589715662,0.00928994692497143,0.921213233934759,0.0653486537025482,0.11652631014673,0.461476377292569,0.464059976310164,0.363663505852504,0.114816349447578,0.300724936543464,0.11240986779192,5.21173212693625,0.122040084199225,0.0782677342090265,2.5225979849547,0.361948918508358,0.161913545200238,0.252668317316402,0.268417955334912,0,0
HU232,,,HU,Somogy,1.53400108338133,0.555768718570732,0.000738903563291404,0.0732714348750366,0.00569529027831685,0.0101555445100306,0.0404374965303265,0.0404439284038711,0.031984131929391,0.0100065173764264,0.0262088920047125,0.00979678678823707,0.458370788506291,0.0106360830059106,0.00682121880850888,0.21985040189518,0.0315447073509881,0.0141111497737064,0.0220206435744011,0.0233932619102297,0,0
HU233,,,HU,Tolna,9.98263273585601,2.97653332864,0.00907604750538243,0.900002458712063,0.0281312557508602,0.0501621876919232,0.232827475901757,0.199768306425114,0.201853360606562,0.0494260846656736,0.129455920225568,0.0483901436465488,2.89279960038097,0.0525357543874086,0.0336926550636592,1.08592671846578,0.155811589350445,0.0697004619297725,0.108768530824225,0.115548427118628,0,0
HU311,,,HU,Borsod-Aba├║j-Zempl├®n,160.803513638001,20.9597230487675,0.165460241713764,16.4074311282712,0.477148816738011,0.850826877909966,3.87731052077478,3.3883738385758,3.32855250083267,0.838341452762833,2.19576899454521,0.82077031993238,47.7021304739318,0.891086173486027,0.57147859444189,18.4189661979201,2.64280116575884,1.18222567916709,1.84487945510658,1.95987679198807,0,0
HU312,,,HU,Heves,17.2285327190552,2.40773146679579,0.018372282161676,1.82183919904058,0.0490816103341078,0.0875197670379883,0.408002038146752,0.348542925346029,0.354540143998797,0.086235461700889,0.225866384644433,0.0844280182692799,5.08098346144351,0.0916610139372232,0.0587847830755105,1.89465527309438,0.271850065342451,0.121608894492376,0.189772354771783,0.201601482876645,0,0
HU313,,,HU,N├│gr├íd,0.701292405549315,0.108274652300576,0.000462986444235346,0.0459108370593096,0.00268068713574847,0.004780061453269,0.0189871533207571,0.0190363464008423,0.0149932424200321,0.00470991663177477,0.0123361297152385,0.00461119961082282,0.214871060609303,0.00500624366720142,0.00321064469351319,0.103480264455232,0.014847617428507,0.00664190512167782,0.0103647844211805,0.0110108551454695,0,0
HU321,,,HU,Hajd├║-Bihar,14.2071795413837,4.83146422933947,0.00706578470820896,0.700660018179379,0.0530352832867283,0.0945697503902519,0.376022907903592,0.376619117781187,0.297129357587418,0.0931819903531206,0.244060608709129,0.0912289518572849,4.25821836360545,0.0990445873193201,0.0635200760964447,2.04727551633379,0.293748414707848,0.131404860714342,0.205059094980771,0.217841095322769,0,0
HU322,,,HU,J├ísz-Nagykun-Szolnok,130.525652377562,33.012604975934,0.131403974008999,13.0303306172097,0.351842832133211,0.627387783177233,2.99754848415314,2.49853925205306,2.63801405883074,0.618181206130293,1.61912919963348,0.605224499706667,37.8058903366946,0.657074421974761,0.421400284604172,13.5818868342713,1.94876444058353,0.871756602106693,1.36038818427057,1.44518560443975,0,0
HU323,,,HU,Szabolcs-Szatm├ír-Bereg,46.6105095122304,14.8638963569883,0.0315883871705209,3.13237960724176,0.155670380030744,0.27758330059391,1.17090957007099,1.10546107343056,0.961231294133073,0.273509915500372,0.716372296964655,0.267777312108443,13.7755918216376,0.290717944592276,0.186445584386833,6.00921005611126,0.862217084874934,0.385702561343864,0.60189415924936,0.639412179847731,0,0
HU331,,,HU,B├ícs-Kiskun,36.7344030210772,10.4352968500506,0.0283113384887279,2.80741966524236,0.117582854063719,0.209667611255355,0.906927829287013,0.834990369038978,0.75588179035861,0.206590852241185,0.541099078916948,0.202260832182743,10.8326883164786,0.219588631093128,0.140828357555575,4.53894998474612,0.651260346650871,0.291333572729389,0.454630052774623,0.482968622641972,0,0
HU332,,,HU,B├®k├®s,7.79627433520018,3.96150931066848,0.00389704686669101,0.386440436727338,0.0255578858486645,0.0455734887309556,0.191835407926674,0.181494051208076,0.157278935561517,0.0449047223849254,0.117613648706661,0.0439635464009158,2.253994883085,0.0477299280735382,0.0306105436487348,0.986589129058508,0.141558373710206,0.0633244553807677,0.0988186847879151,0.10497837481714,0,0
HU333,,,HU,Csongr├íd,273.23374702925,69.7676422683076,0.137615674534413,13.6462976163182,1.07746031548295,1.92127102517285,7.46995356653807,7.65136204265313,5.81200578218627,1.89307741000277,4.95831461925094,1.85339964562661,83.2929803774287,2.01218143255697,1.29046847662456,41.59227568907,5.96776787016687,2.66961000124795,4.16596317542287,4.42564120988411,0,0
IE011,,,IE,Border,0,0,0,0,0,0,0,0,0,0,0,0,0,0,0,0,0,0,0,0,0,0
IE012,,,IE,Midland,0,0,0,0,0,0,0,0,0,0,0,0,0,0,0,0,0,0,0,0,0,0
IE013,,,IE,West,0,0,0,0,0,0,0,0,0,0,0,0,0,0,0,0,0,0,0,0,0,0
IE021,,,IE,Dublin,0,0,0,0,0,0,0,0,0,0,0,0,0,0,0,0,0,0,0,0,0,0
IE022,,,IE,Mid-East,0,0,0,0,0,0,0,0,0,0,0,0,0,0,0,0,0,0,0,0,0,0
IE023,,,IE,Mid-West,0,0,0,0,0,0,0,0,0,0,0,0,0,0,0,0,0,0,0,0,0,0
IE024,,,IE,South-East (IE),0,0,0,0,0,0,0,0,0,0,0,0,0,0,0,0,0,0,0,0,0,0
IE025,,,IE,South-West (IE),0,0,0,0,0,0,0,0,0,0,0,0,0,0,0,0,0,0,0,0,0,0
IS001,,,IS,H├Âfu├░borgarsv├ª├░i,0,0,0,0,0,0,0,0,0,0,0,0,0,0,0,0,0,0,0,0,0,0
IS002,,,IS,Landsbygg├░,0,0,0,0,0,0,0,0,0,0,0,0,0,0,0,0,0,0,0,0,0,0
ITC11,,,IT,Torino,0,0,0,0,0,0,0,0,0,0,0,0,0,0,0,0,0,0,0,0,0,0
ITC12,,,IT,Vercelli,0,0,0,0,0,0,0,0,0,0,0,0,0,0,0,0,0,0,0,0,0,0
ITC13,,,IT,Biella,0,0,0,0,0,0,0,0,0,0,0,0,0,0,0,0,0,0,0,0,0,0
ITC14,,,IT,Verbano-Cusio-Ossola,0,0,0,0,0,0,0,0,0,0,0,0,0,0,0,0,0,0,0,0,0,0
ITC15,,,IT,Novara,0,0,0,0,0,0,0,0,0,0,0,0,0,0,0,0,0,0,0,0,0,0
ITC16,,,IT,Cuneo,0,0,0,0,0,0,0,0,0,0,0,0,0,0,0,0,0,0,0,0,0,0
ITC17,,,IT,Asti,0,0,0,0,0,0,0,0,0,0,0,0,0,0,0,0,0,0,0,0,0,0
ITC18,,,IT,Alessandria,0,0,0,0,0,0,0,0,0,0,0,0,0,0,0,0,0,0,0,0,0,0
ITC20,,,IT,Valle d'Aosta/Vall├®e d'Aoste,0,0,0,0,0,0,0,0,0,0,0,0,0,0,0,0,0,0,0,0,0,0
ITC31,,,IT,Imperia,0,0,0,0,0,0,0,0,0,0,0,0,0,0,0,0,0,0,0,0,0,0
ITC32,,,IT,Savona,0,0,0,0,0,0,0,0,0,0,0,0,0,0,0,0,0,0,0,0,0,0
ITC33,,,IT,Genova,0,0,0,0,0,0,0,0,0,0,0,0,0,0,0,0,0,0,0,0,0,0
ITC34,,,IT,La Spezia,0,0,0,0,0,0,0,0,0,0,0,0,0,0,0,0,0,0,0,0,0,0
ITC41,,,IT,Varese,0,0,0,0,0,0,0,0,0,0,0,0,0,0,0,0,0,0,0,0,0,0
ITC42,,,IT,Como,0,0,0,0,0,0,0,0,0,0,0,0,0,0,0,0,0,0,0,0,0,0
ITC43,,,IT,Lecco,0,0,0,0,0,0,0,0,0,0,0,0,0,0,0,0,0,0,0,0,0,0
ITC44,,,IT,Sondrio,0,0,0,0,0,0,0,0,0,0,0,0,0,0,0,0,0,0,0,0,0,0
ITC46,,,IT,Bergamo,0,0,0,0,0,0,0,0,0,0,0,0,0,0,0,0,0,0,0,0,0,0
ITC47,,,IT,Brescia,0,0,0,0,0,0,0,0,0,0,0,0,0,0,0,0,0,0,0,0,0,0
ITC48,,,IT,Pavia,0,0,0,0,0,0,0,0,0,0,0,0,0,0,0,0,0,0,0,0,0,0
ITC49,,,IT,Lodi,0,0,0,0,0,0,0,0,0,0,0,0,0,0,0,0,0,0,0,0,0,0
ITC4A,,,IT,Cremona,0,0,0,0,0,0,0,0,0,0,0,0,0,0,0,0,0,0,0,0,0,0
ITC4B,,,IT,Mantova,0,0,0,0,0,0,0,0,0,0,0,0,0,0,0,0,0,0,0,0,0,0
ITC4C,,,IT,Milano,0,0,0,0,0,0,0,0,0,0,0,0,0,0,0,0,0,0,0,0,0,0
ITC4D,,,IT,Monza e della Brianza,0,0,0,0,0,0,0,0,0,0,0,0,0,0,0,0,0,0,0,0,0,0
ITF11,,,IT,L'Aquila,0,0,0,0,0,0,0,0,0,0,0,0,0,0,0,0,0,0,0,0,0,0
ITF12,,,IT,Teramo,0,0,0,0,0,0,0,0,0,0,0,0,0,0,0,0,0,0,0,0,0,0
ITF13,,,IT,Pescara,0,0,0,0,0,0,0,0,0,0,0,0,0,0,0,0,0,0,0,0,0,0
ITF14,,,IT,Chieti,0,0,0,0,0,0,0,0,0,0,0,0,0,0,0,0,0,0,0,0,0,0
ITF21,,,IT,Isernia,0,0,0,0,0,0,0,0,0,0,0,0,0,0,0,0,0,0,0,0,0,0
ITF22,,,IT,Campobasso,0,0,0,0,0,0,0,0,0,0,0,0,0,0,0,0,0,0,0,0,0,0
ITF31,,,IT,Caserta,0,0,0,0,0,0,0,0,0,0,0,0,0,0,0,0,0,0,0,0,0,0
ITF32,,,IT,Benevento,0,0,0,0,0,0,0,0,0,0,0,0,0,0,0,0,0,0,0,0,0,0
ITF33,,,IT,Napoli,0,0,0,0,0,0,0,0,0,0,0,0,0,0,0,0,0,0,0,0,0,0
ITF34,,,IT,Avellino,0,0,0,0,0,0,0,0,0,0,0,0,0,0,0,0,0,0,0,0,0,0
ITF35,,,IT,Salerno,0,0,0,0,0,0,0,0,0,0,0,0,0,0,0,0,0,0,0,0,0,0
ITF43,,,IT,Taranto,0,0,0,0,0,0,0,0,0,0,0,0,0,0,0,0,0,0,0,0,0,0
ITF44,,,IT,Brindisi,0,0,0,0,0,0,0,0,0,0,0,0,0,0,0,0,0,0,0,0,0,0
ITF45,,,IT,Lecce,0,0,0,0,0,0,0,0,0,0,0,0,0,0,0,0,0,0,0,0,0,0
ITF46,,,IT,Foggia,0,0,0,0,0,0,0,0,0,0,0,0,0,0,0,0,0,0,0,0,0,0
ITF47,,,IT,Bari,0,0,0,0,0,0,0,0,0,0,0,0,0,0,0,0,0,0,0,0,0,0
ITF48,,,IT,Barletta-Andria-Trani,0,0,0,0,0,0,0,0,0,0,0,0,0,0,0,0,0,0,0,0,0,0
ITF51,,,IT,Potenza,0,0,0,0,0,0,0,0,0,0,0,0,0,0,0,0,0,0,0,0,0,0
ITF52,,,IT,Matera,0,0,0,0,0,0,0,0,0,0,0,0,0,0,0,0,0,0,0,0,0,0
ITF61,,,IT,Cosenza,0,0,0,0,0,0,0,0,0,0,0,0,0,0,0,0,0,0,0,0,0,0
ITF62,,,IT,Crotone,0,0,0,0,0,0,0,0,0,0,0,0,0,0,0,0,0,0,0,0,0,0
ITF63,,,IT,Catanzaro,0,0,0,0,0,0,0,0,0,0,0,0,0,0,0,0,0,0,0,0,0,0
ITF64,,,IT,Vibo Valentia,0,0,0,0,0,0,0,0,0,0,0,0,0,0,0,0,0,0,0,0,0,0
ITF65,,,IT,Reggio di Calabria,0,0,0,0,0,0,0,0,0,0,0,0,0,0,0,0,0,0,0,0,0,0
ITG11,,,IT,Trapani,0,0,0,0,0,0,0,0,0,0,0,0,0,0,0,0,0,0,0,0,0,0
ITG12,,,IT,Palermo,0,0,0,0,0,0,0,0,0,0,0,0,0,0,0,0,0,0,0,0,0,0
ITG13,,,IT,Messina,0,0,0,0,0,0,0,0,0,0,0,0,0,0,0,0,0,0,0,0,0,0
ITG14,,,IT,Agrigento,0,0,0,0,0,0,0,0,0,0,0,0,0,0,0,0,0,0,0,0,0,0
ITG15,,,IT,Caltanissetta,0,0,0,0,0,0,0,0,0,0,0,0,0,0,0,0,0,0,0,0,0,0
ITG16,,,IT,Enna,0,0,0,0,0,0,0,0,0,0,0,0,0,0,0,0,0,0,0,0,0,0
ITG17,,,IT,Catania,0,0,0,0,0,0,0,0,0,0,0,0,0,0,0,0,0,0,0,0,0,0
ITG18,,,IT,Ragusa,0,0,0,0,0,0,0,0,0,0,0,0,0,0,0,0,0,0,0,0,0,0
ITG19,,,IT,Siracusa,0,0,0,0,0,0,0,0,0,0,0,0,0,0,0,0,0,0,0,0,0,0
ITG25,,,IT,Sassari,0,0,0,0,0,0,0,0,0,0,0,0,0,0,0,0,0,0,0,0,0,0
ITG26,,,IT,Nuoro,0,0,0,0,0,0,0,0,0,0,0,0,0,0,0,0,0,0,0,0,0,0
ITG27,,,IT,Cagliari,0,0,0,0,0,0,0,0,0,0,0,0,0,0,0,0,0,0,0,0,0,0
ITG28,,,IT,Oristano,0,0,0,0,0,0,0,0,0,0,0,0,0,0,0,0,0,0,0,0,0,0
ITG29,,,IT,Olbia-Tempio,0,0,0,0,0,0,0,0,0,0,0,0,0,0,0,0,0,0,0,0,0,0
ITG2A,,,IT,Ogliastra,0,0,0,0,0,0,0,0,0,0,0,0,0,0,0,0,0,0,0,0,0,0
ITG2B,,,IT,Medio Campidano,0,0,0,0,0,0,0,0,0,0,0,0,0,0,0,0,0,0,0,0,0,0
ITG2C,,,IT,Carbonia-Iglesias,0,0,0,0,0,0,0,0,0,0,0,0,0,0,0,0,0,0,0,0,0,0
ITH10,,,IT,Bolzano-Bozen,0,0,0,0,0,0,0,0,0,0,0,0,0,0,0,0,0,0,0,0,0,0
ITH20,,,IT,Trento,0,0,0,0,0,0,0,0,0,0,0,0,0,0,0,0,0,0,0,0,0,0
ITH31,,,IT,Verona,0,0,0,0,0,0,0,0,0,0,0,0,0,0,0,0,0,0,0,0,0,0
ITH32,,,IT,Vicenza,0,0,0,0,0,0,0,0,0,0,0,0,0,0,0,0,0,0,0,0,0,0
ITH33,,,IT,Belluno,0,0,0,0,0,0,0,0,0,0,0,0,0,0,0,0,0,0,0,0,0,0
ITH34,,,IT,Treviso,0,0,0,0,0,0,0,0,0,0,0,0,0,0,0,0,0,0,0,0,0,0
ITH35,,,IT,Venezia,0,0,0,0,0,0,0,0,0,0,0,0,0,0,0,0,0,0,0,0,0,0
ITH36,,,IT,Padova,0,0,0,0,0,0,0,0,0,0,0,0,0,0,0,0,0,0,0,0,0,0
ITH37,,,IT,Rovigo,0,0,0,0,0,0,0,0,0,0,0,0,0,0,0,0,0,0,0,0,0,0
ITH41,,,IT,Pordenone,0,0,0,0,0,0,0,0,0,0,0,0,0,0,0,0,0,0,0,0,0,0
ITH42,,,IT,Udine,0,0,0,0,0,0,0,0,0,0,0,0,0,0,0,0,0,0,0,0,0,0
ITH43,,,IT,Gorizia,0,0,0,0,0,0,0,0,0,0,0,0,0,0,0,0,0,0,0,0,0,0
ITH44,,,IT,Trieste,0,0,0,0,0,0,0,0,0,0,0,0,0,0,0,0,0,0,0,0,0,0
ITH51,,,IT,Piacenza,0,0,0,0,0,0,0,0,0,0,0,0,0,0,0,0,0,0,0,0,0,0
ITH52,,,IT,Parma,0,0,0,0,0,0,0,0,0,0,0,0,0,0,0,0,0,0,0,0,0,0
ITH53,,,IT,Reggio nell'Emilia,0,0,0,0,0,0,0,0,0,0,0,0,0,0,0,0,0,0,0,0,0,0
ITH54,,,IT,Modena,0,0,0,0,0,0,0,0,0,0,0,0,0,0,0,0,0,0,0,0,0,0
ITH55,,,IT,Bologna,0,0,0,0,0,0,0,0,0,0,0,0,0,0,0,0,0,0,0,0,0,0
ITH56,,,IT,Ferrara,0,0,0,0,0,0,0,0,0,0,0,0,0,0,0,0,0,0,0,0,0,0
ITH57,,,IT,Ravenna,0,0,0,0,0,0,0,0,0,0,0,0,0,0,0,0,0,0,0,0,0,0
ITH58,,,IT,Forl├¼-Cesena,0,0,0,0,0,0,0,0,0,0,0,0,0,0,0,0,0,0,0,0,0,0
ITH59,,,IT,Rimini,0,0,0,0,0,0,0,0,0,0,0,0,0,0,0,0,0,0,0,0,0,0
ITI11,,,IT,Massa-Carrara,0,0,0,0,0,0,0,0,0,0,0,0,0,0,0,0,0,0,0,0,0,0
ITI12,,,IT,Lucca,0,0,0,0,0,0,0,0,0,0,0,0,0,0,0,0,0,0,0,0,0,0
ITI13,,,IT,Pistoia,0,0,0,0,0,0,0,0,0,0,0,0,0,0,0,0,0,0,0,0,0,0
ITI14,,,IT,Firenze,0,0,0,0,0,0,0,0,0,0,0,0,0,0,0,0,0,0,0,0,0,0
ITI15,,,IT,Prato,0,0,0,0,0,0,0,0,0,0,0,0,0,0,0,0,0,0,0,0,0,0
ITI16,,,IT,Livorno,0,0,0,0,0,0,0,0,0,0,0,0,0,0,0,0,0,0,0,0,0,0
ITI17,,,IT,Pisa,0,0,0,0,0,0,0,0,0,0,0,0,0,0,0,0,0,0,0,0,0,0
ITI18,,,IT,Arezzo,0,0,0,0,0,0,0,0,0,0,0,0,0,0,0,0,0,0,0,0,0,0
ITI19,,,IT,Siena,0,0,0,0,0,0,0,0,0,0,0,0,0,0,0,0,0,0,0,0,0,0
ITI1A,,,IT,Grosseto,0,0,0,0,0,0,0,0,0,0,0,0,0,0,0,0,0,0,0,0,0,0
ITI21,,,IT,Perugia,0,0,0,0,0,0,0,0,0,0,0,0,0,0,0,0,0,0,0,0,0,0
ITI22,,,IT,Terni,0,0,0,0,0,0,0,0,0,0,0,0,0,0,0,0,0,0,0,0,0,0
ITI31,,,IT,Pesaro e Urbino,0,0,0,0,0,0,0,0,0,0,0,0,0,0,0,0,0,0,0,0,0,0
ITI32,,,IT,Ancona,0,0,0,0,0,0,0,0,0,0,0,0,0,0,0,0,0,0,0,0,0,0
ITI33,,,IT,Macerata,0,0,0,0,0,0,0,0,0,0,0,0,0,0,0,0,0,0,0,0,0,0
ITI34,,,IT,Ascoli Piceno,0,0,0,0,0,0,0,0,0,0,0,0,0,0,0,0,0,0,0,0,0,0
ITI35,,,IT,Fermo,0,0,0,0,0,0,0,0,0,0,0,0,0,0,0,0,0,0,0,0,0,0
ITI41,,,IT,Viterbo,0,0,0,0,0,0,0,0,0,0,0,0,0,0,0,0,0,0,0,0,0,0
ITI42,,,IT,Rieti,0,0,0,0,0,0,0,0,0,0,0,0,0,0,0,0,0,0,0,0,0,0
ITI43,,,IT,Roma,0,0,0,0,0,0,0,0,0,0,0,0,0,0,0,0,0,0,0,0,0,0
ITI44,,,IT,Latina,0,0,0,0,0,0,0,0,0,0,0,0,0,0,0,0,0,0,0,0,0,0
ITI45,,,IT,Frosinone,0,0,0,0,0,0,0,0,0,0,0,0,0,0,0,0,0,0,0,0,0,0
LI000,,,LI,Liechtenstein,0,0,0,0,0,0,0,0,0,0,0,0,0,0,0,0,0,0,0,0,0,0
LT001,,,LT,Alytaus apskritis,0,0,0,0,0,0,0,0,0,0,0,0,0,0,0,0,0,0,0,0,0,0
LT002,,,LT,Kauno apskritis,0,0,0,0,0,0,0,0,0,0,0,0,0,0,0,0,0,0,0,0,0,0
LT003,,,LT,Klaip─ùdos apskritis,0,0,0,0,0,0,0,0,0,0,0,0,0,0,0,0,0,0,0,0,0,0
LT004,,,LT,Marijampol─ùs apskritis,0,0,0,0,0,0,0,0,0,0,0,0,0,0,0,0,0,0,0,0,0,0
LT005,,,LT,Panev─ù┼¥io apskritis,0,0,0,0,0,0,0,0,0,0,0,0,0,0,0,0,0,0,0,0,0,0
LT006,,,LT,┼áiauli┼│ apskritis,0,0,0,0,0,0,0,0,0,0,0,0,0,0,0,0,0,0,0,0,0,0
LT007,,,LT,Taurag─ùs apskritis,0,0,0,0,0,0,0,0,0,0,0,0,0,0,0,0,0,0,0,0,0,0
LT008,,,LT,Tel┼íi┼│ apskritis,0,0,0,0,0,0,0,0,0,0,0,0,0,0,0,0,0,0,0,0,0,0
LT009,,,LT,Utenos apskritis,0,0,0,0,0,0,0,0,0,0,0,0,0,0,0,0,0,0,0,0,0,0
LT00A,,,LT,Vilniaus apskritis,0,0,0,0,0,0,0,0,0,0,0,0,0,0,0,0,0,0,0,0,0,0
LU000,,,LU,Luxembourg,0,0,0,0,0,0,0,0,0,0,0,0,0,0,0,0,0,0,0,0,0,0
LV003,,,LV,Kurzeme,0,0,0,0,0,0,0,0,0,0,0,0,0,0,0,0,0,0,0,0,0,0
LV005,,,LV,Latgale,0,0,0,0,0,0,0,0,0,0,0,0,0,0,0,0,0,0,0,0,0,0
LV006,,,LV,R─½ga,0,0,0,0,0,0,0,0,0,0,0,0,0,0,0,0,0,0,0,0,0,0
LV007,,,LV,Pier─½ga,0,0,0,0,0,0,0,0,0,0,0,0,0,0,0,0,0,0,0,0,0,0
LV008,,,LV,Vidzeme,0,0,0,0,0,0,0,0,0,0,0,0,0,0,0,0,0,0,0,0,0,0
LV009,,,LV,Zemgale,0,0,0,0,0,0,0,0,0,0,0,0,0,0,0,0,0,0,0,0,0,0
ME000,,,ME,Crna Gora,0,0,0,0,0,0,0,0,0,0,0,0,0,0,0,0,0,0,0,0,0,0
MK001,,,MK,Vardarski,0,0,0,0,0,0,0,0,0,0,0,0,0,0,0,0,0,0,0,0,0,0
MK002,,,MK,Isto─ìen,0,0,0,0,0,0,0,0,0,0,0,0,0,0,0,0,0,0,0,0,0,0
MK003,,,MK,Jugozapaden,0,0,0,0,0,0,0,0,0,0,0,0,0,0,0,0,0,0,0,0,0,0
MK004,,,MK,Jugoisto─ìen,0,0,0,0,0,0,0,0,0,0,0,0,0,0,0,0,0,0,0,0,0,0
MK005,,,MK,Pelagoniski,0,0,0,0,0,0,0,0,0,0,0,0,0,0,0,0,0,0,0,0,0,0
MK006,,,MK,Polo┼íki,0,0,0,0,0,0,0,0,0,0,0,0,0,0,0,0,0,0,0,0,0,0
MK007,,,MK,Severoisto─ìen,0,0,0,0,0,0,0,0,0,0,0,0,0,0,0,0,0,0,0,0,0,0
MK008,,,MK,Skopski,0,0,0,0,0,0,0,0,0,0,0,0,0,0,0,0,0,0,0,0,0,0
MT001,,,MT,Malta,0,0,0,0,0,0,0,0,0,0,0,0,0,0,0,0,0,0,0,0,0,0
MT002,,,MT,Gozo and Comino / G─ºawdex u Kemmuna,0,0,0,0,0,0,0,0,0,0,0,0,0,0,0,0,0,0,0,0,0,0
NL111,,,NL,Oost-Groningen,0,0,0,0,0,0,0,0,0,0,0,0,0,0,0,0,0,0,0,0,0,0
NL112,,,NL,Delfzijl en omgeving,0,0,0,0,0,0,0,0,0,0,0,0,0,0,0,0,0,0,0,0,0,0
NL113,,,NL,Overig Groningen,0,0,0,0,0,0,0,0,0,0,0,0,0,0,0,0,0,0,0,0,0,0
NL121,,,NL,Noord-Friesland,0,0,0,0,0,0,0,0,0,0,0,0,0,0,0,0,0,0,0,0,0,0
NL122,,,NL,Zuidwest-Friesland,0,0,0,0,0,0,0,0,0,0,0,0,0,0,0,0,0,0,0,0,0,0
NL123,,,NL,Zuidoost-Friesland,0,0,0,0,0,0,0,0,0,0,0,0,0,0,0,0,0,0,0,0,0,0
NL131,,,NL,Noord-Drenthe,0,0,0,0,0,0,0,0,0,0,0,0,0,0,0,0,0,0,0,0,0,0
NL132,,,NL,Zuidoost-Drenthe,0,0,0,0,0,0,0,0,0,0,0,0,0,0,0,0,0,0,0,0,0,0
NL133,,,NL,Zuidwest-Drenthe,0,0,0,0,0,0,0,0,0,0,0,0,0,0,0,0,0,0,0,0,0,0
NL211,,,NL,Noord-Overijssel,0,0,0,0,0,0,0,0,0,0,0,0,0,0,0,0,0,0,0,0,0,0
NL212,,,NL,Zuidwest-Overijssel,0,0,0,0,0,0,0,0,0,0,0,0,0,0,0,0,0,0,0,0,0,0
NL213,,,NL,Twente,0,0,0,0,0,0,0,0,0,0,0,0,0,0,0,0,0,0,0,0,0,0
NL221,,,NL,Veluwe,0,0,0,0,0,0,0,0,0,0,0,0,0,0,0,0,0,0,0,0,0,0
NL224,,,NL,Zuidwest-Gelderland,0,0,0,0,0,0,0,0,0,0,0,0,0,0,0,0,0,0,0,0,0,0
NL225,,,NL,Achterhoek,0,0,0,0,0,0,0,0,0,0,0,0,0,0,0,0,0,0,0,0,0,0
NL226,,,NL,Arnhem/Nijmegen,0,0,0,0,0,0,0,0,0,0,0,0,0,0,0,0,0,0,0,0,0,0
NL230,,,NL,Flevoland,0,0,0,0,0,0,0,0,0,0,0,0,0,0,0,0,0,0,0,0,0,0
NL310,,,NL,Utrecht,0,0,0,0,0,0,0,0,0,0,0,0,0,0,0,0,0,0,0,0,0,0
NL321,,,NL,Kop van Noord-Holland,0,0,0,0,0,0,0,0,0,0,0,0,0,0,0,0,0,0,0,0,0,0
NL322,,,NL,Alkmaar en omgeving,0,0,0,0,0,0,0,0,0,0,0,0,0,0,0,0,0,0,0,0,0,0
NL323,,,NL,IJmond,0,0,0,0,0,0,0,0,0,0,0,0,0,0,0,0,0,0,0,0,0,0
NL324,,,NL,Agglomeratie Haarlem,0,0,0,0,0,0,0,0,0,0,0,0,0,0,0,0,0,0,0,0,0,0
NL325,,,NL,Zaanstreek,0,0,0,0,0,0,0,0,0,0,0,0,0,0,0,0,0,0,0,0,0,0
NL326,,,NL,Groot-Amsterdam,0,0,0,0,0,0,0,0,0,0,0,0,0,0,0,0,0,0,0,0,0,0
NL327,,,NL,Het Gooi en Vechtstreek,0,0,0,0,0,0,0,0,0,0,0,0,0,0,0,0,0,0,0,0,0,0
NL332,,,NL,Agglomeratie 's-Gravenhage,0,0,0,0,0,0,0,0,0,0,0,0,0,0,0,0,0,0,0,0,0,0
NL333,,,NL,Delft en Westland,0,0,0,0,0,0,0,0,0,0,0,0,0,0,0,0,0,0,0,0,0,0
NL337,,,NL,Agglomeratie Leiden en Bollenstreek,0,0,0,0,0,0,0,0,0,0,0,0,0,0,0,0,0,0,0,0,0,0
NL338,,,NL,Oost-Zuid-Holland,0,0,0,0,0,0,0,0,0,0,0,0,0,0,0,0,0,0,0,0,0,0
NL339,,,NL,Groot-Rijnmond,0,0,0,0,0,0,0,0,0,0,0,0,0,0,0,0,0,0,0,0,0,0
NL33A,,,NL,Zuidoost-Zuid-Holland,0,0,0,0,0,0,0,0,0,0,0,0,0,0,0,0,0,0,0,0,0,0
NL341,,,NL,Zeeuwsch-Vlaanderen,0,0,0,0,0,0,0,0,0,0,0,0,0,0,0,0,0,0,0,0,0,0
NL342,,,NL,Overig Zeeland,0,0,0,0,0,0,0,0,0,0,0,0,0,0,0,0,0,0,0,0,0,0
NL411,,,NL,West-Noord-Brabant,0,0,0,0,0,0,0,0,0,0,0,0,0,0,0,0,0,0,0,0,0,0
NL412,,,NL,Midden-Noord-Brabant,0,0,0,0,0,0,0,0,0,0,0,0,0,0,0,0,0,0,0,0,0,0
NL413,,,NL,Noordoost-Noord-Brabant,0,0,0,0,0,0,0,0,0,0,0,0,0,0,0,0,0,0,0,0,0,0
NL414,,,NL,Zuidoost-Noord-Brabant,0,0,0,0,0,0,0,0,0,0,0,0,0,0,0,0,0,0,0,0,0,0
NL421,,,NL,Noord-Limburg,0,0,0,0,0,0,0,0,0,0,0,0,0,0,0,0,0,0,0,0,0,0
NL422,,,NL,Midden-Limburg,0,0,0,0,0,0,0,0,0,0,0,0,0,0,0,0,0,0,0,0,0,0
NL423,,,NL,Zuid-Limburg,0,0,0,0,0,0,0,0,0,0,0,0,0,0,0,0,0,0,0,0,0,0
NO011,,,NO,Oslo,0,0,0,0,0,0,0,0,0,0,0,0,0,0,0,0,0,0,0,0,0,0
NO012,,,NO,Akershus,0,0,0,0,0,0,0,0,0,0,0,0,0,0,0,0,0,0,0,0,0,0
NO021,,,NO,Hedmark,0,0,0,0,0,0,0,0,0,0,0,0,0,0,0,0,0,0,0,0,0,0
NO022,,,NO,Oppland,0,0,0,0,0,0,0,0,0,0,0,0,0,0,0,0,0,0,0,0,0,0
NO031,,,NO,├ÿstfold,0,0,0,0,0,0,0,0,0,0,0,0,0,0,0,0,0,0,0,0,0,0
NO032,,,NO,Buskerud,0,0,0,0,0,0,0,0,0,0,0,0,0,0,0,0,0,0,0,0,0,0
NO033,,,NO,Vestfold,0,0,0,0,0,0,0,0,0,0,0,0,0,0,0,0,0,0,0,0,0,0
NO034,,,NO,Telemark,0,0,0,0,0,0,0,0,0,0,0,0,0,0,0,0,0,0,0,0,0,0
NO041,,,NO,Aust-Agder,0,0,0,0,0,0,0,0,0,0,0,0,0,0,0,0,0,0,0,0,0,0
NO042,,,NO,Vest-Agder,0,0,0,0,0,0,0,0,0,0,0,0,0,0,0,0,0,0,0,0,0,0
NO043,,,NO,Rogaland,0,0,0,0,0,0,0,0,0,0,0,0,0,0,0,0,0,0,0,0,0,0
NO051,,,NO,Hordaland,0,0,0,0,0,0,0,0,0,0,0,0,0,0,0,0,0,0,0,0,0,0
NO052,,,NO,Sogn og Fjordane,0,0,0,0,0,0,0,0,0,0,0,0,0,0,0,0,0,0,0,0,0,0
NO053,,,NO,M├©re og Romsdal,0,0,0,0,0,0,0,0,0,0,0,0,0,0,0,0,0,0,0,0,0,0
NO061,,,NO,S├©r-Tr├©ndelag,0,0,0,0,0,0,0,0,0,0,0,0,0,0,0,0,0,0,0,0,0,0
NO062,,,NO,Nord-Tr├©ndelag,0,0,0,0,0,0,0,0,0,0,0,0,0,0,0,0,0,0,0,0,0,0
NO071,,,NO,Nordland,0,0,0,0,0,0,0,0,0,0,0,0,0,0,0,0,0,0,0,0,0,0
NO072,,,NO,Troms,0,0,0,0,0,0,0,0,0,0,0,0,0,0,0,0,0,0,0,0,0,0
NO073,,,NO,Finnmark,0,0,0,0,0,0,0,0,0,0,0,0,0,0,0,0,0,0,0,0,0,0
PL113,,,PL,Miasto ┼ü├│d┼║,0.0759356724609375,0.000372495344516089,0.00041183109272337,0.00694376874795685,0.000922946486149832,0.000884252908130307,0.00195843879206098,0.00420553443913029,0.00668375968259948,0.00085096448849261,0.000854222540552419,0.000693604924386744,0.0135354941515519,0.000562007528728764,0.000247636223987455,0.00220604971903863,0.00254740638968205,0.00102263340895871,0.00178177034086527,0.000148001801717716,0,0
PL114,,,PL,┼ü├│dzki,1.50915404419372,0.195859214892769,0.0106855179628888,0.180165526589509,0.0135607453238724,0.0129922250845451,0.0307478849455819,0.0617914281441469,0.116712455131075,0.0125031222083598,0.0125509923881568,0.0101910564438353,0.236358102155091,0.00825751122254385,0.00363849022327187,0.0324132318185417,0.0374287456589064,0.0150254336808009,0.0261793442856022,0.00217457325065581,0,0
PL115,,,PL,Piotrkowski,4.97134467757965,0.875562700600474,0.0427685568596443,0.721108662664025,0.0328975107743085,0.0315183166185302,0.0812613517395165,0.149902097899697,0.345705612683494,0.0303317839645525,0.0304479139941362,0.0247228586007337,0.7000994232061,0.0200322001427454,0.00882674723723237,0.0786324510573539,0.090799770527002,0.0364507521229411,0.0635094340414909,0.0052753772181708,0,0
PL116,,,PL,Sieradzki,6.53364511056883,2.27543807556193,0.0429318438189442,0.723861798366911,0.0517456054386409,0.0495762243843177,0.120724999726219,0.235786071036109,0.477217962594802,0.0477098871111418,0.0478925519556538,0.03888741902831,0.966429262639979,0.0315093239657485,0.013883888753101,0.123683637190711,0.142822024798262,0.0573346187264852,0.0998961331174292,0.00829781894272212,0,0
PL117,,,PL,Skierniewicki,1.23457011587128,0.441462123779608,0.00708383986154172,0.119438640537869,0.0110372518971726,0.0105745265129675,0.0249389144493229,0.0502927782525626,0.0941759598338838,0.0101764398651351,0.0102154019737924,0.00829462204196856,0.19071872929048,0.00672088659068779,0.00296141046531974,0.0263815148679848,0.0304637012322114,0.0122293791704292,0.0213076796652417,0.00176991103092908,0,0
PL121,,,PL,Ciechanowsko-p┼éocki,5.9362154323059,1.6190281206482,0.0558584942360645,0.941814431784164,0.0284358633162471,0.0272437191212248,0.0784298460780905,0.129571978741425,0.375653672372871,0.0262181071653461,0.0263184873330376,0.0213698791005911,0.760748190670198,0.0173153801541626,0.00762964042133602,0.0679681099834036,0.0784852653918373,0.0315072046712976,0.0548961165507516,0.00455991660118856,0,0
PL122,,,PL,Ostro┼é─Öcko-siedlecki,9.675988887438,5.46100975716088,0.0531691285363312,0.896469789702516,0.0737005073530306,0.0706106897155646,0.172936351764,0.335826644887651,0.688978182057688,0.067952492893652,0.068212659754238,0.0553867809206489,1.39527161308135,0.044878268269184,0.0197746192447189,0.176160791529102,0.203419316473177,0.0816608570566474,0.14228059814839,0.0118184618929114,0,0
PL127,,,PL,Miasto Warszawa,489.976802196936,0.908607153679682,1.29828666992311,21.8900480410218,7.75262266034931,7.4276019638455,15.6797122745666,35.325906843951,48.9099685445072,7.1479838491626,7.17535103524165,5.82618530415813,99.0491317200212,4.72078540618899,2.08010998515987,18.5305121134614,21.3978608707348,8.58997900582128,14.9666240973022,1.24319463694563,0,0
PL128,,,PL,Radomski,3.39024971015258,1.25204691933861,0.0211594965176134,0.356764346445782,0.0277517216270583,0.0265882593656305,0.0641385712081835,0.126454591679115,0.250237118019421,0.0255873227251501,0.0256852878349014,0.0208557387341447,0.506763140552615,0.0168987874417886,0.00744607802944715,0.0663328574483261,0.0765969794114037,0.0307491692290215,0.0535753646013823,0.00445020904592983,0,0
PL129,,,PL,Warszawski-wschodni,25.0435004182278,5.50615050002617,0.145948057792676,2.4607893392025,0.248328234752485,0.237917330035864,0.548716505184875,1.13154224988345,2.00266170891322,0.228960738716238,0.229837351097221,0.186621531229958,4.05565387383724,0.151213899853522,0.0666290703593324,0.593560342583226,0.68540586202985,0.275150025550243,0.479403616700673,0.0398214053710382,0,0
PL12A,,,PL,Warszawski-zachodni,34.4253879052074,5.37278550544606,0.20294602508726,3.4218161071912,0.355748714520973,0.340834317156413,0.779570230323939,1.62101865389344,2.80791210970743,0.32800333218355,0.329259144789711,0.267349260156285,5.6863920523598,0.216625187805211,0.0954511119272663,0.850319453505065,0.981895009181262,0.394172929983074,0.686781430826656,0.0570471327406059,0,0
PL213,,,PL,Miasto Krak├│w,140.88622507538,0.415817454112655,0.522234928295183,8.80525690813583,2.03228373923432,1.94708234283493,4.17517543658518,9.26038441414784,13.4299747818693,1.8737828450312,1.88095691885032,1.52728465890188,27.1974687523147,1.2375135277099,0.545283045991675,4.85761529972045,5.60926625829529,2.25178954512772,3.92337253040112,0.325892843758514,0,0
PL214,,,PL,Krakowski,22.490656883351,2.44509816277663,0.151345860772296,2.551800183939,0.216232430039286,0.207167108780001,0.482364135632092,0.985293237510003,1.78667891438213,0.199368134539952,0.200131446958016,0.162501163976492,3.61826025242647,0.131669880606346,0.0580174292682312,0.516844149355988,0.596818864587056,0.239587571302161,0.417441895449916,0.0346745880891939,0,0
PL215,,,PL,Nowos─àdecki,17.5995278794738,2.44521858660441,0.092933383004107,1.56692375089629,0.198481281494307,0.190160158800668,0.426787271138785,0.904407652418874,1.49009617804313,0.183001425019501,0.18370207490301,0.149160971203582,3.01764112729264,0.120860717479805,0.0532546099032029,0.474414911206303,0.547824269660632,0.219919131341777,0.383172877182475,0.0318280503899439,0,0
PL216,,,PL,O┼øwi─Öcimski,12.1203040266179,0.818283609750993,0.0942321136092586,1.58882128400491,0.103848429918395,0.0994946917704603,0.23869692350073,0.473199860474377,0.924081554245357,0.095749133208056,0.0961157239000202,0.0780432922841605,1.87138692398053,0.0632361684416495,0.0278636231221777,0.248221108246233,0.286630002825127,0.115065039518681,0.200481886166456,0.0166529207967354,0,0
PL217,,,PL,Tarnowski,11.7768257922656,1.58485219259139,0.0725214094956271,1.22276318061242,0.119646435508182,0.114630382295382,0.263319220477339,0.545185677176035,0.95498479610416,0.110315028357619,0.110737386881657,0.0899156756097378,1.93397006121283,0.0728560090430232,0.0321023937437632,0.285981895372803,0.330233766410097,0.13256937866886,0.23098031508635,0.0191862565057089,0,0
PL224,,,PL,Cz─Östochowski,8.25365292689483,0.943020703844508,0.0583276480643548,0.983446143157392,0.0753295125477988,0.0721714005503195,0.1701883685507,0.343249434346115,0.642562487616821,0.0694544495001509,0.0697203668390256,0.0566109971042504,1.30127371511979,0.0458702143869021,0.0202116984268188,0.180054480389896,0.207915501576269,0.083465810172062,0.145425431770609,0.0120796858180806,0,0
PL225,,,PL,Bielski,11.6844574607226,0.484114278411975,0.0935544438828811,1.57739528448569,0.0989729995963251,0.0948236588282785,0.228311406783478,0.450984281962802,0.888398274060006,0.0912539450986038,0.0916033252523172,0.0743793501914843,1.79912357921749,0.0602673846736697,0.0265554940232656,0.2365677330467,0.273173423769607,0.109663016752228,0.191069750926571,0.0158711068100701,0,0
PL227,,,PL,Rybnicki,7.45040266816359,0.255044781906687,0.0691308290240369,1.16559555259198,0.0510840361162139,0.0489423906723262,0.125248421659999,0.23277153811238,0.52803696506488,0.0470999145845547,0.0472802440528276,0.0383902420557069,1.06934443963418,0.0311064761890253,0.0137063827639995,0.122102337689856,0.140996040362048,0.056601593679412,0.0986189576637967,0.0081917310458075,0,0
PL228,,,PL,Bytomski,1.29995428415955,0.0737195083898124,0.00804644082078621,0.13566878579804,0.0139564417035801,0.0133713323022917,0.0303775838817614,0.0635944739082001,0.108226155581106,0.0128679576266743,0.0129172246365414,0.0104884268349099,0.219172227231136,0.00849846164363944,0.0037446597128217,0.0333590351780848,0.038520899430732,0.0154638690004707,0.0269432456427569,0.00223802630888699,0,0
PL229,,,PL,Gliwicki,17.9339829340869,0.374665380228396,0.150673238389309,2.54045928626351,0.145533586276677,0.139432241009576,0.339789765333539,0.663144091582079,1.34453941489634,0.134183200936227,0.134696942531926,0.109370167848257,2.72286950026641,0.088619407948113,0.039048187852419,0.347858009033284,0.401684380576714,0.161252585805873,0.280956080898328,0.023337466800748,0,0
PL22A,,,PL,Katowicki,1.91061715425659,0.00623528145569871,0.0104665787175676,0.176474053273812,0.0231098877200346,0.0221410295501012,0.0490874066291875,0.105303427825459,0.167821383878232,0.0213075124916922,0.0213890916714367,0.0173673470403555,0.33986041806723,0.0140722469630026,0.00620062529912961,0.05523783022835,0.0637851452129522,0.0256059734929805,0.0446141928467125,0.00370585410030369,0,0
PL22B,,,PL,Sosnowiecki,22.1059471478156,0.986853679658759,0.168723147639935,2.84479375243783,0.197553484790185,0.189271259014944,0.449358229151704,0.900180017284822,1.71361124213562,0.182145988588899,0.182843363298811,0.148463721284474,3.47028858717722,0.120295756519802,0.0530056723148545,0.472197268375252,0.545263476280004,0.218891123845573,0.381381743379416,0.0316792708172401,0,0
PL22C,,,PL,Tyski,1.15236337473907,0.028955605648873,0.0110148729528749,0.185718688861269,0.0075611337801914,0.00724414105717842,0.0188011162924359,0.0344533610438429,0.0806208079456329,0.00697142947748352,0.00699812069724189,0.00568227920316967,0.163267760401745,0.00460418255441854,0.00202873150988585,0.0180728106143923,0.0208693361900654,0.0083778075210904,0.0145969502187069,0.0012124878736635,0,0
PL311,,,PL,Bialski,0.758133584489594,0.3858169759676,0.00266396329668855,0.0449163392761976,0.00808178977165071,0.00774296908403827,0.0174731017104946,0.0368258027139509,0.0615663357828241,0.00745147871771742,0.00748000788187548,0.00607355818305302,0.124679943249663,0.00492122432386991,0.00216842897410101,0.0193172955557306,0.0223063885212386,0.00895469926880367,0.0156020891051942,0.00129597919842336,0,0
PL312,,,PL,Che┼émsko-zamojski,1.92735444267974,0.904709519049692,0.00775741877886525,0.130795666070993,0.0198564413927402,0.0190239805992383,0.0432861990559821,0.0904786456949407,0.154603683788031,0.0183078073827929,0.0183779017173518,0.0149223446185433,0.31309283353937,0.0120911339107367,0.00532769152070657,0.0474613616422072,0.0548053721849286,0.0220011242861489,0.0383333366339622,0.00318413813360648,0,0
PL314,,,PL,Lubelski,2.82950446493682,0.337267912055214,0.0157403566240217,0.265393745976807,0.0313036986839829,0.0299913234536689,0.0676124713856002,0.142639670731977,0.237838429312095,0.0288622756988511,0.0289727794837482,0.023525090440839,0.481654162005431,0.0190616840753637,0.00839911073423181,0.0748228816328789,0.0864007212172366,0.0346847932990786,0.0604325415519804,0.00501979678690259,0,0
PL315,,,PL,Pu┼éawski,23.27371774139,6.67844926611566,0.148821418436859,2.50923626852672,0.201054086675234,0.192625101782117,0.458961730897467,0.916130998198868,1.75937186656123,0.185373573218377,0.186083305246241,0.151094463957234,3.56295988203192,0.122427369396608,0.0539449205220971,0.480564494342162,0.554925418487412,0.222769823740786,0.388139739327782,0.0322406201412352,0,0
PL323,,,PL,Kro┼ønie┼äski,15.795663242411,1.6308891457282,0.109859423694719,1.85230898394635,0.147865719316246,0.141666601780576,0.332042432097789,0.673770781169963,1.24231310861881,0.136333447379433,0.13685542153354,0.111122792713126,2.51584775854271,0.0900395079711412,0.0396739236111243,0.353432331612013,0.40812125497381,0.163836611203,0.285458319698966,0.0237114428620705,0,0
PL324,,,PL,Przemyski,10.8992149901921,1.71836150420953,0.0577778523380779,0.974176191351091,0.121001078507187,0.115928233286013,0.26097463145865,0.55135829700886,0.915829002651232,0.111564020692535,0.111991161181161,0.0909337054402818,1.85467441947077,0.0736808884651842,0.0324658586706673,0.289219796867851,0.33397268982894,0.134070335884455,0.233595485905362,0.0194034842730234,0,0
PL325,,,PL,Rzeszowski,31.9462760889795,1.64065433778913,0.207558141257541,3.49957970661583,0.331439245589613,0.317543997598093,0.727067367453788,1.51024916690587,2.62324107388108,0.305589795640389,0.306759794478891,0.249080414006433,5.31240886862923,0.201822482812189,0.0889286264054731,0.792214354335428,0.914798923530778,0.3672378091973,0.639851417663303,0.0531489162625837,0,0
PL326,,,PL,Tarnobrzeski,22.5038868637627,1.38731148924427,0.200510699446924,3.3807547634237,0.160300808456567,0.153580362654252,0.388209035611284,0.730432999855507,1.61176480872841,0.14779870503895,0.148364575744369,0.120467905558071,3.26403613807606,0.0976115761486013,0.0430103884721614,0.383154991935108,0.442443099206042,0.177614807218806,0.309464557708136,0.0257055082005338,0,0
PL331,,,PL,Kielecki,7.8332017197354,0.886486021335802,0.0478059711968994,0.806043095404966,0.0814786367229136,0.0780627290464952,0.178426156976701,0.37126877661244,0.641962286395842,0.0751239941453479,0.075411618232106,0.0612321348110717,1.30005822855203,0.0496145854131347,0.0218615729476133,0.194752270416092,0.224887577909731,0.0902790977371303,0.15729646356057,0.0130657467333776,0,0
PL332,,,PL,Sandomiersko-j─Ödrzejowski,11.9835698592087,4.42671571813853,0.0778000760121406,1.31176529880089,0.0941351605096901,0.0901886411478179,0.22000942149209,0.428939993160437,0.87178675538441,0.0867934164270643,0.0871257187416638,0.0707436583456019,1.76548306481252,0.0573214912440198,0.0252574510471545,0.225004209356018,0.259820599541457,0.104302645429079,0.181730186468827,0.0150953208766632,0,0
PL343,,,PL,Bia┼éostocki,1.38132954244354,0.250771202019769,0.00661898345477746,0.111600826816151,0.0159975463898827,0.0153268657831011,0.034182045156953,0.0728950521984154,0.118066320296702,0.0147498734597201,0.0148063456818365,0.0120223405372245,0.239099857529544,0.00974134648890378,0.00429230951144395,0.0382377345255735,0.0441545122110216,0.0177254322381212,0.030883647223163,0.00256533366158892,0,0
PL344,,,PL,┼üom┼╝y┼äski,0.870969952285765,0.425896491100309,0.00502985409284696,0.0848069615767299,0.00683516057504137,0.00654860352871722,0.0159349255904028,0.031145362842473,0.0629254581829612,0.00630207602476389,0.00632620451902095,0.00513670197023013,0.127432345216807,0.00416211748014571,0.00183394528344992,0.0163375713461528,0.0188655918676271,0.00757342236470686,0.0131954415238797,0.00109607230247561,0,0
PL345,,,PL,Suwalski,0.0349389909118652,0.0162280050901504,0.000202426393545146,0.00341305474524856,0.000280139275206261,0.000268394725479716,0.000649659544350555,0.00127649369417684,0.00254678478671455,0.000258290787830018,0.00025927969494036,0.000210527894859608,0.00515757481161094,0.000170584518302158,7.51643062124395E-05,0.000669595885172622,0.000773206887257685,0.000310396958313891,0.000540815593714692,4.4922558441477E-05,0,0
PL411,,,PL,Pilski,0,0,0,0,0,0,0,0,0,0,0,0,0,0,0,0,0,0,0,0,0,0
PL414,,,PL,Koni┼äski,6.46296421740417,1.8681641983272,0.0461655985142533,0.778385230882311,0.0493666072816645,0.0472969632675453,0.116502195024068,0.22494583400186,0.467732789949722,0.0455164306321845,0.0456906974818376,0.0370995744874316,0.947220538065666,0.0300606864823013,0.0132455785917781,0.117997296439055,0.136255798915108,0.0546986663373883,0.0953034200829428,0.00791632768748755,0,0
PL415,,,PL,Miasto Pozna┼ä,66.6600299926424,0.265281834685935,0.302116692557238,5.09390496512161,0.888743244144317,0.851483601713606,1.85217392946379,4.0496825946922,6.12000756355747,0.819428809257913,0.822566121984792,0.667900793712839,12.3938218185259,0.541180232886055,0.238459135363706,2.12429627661399,2.45300269614164,0.984735894320079,1.71574016134632,0.142517040122793,0,0
PL416,,,PL,Kaliski,8.37897844823181,1.78951709137636,0.0658920977022239,1.11098821057048,0.0610900609815663,0.0585289232815155,0.146380424230043,0.278365386511519,0.599558133361553,0.0563255543796735,0.0565412056682386,0.045909885094922,1.21418423058478,0.0371994202452231,0.0163911041990603,0.146018987976903,0.168613472206496,0.067688363575321,0.117935828796183,0.00979627662924885,0,0
PL417,,,PL,Leszczy┼äski,6.51447442324584,1.6357185698621,0.0463816246840753,0.782027587647633,0.051924010603294,0.0497471500967369,0.121198603620144,0.236598999061002,0.479401591791752,0.0478743781861518,0.0480576728107462,0.039021492566263,0.970851399525212,0.0316179597828882,0.0139317567302563,0.124110065666537,0.143314437373866,0.0575322933310726,0.100240548569252,0.008326427628275,0,0
PL418,,,PL,Pozna┼äski,98.0393552296728,12.9509620224693,0.731785696604191,12.3384337415611,0.829719574956503,0.794934438884491,1.91066896784957,3.7807330107042,7.41643864053646,0.765008485638834,0.767937441554282,0.623543825872998,15.0192655947322,0.505239095502102,0.222622465759459,1.98321642985972,2.29009263116187,0.919337112335889,1.60179355149832,0.133052125834828,0,0
PL422,,,PL,Koszali┼äski,0,0,0,0,0,0,0,0,0,0,0,0,0,0,0,0,0,0,0,0,0,0
PL423,,,PL,Stargardzki,0.000523808541870117,0.000130034000992053,3.23096393712769E-06,5.4476378323073E-05,4.84167578780433E-06,4.63869353189676E-06,1.08742107102312E-05,2.20617712665616E-05,4.06958112453377E-05,4.46406614255976E-06,4.48115752544068E-06,3.6385751710419E-06,8.24143807171855E-05,2.94822970263529E-06,1.29907240328201E-06,1.15726942695439E-05,1.3363413831362E-05,5.36462242422082E-06,9.34697130142687E-06,7.76401178921388E-07,0,0
PL424,,,PL,Miasto Szczecin,28.8698441032057,0.100333576334404,0.119118790223911,2.00842857051303,0.400425575951934,0.383638147323495,0.828434193643939,1.82459500658531,2.70045863198409,0.369195777363823,0.370609301757824,0.300924436571907,5.4687845996151,0.243830158906965,0.107438382511639,0.957107202400942,1.10520673308732,0.443675313699071,0.77303118399784,0.0642114224216456,0,0
PL425,,,PL,Szczeci┼äski,2.08630191910765,0.366549469921694,0.0134810051196198,0.227299452845198,0.0196820259569747,0.0188568773504445,0.0440491829066593,0.0896838974263952,0.163971315278057,0.0181469948716575,0.0182164735100971,0.0147912694078443,0.332063521784975,0.0119849275493737,0.0052808940296643,0.0470444695159133,0.0543239715813231,0.0218078703387874,0.037996623449504,0.00315616923277848,0,0
PL431,,,PL,Gorzowski,7.4686509754367,1.16798494181117,0.0537369669008238,0.906043953380107,0.0644089019095602,0.0617086252319968,0.147510456417189,0.293488148264368,0.5681220512398,0.0593855538650826,0.0596129208453849,0.0484040323130514,1.15052202160165,0.0392203538704939,0.0172815840348435,0.153951764369256,0.177773739581887,0.0713656706163222,0.124342930854958,0.010328479139718,0,0
PL432,,,PL,Zielonog├│rski,23.0813634563685,2.9431057202848,0.175737245170881,2.96305648706632,0.191645297999914,0.183610766852643,0.44361819365742,0.873258539829558,1.73459378676467,0.176698590256115,0.177375108740416,0.144023650799973,3.51278100515728,0.116698098901407,0.0514204438218585,0.458075372897784,0.528956406469537,0.21234479717467,0.369975846993039,0.0307318461258123,0,0
PL514,,,PL,Miasto Wroc┼éaw,110.553373359338,0.321223031020483,0.44860343988834,7.56377699780662,1.54379298868906,1.47907106239079,3.19003770224644,7.03450815215057,10.3747862512571,1.42339022973971,1.42883990423568,1.1601782283774,21.0103093612239,0.940058059120322,0.414215853328688,3.69001251974909,4.26099257405313,1.71053718762776,2.98032941341669,0.24755947092697,0,0
PL515,,,PL,Jeleniog├│rski,0.358069056057128,0.0376735913562211,0.00260573782384082,0.04393461588076,0.00319481409693326,0.00306087481619202,0.00726074793668729,0.0145576161921597,0.0276539280339317,0.00294564569519845,0.0029569235653734,0.0024009396247632,0.0560028485382554,0.00194541027276179,0.0008572021359622,0.00763632436623861,0.00881794336562745,0.00353988414275822,0.00616766528495113,0.000512313822735025,0,0
PL516,,,PL,Legnicko-G┼éogowski,5.00322261629333,0.257653931206058,0.0515921337595902,0.869880522306475,0.0268292464140587,0.0257044579730104,0.0714186421085665,0.122251204661848,0.330224061437697,0.0247367927544992,0.024831501475811,0.0201624879769633,0.668747241754994,0.0163370668842574,0.00719856825298957,0.0641279341781295,0.0740508737734468,0.0297270579951567,0.0517945040646433,0.00430228281660594,0,0
PL517,,,PL,Wa┼ébrzyski,20.0236977289516,1.72295730411167,0.156516962795676,2.63898868732518,0.167517552945497,0.160494552585447,0.387336226831534,0.763317103042471,1.51216498994392,0.154452604668844,0.155043950880806,0.125891372238619,3.06233337964763,0.102006050580819,0.0449467167225413,0.400404634672891,0.462361893306979,0.185611028157991,0.323396656135228,0.0268627705152252,0,0
PL518,,,PL,Wroc┼éawski,14.7854744270847,1.52731526823688,0.125359400559527,2.11364975410574,0.108810947079146,0.104249160525573,0.260706987871198,0.495812262317278,1.06772447963006,0.100324616121427,0.100708724772991,0.0817726811400729,2.16228277733059,0.0662579817836367,0.0291951185334532,0.260082640580429,0.300326948546151,0.120563555323519,0.210062144638371,0.0174486998498743,0,0
PL521,,,PL,Nyski,3.7208630262213,0.698571839493542,0.0250051629442476,0.421605051337064,0.033482235924199,0.0320785277705382,0.0757991563196196,0.152566479629508,0.287052286546141,0.0308709055122828,0.0309890996539333,0.0251622862917895,0.581318708368605,0.0203882553869085,0.00898363512874323,0.0800300756997229,0.0924136588784846,0.0370986331022934,0.0646382599758949,0.00536914254150442,0,0
PL522,,,PL,Opolski,15.8471119200119,1.47370303978307,0.117490383646575,1.9809724631417,0.14008314233962,0.134210301304221,0.319204452605967,0.638308383304493,1.22044399374326,0.129157845396597,0.129652346624234,0.105274096394963,2.47155991898017,0.0853004825569799,0.0375857765686852,0.334830221944416,0.386640717785622,0.15521344253231,0.270433868075233,0.0224634448125276,0,0
PL613,,,PL,Bydgosko-Toru┼äski,14.2992488196442,0.73964208966498,0.0852093349422525,1.43669073914152,0.158419349848121,0.151777782254401,0.342473891717725,0.721859871193815,1.20650439632368,0.146063984243777,0.146623213296416,0.11905396772372,2.44333039722778,0.0964659041959951,0.0425055733909231,0.378657882626138,0.437250122415945,0.175530133340696,0.305832356712302,0.025403801364779,0,0
PL614,,,PL,Grudzi─àdzki,10.1157341456296,2.70685485241948,0.0790962073918075,1.33361900709635,0.0700088360921563,0.0670737879587717,0.170152611521585,0.319005029703525,0.709621463436483,0.0645487406790488,0.0647958757362355,0.0526124474092434,1.43707697827108,0.0426303079883469,0.0187841051196156,0.167336866772848,0.193230007450736,0.0775704504914612,0.135153738184612,0.011226473076487,0,0
PL615,,,PL,W┼éoc┼éawski,2.64803211987122,0.775316460284774,0.0167889006601594,0.283072953393719,0.0229414671343169,0.0219796698234596,0.0523247641355851,0.104535995927593,0.200327916139311,0.021152227283148,0.021233211928925,0.017240777028578,0.405690429647767,0.0139696910309018,0.00615543628924143,0.054835267142214,0.0633202908767045,0.0254193618959964,0.044289052864139,0.00367884652130899,0,0
PL621,,,PL,Elbl─àski,0.0363473993115234,0.00896391362997849,0.000252596913330084,0.00425896583235874,0.000299130122458502,0.000286589401078629,0.00069224114346744,0.00136302813939774,0.00270574190459998,0.00027580051007346,0.000276856455923248,0.000224799735502698,0.00547948392289863,0.000182148568106628,8.02597497451255E-05,0.000714988282103326,0.000825623150130785,0.000331438996130828,0.000577477880087439,4.79678916776462E-05,0,0
PL622,,,PL,Olszty┼äski,0.295993977213134,0.0715971671401218,0.00161587756481486,0.0272448591991639,0.00302660507600257,0.00289971778470236,0.00663760772374893,0.013791148318765,0.0239381836644279,0.00279055555118235,0.00280123963422517,0.00227452860636223,0.0484779765245269,0.00184298316828523,0.000812069891125698,0.00723426696753513,0.00835367296517496,0.0033535069615529,0.00584293373327627,0.00048534016983477,0,0
PL623,,,PL,E┼écki,0,0,0,0,0,0,0,0,0,0,0,0,0,0,0,0,0,0,0,0,0,0
PL631,,,PL,S┼éupski,0,0,0,0,0,0,0,0,0,0,0,0,0,0,0,0,0,0,0,0,0,0
PL633,,,PL,Tr├│jmiejski,0.529150642098083,0.00204891180173138,0.00270953389565688,0.0456846923863268,0.00664636071338988,0.00636771890623346,0.0140111737520736,0.0302850699303773,0.0472680526297756,0.00612800095095549,0.00615146297127568,0.00499481669764917,0.0957240356189378,0.00404715204578589,0.00178328830004911,0.0158862972062097,0.0183444890938916,0.00736423033783538,0.0128309588600435,0.00106579674467481,0,0
PL634,,,PL,Gda┼äski,4.90076095307465,0.702525155794462,0.0310251120062717,0.523105726977533,0.0483357351682717,0.046309309402606,0.107098131178128,0.220248521383771,0.392560432644717,0.0445659577999684,0.0447365856141381,0.0363248622099679,0.794986608214896,0.0294329600674143,0.0129689847898562,0.115533280192998,0.133410509130695,0.053556450315832,0.0933132967286292,0.0077510191539894,0,0
PL635,,,PL,Starogardzki,5.37111688730163,1.022447041114,0.0434024048266377,0.731795795767695,0.038621070555305,0.037001922068199,0.0929737095247805,0.175982296626944,0.383094607411793,0.0356089546288134,0.0357452891404703,0.0290241797593221,0.775817064699829,0.0235174332914926,0.0103624383668938,0.0923130464507453,0.106597254971263,0.0427925103267524,0.0745589035556891,0.00619319550182915,0,0
PT111,,,PT,Minho-Lima,0,0,0,0,0,0,0,0,0,0,0,0,0,0,0,0,0,0,0,0,0,0
PT112,,,PT,C├ívado,0,0,0,0,0,0,0,0,0,0,0,0,0,0,0,0,0,0,0,0,0,0
PT113,,,PT,Ave,0,0,0,0,0,0,0,0,0,0,0,0,0,0,0,0,0,0,0,0,0,0
PT114,,,PT,Grande Porto,0,0,0,0,0,0,0,0,0,0,0,0,0,0,0,0,0,0,0,0,0,0
PT115,,,PT,T├ómega,0,0,0,0,0,0,0,0,0,0,0,0,0,0,0,0,0,0,0,0,0,0
PT116,,,PT,Entre Douro e Vouga,0,0,0,0,0,0,0,0,0,0,0,0,0,0,0,0,0,0,0,0,0,0
PT117,,,PT,Douro,0,0,0,0,0,0,0,0,0,0,0,0,0,0,0,0,0,0,0,0,0,0
PT118,,,PT,Alto Tr├ís-os-Montes,0,0,0,0,0,0,0,0,0,0,0,0,0,0,0,0,0,0,0,0,0,0
PT150,,,PT,Algarve,0,0,0,0,0,0,0,0,0,0,0,0,0,0,0,0,0,0,0,0,0,0
PT161,,,PT,Baixo Vouga,0,0,0,0,0,0,0,0,0,0,0,0,0,0,0,0,0,0,0,0,0,0
PT162,,,PT,Baixo Mondego,0,0,0,0,0,0,0,0,0,0,0,0,0,0,0,0,0,0,0,0,0,0
PT163,,,PT,Pinhal Litoral,0,0,0,0,0,0,0,0,0,0,0,0,0,0,0,0,0,0,0,0,0,0
PT164,,,PT,Pinhal Interior Norte,0,0,0,0,0,0,0,0,0,0,0,0,0,0,0,0,0,0,0,0,0,0
PT165,,,PT,D├úo-Laf├Áes,0,0,0,0,0,0,0,0,0,0,0,0,0,0,0,0,0,0,0,0,0,0
PT166,,,PT,Pinhal Interior Sul,0,0,0,0,0,0,0,0,0,0,0,0,0,0,0,0,0,0,0,0,0,0
PT167,,,PT,Serra da Estrela,0,0,0,0,0,0,0,0,0,0,0,0,0,0,0,0,0,0,0,0,0,0
PT168,,,PT,Beira Interior Norte,0,0,0,0,0,0,0,0,0,0,0,0,0,0,0,0,0,0,0,0,0,0
PT169,,,PT,Beira Interior Sul,0,0,0,0,0,0,0,0,0,0,0,0,0,0,0,0,0,0,0,0,0,0
PT16A,,,PT,Cova da Beira,0,0,0,0,0,0,0,0,0,0,0,0,0,0,0,0,0,0,0,0,0,0
PT16B,,,PT,Oeste,0,0,0,0,0,0,0,0,0,0,0,0,0,0,0,0,0,0,0,0,0,0
PT16C,,,PT,M├®dio Tejo,0,0,0,0,0,0,0,0,0,0,0,0,0,0,0,0,0,0,0,0,0,0
PT171,,,PT,Grande Lisboa,0,0,0,0,0,0,0,0,0,0,0,0,0,0,0,0,0,0,0,0,0,0
PT172,,,PT,Pen├¡nsula de Set├║bal,0,0,0,0,0,0,0,0,0,0,0,0,0,0,0,0,0,0,0,0,0,0
PT181,,,PT,Alentejo Litoral,0,0,0,0,0,0,0,0,0,0,0,0,0,0,0,0,0,0,0,0,0,0
PT182,,,PT,Alto Alentejo,0,0,0,0,0,0,0,0,0,0,0,0,0,0,0,0,0,0,0,0,0,0
PT183,,,PT,Alentejo Central,0,0,0,0,0,0,0,0,0,0,0,0,0,0,0,0,0,0,0,0,0,0
PT184,,,PT,Baixo Alentejo,0,0,0,0,0,0,0,0,0,0,0,0,0,0,0,0,0,0,0,0,0,0
PT185,,,PT,Lez├¡ria do Tejo,0,0,0,0,0,0,0,0,0,0,0,0,0,0,0,0,0,0,0,0,0,0
PT200,,,PT,Regi├úo Aut├│noma dos A├ºores,0,0,0,0,0,0,0,0,0,0,0,0,0,0,0,0,0,0,0,0,0,0
PT300,,,PT,Regi├úo Aut├│noma da Madeira,0,0,0,0,0,0,0,0,0,0,0,0,0,0,0,0,0,0,0,0,0,0
RO111,,,RO,Bihor,0.189335514400634,0.0340928900317726,0.00154633712379216,0.0156735594089487,0.00146399659056682,0.000509175249303837,0.00657424262549334,0.0099693124377451,0.00454138847531505,0.00150591093050349,0.00269215364556896,0.00161364954325682,0.024729149261781,0.00129780464125367,0.00118810743750625,0.0333977190523584,0.00261650529814794,0.00144240913990386,0.00532731877814012,0.000896407618529959,0,0
RO112,,,RO,Bistri┼úa-N─âs─âud,0,0,0,0,0,0,0,0,0,0,0,0,0,0,0,0,0,0,0,0,0,0
RO113,,,RO,Cluj,0,0,0,0,0,0,0,0,0,0,0,0,0,0,0,0,0,0,0,0,0,0
RO114,,,RO,Maramure┼ƒ,0,0,0,0,0,0,0,0,0,0,0,0,0,0,0,0,0,0,0,0,0,0
RO115,,,RO,Satu Mare,5.49638049316405E-05,1.2592431836495E-05,4.93290948544785E-07,4.99996079053751E-06,3.86590507639416E-07,1.34455448444442E-07,1.76242456453625E-06,2.6325481773367E-06,1.29132522199722E-06,3.97658624913661E-07,7.10904008376722E-07,4.26108639937638E-07,7.03163235954098E-06,3.42705002396757E-07,3.13737791710207E-07,8.81917433800234E-06,6.90927914702726E-07,3.80890013823918E-07,1.40675933541676E-06,2.36710029608173E-07,0,0
RO116,,,RO,S─âlaj,0,0,0,0,0,0,0,0,0,0,0,0,0,0,0,0,0,0,0,0,0,0
RO121,,,RO,Alba,0,0,0,0,0,0,0,0,0,0,0,0,0,0,0,0,0,0,0,0,0,0
RO122,,,RO,Bra┼ƒov,0,0,0,0,0,0,0,0,0,0,0,0,0,0,0,0,0,0,0,0,0,0
RO123,,,RO,Covasna,0,0,0,0,0,0,0,0,0,0,0,0,0,0,0,0,0,0,0,0,0,0
RO124,,,RO,Harghita,0,0,0,0,0,0,0,0,0,0,0,0,0,0,0,0,0,0,0,0,0,0
RO125,,,RO,Mure┼ƒ,0,0,0,0,0,0,0,0,0,0,0,0,0,0,0,0,0,0,0,0,0,0
RO126,,,RO,Sibiu,0,0,0,0,0,0,0,0,0,0,0,0,0,0,0,0,0,0,0,0,0,0
RO211,,,RO,Bac─âu,0,0,0,0,0,0,0,0,0,0,0,0,0,0,0,0,0,0,0,0,0,0
RO212,,,RO,Boto┼ƒani,0,0,0,0,0,0,0,0,0,0,0,0,0,0,0,0,0,0,0,0,0,0
RO213,,,RO,Ia┼ƒi,0,0,0,0,0,0,0,0,0,0,0,0,0,0,0,0,0,0,0,0,0,0
RO214,,,RO,Neam┼ú,0,0,0,0,0,0,0,0,0,0,0,0,0,0,0,0,0,0,0,0,0,0
RO215,,,RO,Suceava,0,0,0,0,0,0,0,0,0,0,0,0,0,0,0,0,0,0,0,0,0,0
RO216,,,RO,Vaslui,0,0,0,0,0,0,0,0,0,0,0,0,0,0,0,0,0,0,0,0,0,0
RO221,,,RO,Br─âila,0.38081821843872,0.165566822615276,0.00249064041601851,0.0252449481592099,0.00276338121978721,0.000961098769336562,0.0125413259513343,0.0188176741272257,0.0090328969756149,0.00284249704599001,0.00508160119557831,0.003045860128286,0.0491866879018262,0.00244968396490906,0.00224262392484337,0.0630401943608927,0.00493881041046437,0.00272263361413738,0.0100556331607524,0.00169202305133839,0,0
RO222,,,RO,Buz─âu,0.387677438237914,0.115238874201225,0.00343048742720208,0.0347711683724216,0.00261243661385884,0.000908600520467765,0.011997826050914,0.0177897933609805,0.00903338532640517,0.00268723088387411,0.00480402809619583,0.00287948563261925,0.0491893471104909,0.00231587449335134,0.00212012472634079,0.0595967399336438,0.00466903699454028,0.00257391477106551,0.00950636273293682,0.00159959941073564,0,0
RO223,,,RO,Constan┼úa,53.095874590166,5.58241309829702,0.49026306295225,4.9692703647643,0.401082261653532,0.139495653121511,1.80720108147074,2.73123202979139,1.26544619872789,0.412565279008788,0.73755299694075,0.442081772932992,6.89071373241742,0.355551661836138,0.325498584622993,9.14977041469945,0.716828078269849,0.395168078798856,1.45949319681031,0.245583355398561,0,0
RO224,,,RO,Gala┼úi,0.491835779078063,0.11572389290336,0.00347259505914599,0.0351979682342942,0.0039531222193838,0.00137488844205844,0.0176521297881807,0.0269194004709881,0.0119145015752031,0.00406630042593297,0.00726942430253427,0.00435721907062455,0.0648778428523414,0.00350436633310257,0.00320815904933402,0.090181402138033,0.0070651566389505,0.00389483121554849,0.0143849667187084,0.00242050350203596,0,0
RO225,,,RO,Tulcea,0.126975909234009,0.036242386792458,0.0009449277018722,0.00957771772052853,0.000960421704983857,0.000334032855146633,0.00432864263147594,0.00654014094750647,0.0030342658193676,0.000987918655512726,0.00176612624033145,0.00105859812486387,0.0165224386231034,0.000851395252092919,0.000779430893614277,0.0219098148735571,0.00171649886054283,0.000946259748388077,0.00349486646134394,0.000588067854048576,0,0
RO226,,,RO,Vrancea,0.160124419236144,0.0455565824008351,0.00110766225405467,0.011227183178142,0.00125740614952266,0.000437323484074164,0.00563488372903445,0.00856250270424474,0.00385991608209739,0.00129340578854446,0.00231225302791698,0.00138594097277234,0.0210183386536898,0.00111466621391489,0.00102044882333746,0.0286848327291572,0.00224727972274583,0.00123886499075834,0.00457555942087777,0.000769911937829127,0,0
RO311,,,RO,Arge┼ƒ,0.00352046855712889,0.000364912126856049,3.79995588247826E-05,0.000385160734739058,2.36458670800448E-05,8.22398791299485E-06,0.000108595553493778,0.00016102020885929,8.17636024460287E-05,2.43228501531451E-05,4.34825515799424E-05,2.60629996404929E-05,0.000445226022847231,2.096160349053E-05,1.91898196519762E-05,0.000539426137039697,4.22607107782164E-05,2.32971955105463E-05,8.60446482816986E-05,1.44784048910198E-05,0,0
RO312,,,RO,C─âl─âra┼ƒi,1.36103902082245,0.696844241503225,0.00880472219858871,0.0892440169323763,0.00936866811572166,0.00325840507703679,0.04289807890332,0.0637974023798841,0.031947724337228,0.00963689383611364,0.0172281098087124,0.0103263539842028,0.173964426959696,0.0083051429499855,0.00760314903705269,0.21372464091772,0.0167440074104849,0.00923052185088131,0.0340915285599967,0.00573645152490422,0,0
RO313,,,RO,D├ómbovi┼úa,0.51689111730011,0.107869032782239,0.00506159158178481,0.0513039201738791,0.00346291784172188,0.00120439628530471,0.0159155110893643,0.0235812775335774,0.0120153206584803,0.00356206145757858,0.00636798401852004,0.00381690492289119,0.0654268313769629,0.00306980964042188,0.00281033335031872,0.0789985153820942,0.00618904643514794,0.00341185517631695,0.0126011681750016,0.00212035052244278,0,0
RO314,,,RO,Giurgiu,1.11019190772446,0.511274466281187,0.00483321767549972,0.0489891390485092,0.00921858459146017,0.0032062063107455,0.0409928428595248,0.0627753852831494,0.027185942910804,0.00948251340850189,0.0169521201584742,0.0101609285918656,0.148035175523472,0.00817209681065887,0.00748134864996765,0.210300830090584,0.0164757729494723,0.00908265139234429,0.0335453915114274,0.00564455512608014,0,0
RO315,,,RO,Ialomi┼úa,7.19233804238342,2.94185254551523,0.0401494813230235,0.406952191131295,0.0569090763347911,0.0197928692710953,0.254820668712342,0.387531204772382,0.173966661653242,0.0585383877596591,0.104650501447788,0.06272644733363,0.947297850862305,0.0504487946711378,0.0461845999441828,1.29824984238706,0.101709867838582,0.0560699200925103,0.207085722028602,0.034845524858947,0,0
RO316,,,RO,Prahova,0.910002485297241,0.08481180344759,0.0109090885206074,0.110573719271453,0.00557433051270179,0.00193874162467004,0.0260208776375107,0.0379592704453389,0.0207417242613798,0.0057339240428604,0.0102506756559905,0.00614415084279752,0.112944575870221,0.00494153610594501,0.00452385175206917,0.127165545034585,0.00996263612503696,0.0054921338834901,0.0202843611844602,0.00341317211528153,0,0
RO317,,,RO,Teleorman,0.0300299973046875,0.0120757602777072,0.000226650988083301,0.00229731775313571,0.000206750135318637,7.19073065967391E-05,0.000946361523407119,0.00140789719649521,0.000703899509507414,0.000212669408293407,0.00038019428057851,0.000227884589059074,0.0038329326219325,0.00018327999322216,0.000167788214166804,0.00471652938121631,0.00036951098652803,0.000203701488638371,0.000752340466749,0.000126593461778467,0,0
RO321,,,RO,Bucure┼ƒti,3.72509732718748,0.06751993125359,0.0165802089207912,0.168055778739572,0.0395158114794907,0.013743524603239,0.170100887983005,0.269089063054138,0.0969362136609887,0.0406471523349933,0.072665904154147,0.0435552046747698,0.527845197459834,0.0350300020310378,0.0320690839175385,0.901462461334709,0.0706240238282738,0.0389331286807622,0.143793589332493,0.0241955990135841,0,0
RO322,,,RO,Ilfov,3.62757493622406,0.190900306845456,0.0283538248395793,0.287392284163904,0.0312022991251368,0.010852100707245,0.137929055175783,0.212476907910034,0.0891551343800934,0.032095623454417,0.0573781277095373,0.0343918667954997,0.485475012217828,0.0276602342405111,0.0253222472625545,0.711808775159441,0.055765827257636,0.0307422037278695,0.113541653799978,0.0191052211676218,0,0
RO411,,,RO,Dolj,2.60877852746794,0.599533411867298,0.0222903352681115,0.225933199620375,0.0189473726857161,0.00658986043619604,0.0859307939152521,0.12902508065621,0.0617257301052347,0.0194898374870503,0.0348424571330831,0.0208842148111731,0.336114120463758,0.0167964791513379,0.0153767533026741,0.432240781034108,0.0338633992302982,0.0186679830507393,0.0689473561314467,0.0116015087303081,0,0
RO412,,,RO,Gorj,0.721068737602843,0.0776424830571335,0.008059706854822,0.0816925961771986,0.00467793388078329,0.00162697656901817,0.0216134457595493,0.0318551181888928,0.0166279483162524,0.00481186350339566,0.00860228557363329,0.00515612257484083,0.0905438982075322,0.0041468978418917,0.00379638045042798,0.106716315121622,0.00836056508759785,0.00460895512256302,0.0170224747561373,0.00286430692307146,0,0
RO413,,,RO,Mehedin┼úi,0.886216699718626,0.285939620926496,0.00461031608349911,0.0467298248984335,0.00760241099017753,0.00264410418451531,0.0336399915564737,0.0517697998271176,0.021840175071234,0.00782006862724703,0.0139801271356757,0.00837954616902553,0.118925952310765,0.00673939019485713,0.00616974185500802,0.173431542126889,0.0135872916389758,0.00749030917708077,0.0276643177231928,0.0046549692633864,0,0
RO414,,,RO,Olt,9.37287824500305,3.20565423112436,0.0835424444368653,0.846780075252205,0.0605987008251862,0.0210761137006518,0.280348009630691,0.412656276483418,0.216671145421138,0.0623336464954654,0.111435377919906,0.0667932333576398,1.17983588608739,0.0537195753676038,0.0491789172307731,1.38242014915752,0.108304092230565,0.0597051390008401,0.220511850175771,0.0371046882504576,0,0
RO415,,,RO,V├ólcea,0,0,0,0,0,0,0,0,0,0,0,0,0,0,0,0,0,0,0,0,0,0
RO421,,,RO,Arad,0,0,0,0,0,0,0,0,0,0,0,0,0,0,0,0,0,0,0,0,0,0
RO422,,,RO,Cara┼ƒ-Severin,7.52267227028687,1.4837800414279,0.0480635356395992,0.487168463888366,0.0647237703761089,0.0225108050998807,0.286195721507905,0.44074657904666,0.185236149761035,0.0665768171188454,0.119020997381931,0.0713399765943654,1.00866341230596,0.0573763696820009,0.0525266202549886,1.47652413465916,0.115676559082444,0.0637693820881046,0.23552251387633,0.0396304753979409,0,0
RO423,,,RO,Hunedoara,0,0,0,0,0,0,0,0,0,0,0,0,0,0,0,0,0,0,0,0,0,0
RO424,,,RO,Timi┼ƒ,0,0,0,0,0,0,0,0,0,0,0,0,0,0,0,0,0,0,0,0,0,0
SE110,,,SE,Stockholms l├ñn,0,0,0,0,0,0,0,0,0,0,0,0,0,0,0,0,0,0,0,0,0,0
SE121,,,SE,Uppsala l├ñn,0,0,0,0,0,0,0,0,0,0,0,0,0,0,0,0,0,0,0,0,0,0
SE122,,,SE,S├Âdermanlands l├ñn,0,0,0,0,0,0,0,0,0,0,0,0,0,0,0,0,0,0,0,0,0,0
SE123,,,SE,├ûsterg├Âtlands l├ñn,0,0,0,0,0,0,0,0,0,0,0,0,0,0,0,0,0,0,0,0,0,0
SE124,,,SE,├ûrebro l├ñn,0,0,0,0,0,0,0,0,0,0,0,0,0,0,0,0,0,0,0,0,0,0
SE125,,,SE,V├ñstmanlands l├ñn,0,0,0,0,0,0,0,0,0,0,0,0,0,0,0,0,0,0,0,0,0,0
SE211,,,SE,J├Ânk├Âpings l├ñn,0,0,0,0,0,0,0,0,0,0,0,0,0,0,0,0,0,0,0,0,0,0
SE212,,,SE,Kronobergs l├ñn,0,0,0,0,0,0,0,0,0,0,0,0,0,0,0,0,0,0,0,0,0,0
SE213,,,SE,Kalmar l├ñn,0,0,0,0,0,0,0,0,0,0,0,0,0,0,0,0,0,0,0,0,0,0
SE214,,,SE,Gotlands l├ñn,0,0,0,0,0,0,0,0,0,0,0,0,0,0,0,0,0,0,0,0,0,0
SE221,,,SE,Blekinge l├ñn,0,0,0,0,0,0,0,0,0,0,0,0,0,0,0,0,0,0,0,0,0,0
SE224,,,SE,Sk├Ñne l├ñn,0,0,0,0,0,0,0,0,0,0,0,0,0,0,0,0,0,0,0,0,0,0
SE231,,,SE,Hallands l├ñn,0,0,0,0,0,0,0,0,0,0,0,0,0,0,0,0,0,0,0,0,0,0
SE232,,,SE,V├ñstra G├Âtalands l├ñn,0,0,0,0,0,0,0,0,0,0,0,0,0,0,0,0,0,0,0,0,0,0
SE311,,,SE,V├ñrmlands l├ñn,0,0,0,0,0,0,0,0,0,0,0,0,0,0,0,0,0,0,0,0,0,0
SE312,,,SE,Dalarnas l├ñn,0,0,0,0,0,0,0,0,0,0,0,0,0,0,0,0,0,0,0,0,0,0
SE313,,,SE,G├ñvleborgs l├ñn,0,0,0,0,0,0,0,0,0,0,0,0,0,0,0,0,0,0,0,0,0,0
SE321,,,SE,V├ñsternorrlands l├ñn,0,0,0,0,0,0,0,0,0,0,0,0,0,0,0,0,0,0,0,0,0,0
SE322,,,SE,J├ñmtlands l├ñn,0,0,0,0,0,0,0,0,0,0,0,0,0,0,0,0,0,0,0,0,0,0
SE331,,,SE,V├ñsterbottens l├ñn,0,0,0,0,0,0,0,0,0,0,0,0,0,0,0,0,0,0,0,0,0,0
SE332,,,SE,Norrbottens l├ñn,0,0,0,0,0,0,0,0,0,0,0,0,0,0,0,0,0,0,0,0,0,0
SI011,,,SI,Pomurska,0,0,0,0,0,0,0,0,0,0,0,0,0,0,0,0,0,0,0,0,0,0
SI012,,,SI,Podravska,0,0,0,0,0,0,0,0,0,0,0,0,0,0,0,0,0,0,0,0,0,0
SI013,,,SI,Koro┼íka,0,0,0,0,0,0,0,0,0,0,0,0,0,0,0,0,0,0,0,0,0,0
SI014,,,SI,Savinjska,0,0,0,0,0,0,0,0,0,0,0,0,0,0,0,0,0,0,0,0,0,0
SI015,,,SI,Zasavska,0,0,0,0,0,0,0,0,0,0,0,0,0,0,0,0,0,0,0,0,0,0
SI016,,,SI,Spodnjeposavska,0,0,0,0,0,0,0,0,0,0,0,0,0,0,0,0,0,0,0,0,0,0
SI017,,,SI,Jugovzhodna Slovenija,0,0,0,0,0,0,0,0,0,0,0,0,0,0,0,0,0,0,0,0,0,0
SI018,,,SI,Notranjsko-kra┼íka,0,0,0,0,0,0,0,0,0,0,0,0,0,0,0,0,0,0,0,0,0,0
SI021,,,SI,Osrednjeslovenska,0,0,0,0,0,0,0,0,0,0,0,0,0,0,0,0,0,0,0,0,0,0
SI022,,,SI,Gorenjska,0,0,0,0,0,0,0,0,0,0,0,0,0,0,0,0,0,0,0,0,0,0
SI023,,,SI,Gori┼íka,0,0,0,0,0,0,0,0,0,0,0,0,0,0,0,0,0,0,0,0,0,0
SI024,,,SI,Obalno-kra┼íka,0,0,0,0,0,0,0,0,0,0,0,0,0,0,0,0,0,0,0,0,0,0
SK010,,,SK,Bratislavsk├¢ kraj,41.2684833118065,1.3020133908623,0.112003290594102,2.63564015169463,0.705591861954159,0.319951339831179,1.01618863364712,1.67435658456599,1.21923876860786,0.274391126497541,0.457630818869224,0.2463739645426,13.2079824521611,0.349119671492665,0.167339608936164,4.57716426521142,0.688991095427035,0.361250259387225,0.340583455850784,0.0781478177018374,0,0
SK021,,,SK,Trnavsk├¢ kraj,128.9926900229,9.05174745658695,0.69222323704672,16.2892656797748,1.38524001800457,0.628138480113484,2.45598820881415,3.28714922948041,3.20215351773946,0.538693243934327,0.898435140697578,0.483689075060535,34.6888473040604,0.685402661369793,0.328526355524589,8.98603208318079,1.35264887379943,0.709217811032842,0.668644095764034,0.15342224058608,0,0
SK022,,,SK,Tren─ìiansky kraj,117.983791201122,9.57608817018146,0.535479758837553,12.6008079345334,1.47352832775971,0.668172903015346,2.42632702694024,3.49665577391433,3.0796770123818,0.573026872305807,0.955696928521948,0.51451701125143,33.3620624484466,0.729086818402145,0.349464991618182,9.55875707936757,1.43885998610325,0.754419827268644,0.711260145167366,0.163200611210762,0,0
SK023,,,SK,Nitriansky kraj,138.009472156492,20.0435225652475,0.717643007289407,16.887438882929,1.42847285477848,0.647742453453264,2.57505306185115,3.38973996050356,3.37648228109297,0.55550566400848,0.926474974433881,0.498784835044092,36.5773463467123,0.706793828964047,0.338779543506251,9.26648287383647,1.39486455282494,0.731352240780042,0.689512234625374,0.158210492873435,0,0
SK031,,,SK,┼¢ilinsk├¢ kraj,159.218363370474,9.86319551554743,0.650237038113951,15.3012544245942,2.1824403979109,0.989629794594552,3.44565266089832,5.17889115181196,4.30176826954189,0.848709164017281,1.41548115884325,0.762050304438132,46.6009458362679,1.07984929511626,0.517592027920273,14.1574594874232,2.13109317374544,1.11736997314418,1.05344623852414,0.241716158529258,0,0
SK032,,,SK,Banskobystrick├¢ kraj,90.4578291895732,16.7969200591817,0.349659221472925,8.22811435839056,1.17064522268816,0.530830254233258,1.89080989304312,2.7779197047003,2.38213044561219,0.455241448636827,0.7592538417045,0.408758264002304,25.8055582995688,0.579223340880734,0.277632615014983,7.59395873088571,1.14310294353811,0.599349160824062,0.565060932554018,0.129654796758561,0,0
SK041,,,SK,Pre┼íovsk├¢ kraj,47.3685002373239,4.94402359421833,0.18007031691697,4.23738048121001,0.658965324140115,0.298808489339712,1.03245770655092,1.56371266303854,1.28498091017036,0.256258961253964,0.427389907895871,0.230093214163299,13.9201653932569,0.326049335166227,0.156281563875609,4.27469858469477,0.643461560441332,0.33737831614655,0.318077205085528,0.0729836960989205,0,0
SK042,,,SK,Ko┼íick├¢ kraj,152.408084581795,12.0001717682392,0.601708151854098,14.1592818944565,2.10968826306099,0.95664026583732,3.31487670951067,5.00625166630287,4.13045561410194,0.820417255744304,1.36829578038149,0.736647188474937,44.7451202136397,1.04385227929349,0.500337982839116,13.6855174345053,2.06005271000473,1.08012219719518,1.01832937445051,0.233658496758722,0,0
TR100,,,TR,─░stanbul,0,0,0,0,0,0,0,0,0,0,0,0,0,0,0,0,0,0,0,0,0,0
TR211,,,TR,Tekirda─ƒ,0,0,0,0,0,0,0,0,0,0,0,0,0,0,0,0,0,0,0,0,0,0
TR212,,,TR,Edirne,0,0,0,0,0,0,0,0,0,0,0,0,0,0,0,0,0,0,0,0,0,0
TR213,,,TR,K─▒rklareli,0,0,0,0,0,0,0,0,0,0,0,0,0,0,0,0,0,0,0,0,0,0
TR221,,,TR,Bal─▒kesir,0,0,0,0,0,0,0,0,0,0,0,0,0,0,0,0,0,0,0,0,0,0
TR222,,,TR,├çanakkale,0,0,0,0,0,0,0,0,0,0,0,0,0,0,0,0,0,0,0,0,0,0
TR310,,,TR,─░zmir,0,0,0,0,0,0,0,0,0,0,0,0,0,0,0,0,0,0,0,0,0,0
TR321,,,TR,Ayd─▒n,0,0,0,0,0,0,0,0,0,0,0,0,0,0,0,0,0,0,0,0,0,0
TR322,,,TR,Denizli,0,0,0,0,0,0,0,0,0,0,0,0,0,0,0,0,0,0,0,0,0,0
TR323,,,TR,Mu─ƒla,0,0,0,0,0,0,0,0,0,0,0,0,0,0,0,0,0,0,0,0,0,0
TR331,,,TR,Manisa,0,0,0,0,0,0,0,0,0,0,0,0,0,0,0,0,0,0,0,0,0,0
TR332,,,TR,Afyon,0,0,0,0,0,0,0,0,0,0,0,0,0,0,0,0,0,0,0,0,0,0
TR333,,,TR,K├╝tahya,0,0,0,0,0,0,0,0,0,0,0,0,0,0,0,0,0,0,0,0,0,0
TR334,,,TR,U┼ƒak,0,0,0,0,0,0,0,0,0,0,0,0,0,0,0,0,0,0,0,0,0,0
TR411,,,TR,Bursa,0,0,0,0,0,0,0,0,0,0,0,0,0,0,0,0,0,0,0,0,0,0
TR412,,,TR,Eski┼ƒehir,0,0,0,0,0,0,0,0,0,0,0,0,0,0,0,0,0,0,0,0,0,0
TR413,,,TR,Bilecik,0,0,0,0,0,0,0,0,0,0,0,0,0,0,0,0,0,0,0,0,0,0
TR421,,,TR,Kocaeli,0,0,0,0,0,0,0,0,0,0,0,0,0,0,0,0,0,0,0,0,0,0
TR422,,,TR,Sakarya,0,0,0,0,0,0,0,0,0,0,0,0,0,0,0,0,0,0,0,0,0,0
TR423,,,TR,D├╝zce,0,0,0,0,0,0,0,0,0,0,0,0,0,0,0,0,0,0,0,0,0,0
TR424,,,TR,Bolu,0,0,0,0,0,0,0,0,0,0,0,0,0,0,0,0,0,0,0,0,0,0
TR425,,,TR,Yalova,0,0,0,0,0,0,0,0,0,0,0,0,0,0,0,0,0,0,0,0,0,0
TR510,,,TR,Ankara,0,0,0,0,0,0,0,0,0,0,0,0,0,0,0,0,0,0,0,0,0,0
TR521,,,TR,Konya,0,0,0,0,0,0,0,0,0,0,0,0,0,0,0,0,0,0,0,0,0,0
TR522,,,TR,Karaman,0,0,0,0,0,0,0,0,0,0,0,0,0,0,0,0,0,0,0,0,0,0
TR611,,,TR,Antalya,0,0,0,0,0,0,0,0,0,0,0,0,0,0,0,0,0,0,0,0,0,0
TR612,,,TR,Isparta,0,0,0,0,0,0,0,0,0,0,0,0,0,0,0,0,0,0,0,0,0,0
TR613,,,TR,Burdur,0,0,0,0,0,0,0,0,0,0,0,0,0,0,0,0,0,0,0,0,0,0
TR621,,,TR,Adana,0,0,0,0,0,0,0,0,0,0,0,0,0,0,0,0,0,0,0,0,0,0
TR622,,,TR,─░├ºel,0,0,0,0,0,0,0,0,0,0,0,0,0,0,0,0,0,0,0,0,0,0
TR631,,,TR,Hatay,0,0,0,0,0,0,0,0,0,0,0,0,0,0,0,0,0,0,0,0,0,0
TR632,,,TR,Kahramanmara┼ƒ,0,0,0,0,0,0,0,0,0,0,0,0,0,0,0,0,0,0,0,0,0,0
TR633,,,TR,Osmaniye,0,0,0,0,0,0,0,0,0,0,0,0,0,0,0,0,0,0,0,0,0,0
TR711,,,TR,K─▒r─▒kkale,0,0,0,0,0,0,0,0,0,0,0,0,0,0,0,0,0,0,0,0,0,0
TR712,,,TR,Aksaray,0,0,0,0,0,0,0,0,0,0,0,0,0,0,0,0,0,0,0,0,0,0
TR713,,,TR,Ni─ƒde,0,0,0,0,0,0,0,0,0,0,0,0,0,0,0,0,0,0,0,0,0,0
TR714,,,TR,Nev┼ƒehir,0,0,0,0,0,0,0,0,0,0,0,0,0,0,0,0,0,0,0,0,0,0
TR715,,,TR,K─▒r┼ƒehir,0,0,0,0,0,0,0,0,0,0,0,0,0,0,0,0,0,0,0,0,0,0
TR721,,,TR,Kayseri,0,0,0,0,0,0,0,0,0,0,0,0,0,0,0,0,0,0,0,0,0,0
TR722,,,TR,Sivas,0,0,0,0,0,0,0,0,0,0,0,0,0,0,0,0,0,0,0,0,0,0
TR723,,,TR,Yozgat,0,0,0,0,0,0,0,0,0,0,0,0,0,0,0,0,0,0,0,0,0,0
TR811,,,TR,Zonguldak,0,0,0,0,0,0,0,0,0,0,0,0,0,0,0,0,0,0,0,0,0,0
TR812,,,TR,Karab├╝k,0,0,0,0,0,0,0,0,0,0,0,0,0,0,0,0,0,0,0,0,0,0
TR813,,,TR,Bart─▒n,0,0,0,0,0,0,0,0,0,0,0,0,0,0,0,0,0,0,0,0,0,0
TR821,,,TR,Kastamonu,0,0,0,0,0,0,0,0,0,0,0,0,0,0,0,0,0,0,0,0,0,0
TR822,,,TR,├çank─▒r─▒,0,0,0,0,0,0,0,0,0,0,0,0,0,0,0,0,0,0,0,0,0,0
TR823,,,TR,Sinop,0,0,0,0,0,0,0,0,0,0,0,0,0,0,0,0,0,0,0,0,0,0
TR831,,,TR,Samsun,0,0,0,0,0,0,0,0,0,0,0,0,0,0,0,0,0,0,0,0,0,0
TR832,,,TR,Tokat,0,0,0,0,0,0,0,0,0,0,0,0,0,0,0,0,0,0,0,0,0,0
TR833,,,TR,├çorum,0,0,0,0,0,0,0,0,0,0,0,0,0,0,0,0,0,0,0,0,0,0
TR834,,,TR,Amasya,0,0,0,0,0,0,0,0,0,0,0,0,0,0,0,0,0,0,0,0,0,0
TR901,,,TR,Trabzon,0,0,0,0,0,0,0,0,0,0,0,0,0,0,0,0,0,0,0,0,0,0
TR902,,,TR,Ordu,0,0,0,0,0,0,0,0,0,0,0,0,0,0,0,0,0,0,0,0,0,0
TR903,,,TR,Giresun,0,0,0,0,0,0,0,0,0,0,0,0,0,0,0,0,0,0,0,0,0,0
TR904,,,TR,Rize,0,0,0,0,0,0,0,0,0,0,0,0,0,0,0,0,0,0,0,0,0,0
TR905,,,TR,Artvin,0,0,0,0,0,0,0,0,0,0,0,0,0,0,0,0,0,0,0,0,0,0
TR906,,,TR,G├╝m├╝┼ƒhane,0,0,0,0,0,0,0,0,0,0,0,0,0,0,0,0,0,0,0,0,0,0
TRA11,,,TR,Erzurum,0,0,0,0,0,0,0,0,0,0,0,0,0,0,0,0,0,0,0,0,0,0
TRA12,,,TR,Erzincan,0,0,0,0,0,0,0,0,0,0,0,0,0,0,0,0,0,0,0,0,0,0
TRA13,,,TR,Bayburt,0,0,0,0,0,0,0,0,0,0,0,0,0,0,0,0,0,0,0,0,0,0
TRA21,,,TR,A─ƒr─▒,0,0,0,0,0,0,0,0,0,0,0,0,0,0,0,0,0,0,0,0,0,0
TRA22,,,TR,Kars,0,0,0,0,0,0,0,0,0,0,0,0,0,0,0,0,0,0,0,0,0,0
TRA23,,,TR,I─ƒd─▒r,0,0,0,0,0,0,0,0,0,0,0,0,0,0,0,0,0,0,0,0,0,0
TRA24,,,TR,Ardahan,0,0,0,0,0,0,0,0,0,0,0,0,0,0,0,0,0,0,0,0,0,0
TRB11,,,TR,Malatya,0,0,0,0,0,0,0,0,0,0,0,0,0,0,0,0,0,0,0,0,0,0
TRB12,,,TR,Elaz─▒─ƒ,0,0,0,0,0,0,0,0,0,0,0,0,0,0,0,0,0,0,0,0,0,0
TRB13,,,TR,Bing├Âl,0,0,0,0,0,0,0,0,0,0,0,0,0,0,0,0,0,0,0,0,0,0
TRB14,,,TR,Tunceli,0,0,0,0,0,0,0,0,0,0,0,0,0,0,0,0,0,0,0,0,0,0
TRB21,,,TR,Van,0,0,0,0,0,0,0,0,0,0,0,0,0,0,0,0,0,0,0,0,0,0
TRB22,,,TR,Mu┼ƒ,0,0,0,0,0,0,0,0,0,0,0,0,0,0,0,0,0,0,0,0,0,0
TRB23,,,TR,Bitlis,0,0,0,0,0,0,0,0,0,0,0,0,0,0,0,0,0,0,0,0,0,0
TRB24,,,TR,Hakkari,0,0,0,0,0,0,0,0,0,0,0,0,0,0,0,0,0,0,0,0,0,0
TRC11,,,TR,Gaziantep,0,0,0,0,0,0,0,0,0,0,0,0,0,0,0,0,0,0,0,0,0,0
TRC12,,,TR,Ad─▒yaman,0,0,0,0,0,0,0,0,0,0,0,0,0,0,0,0,0,0,0,0,0,0
TRC13,,,TR,Kilis,0,0,0,0,0,0,0,0,0,0,0,0,0,0,0,0,0,0,0,0,0,0
TRC21,,,TR,┼×anl─▒urfa,0,0,0,0,0,0,0,0,0,0,0,0,0,0,0,0,0,0,0,0,0,0
TRC22,,,TR,Diyarbak─▒r,0,0,0,0,0,0,0,0,0,0,0,0,0,0,0,0,0,0,0,0,0,0
TRC31,,,TR,Mardin,0,0,0,0,0,0,0,0,0,0,0,0,0,0,0,0,0,0,0,0,0,0
TRC32,,,TR,Batman,0,0,0,0,0,0,0,0,0,0,0,0,0,0,0,0,0,0,0,0,0,0
TRC33,,,TR,┼×─▒rnak,0,0,0,0,0,0,0,0,0,0,0,0,0,0,0,0,0,0,0,0,0,0
TRC34,,,TR,Siirt,0,0,0,0,0,0,0,0,0,0,0,0,0,0,0,0,0,0,0,0,0,0
UKC11,,,UK,Hartlepool and Stockton-on-Tees,0,0,0,0,0,0,0,0,0,0,0,0,0,0,0,0,0,0,0,0,0,0
UKC12,,,UK,South Teesside,0,0,0,0,0,0,0,0,0,0,0,0,0,0,0,0,0,0,0,0,0,0
UKC13,,,UK,Darlington,0,0,0,0,0,0,0,0,0,0,0,0,0,0,0,0,0,0,0,0,0,0
UKC14,,,UK,Durham CC,0,0,0,0,0,0,0,0,0,0,0,0,0,0,0,0,0,0,0,0,0,0
UKC21,,,UK,Northumberland,0,0,0,0,0,0,0,0,0,0,0,0,0,0,0,0,0,0,0,0,0,0
UKC22,,,UK,Tyneside,0,0,0,0,0,0,0,0,0,0,0,0,0,0,0,0,0,0,0,0,0,0
UKC23,,,UK,Sunderland,0,0,0,0,0,0,0,0,0,0,0,0,0,0,0,0,0,0,0,0,0,0
UKD11,,,UK,West Cumbria,0,0,0,0,0,0,0,0,0,0,0,0,0,0,0,0,0,0,0,0,0,0
UKD12,,,UK,East Cumbria,0,0,0,0,0,0,0,0,0,0,0,0,0,0,0,0,0,0,0,0,0,0
UKD31,,,UK,Greater Manchester South,0,0,0,0,0,0,0,0,0,0,0,0,0,0,0,0,0,0,0,0,0,0
UKD32,,,UK,Greater Manchester North,0,0,0,0,0,0,0,0,0,0,0,0,0,0,0,0,0,0,0,0,0,0
UKD41,,,UK,Blackburn with Darwen,0,0,0,0,0,0,0,0,0,0,0,0,0,0,0,0,0,0,0,0,0,0
UKD42,,,UK,Blackpool,0,0,0,0,0,0,0,0,0,0,0,0,0,0,0,0,0,0,0,0,0,0
UKD43,,,UK,Lancashire CC,0,0,0,0,0,0,0,0,0,0,0,0,0,0,0,0,0,0,0,0,0,0
UKD61,,,UK,Warrington,0,0,0,0,0,0,0,0,0,0,0,0,0,0,0,0,0,0,0,0,0,0
UKD62,,,UK,Cheshire East,0,0,0,0,0,0,0,0,0,0,0,0,0,0,0,0,0,0,0,0,0,0
UKD63,,,UK,Cheshire West and Chester,0,0,0,0,0,0,0,0,0,0,0,0,0,0,0,0,0,0,0,0,0,0
UKD71,,,UK,East Merseyside,0,0,0,0,0,0,0,0,0,0,0,0,0,0,0,0,0,0,0,0,0,0
UKD72,,,UK,Liverpool,0,0,0,0,0,0,0,0,0,0,0,0,0,0,0,0,0,0,0,0,0,0
UKD73,,,UK,Sefton,0,0,0,0,0,0,0,0,0,0,0,0,0,0,0,0,0,0,0,0,0,0
UKD74,,,UK,Wirral,0,0,0,0,0,0,0,0,0,0,0,0,0,0,0,0,0,0,0,0,0,0
UKE11,,,UK,"Kingston upon Hull, City of",0,0,0,0,0,0,0,0,0,0,0,0,0,0,0,0,0,0,0,0,0,0
UKE12,,,UK,East Riding of Yorkshire,0,0,0,0,0,0,0,0,0,0,0,0,0,0,0,0,0,0,0,0,0,0
UKE13,,,UK,North and North East Lincolnshire,0,0,0,0,0,0,0,0,0,0,0,0,0,0,0,0,0,0,0,0,0,0
UKE21,,,UK,York,0,0,0,0,0,0,0,0,0,0,0,0,0,0,0,0,0,0,0,0,0,0
UKE22,,,UK,North Yorkshire CC,0,0,0,0,0,0,0,0,0,0,0,0,0,0,0,0,0,0,0,0,0,0
UKE31,,,UK,"Barnsley, Doncaster and Rotherham",0,0,0,0,0,0,0,0,0,0,0,0,0,0,0,0,0,0,0,0,0,0
UKE32,,,UK,Sheffield,0,0,0,0,0,0,0,0,0,0,0,0,0,0,0,0,0,0,0,0,0,0
UKE41,,,UK,Bradford,0,0,0,0,0,0,0,0,0,0,0,0,0,0,0,0,0,0,0,0,0,0
UKE42,,,UK,Leeds,0,0,0,0,0,0,0,0,0,0,0,0,0,0,0,0,0,0,0,0,0,0
UKE44,,,UK,Calderdale and Kirklees,0,0,0,0,0,0,0,0,0,0,0,0,0,0,0,0,0,0,0,0,0,0
UKE45,,,UK,Wakefield,0,0,0,0,0,0,0,0,0,0,0,0,0,0,0,0,0,0,0,0,0,0
UKF11,,,UK,Derby,0,0,0,0,0,0,0,0,0,0,0,0,0,0,0,0,0,0,0,0,0,0
UKF12,,,UK,East Derbyshire,0,0,0,0,0,0,0,0,0,0,0,0,0,0,0,0,0,0,0,0,0,0
UKF13,,,UK,South and West Derbyshire,0,0,0,0,0,0,0,0,0,0,0,0,0,0,0,0,0,0,0,0,0,0
UKF14,,,UK,Nottingham,0,0,0,0,0,0,0,0,0,0,0,0,0,0,0,0,0,0,0,0,0,0
UKF15,,,UK,North Nottinghamshire,0,0,0,0,0,0,0,0,0,0,0,0,0,0,0,0,0,0,0,0,0,0
UKF16,,,UK,South Nottinghamshire,0,0,0,0,0,0,0,0,0,0,0,0,0,0,0,0,0,0,0,0,0,0
UKF21,,,UK,Leicester,0,0,0,0,0,0,0,0,0,0,0,0,0,0,0,0,0,0,0,0,0,0
UKF22,,,UK,Leicestershire CC and Rutland,0,0,0,0,0,0,0,0,0,0,0,0,0,0,0,0,0,0,0,0,0,0
UKF24,,,UK,West Northamptonshire,0,0,0,0,0,0,0,0,0,0,0,0,0,0,0,0,0,0,0,0,0,0
UKF25,,,UK,North Northamptonshire,0,0,0,0,0,0,0,0,0,0,0,0,0,0,0,0,0,0,0,0,0,0
UKF30,,,UK,Lincolnshire,0,0,0,0,0,0,0,0,0,0,0,0,0,0,0,0,0,0,0,0,0,0
UKG11,,,UK,"Herefordshire, County of",0,0,0,0,0,0,0,0,0,0,0,0,0,0,0,0,0,0,0,0,0,0
UKG12,,,UK,Worcestershire,0,0,0,0,0,0,0,0,0,0,0,0,0,0,0,0,0,0,0,0,0,0
UKG13,,,UK,Warwickshire,0,0,0,0,0,0,0,0,0,0,0,0,0,0,0,0,0,0,0,0,0,0
UKG21,,,UK,Telford and Wrekin,0,0,0,0,0,0,0,0,0,0,0,0,0,0,0,0,0,0,0,0,0,0
UKG22,,,UK,Shropshire CC,0,0,0,0,0,0,0,0,0,0,0,0,0,0,0,0,0,0,0,0,0,0
UKG23,,,UK,Stoke-on-Trent,0,0,0,0,0,0,0,0,0,0,0,0,0,0,0,0,0,0,0,0,0,0
UKG24,,,UK,Staffordshire CC,0,0,0,0,0,0,0,0,0,0,0,0,0,0,0,0,0,0,0,0,0,0
UKG31,,,UK,Birmingham,0,0,0,0,0,0,0,0,0,0,0,0,0,0,0,0,0,0,0,0,0,0
UKG32,,,UK,Solihull,0,0,0,0,0,0,0,0,0,0,0,0,0,0,0,0,0,0,0,0,0,0
UKG33,,,UK,Coventry,0,0,0,0,0,0,0,0,0,0,0,0,0,0,0,0,0,0,0,0,0,0
UKG36,,,UK,Dudley,0,0,0,0,0,0,0,0,0,0,0,0,0,0,0,0,0,0,0,0,0,0
UKG37,,,UK,Sandwell,0,0,0,0,0,0,0,0,0,0,0,0,0,0,0,0,0,0,0,0,0,0
UKG38,,,UK,Walsall,0,0,0,0,0,0,0,0,0,0,0,0,0,0,0,0,0,0,0,0,0,0
UKG39,,,UK,Wolverhampton,0,0,0,0,0,0,0,0,0,0,0,0,0,0,0,0,0,0,0,0,0,0
UKH11,,,UK,Peterborough,0,0,0,0,0,0,0,0,0,0,0,0,0,0,0,0,0,0,0,0,0,0
UKH12,,,UK,Cambridgeshire CC,0,0,0,0,0,0,0,0,0,0,0,0,0,0,0,0,0,0,0,0,0,0
UKH13,,,UK,Norfolk,0,0,0,0,0,0,0,0,0,0,0,0,0,0,0,0,0,0,0,0,0,0
UKH14,,,UK,Suffolk,0,0,0,0,0,0,0,0,0,0,0,0,0,0,0,0,0,0,0,0,0,0
UKH21,,,UK,Luton,0,0,0,0,0,0,0,0,0,0,0,0,0,0,0,0,0,0,0,0,0,0
UKH23,,,UK,Hertfordshire,0,0,0,0,0,0,0,0,0,0,0,0,0,0,0,0,0,0,0,0,0,0
UKH24,,,UK,Bedford,0,0,0,0,0,0,0,0,0,0,0,0,0,0,0,0,0,0,0,0,0,0
UKH25,,,UK,Central Bedfordshire,0,0,0,0,0,0,0,0,0,0,0,0,0,0,0,0,0,0,0,0,0,0
UKH31,,,UK,Southend-on-Sea,0,0,0,0,0,0,0,0,0,0,0,0,0,0,0,0,0,0,0,0,0,0
UKH32,,,UK,Thurrock,0,0,0,0,0,0,0,0,0,0,0,0,0,0,0,0,0,0,0,0,0,0
UKH33,,,UK,Essex CC,0,0,0,0,0,0,0,0,0,0,0,0,0,0,0,0,0,0,0,0,0,0
UKI11,,,UK,Inner London - West,0,0,0,0,0,0,0,0,0,0,0,0,0,0,0,0,0,0,0,0,0,0
UKI12,,,UK,Inner London - East,0,0,0,0,0,0,0,0,0,0,0,0,0,0,0,0,0,0,0,0,0,0
UKI21,,,UK,Outer London - East and North East,0,0,0,0,0,0,0,0,0,0,0,0,0,0,0,0,0,0,0,0,0,0
UKI22,,,UK,Outer London - South,0,0,0,0,0,0,0,0,0,0,0,0,0,0,0,0,0,0,0,0,0,0
UKI23,,,UK,Outer London - West and North West,0,0,0,0,0,0,0,0,0,0,0,0,0,0,0,0,0,0,0,0,0,0
UKJ11,,,UK,Berkshire,0,0,0,0,0,0,0,0,0,0,0,0,0,0,0,0,0,0,0,0,0,0
UKJ12,,,UK,Milton Keynes,0,0,0,0,0,0,0,0,0,0,0,0,0,0,0,0,0,0,0,0,0,0
UKJ13,,,UK,Buckinghamshire CC,0,0,0,0,0,0,0,0,0,0,0,0,0,0,0,0,0,0,0,0,0,0
UKJ14,,,UK,Oxfordshire,0,0,0,0,0,0,0,0,0,0,0,0,0,0,0,0,0,0,0,0,0,0
UKJ21,,,UK,Brighton and Hove,0,0,0,0,0,0,0,0,0,0,0,0,0,0,0,0,0,0,0,0,0,0
UKJ22,,,UK,East Sussex CC,0,0,0,0,0,0,0,0,0,0,0,0,0,0,0,0,0,0,0,0,0,0
UKJ23,,,UK,Surrey,0,0,0,0,0,0,0,0,0,0,0,0,0,0,0,0,0,0,0,0,0,0
UKJ24,,,UK,West Sussex,0,0,0,0,0,0,0,0,0,0,0,0,0,0,0,0,0,0,0,0,0,0
UKJ31,,,UK,Portsmouth,0,0,0,0,0,0,0,0,0,0,0,0,0,0,0,0,0,0,0,0,0,0
UKJ32,,,UK,Southampton,0,0,0,0,0,0,0,0,0,0,0,0,0,0,0,0,0,0,0,0,0,0
UKJ33,,,UK,Hampshire CC,0,0,0,0,0,0,0,0,0,0,0,0,0,0,0,0,0,0,0,0,0,0
UKJ34,,,UK,Isle of Wight,0,0,0,0,0,0,0,0,0,0,0,0,0,0,0,0,0,0,0,0,0,0
UKJ41,,,UK,Medway,0,0,0,0,0,0,0,0,0,0,0,0,0,0,0,0,0,0,0,0,0,0
UKJ42,,,UK,Kent CC,0,0,0,0,0,0,0,0,0,0,0,0,0,0,0,0,0,0,0,0,0,0
UKK11,,,UK,"Bristol, City of",0,0,0,0,0,0,0,0,0,0,0,0,0,0,0,0,0,0,0,0,0,0
UKK12,,,UK,"Bath and North East Somerset, North Somerset and South Gloucestershire",0,0,0,0,0,0,0,0,0,0,0,0,0,0,0,0,0,0,0,0,0,0
UKK13,,,UK,Gloucestershire,0,0,0,0,0,0,0,0,0,0,0,0,0,0,0,0,0,0,0,0,0,0
UKK14,,,UK,Swindon,0,0,0,0,0,0,0,0,0,0,0,0,0,0,0,0,0,0,0,0,0,0
UKK15,,,UK,Wiltshire CC,0,0,0,0,0,0,0,0,0,0,0,0,0,0,0,0,0,0,0,0,0,0
UKK21,,,UK,Bournemouth and Poole,0,0,0,0,0,0,0,0,0,0,0,0,0,0,0,0,0,0,0,0,0,0
UKK22,,,UK,Dorset CC,0,0,0,0,0,0,0,0,0,0,0,0,0,0,0,0,0,0,0,0,0,0
UKK23,,,UK,Somerset,0,0,0,0,0,0,0,0,0,0,0,0,0,0,0,0,0,0,0,0,0,0
UKK30,,,UK,Cornwall and Isles of Scilly,0,0,0,0,0,0,0,0,0,0,0,0,0,0,0,0,0,0,0,0,0,0
UKK41,,,UK,Plymouth,0,0,0,0,0,0,0,0,0,0,0,0,0,0,0,0,0,0,0,0,0,0
UKK42,,,UK,Torbay,0,0,0,0,0,0,0,0,0,0,0,0,0,0,0,0,0,0,0,0,0,0
UKK43,,,UK,Devon CC,0,0,0,0,0,0,0,0,0,0,0,0,0,0,0,0,0,0,0,0,0,0
UKL11,,,UK,Isle of Anglesey,0,0,0,0,0,0,0,0,0,0,0,0,0,0,0,0,0,0,0,0,0,0
UKL12,,,UK,Gwynedd,0,0,0,0,0,0,0,0,0,0,0,0,0,0,0,0,0,0,0,0,0,0
UKL13,,,UK,Conwy and Denbighshire,0,0,0,0,0,0,0,0,0,0,0,0,0,0,0,0,0,0,0,0,0,0
UKL14,,,UK,South West Wales,0,0,0,0,0,0,0,0,0,0,0,0,0,0,0,0,0,0,0,0,0,0
UKL15,,,UK,Central Valleys,0,0,0,0,0,0,0,0,0,0,0,0,0,0,0,0,0,0,0,0,0,0
UKL16,,,UK,Gwent Valleys,0,0,0,0,0,0,0,0,0,0,0,0,0,0,0,0,0,0,0,0,0,0
UKL17,,,UK,Bridgend and Neath Port Talbot,0,0,0,0,0,0,0,0,0,0,0,0,0,0,0,0,0,0,0,0,0,0
UKL18,,,UK,Swansea,0,0,0,0,0,0,0,0,0,0,0,0,0,0,0,0,0,0,0,0,0,0
UKL21,,,UK,Monmouthshire and Newport,0,0,0,0,0,0,0,0,0,0,0,0,0,0,0,0,0,0,0,0,0,0
UKL22,,,UK,Cardiff and Vale of Glamorgan,0,0,0,0,0,0,0,0,0,0,0,0,0,0,0,0,0,0,0,0,0,0
UKL23,,,UK,Flintshire and Wrexham,0,0,0,0,0,0,0,0,0,0,0,0,0,0,0,0,0,0,0,0,0,0
UKL24,,,UK,Powys,0,0,0,0,0,0,0,0,0,0,0,0,0,0,0,0,0,0,0,0,0,0
UKM21,,,UK,Angus and Dundee City,0,0,0,0,0,0,0,0,0,0,0,0,0,0,0,0,0,0,0,0,0,0
UKM22,,,UK,Clackmannanshire and Fife,0,0,0,0,0,0,0,0,0,0,0,0,0,0,0,0,0,0,0,0,0,0
UKM23,,,UK,East Lothian and Midlothian,0,0,0,0,0,0,0,0,0,0,0,0,0,0,0,0,0,0,0,0,0,0
UKM24,,,UK,Scottish Borders,0,0,0,0,0,0,0,0,0,0,0,0,0,0,0,0,0,0,0,0,0,0
UKM25,,,UK,"Edinburgh, City of",0,0,0,0,0,0,0,0,0,0,0,0,0,0,0,0,0,0,0,0,0,0
UKM26,,,UK,Falkirk,0,0,0,0,0,0,0,0,0,0,0,0,0,0,0,0,0,0,0,0,0,0
UKM27,,,UK,Perth & Kinross and Stirling,0,0,0,0,0,0,0,0,0,0,0,0,0,0,0,0,0,0,0,0,0,0
UKM28,,,UK,West Lothian,0,0,0,0,0,0,0,0,0,0,0,0,0,0,0,0,0,0,0,0,0,0
UKM31,,,UK,"East Dunbartonshire, West Dunbartonshire and Helensburgh & Lomond",0,0,0,0,0,0,0,0,0,0,0,0,0,0,0,0,0,0,0,0,0,0
UKM32,,,UK,Dumfries & Galloway,0,0,0,0,0,0,0,0,0,0,0,0,0,0,0,0,0,0,0,0,0,0
UKM34,,,UK,Glasgow City,0,0,0,0,0,0,0,0,0,0,0,0,0,0,0,0,0,0,0,0,0,0
UKM35,,,UK,"Inverclyde, East Renfrewshire and Renfrewshire",0,0,0,0,0,0,0,0,0,0,0,0,0,0,0,0,0,0,0,0,0,0
UKM36,,,UK,North Lanarkshire,0,0,0,0,0,0,0,0,0,0,0,0,0,0,0,0,0,0,0,0,0,0
UKM37,,,UK,South Ayrshire,0,0,0,0,0,0,0,0,0,0,0,0,0,0,0,0,0,0,0,0,0,0
UKM38,,,UK,South Lanarkshire,0,0,0,0,0,0,0,0,0,0,0,0,0,0,0,0,0,0,0,0,0,0
UKM50,,,UK,Aberdeen City and Aberdeenshire,0,0,0,0,0,0,0,0,0,0,0,0,0,0,0,0,0,0,0,0,0,0
UKM61,,,UK,Caithness & Sutherland and Ross & Cromarty,0,0,0,0,0,0,0,0,0,0,0,0,0,0,0,0,0,0,0,0,0,0
UKM62,,,UK,"Inverness & Nairn and Moray, Badenoch & Strathspey",0,0,0,0,0,0,0,0,0,0,0,0,0,0,0,0,0,0,0,0,0,0
UKM63,,,UK,"Lochaber, Skye & Lochalsh, Arran & Cumbrae and Argyll & Bute",0,0,0,0,0,0,0,0,0,0,0,0,0,0,0,0,0,0,0,0,0,0
UKM64,,,UK,Eilean Siar (Western Isles),0,0,0,0,0,0,0,0,0,0,0,0,0,0,0,0,0,0,0,0,0,0
UKM65,,,UK,Orkney Islands,0,0,0,0,0,0,0,0,0,0,0,0,0,0,0,0,0,0,0,0,0,0
UKM66,,,UK,Shetland Islands,0,0,0,0,0,0,0,0,0,0,0,0,0,0,0,0,0,0,0,0,0,0
UKN01,,,UK,Belfast,0,0,0,0,0,0,0,0,0,0,0,0,0,0,0,0,0,0,0,0,0,0
UKN02,,,UK,Outer Belfast,0,0,0,0,0,0,0,0,0,0,0,0,0,0,0,0,0,0,0,0,0,0
UKN03,,,UK,East of Northern Ireland,0,0,0,0,0,0,0,0,0,0,0,0,0,0,0,0,0,0,0,0,0,0
UKN04,,,UK,North of Northern Ireland,0,0,0,0,0,0,0,0,0,0,0,0,0,0,0,0,0,0,0,0,0,0
UKN05,,,UK,West and South of Northern Ireland,0,0,0,0,0,0,0,0,0,0,0,0,0,0,0,0,0,0,0,0,0,0
UKM33,,,UK,East Ayrshire and North Ayrshire mainland,0,0,0,0,0,0,0,0,0,0,0,0,0,0,0,0,0,0,0,0,0,0
