"fid4","adm1_id","adm1_name","CNTR_CODE","NAME_LATN","AGR","MIN","MFG","EGW","CNS","TRD","OTP","WTP","CMN","OFI","OBS","REA","PUB","OSG"
"68","AND-20200925-1","Andorra la Vella","AND","Andorra la Vella",0,0,0,0,0,0,0,0,0,0,0,0,0,0
"69","AND-20200925-2","Canillo","AND","Canillo",0,0,0,0,0,0,0,0,0,0,0,0,0,0
"70","AND-20200925-3","Encamp","AND","Encamp",0,0,0,0,0,0,0,0,0,0,0,0,0,0
"71","AND-20200925-4","Escaldes-Engordany","AND","Escaldes-Engordany",0,0,0,0,0,0,0,0,0,0,0,0,0,0
"72","AND-20200925-5","La Massana","AND","La Massana",0,0,0,0,0,0,0,0,0,0,0,0,0,0
"73","AND-20200925-6","Ordino","AND","Ordino",0,0,0,0,0,0,0,0,0,0,0,0,0,0
"74","AND-20200925-7","Sant Juli├â┬á de L├â┬▓ria","AND","Sant Juli├â┬á de L├â┬▓ria",0,0,0,0,0,0,0,0,0,0,0,0,0,0
"263","BIH-20201109-1","Brcko district of Bosnia and Herzegowina","BIH","Brcko district of Bosnia and Herzegowina",0.00162023474005707,8.79765469714247e-05,0.000195691421789002,0.00010207535257582,0.0005639522241758,0.000610196306558215,0.000318069054435152,0.000491766339481298,0.000430295547046135,0.000563952224175801,0.000442029861811506,0.000563952224175799,0.000450851575173202,0.000546405965591347
"264","BIH-20201109-2","Entity Federation of Bosnia and Herzegovina","BIH","Entity Federation of Bosnia and Herzegovina",0.00391593950417254,0.000212630199321587,0.000472965892080709,0.000246705551776969,0.00136301409821529,0.00147478125426895,0.000768739951393427,0.00118854829364374,0.00103997975693827,0.0013630140982153,0.00106834038000607,0.0013630140982153,0.00108966154723788,0.00132060660907649
"265","BIH-20201109-3","Republika Srpska","BIH","Republika Srpska",0.00576426292449589,0.000312991652008828,0.000696205790045276,0.000363150570599985,0.00200635674364633,0.00217087799662534,0.00113158520341653,0.0017495430804596,0.00153085019540215,0.00200635674364633,0.00157259703237221,0.00200635674364633,0.0016039817903978,0.00194393291991175
"1627","MDA-20210908-01","Anenii Noi","MDA","Anenii Noi",0,0,0,0,0,0,0,0,0,0,0,0,0,0
"1628","MDA-20210908-02","Balti","MDA","Balti",0,0,0,0,0,0,0,0,0,0,0,0,0,0
"1629","MDA-20210908-03","Basarabeasca","MDA","Basarabeasca",0,0,0,0,0,0,0,0,0,0,0,0,0,0
"1630","MDA-20210908-04","Bender","MDA","Bender",0,0,0,0,0,0,0,0,0,0,0,0,0,0
"1631","MDA-20210908-05","Briceni","MDA","Briceni",0,0,0,0,0,0,0,0,0,0,0,0,0,0
"1632","MDA-20210908-06","Cahul","MDA","Cahul",0,0,0,0,0,0,0,0,0,0,0,0,0,0
"1633","MDA-20210908-07","Calarasi","MDA","Calarasi",0,0,0,0,0,0,0,0,0,0,0,0,0,0
"1634","MDA-20210908-08","Cantemir","MDA","Cantemir",0,0,0,0,0,0,0,0,0,0,0,0,0,0
"1635","MDA-20210908-09","Causeni","MDA","Causeni",0,0,0,0,0,0,0,0,0,0,0,0,0,0
"1636","MDA-20210908-10","Chisinau","MDA","Chisinau",0,0,0,0,0,0,0,0,0,0,0,0,0,0
"1637","MDA-20210908-11","Cimislia","MDA","Cimislia",0,0,0,0,0,0,0,0,0,0,0,0,0,0
"1638","MDA-20210908-12","Criuleni","MDA","Criuleni",0,0,0,0,0,0,0,0,0,0,0,0,0,0
"1639","MDA-20210908-13","Donduseni","MDA","Donduseni",0,0,0,0,0,0,0,0,0,0,0,0,0,0
"1640","MDA-20210908-14","Drochia","MDA","Drochia",0,0,0,0,0,0,0,0,0,0,0,0,0,0
"1641","MDA-20210908-15","Dubasari","MDA","Dubasari",0,0,0,0,0,0,0,0,0,0,0,0,0,0
"1642","MDA-20210908-16","Edinet","MDA","Edinet",0,0,0,0,0,0,0,0,0,0,0,0,0,0
"1643","MDA-20210908-17","Falesti","MDA","Falesti",0,0,0,0,0,0,0,0,0,0,0,0,0,0
"1644","MDA-20210908-18","Floresti","MDA","Floresti",0,0,0,0,0,0,0,0,0,0,0,0,0,0
"1645","MDA-20210908-19","Gagauzia","MDA","Gagauzia",0,0,0,0,0,0,0,0,0,0,0,0,0,0
"1646","MDA-20210908-20","Glodeni","MDA","Glodeni",0,0,0,0,0,0,0,0,0,0,0,0,0,0
"1647","MDA-20210908-21","Hincesti","MDA","Hincesti",0,0,0,0,0,0,0,0,0,0,0,0,0,0
"1648","MDA-20210908-22","Ialoveni","MDA","Ialoveni",0,0,0,0,0,0,0,0,0,0,0,0,0,0
"1649","MDA-20210908-23","Leova","MDA","Leova",0,0,0,0,0,0,0,0,0,0,0,0,0,0
"1650","MDA-20210908-24","Nisporeni","MDA","Nisporeni",0,0,0,0,0,0,0,0,0,0,0,0,0,0
"1651","MDA-20210908-25","Ocnita","MDA","Ocnita",0,0,0,0,0,0,0,0,0,0,0,0,0,0
"1652","MDA-20210908-26","Orhei","MDA","Orhei",0,0,0,0,0,0,0,0,0,0,0,0,0,0
"1653","MDA-20210908-27","RIscani","MDA","RIscani",0,0,0,0,0,0,0,0,0,0,0,0,0,0
"1654","MDA-20210908-28","Rezina","MDA","Rezina",0,0,0,0,0,0,0,0,0,0,0,0,0,0
"1655","MDA-20210908-29","SIngerei","MDA","SIngerei",0,0,0,0,0,0,0,0,0,0,0,0,0,0
"1656","MDA-20210908-30","Soldanesti","MDA","Soldanesti",0,0,0,0,0,0,0,0,0,0,0,0,0,0
"1657","MDA-20210908-31","Soroca","MDA","Soroca",0,0,0,0,0,0,0,0,0,0,0,0,0,0
"1658","MDA-20210908-32","Stefan Voda","MDA","Stefan Voda",0,0,0,0,0,0,0,0,0,0,0,0,0,0
"1659","MDA-20210908-33","Straseni","MDA","Straseni",0,0,0,0,0,0,0,0,0,0,0,0,0,0
"1660","MDA-20210908-34","Taraclia","MDA","Taraclia",0,0,0,0,0,0,0,0,0,0,0,0,0,0
"1661","MDA-20210908-35","Telenesti","MDA","Telenesti",0,0,0,0,0,0,0,0,0,0,0,0,0,0
"1662","MDA-20210908-36","Transnistria","MDA","Transnistria",0,0,0,0,0,0,0,0,0,0,0,0,0,0
"1663","MDA-20210908-37","Ungheni","MDA","Ungheni",0,0,0,0,0,0,0,0,0,0,0,0,0,0
"3264","XKX-20210524-1","District of Ferizaj","SRB_1","District of Ferizaj",0,0,0,0,0,0,0,0,0,0,0,0,0,0
"3265","XKX-20210524-2","District of Gjakova","SRB_1","District of Gjakova",0,0,0,0,0,0,0,0,0,0,0,0,0,0
"3266","XKX-20210524-3","District of Gjilan","SRB_1","District of Gjilan",0,0,0,0,0,0,0,0,0,0,0,0,0,0
"3267","XKX-20210524-4","District of Mitrovica","SRB_1","District of Mitrovica",0,0,0,0,0,0,0,0,0,0,0,0,0,0
"3268","XKX-20210524-5","District of Peja","SRB_1","District of Peja",0,0,0,0,0,0,0,0,0,0,0,0,0,0
"3269","XKX-20210524-6","District of Prishtina","SRB_1","District of Prishtina",0,0,0,0,0,0,0,0,0,0,0,0,0,0
"3270","XKX-20210524-7","District of Prizren","SRB_1","District of Prizren",0,0,0,0,0,0,0,0,0,0,0,0,0,0
"AL011","","","AL","Dib├â┬½r",0,0,0,0,0,0,0,0,0,0,0,0,0,0
"AL012","","","AL","Durr├â┬½s",0,0,0,0,0,0,0,0,0,0,0,0,0,0
"AL013","","","AL","Kuk├â┬½s",0,0,0,0,0,0,0,0,0,0,0,0,0,0
"AL014","","","AL","Lezh├â┬½",0,0,0,0,0,0,0,0,0,0,0,0,0,0
"AL015","","","AL","Shkod├â┬½r",0,0,0,0,0,0,0,0,0,0,0,0,0,0
"AL021","","","AL","Elbasan",0,0,0,0,0,0,0,0,0,0,0,0,0,0
"AL022","","","AL","Tiran├â┬½",0,0,0,0,0,0,0,0,0,0,0,0,0,0
"AL031","","","AL","Berat",0,0,0,0,0,0,0,0,0,0,0,0,0,0
"AL032","","","AL","Fier",0,0,0,0,0,0,0,0,0,0,0,0,0,0
"AL033","","","AL","Gjirokast├â┬½r",0,0,0,0,0,0,0,0,0,0,0,0,0,0
"AL034","","","AL","Korc├â┬½",0,0,0,0,0,0,0,0,0,0,0,0,0,0
"AL035","","","AL","Vlor├â┬½",0,0,0,0,0,0,0,0,0,0,0,0,0,0
"RS110","","","RS","City of Belgrade",0.0056151586296132,0.000304895491200718,0.000678197022093903,0.000353756948123909,0.00195445827692768,0.00211472385563575,0.00110231446818721,0.00170428761748094,0.00149125166529582,0.00195445827692768,0.00153191863606762,0.00195445827692768,0.00156249156398124,0.00189364917138755
"RS121","","","RS","Zapadnoba├ä┬ìka oblast",0.0109556845375261,0.000594878798417708,0.00132322399391631,0.000690211939189776,0.00381332563088275,0.00412601833261512,0.00215071565581786,0.00332521995012976,0.00290956745636354,0.00381332563088275,0.0029889124103107,0.00381332563088273,0.00304856296975237,0.00369468154239816
"RS122","","","RS","Ju├à┬¥nobanatska oblast",0.00658339451542169,0.00035746938545276,0.000795140235590437,0.000414756145941985,0.00229147041956898,0.00247937099397364,0.00129238931663691,0.00199816220586414,0.00174839193013113,0.00229147041956898,0.00179607120866941,0.00229147041956899,0.00183191590322272,0.00222017584744606
"RS123","","","RS","Ju├à┬¥noba├ä┬ìka oblast",0.014891989688348,0.000808614824706676,0.001798649642136,0.000938200533794286,0.00518342836350435,0.0056084694893117,0.00292345359701645,0.00451994953297578,0.00395495584135382,0.00518342836350432,0.00406280891360651,0.00518342836350434,0.00414389152538367,0.00502215623703484
"RS124","","","RS","Severnobanatska oblast",0.0053886858198034,0.000292598325057199,0.000650843710223384,0.000339489082277902,0.0018756302888282,0.0020294319725121,0.0010578554828991,0.00163554961185818,0.00143110591037591,0.00187563028882819,0.0014701326847179,0.00187563028882819,0.00149947253315052,0.00181727376030363
"RS125","","","RS","Severnoba├ä┬ìka oblast",0.000387663864028188,2.10496215761913e-05,4.68219146598612e-05,2.44229583672474e-05,0.000134933471642252,0.000145998016316916,7.61024780062297e-05,0.000117661987272043,0.000102954238863038,0.000134933471642252,0.000105761838089991,0.000134933471642252,0.00010787255662021,0.000130735283420558
"RS126","","","RS","Srednjobanatska oblast",0.00382626511004353,0.000207761001450328,0.000462135048097844,0.000241056033734034,0.00133180129134825,0.00144100899723882,0.000751135928320417,0.00116133072605568,0.00101616438529872,0.00133180129134826,0.00104387555459226,0.00133180129134825,0.001064708470473,0.00129036492699087
"RS127","","","RS","Sremska oblast",0.00083833335814619,4.55203633382546e-05,0.000101253628707528,5.28152933604108e-05,0.000291797200886248,0.000315724571358921,0.000164573621299844,0.000254447159172808,0.000222641264276208,0.000291797200886248,0.000228712771854455,0.000291797200886247,0.000233277256496263,0.000282718507831261
"RS211","","","RS","Zlatiborska oblast",0,0,0,0,0,0,0,0,0,0,0,0,0,0
"RS212","","","RS","Kolubarska oblast",0.000169325687203515,9.19415496127685e-06,2.04511010997633e-05,1.06675772307122e-05,5.89368907774156e-05,6.37697158211637e-05,3.32404063984623e-05,5.13929687579065e-05,4.49688476631682e-05,5.89368907774154e-05,4.61951643581421e-05,5.89368907774155e-05,4.71170941503826e-05,5.71031859325495e-05
"RS213","","","RS","Ma├ä┬ìvanska oblast",4.36786945259721e-05,2.37169382041477e-06,5.27549843387134e-06,2.75177295830176e-06,1.52031655154794e-05,1.64498250877486e-05,8.57458535073033e-06,1.3257160329498e-05,1.16000152883107e-05,1.52031655154793e-05,1.1916351889074e-05,1.52031655154793e-05,1.21541698506291e-05,1.47301490754313e-05
"RS214","","","RS","Moravi├ä┬ìka oblast",0,0,0,0,0,0,0,0,0,0,0,0,0,0
"RS215","","","RS","Pomoravska oblast",0,0,0,0,0,0,0,0,0,0,0,0,0,0
"RS216","","","RS","Rasinska oblast",0,0,0,0,0,0,0,0,0,0,0,0,0,0
"RS217","","","RS","Ra├à┬íka oblast",0,0,0,0,0,0,0,0,0,0,0,0,0,0
"RS218","","","RS","├à┬áumadijska oblast",0,0,0,0,0,0,0,0,0,0,0,0,0,0
"RS221","","","RS","Borska oblast",0.0101145326178569,0.000549205391014856,0.00122162994027022,0.000637219075472364,0.00352054737830036,0.00380923226332098,0.0019855887213614,0.0030699173138779,0.00268617764964317,0.00352054737830036,0.00275943068298966,0.00352054737830036,0.00281450141153058,0.00341101250635487
"RS222","","","RS","Brani├ä┬ìevska oblast",0.00105345976438038,5.72014351699753e-05,0.000127236525666547,6.63683318318303e-05,0.0003666758664742,0.000396743287525085,0.000206805188691449,0.000319741355565503,0.000279773686119814,0.000366675866474201,0.000287403215448051,0.0003666758664742,0.000293139001658335,0.000355267471766231
"RS223","","","RS","Zaje├ä┬ìarska oblast",0,0,0,0,0,0,0,0,0,0,0,0,0,0
"RS224","","","RS","Jablani├ä┬ìka oblast",0,0,0,0,0,0,0,0,0,0,0,0,0,0
"RS225","","","RS","Ni├à┬íavska oblast",0,0,0,0,0,0,0,0,0,0,0,0,0,0
"RS226","","","RS","Pirotska oblast",0,0,0,0,0,0,0,0,0,0,0,0,0,0
"RS227","","","RS","Podunavska oblast",0.0034334131857817,0.000186429675246064,0.000414686521220415,0.000216306225766268,0.00119506202080811,0.00129305710651437,0.000674014979735773,0.00104209408214467,0.000911832321876589,0.00119506202080811,0.000936698318170503,0.00119506202080811,0.000955392268021357,0.00115788002853527
"RS228","","","RS","P├ä┬ìinjska oblast",0,0,0,0,0,0,0,0,0,0,0,0,0,0
"RS229","","","RS","Topli├ä┬ìka oblast",0,0,0,0,0,0,0,0,0,0,0,0,0,0
"AT111","","","AT","Mittelburgenland",0.00395919058479672,0.000214978674287605,0.000478189743447429,0.000249430384910618,0.00137806842492055,0.00149107003576403,0.000777230591655189,0.00120167566653072,0.00105146620821438,0.00137806842492054,0.00107638133252142,0.00137806842492054,0.00104325434549675,0.001345902786438
"AT112","","","AT","Nordburgenland",0.000645726044813786,3.50620476821965e-05,7.79905804212962e-05,4.06809655799844e-05,0.000224756715911516,0.000243186766616261,0.000126762787774095,0.000195987856274842,0.000171489374240487,0.000224756715911516,0.000175552918121555,0.000224756715911517,0.000170150056640174,0.000219510646021371
"AT113","","","AT","S├╝dburgenland",0.000734082027715577,3.98596576135155e-05,8.86621871274994e-05,4.62474232567072e-05,0.000255510625727663,0.000276462497037332,0.000144107992910402,0.000222805265634523,0.000194954607430207,0.000255510625727663,0.000199574174127081,0.000255510625727664,0.000193432028330774,0.000249546725628813
"AT121","","","AT","Mostviertel-Eisenwurzen",0.0082436134156151,0.000447617018042449,0.000995660931158524,0.000519350514523611,0.00286933985924647,0.00310462572770468,0.00161830768061501,0.00250206435726292,0.00218930631260506,0.00286933985924646,0.00224118324264677,0.00286933985924647,0.00217220801429978,0.002802366299061
"AT122","","","AT","Nieder├Âsterreich-S├╝d",0.00517795765113559,0.000281156071554873,0.000625392030958596,0.000326213134304052,0.00180228250996714,0.00195006967578444,0.00101648733562146,0.00157159034869134,0.00137514155510493,0.00180228250996713,0.00140772636146158,0.00180228250996713,0.00136440181513076,0.00176021524638959
"AT123","","","AT","Sankt P├Âlten",0.00249569503062184,0.000135512852341457,0.000301429229246705,0.000157229655601306,0.000868672130393961,0.000939903245086264,0.000489931081542194,0.000757482097703529,0.000662796835490592,0.000868672130393959,0.000678502205209142,0.000868672130393958,0.000657620447908935,0.000848396363820369
"AT124","","","AT","Waldviertel",0.00157910903120337,8.57434768074224e-05,0.000190724272129331,9.94844186034837e-05,0.000549637671842452,0.000594707960933534,0.000309995646919143,0.000479284049846619,0.000419373543615791,0.000549637671842451,0.000429310852003493,0.000549637671842451,0.00041609827148562,0.000536808521758778
"AT125","","","AT","Weinviertel",0.000406826716075735,2.20901384294517e-05,4.91363976603831e-05,2.56302247162228e-05,0.000141603451470844,0.000153214934491453,7.9864346629556e-05,0.000123478209682576,0.000108043433472254,0.000141603451470844,0.000110603587621281,0.000141603451470845,0.000107199623337145,0.00013829827057741
"AT126","","","AT","Wiener Umland/Nordteil",0.00254621967265646,0.00013825627181845,0.000307531578980783,0.00016041272563551,0.000886258152682373,0.000958931321202328,0.000499849598112859,0.000772817109139028,0.000676214970496651,0.000886258152682372,0.000692238290995771,0.000886258152682374,0.000670933788408301,0.000865571908932874
"AT127","","","AT","Wiener Umland/S├╝dteil",0.00620100702615959,0.000336706263863869,0.00074895559974848,0.000390665601021539,0.00215837348630686,0.00233536011218401,0.00121732264627707,0.00188210168005958,0.00164683897005213,0.00215837348630686,0.00168586181009397,0.00215837348630686,0.00163397729610154,0.00210799466620228
"AT130","","","AT","Wien",0.0113782345249763,0.000617822689138984,0.00137425944314889,0.000716832735475363,0.00396040185345502,0.00428515480543834,0.00223366664534864,0.00345347041621279,0.00302178661418619,0.00396040185345505,0.00309338966574756,0.00396040185345503,0.00299818671468983,0.00386796170174687
"AT211","","","AT","Klagenfurt-Villach",0,0,0,0,0,0,0,0,0,0,0,0,0,0
"AT212","","","AT","Oberk├ñrnten",0,0,0,0,0,0,0,0,0,0,0,0,0,0
"AT213","","","AT","Unterk├ñrnten",0,0,0,0,0,0,0,0,0,0,0,0,0,0
"AT221","","","AT","Graz",0.000729459346295524,3.96086522875396e-05,8.81038611780528e-05,4.59561927182352e-05,0.000253901617227818,0.000274721549840499,0.000143200512116489,0.000221402210222657,0.000193726933944826,0.000253901617227818,0.000198317410179963,0.000253901617227818,0.000192213942872136,0.000247975273163767
"AT222","","","AT","Liezen",0.0106160685135613,0.000576438109333649,0.00128220528165882,0.000668816011470451,0.00369511608547209,0.00399811560448083,0.00208404547220626,0.00322214122653168,0.00281937357321521,0.00369511608547211,0.00288618032601042,0.00369511608547211,0.00279735450255741,0.00360886799647521
"AT223","","","AT","├ûstliche Obersteiermark",0.00701796693498437,0.000381066077917702,0.000847627750240017,0.000442134359635283,0.00244273126870322,0.00264303523273688,0.00137770043554862,0.0021300616663092,0.00186380395802056,0.00244273126870321,0.00190796791396633,0.00244273126870322,0.00184924780574835,0.00238571522401468
"AT224","","","AT","Oststeiermark",0.00287885442891841,0.000156317887543082,0.000347707096009291,0.000181368831059601,0.00100203774066078,0.00108420483539497,0.00056514928573268,0.000873776909856198,0.000764554796124175,0.00100203774066078,0.000782671381931848,0.00100203774066078,0.00075858368742203,0.000978649073502384
"AT225","","","AT","West- und S├╝dsteiermark",0.000876567916813494,4.75964479717735e-05,0.000105871586193624,5.52240838646858e-05,0.000305105435716496,0.00033012408144525,0.000172079465744104,0.000266051939944785,0.000232795447451687,0.000305105435716496,0.000238311675615807,0.000305105435716495,0.000230977334571949,0.000297983937997773
"AT226","","","AT","Westliche Obersteiermark",0,0,0,0,0,0,0,0,0,0,0,0,0,0
"AT311","","","AT","Innviertel",0.00305917438300848,0.000166109016271954,0.000369486081066462,0.000192729050930921,0.00106480138635868,0.00115211510004009,0.000600547981906293,0.000928506808904769,0.000812443457791671,0.00106480138635868,0.000831694794244702,0.00106480138635868,0.000806098342666616,0.00103994774641601
"AT312","","","AT","Linz-Wels",0.00812368276424199,0.00044110494647468,0.00098117574632509,0.000511794841743058,0.00282759581073512,0.00305945866721542,0.00159476403725462,0.00246566354696103,0.0021574556035909,0.00282759581073512,0.00220857781192291,0.00282759581073513,0.00214060605664619,0.0027615966027291
"AT313","","","AT","M├╝hlviertel",0.0130035381313427,0.000706074468670193,0.00157056308095229,0.000819227428392979,0.0045261183889115,0.00489726009680222,0.00255273077134608,0.0039467752351308,0.00345342833073945,0.0045261183889115,0.00353525939242616,0.00452611838891149,0.00342645734571335,0.00442047378869119
"AT314","","","AT","Steyr-Kirchdorf",0.0090156949696888,0.000489539998354143,0.00108891268864672,0.000567991921167308,0.00313807691252656,0.00339539921935374,0.00176987537866498,0.00273640306772316,0.00239435268425777,0.00313807691252656,0.00245108831142025,0.00313807691252657,0.00237565299102263,0.00306483073282066
"AT315","","","AT","Traunviertel",0.00402576858923358,0.000218593769551144,0.000486231013040047,0.000253624822363827,0.00140124211250734,0.00151614396573294,0.000790300551454137,0.0012218831221064,0.0010691477318431,0.00140124211250734,0.00109448183048875,0.00140124211250734,0.00106079777791193,0.00136853557457179
"AT321","","","AT","Lungau",0,0,0,0,0,0,0,0,0,0,0,0,0,0
"AT322","","","AT","Pinzgau-Pongau",0.00498184418240861,0.000270507376420379,0.000601705510370971,0.000313857917513388,0.00173402164372038,0.00187621141850545,0.000977988207058291,0.00151206687332417,0.00132305851415865,0.00173402164372038,0.00135440918152982,0.00173402164372037,0.00131272553835706,0.00169354766412386
"AT323","","","AT","Salzburg und Umgebung",0.0151117783040672,0.000820549048184645,0.00182519563923124,0.000952047293086029,0.00525992979605542,0.00569124403933196,0.00296660040497526,0.00458665878216033,0.00401332643439027,0.00525992979605542,0.00410842461844645,0.00525992979605541,0.00398198269223024,0.00513715722743403
"AT331","","","AT","Au├ƒerfern",0,0,0,0,0,0,0,0,0,0,0,0,0,0
"AT332","","","AT","Innsbruck",0.0015565398414171,8.45180004389379e-05,0.000187998372771227,9.80625517913316e-05,0.000541782054095754,0.000586208182531606,0.000305565078510006,0.000472433951171498,0.000413379707275061,0.000541782054095756,0.000423174988105114,0.000541782054095754,0.000410151246502971,0.00052913626280322
"AT333","","","AT","Osttirol",0,0,0,0,0,0,0,0,0,0,0,0,0,0
"AT334","","","AT","Tiroler Oberland",0.00463448203101579,0.000251646083132078,0.000559751223377123,0.000291973981069913,0.00161311591751333,0.00174539142274942,0.000909797377477513,0.00140663708007162,0.00123080744506267,0.00161311591751332,0.00125997216785852,0.00161311591751332,0.00122119494235765,0.00157546401105146
"AT335","","","AT","Tiroler Unterland",0.00344061553486538,0.000186820753024364,0.000415556418586247,0.000216759976265448,0.00119756892964336,0.00129576958187412,0.000675428876318854,0.00104428010664901,0.000913745093317884,0.00119756892964336,0.000935396832962121,0.00119756892964336,0.000906608820933078,0.00116961634865954
"AT341","","","AT","Bludenz-Bregenzer Wald",0,0,0,0,0,0,0,0,0,0,0,0,0,0
"AT342","","","AT","Rheintal-Bodenseegebiet",0.000235395708778628,1.27816674449934e-05,2.8431016688543e-05,1.48300115868192e-05,8.19337656730346e-05,8.86523344582234e-05,4.62106438395914e-05,7.14462436668858e-05,6.25154632085252e-05,8.19337656730349e-05,6.39968047150661e-05,8.19337656730344e-05,6.20272226948625e-05,8.00213411239378e-05
"BE100","","","BE","Arr. de Bruxelles-Capitale / Arr. van Brussel-Hoofdstad",0,0,0,0,0,0,0,0,0,0,0,0,0,0
"BE211","","","BE","Arr. Antwerpen",0,0,0,0,0,0,0,0,0,0,0,0,0,0
"BE212","","","BE","Arr. Mechelen",0,0,0,0,0,0,0,0,0,0,0,0,0,0
"BE213","","","BE","Arr. Turnhout",0,0,0,0,0,0,0,0,0,0,0,0,0,0
"BE221","","","BE","Arr. Hasselt",0,0,0,0,0,0,0,0,0,0,0,0,0,0
"BE222","","","BE","Arr. Maaseik",0,0,0,0,0,0,0,0,0,0,0,0,0,0
"BE223","","","BE","Arr. Tongeren",0,0,0,0,0,0,0,0,0,0,0,0,0,0
"BE231","","","BE","Arr. Aalst",0,0,0,0,0,0,0,0,0,0,0,0,0,0
"BE232","","","BE","Arr. Dendermonde",0,0,0,0,0,0,0,0,0,0,0,0,0,0
"BE233","","","BE","Arr. Eeklo",0,0,0,0,0,0,0,0,0,0,0,0,0,0
"BE234","","","BE","Arr. Gent",0,0,0,0,0,0,0,0,0,0,0,0,0,0
"BE235","","","BE","Arr. Oudenaarde",0,0,0,0,0,0,0,0,0,0,0,0,0,0
"BE236","","","BE","Arr. Sint-Niklaas",0,0,0,0,0,0,0,0,0,0,0,0,0,0
"BE241","","","BE","Arr. Halle-Vilvoorde",0,0,0,0,0,0,0,0,0,0,0,0,0,0
"BE242","","","BE","Arr. Leuven",0,0,0,0,0,0,0,0,0,0,0,0,0,0
"BE251","","","BE","Arr. Brugge",0,0,0,0,0,0,0,0,0,0,0,0,0,0
"BE252","","","BE","Arr. Diksmuide",0,0,0,0,0,0,0,0,0,0,0,0,0,0
"BE253","","","BE","Arr. Ieper",0,0,0,0,0,0,0,0,0,0,0,0,0,0
"BE254","","","BE","Arr. Kortrijk",0,0,0,0,0,0,0,0,0,0,0,0,0,0
"BE255","","","BE","Arr. Oostende",0,0,0,0,0,0,0,0,0,0,0,0,0,0
"BE256","","","BE","Arr. Roeselare",0,0,0,0,0,0,0,0,0,0,0,0,0,0
"BE257","","","BE","Arr. Tielt",0,0,0,0,0,0,0,0,0,0,0,0,0,0
"BE258","","","BE","Arr. Veurne",0,0,0,0,0,0,0,0,0,0,0,0,0,0
"BE310","","","BE","Arr. Nivelles",0,0,0,0,0,0,0,0,0,0,0,0,0,0
"BE321","","","BE","Arr. Ath",0,0,0,0,0,0,0,0,0,0,0,0,0,0
"BE322","","","BE","Arr. Charleroi",0,0,0,0,0,0,0,0,0,0,0,0,0,0
"BE323","","","BE","Arr. Mons",0,0,0,0,0,0,0,0,0,0,0,0,0,0
"BE324","","","BE","Arr. Mouscron",0,0,0,0,0,0,0,0,0,0,0,0,0,0
"BE325","","","BE","Arr. Soignies",0,0,0,0,0,0,0,0,0,0,0,0,0,0
"BE326","","","BE","Arr. Thuin",0,0,0,0,0,0,0,0,0,0,0,0,0,0
"BE327","","","BE","Arr. Tournai",0,0,0,0,0,0,0,0,0,0,0,0,0,0
"BE331","","","BE","Arr. Huy",0,0,0,0,0,0,0,0,0,0,0,0,0,0
"BE332","","","BE","Arr. Li├¿ge",0,0,0,0,0,0,0,0,0,0,0,0,0,0
"BE334","","","BE","Arr. Waremme",0,0,0,0,0,0,0,0,0,0,0,0,0,0
"BE335","","","BE","Arr. Verviers - communes francophones",0,0,0,0,0,0,0,0,0,0,0,0,0,0
"BE336","","","BE","Bezirk Verviers - Deutschsprachige Gemeinschaft",0,0,0,0,0,0,0,0,0,0,0,0,0,0
"BE341","","","BE","Arr. Arlon",0,0,0,0,0,0,0,0,0,0,0,0,0,0
"BE342","","","BE","Arr. Bastogne",0,0,0,0,0,0,0,0,0,0,0,0,0,0
"BE343","","","BE","Arr. Marche-en-Famenne",0,0,0,0,0,0,0,0,0,0,0,0,0,0
"BE344","","","BE","Arr. Neufch├óteau",0,0,0,0,0,0,0,0,0,0,0,0,0,0
"BE345","","","BE","Arr. Virton",0,0,0,0,0,0,0,0,0,0,0,0,0,0
"BE351","","","BE","Arr. Dinant",0,0,0,0,0,0,0,0,0,0,0,0,0,0
"BE352","","","BE","Arr. Namur",0,0,0,0,0,0,0,0,0,0,0,0,0,0
"BE353","","","BE","Arr. Philippeville",0,0,0,0,0,0,0,0,0,0,0,0,0,0
"BG311","","","BG","Vidin",0,0,0,0,0,0,0,0,0,0,0,0,0,0
"BG312","","","BG","Montana",0.000273677603571356,1.48603223658655e-05,3.30546914163803e-05,1.72417842834722e-05,9.52584767042654e-05,0.000103069671794016,5.37257808612061e-05,8.30653916861201e-05,7.26822177253547e-05,9.52584767042656e-05,7.508508578504e-05,9.52584767042659e-05,7.57491009624902e-05,9.13792575700712e-05
"BG313","","","BG","Vratsa",0.000205562639025292,1.1161772254767e-05,2.48277882846419e-05,1.29505178084155e-05,7.1549822145942e-05,7.74169075619094e-05,4.03540996903113e-05,6.23914449112614e-05,5.45925142973537e-05,7.15498221459418e-05,5.63973382695488e-05,7.15498221459418e-05,5.68960882967644e-05,6.86360925890599e-05
"BG314","","","BG","Pleven",0.000560565859379348,3.04379652151683e-05,6.77049610875857e-05,3.53158442560606e-05,0.000195115161635693,0.000211114604889821,0.000110044951162531,0.000170140420946324,0.000148872868328034,0.000195115161635694,0.000153794592945888,0.000195115161635693,0.000155154675881909,0.000187169470138458
"BG315","","","BG","Lovech",0,0,0,0,0,0,0,0,0,0,0,0,0,0
"BG321","","","BG","Veliko Tarnovo",0.000137407899657769,7.46106242485625e-06,1.65960811629815e-05,8.65674550576268e-06,4.78273232362581e-05,5.17491637416312e-05,2.69746103052495e-05,4.17054258620169e-05,3.64922476292648e-05,4.78273232362578e-05,3.76986782941326e-05,4.78273232362578e-05,3.80320666667422e-05,4.58796470413991e-05
"BG322","","","BG","Gabrovo",0,0,0,0,0,0,0,0,0,0,0,0,0,0
"BG323","","","BG","Ruse",5.22284905795663e-05,2.83593614006696e-06,6.30814000386688e-06,3.29041308559052e-06,1.81790778209421e-05,1.96697622022594e-05,1.02529998910113e-05,1.58521558598616e-05,1.38706363773788e-05,1.81790778209421e-05,1.43291984598492e-05,1.81790778209421e-05,1.44559187686637e-05,1.74387696723671e-05
"BG324","","","BG","Razgrad",0,0,0,0,0,0,0,0,0,0,0,0,0,0
"BG325","","","BG","Silistra",0,0,0,0,0,0,0,0,0,0,0,0,0,0
"BG331","","","BG","Varna",0,0,0,0,0,0,0,0,0,0,0,0,0,0
"BG332","","","BG","Dobrich",0,0,0,0,0,0,0,0,0,0,0,0,0,0
"BG333","","","BG","Shumen",0,0,0,0,0,0,0,0,0,0,0,0,0,0
"BG334","","","BG","Targovishte",0,0,0,0,0,0,0,0,0,0,0,0,0,0
"BG341","","","BG","Burgas",0,0,0,0,0,0,0,0,0,0,0,0,0,0
"BG342","","","BG","Sliven",0,0,0,0,0,0,0,0,0,0,0,0,0,0
"BG343","","","BG","Yambol",0,0,0,0,0,0,0,0,0,0,0,0,0,0
"BG344","","","BG","Stara Zagora",0,0,0,0,0,0,0,0,0,0,0,0,0,0
"BG411","","","BG","Sofia (stolitsa)",0.00162238295952435,8.8093192372363e-05,0.000195950883033397,0.000102210691149985,0.00056469995110489,0.000611005347095492,0.000318490772423157,0.000492418357363464,0.000430866062693032,0.000564699951104892,0.000445110458811482,0.000564699951104891,0.000449046794465925,0.000541703626460674
"BG412","","","BG","Sofia",0.000381050724449761,2.06905370741952e-05,4.60231818252932e-05,2.40063282719829e-05,0.000132631647911508,0.000143507443040252,7.480424942209e-05,0.000115654796978835,0.00010119794735648,0.000132631647911508,0.000104543543060886,0.000132631647911508,0.000105468074192082,0.000127230477914055
"BG413","","","BG","Blagoevgrad",0,0,0,0,0,0,0,0,0,0,0,0,0,0
"BG414","","","BG","Pernik",0,0,0,0,0,0,0,0,0,0,0,0,0,0
"BG415","","","BG","Kyustendil",0.00044236431043135,2.40197815618832e-05,5.34286166793172e-05,2.78691055301336e-05,0.000153972958730021,0.000166598741345883,8.68407487237315e-05,0.000134264420012578,0.000117481367511006,0.000153972958730021,0.00012136529172844,0.000153972958730021,0.00012243858604356,0.000147702704697842
"BG421","","","BG","Plovdiv",0,0,0,0,0,0,0,0,0,0,0,0,0,0
"BG422","","","BG","Haskovo",0,0,0,0,0,0,0,0,0,0,0,0,0,0
"BG423","","","BG","Pazardzhik",0.00109869275666731,5.96575252489039e-05,0.000132699751675446,6.92180260900738e-05,0.000382420033646819,0.000413778476405858,0.000215684898976805,0.000333470269340025,0.000291786485672522,0.000382420033646819,0.000301432922567439,0.000382420033646819,0.000304098645506625,0.000366846709748016
"BG424","","","BG","Smolyan",0,0,0,0,0,0,0,0,0,0,0,0,0,0
"BG425","","","BG","Kardzhali",0,0,0,0,0,0,0,0,0,0,0,0,0,0
"CH011","","","CH","Vaud",0,0,0,0,0,0,0,0,0,0,0,0,0,0
"CH012","","","CH","Valais",0,0,0,0,0,0,0,0,0,0,0,0,0,0
"CH013","","","CH","Gen├¿ve",0,0,0,0,0,0,0,0,0,0,0,0,0,0
"CH021","","","CH","Bern",0,0,0,0,0,0,0,0,0,0,0,0,0,0
"CH022","","","CH","Freiburg",0,0,0,0,0,0,0,0,0,0,0,0,0,0
"CH023","","","CH","Solothurn",0,0,0,0,0,0,0,0,0,0,0,0,0,0
"CH024","","","CH","Neuch├ótel",0,0,0,0,0,0,0,0,0,0,0,0,0,0
"CH025","","","CH","Jura",0,0,0,0,0,0,0,0,0,0,0,0,0,0
"CH031","","","CH","Basel-Stadt",0,0,0,0,0,0,0,0,0,0,0,0,0,0
"CH032","","","CH","Basel-Landschaft",0,0,0,0,0,0,0,0,0,0,0,0,0,0
"CH033","","","CH","Aargau",0,0,0,0,0,0,0,0,0,0,0,0,0,0
"CH040","","","CH","Z├╝rich",0,0,0,0,0,0,0,0,0,0,0,0,0,0
"CH051","","","CH","Glarus",0,0,0,0,0,0,0,0,0,0,0,0,0,0
"CH052","","","CH","Schaffhausen",0,0,0,0,0,0,0,0,0,0,0,0,0,0
"CH053","","","CH","Appenzell Ausserrhoden",0,0,0,0,0,0,0,0,0,0,0,0,0,0
"CH054","","","CH","Appenzell Innerrhoden",0,0,0,0,0,0,0,0,0,0,0,0,0,0
"CH055","","","CH","St. Gallen",0,0,0,0,0,0,0,0,0,0,0,0,0,0
"CH056","","","CH","Graub├╝nden",0,0,0,0,0,0,0,0,0,0,0,0,0,0
"CH057","","","CH","Thurgau",0,0,0,0,0,0,0,0,0,0,0,0,0,0
"CH061","","","CH","Luzern",0,0,0,0,0,0,0,0,0,0,0,0,0,0
"CH062","","","CH","Uri",0,0,0,0,0,0,0,0,0,0,0,0,0,0
"CH063","","","CH","Schwyz",0,0,0,0,0,0,0,0,0,0,0,0,0,0
"CH064","","","CH","Obwalden",0,0,0,0,0,0,0,0,0,0,0,0,0,0
"CH065","","","CH","Nidwalden",0,0,0,0,0,0,0,0,0,0,0,0,0,0
"CH066","","","CH","Zug",0,0,0,0,0,0,0,0,0,0,0,0,0,0
"CH070","","","CH","Ticino",0,0,0,0,0,0,0,0,0,0,0,0,0,0
"CY000","","","CY","K├¢pros",0,0,0,0,0,0,0,0,0,0,0,0,0,0
"CZ010","","","CZ","Hlavn├¡ m─østo Praha",0.00102279224879885,5.55362307040097e-05,0.000123532513168535,6.44362676758064e-05,0.000356001478871856,0.000385193600139351,0.000200784834083727,0.00031043328957626,0.000271629128379227,0.000356001478871858,0.000275850671534511,0.000356001478871858,0.000283754463231449,0.000343476974164813
"CZ020","","","CZ","St┼Öedo─ìesk├¢ kraj",0.00226699090895533,0.000123094528993049,0.00027380642026018,0.000142821216331679,0.000789067493545187,0.000853771028015894,0.000445034066359484,0.000688066854371406,0.000602058497574977,0.000789067493545192,0.000611415431953422,0.000789067493545189,0.000628933969021217,0.000761307273086558
"CZ031","","","CZ","Jiho─ìesk├¢ kraj",0.000420428885258927,2.28287177516159e-05,5.07792632039149e-05,2.64871661092466e-05,0.00014633793430523,0.000158337644918258,8.25345949481498e-05,0.000127606678714161,0.000111655843874891,0.00014633793430523,0.000113391151005867,0.00014633793430523,0.000116640082874842,0.00014118961258243
"CZ032","","","CZ","Plze┼êsk├¢ kraj",0.00106005960364515,5.75597974829942e-05,0.000128033652093583,6.67841240027049e-05,0.000368973060788424,0.000399228851773075,0.000208100806284672,0.000321744509007506,0.000281526445381568,0.000368973060788425,0.000285901808383405,0.000368973060788424,0.000294093589562221,0.000355992202250248
"CZ041","","","CZ","Karlovarsk├¢ kraj",0,0,0,0,0,0,0,0,0,0,0,0,0,0
"CZ042","","","CZ","├Üsteck├¢ kraj",0,0,0,0,0,0,0,0,0,0,0,0,0,0
"CZ051","","","CZ","Libereck├¢ kraj",0,0,0,0,0,0,0,0,0,0,0,0,0,0
"CZ052","","","CZ","Kr├ílov├®hradeck├¢ kraj",0.00219085635652067,0.000118960526145919,0.000264610913927141,0.000138024713028278,0.000762567475294353,0.000825098008268492,0.000430088056066016,0.000664958838456676,0.000581838983649592,0.000762567475294353,0.000590881675033832,0.000762567475294354,0.000607811870095622,0.000735739553219343
"CZ053","","","CZ","Pardubick├¢ kraj",0.00403226750889736,0.000218946652066825,0.000487015950430694,0.000254034256564713,0.00140350417991554,0.00151859152266862,0.000791576357472366,0.00122385564488635,0.00107087368927556,0.00140350417991554,0.0010875167478463,0.00140350417991554,0.00111867674391988,0.00135412743360704
"CZ063","","","CZ","Vyso─ìina",0.00206661814100161,0.000112214559692395,0.00024960546290552,0.000130197662207201,0.000719324100592277,0.000778308676840841,0.000405698792734042,0.000627250615716463,0.000548844288751904,0.000719324100592275,0.000557374190770594,0.000719324100592273,0.000573344315028746,0.000694017525708631
"CZ064","","","CZ","Jihomoravsk├¢ kraj",0.0015173019251829,8.23874348515601e-05,0.000183259230086483,9.55905494111048e-05,0.000528124582381796,0.000571430798137102,0.000297862264463333,0.000460524635836925,0.00040295905635731,0.000528124582381795,0.000409221672801926,0.000528124582381795,0.00042094686760282,0.00050954460670611
"CZ071","","","CZ","Olomouck├¢ kraj",0.00167431529074962,9.09130474615175e-05,0.00020222325300735,0.000105482446093171,0.000582775945266138,0.000630563572777961,0.000328685633130102,0.000508180624272073,0.000444658046238066,0.000582775945266139,0.000451568730459371,0.000582775945266138,0.000464507271310289,0.000562273277432376
"CZ072","","","CZ","Zl├¡nsk├¢ kraj",0.00409632591139515,0.000222424936365347,0.000494752903325482,0.000258069958218768,0.00142580087413684,0.00154271654581606,0.000804151693013178,0.00124329836224732,0.00108788606696641,0.00142580087413684,0.00110479352459856,0.00142580087413684,0.00113644854228613,0.00137563970678432
"CZ080","","","CZ","Moravskoslezsk├¢ kraj",0.00321346279645714,0.000174486667680931,0.00038812098516207,0.000202449274681081,0.00111850428000597,0.00121022163096646,0.000630836413923365,0.0009753357321652,0.000853418765644556,0.00111850428000597,0.000866682233263783,0.00111850428000597,0.000891514784154628,0.00107915412852858
"DE111","","","DE","Stuttgart, Stadtkreis",0,0,0,0,0,0,0,0,0,0,0,0,0,0
"DE112","","","DE","B├Âblingen",0,0,0,0,0,0,0,0,0,0,0,0,0,0
"DE113","","","DE","Esslingen",0,0,0,0,0,0,0,0,0,0,0,0,0,0
"DE114","","","DE","G├Âppingen",0,0,0,0,0,0,0,0,0,0,0,0,0,0
"DE115","","","DE","Ludwigsburg",0,0,0,0,0,0,0,0,0,0,0,0,0,0
"DE116","","","DE","Rems-Murr-Kreis",0,0,0,0,0,0,0,0,0,0,0,0,0,0
"DE117","","","DE","Heilbronn, Stadtkreis",0,0,0,0,0,0,0,0,0,0,0,0,0,0
"DE118","","","DE","Heilbronn, Landkreis",0,0,0,0,0,0,0,0,0,0,0,0,0,0
"DE119","","","DE","Hohenlohekreis",0,0,0,0,0,0,0,0,0,0,0,0,0,0
"DE11A","","","DE","Schw├ñbisch Hall",0,0,0,0,0,0,0,0,0,0,0,0,0,0
"DE11B","","","DE","Main-Tauber-Kreis",0,0,0,0,0,0,0,0,0,0,0,0,0,0
"DE11C","","","DE","Heidenheim",0,0,0,0,0,0,0,0,0,0,0,0,0,0
"DE11D","","","DE","Ostalbkreis",0,0,0,0,0,0,0,0,0,0,0,0,0,0
"DE121","","","DE","Baden-Baden, Stadtkreis",0,0,0,0,0,0,0,0,0,0,0,0,0,0
"DE122","","","DE","Karlsruhe, Stadtkreis",0,0,0,0,0,0,0,0,0,0,0,0,0,0
"DE123","","","DE","Karlsruhe, Landkreis",0,0,0,0,0,0,0,0,0,0,0,0,0,0
"DE124","","","DE","Rastatt",0,0,0,0,0,0,0,0,0,0,0,0,0,0
"DE125","","","DE","Heidelberg, Stadtkreis",0,0,0,0,0,0,0,0,0,0,0,0,0,0
"DE126","","","DE","Mannheim, Stadtkreis",0,0,0,0,0,0,0,0,0,0,0,0,0,0
"DE127","","","DE","Neckar-Odenwald-Kreis",0,0,0,0,0,0,0,0,0,0,0,0,0,0
"DE128","","","DE","Rhein-Neckar-Kreis",0,0,0,0,0,0,0,0,0,0,0,0,0,0
"DE129","","","DE","Pforzheim, Stadtkreis",0,0,0,0,0,0,0,0,0,0,0,0,0,0
"DE12A","","","DE","Calw",0,0,0,0,0,0,0,0,0,0,0,0,0,0
"DE12B","","","DE","Enzkreis",0,0,0,0,0,0,0,0,0,0,0,0,0,0
"DE12C","","","DE","Freudenstadt",0,0,0,0,0,0,0,0,0,0,0,0,0,0
"DE131","","","DE","Freiburg im Breisgau, Stadtkreis",0,0,0,0,0,0,0,0,0,0,0,0,0,0
"DE132","","","DE","Breisgau-Hochschwarzwald",0,0,0,0,0,0,0,0,0,0,0,0,0,0
"DE133","","","DE","Emmendingen",0,0,0,0,0,0,0,0,0,0,0,0,0,0
"DE134","","","DE","Ortenaukreis",0,0,0,0,0,0,0,0,0,0,0,0,0,0
"DE135","","","DE","Rottweil",0,0,0,0,0,0,0,0,0,0,0,0,0,0
"DE136","","","DE","Schwarzwald-Baar-Kreis",0,0,0,0,0,0,0,0,0,0,0,0,0,0
"DE137","","","DE","Tuttlingen",0,0,0,0,0,0,0,0,0,0,0,0,0,0
"DE138","","","DE","Konstanz",0,0,0,0,0,0,0,0,0,0,0,0,0,0
"DE139","","","DE","L├Ârrach",0,0,0,0,0,0,0,0,0,0,0,0,0,0
"DE13A","","","DE","Waldshut",0,0,0,0,0,0,0,0,0,0,0,0,0,0
"DE141","","","DE","Reutlingen",0,0,0,0,0,0,0,0,0,0,0,0,0,0
"DE142","","","DE","T├╝bingen, Landkreis",0,0,0,0,0,0,0,0,0,0,0,0,0,0
"DE143","","","DE","Zollernalbkreis",0,0,0,0,0,0,0,0,0,0,0,0,0,0
"DE144","","","DE","Ulm, Stadtkreis",0,0,0,0,0,0,0,0,0,0,0,0,0,0
"DE145","","","DE","Alb-Donau-Kreis",0,0,0,0,0,0,0,0,0,0,0,0,0,0
"DE146","","","DE","Biberach",0,0,0,0,0,0,0,0,0,0,0,0,0,0
"DE147","","","DE","Bodenseekreis",0,0,0,0,0,0,0,0,0,0,0,0,0,0
"DE148","","","DE","Ravensburg",0,0,0,0,0,0,0,0,0,0,0,0,0,0
"DE149","","","DE","Sigmaringen",0,0,0,0,0,0,0,0,0,0,0,0,0,0
"DE211","","","DE","Ingolstadt, Kreisfreie Stadt",0,0,0,0,0,0,0,0,0,0,0,0,0,0
"DE212","","","DE","M├╝nchen, Kreisfreie Stadt",0,0,0,0,0,0,0,0,0,0,0,0,0,0
"DE213","","","DE","Rosenheim, Kreisfreie Stadt",0,0,0,0,0,0,0,0,0,0,0,0,0,0
"DE214","","","DE","Alt├Âtting",0,0,0,0,0,0,0,0,0,0,0,0,0,0
"DE215","","","DE","Berchtesgadener Land",0,0,0,0,0,0,0,0,0,0,0,0,0,0
"DE216","","","DE","Bad T├Âlz-Wolfratshausen",0,0,0,0,0,0,0,0,0,0,0,0,0,0
"DE217","","","DE","Dachau",0,0,0,0,0,0,0,0,0,0,0,0,0,0
"DE218","","","DE","Ebersberg",0,0,0,0,0,0,0,0,0,0,0,0,0,0
"DE219","","","DE","Eichst├ñtt",0,0,0,0,0,0,0,0,0,0,0,0,0,0
"DE21A","","","DE","Erding",0,0,0,0,0,0,0,0,0,0,0,0,0,0
"DE21B","","","DE","Freising",0,0,0,0,0,0,0,0,0,0,0,0,0,0
"DE21C","","","DE","F├╝rstenfeldbruck",0,0,0,0,0,0,0,0,0,0,0,0,0,0
"DE21D","","","DE","Garmisch-Partenkirchen",0,0,0,0,0,0,0,0,0,0,0,0,0,0
"DE21E","","","DE","Landsberg a. Lech",0,0,0,0,0,0,0,0,0,0,0,0,0,0
"DE21F","","","DE","Miesbach",0,0,0,0,0,0,0,0,0,0,0,0,0,0
"DE21G","","","DE","M├╝hldorf a. Inn",0,0,0,0,0,0,0,0,0,0,0,0,0,0
"DE21H","","","DE","M├╝nchen, Landkreis",0,0,0,0,0,0,0,0,0,0,0,0,0,0
"DE21I","","","DE","Neuburg-Schrobenhausen",0,0,0,0,0,0,0,0,0,0,0,0,0,0
"DE21J","","","DE","Pfaffenhofen a. d. Ilm",0,0,0,0,0,0,0,0,0,0,0,0,0,0
"DE21K","","","DE","Rosenheim, Landkreis",0,0,0,0,0,0,0,0,0,0,0,0,0,0
"DE21L","","","DE","Starnberg",0,0,0,0,0,0,0,0,0,0,0,0,0,0
"DE21M","","","DE","Traunstein",0,0,0,0,0,0,0,0,0,0,0,0,0,0
"DE21N","","","DE","Weilheim-Schongau",0,0,0,0,0,0,0,0,0,0,0,0,0,0
"DE221","","","DE","Landshut, Kreisfreie Stadt",0,0,0,0,0,0,0,0,0,0,0,0,0,0
"DE222","","","DE","Passau, Kreisfreie Stadt",0,0,0,0,0,0,0,0,0,0,0,0,0,0
"DE223","","","DE","Straubing, Kreisfreie Stadt",0,0,0,0,0,0,0,0,0,0,0,0,0,0
"DE224","","","DE","Deggendorf",0,0,0,0,0,0,0,0,0,0,0,0,0,0
"DE225","","","DE","Freyung-Grafenau",0,0,0,0,0,0,0,0,0,0,0,0,0,0
"DE226","","","DE","Kelheim",0,0,0,0,0,0,0,0,0,0,0,0,0,0
"DE227","","","DE","Landshut, Landkreis",0,0,0,0,0,0,0,0,0,0,0,0,0,0
"DE228","","","DE","Passau, Landkreis",2.85867567123414e-06,1.55222208392803e-07,3.45269912258352e-07,1.80097562301908e-07,9.95014156364126e-07,1.07660531718599e-06,5.61187984189368e-07,8.6765234434952e-07,7.59195801305828e-07,9.95014156364126e-07,7.75636866146958e-07,9.95014156364122e-07,7.61310046282892e-07,9.56951051694402e-07
"DE229","","","DE","Regen",0,0,0,0,0,0,0,0,0,0,0,0,0,0
"DE22A","","","DE","Rottal-Inn",0,0,0,0,0,0,0,0,0,0,0,0,0,0
"DE22B","","","DE","Straubing-Bogen",0,0,0,0,0,0,0,0,0,0,0,0,0,0
"DE22C","","","DE","Dingolfing-Landau",0,0,0,0,0,0,0,0,0,0,0,0,0,0
"DE231","","","DE","Amberg, Kreisfreie Stadt",0,0,0,0,0,0,0,0,0,0,0,0,0,0
"DE232","","","DE","Regensburg, Kreisfreie Stadt",0,0,0,0,0,0,0,0,0,0,0,0,0,0
"DE233","","","DE","Weiden i. d. Opf, Kreisfreie Stadt",0,0,0,0,0,0,0,0,0,0,0,0,0,0
"DE234","","","DE","Amberg-Sulzbach",0,0,0,0,0,0,0,0,0,0,0,0,0,0
"DE235","","","DE","Cham",0,0,0,0,0,0,0,0,0,0,0,0,0,0
"DE236","","","DE","Neumarkt i. d. OPf.",0,0,0,0,0,0,0,0,0,0,0,0,0,0
"DE237","","","DE","Neustadt a. d. Waldnaab",0,0,0,0,0,0,0,0,0,0,0,0,0,0
"DE238","","","DE","Regensburg, Landkreis",0,0,0,0,0,0,0,0,0,0,0,0,0,0
"DE239","","","DE","Schwandorf",0,0,0,0,0,0,0,0,0,0,0,0,0,0
"DE23A","","","DE","Tirschenreuth",0,0,0,0,0,0,0,0,0,0,0,0,0,0
"DE241","","","DE","Bamberg, Kreisfreie Stadt",0,0,0,0,0,0,0,0,0,0,0,0,0,0
"DE242","","","DE","Bayreuth, Kreisfreie Stadt",0,0,0,0,0,0,0,0,0,0,0,0,0,0
"DE243","","","DE","Coburg, Kreisfreie Stadt",0,0,0,0,0,0,0,0,0,0,0,0,0,0
"DE244","","","DE","Hof, Kreisfreie Stadt",0,0,0,0,0,0,0,0,0,0,0,0,0,0
"DE245","","","DE","Bamberg, Landkreis",0,0,0,0,0,0,0,0,0,0,0,0,0,0
"DE246","","","DE","Bayreuth, Landkreis",0,0,0,0,0,0,0,0,0,0,0,0,0,0
"DE247","","","DE","Coburg, Landkreis",0,0,0,0,0,0,0,0,0,0,0,0,0,0
"DE248","","","DE","Forchheim",0,0,0,0,0,0,0,0,0,0,0,0,0,0
"DE249","","","DE","Hof, Landkreis",0,0,0,0,0,0,0,0,0,0,0,0,0,0
"DE24A","","","DE","Kronach",0,0,0,0,0,0,0,0,0,0,0,0,0,0
"DE24B","","","DE","Kulmbach",0,0,0,0,0,0,0,0,0,0,0,0,0,0
"DE24C","","","DE","Lichtenfels",0,0,0,0,0,0,0,0,0,0,0,0,0,0
"DE24D","","","DE","Wunsiedel i. Fichtelgebirge",0,0,0,0,0,0,0,0,0,0,0,0,0,0
"DE251","","","DE","Ansbach, Kreisfreie Stadt",0,0,0,0,0,0,0,0,0,0,0,0,0,0
"DE252","","","DE","Erlangen, Kreisfreie Stadt",0,0,0,0,0,0,0,0,0,0,0,0,0,0
"DE253","","","DE","F├╝rth, Kreisfreie Stadt",0,0,0,0,0,0,0,0,0,0,0,0,0,0
"DE254","","","DE","N├╝rnberg, Kreisfreie Stadt",0,0,0,0,0,0,0,0,0,0,0,0,0,0
"DE255","","","DE","Schwabach, Kreisfreie Stadt",0,0,0,0,0,0,0,0,0,0,0,0,0,0
"DE256","","","DE","Ansbach, Landkreis",0,0,0,0,0,0,0,0,0,0,0,0,0,0
"DE257","","","DE","Erlangen-H├Âchstadt",0,0,0,0,0,0,0,0,0,0,0,0,0,0
"DE258","","","DE","F├╝rth, Landkreis",0,0,0,0,0,0,0,0,0,0,0,0,0,0
"DE259","","","DE","N├╝rnberger Land",0,0,0,0,0,0,0,0,0,0,0,0,0,0
"DE25A","","","DE","Neustadt a. d. Aisch-Bad Windsheim",0,0,0,0,0,0,0,0,0,0,0,0,0,0
"DE25B","","","DE","Roth",0,0,0,0,0,0,0,0,0,0,0,0,0,0
"DE25C","","","DE","Wei├ƒenburg-Gunzenhausen",0,0,0,0,0,0,0,0,0,0,0,0,0,0
"DE261","","","DE","Aschaffenburg, Kreisfreie Stadt",0,0,0,0,0,0,0,0,0,0,0,0,0,0
"DE262","","","DE","Schweinfurt, Kreisfreie Stadt",0,0,0,0,0,0,0,0,0,0,0,0,0,0
"DE263","","","DE","W├╝rzburg, Kreisfreie Stadt",0,0,0,0,0,0,0,0,0,0,0,0,0,0
"DE264","","","DE","Aschaffenburg, Landkreis",0,0,0,0,0,0,0,0,0,0,0,0,0,0
"DE265","","","DE","Bad Kissingen",0,0,0,0,0,0,0,0,0,0,0,0,0,0
"DE266","","","DE","Rh├Ân-Grabfeld",0,0,0,0,0,0,0,0,0,0,0,0,0,0
"DE267","","","DE","Ha├ƒberge",0,0,0,0,0,0,0,0,0,0,0,0,0,0
"DE268","","","DE","Kitzingen",0,0,0,0,0,0,0,0,0,0,0,0,0,0
"DE269","","","DE","Miltenberg",0,0,0,0,0,0,0,0,0,0,0,0,0,0
"DE26A","","","DE","Main-Spessart",0,0,0,0,0,0,0,0,0,0,0,0,0,0
"DE26B","","","DE","Schweinfurt, Landkreis",0,0,0,0,0,0,0,0,0,0,0,0,0,0
"DE26C","","","DE","W├╝rzburg, Landkreis",0,0,0,0,0,0,0,0,0,0,0,0,0,0
"DE271","","","DE","Augsburg, Kreisfreie Stadt",0,0,0,0,0,0,0,0,0,0,0,0,0,0
"DE272","","","DE","Kaufbeuren, Kreisfreie Stadt",0,0,0,0,0,0,0,0,0,0,0,0,0,0
"DE273","","","DE","Kempten (Allg├ñu), Kreisfreie Stadt",0,0,0,0,0,0,0,0,0,0,0,0,0,0
"DE274","","","DE","Memmingen, Kreisfreie Stadt",0,0,0,0,0,0,0,0,0,0,0,0,0,0
"DE275","","","DE","Aichach-Friedberg",0,0,0,0,0,0,0,0,0,0,0,0,0,0
"DE276","","","DE","Augsburg, Landkreis",0,0,0,0,0,0,0,0,0,0,0,0,0,0
"DE277","","","DE","Dillingen a.d. Donau",0,0,0,0,0,0,0,0,0,0,0,0,0,0
"DE278","","","DE","G├╝nzburg",0,0,0,0,0,0,0,0,0,0,0,0,0,0
"DE279","","","DE","Neu-Ulm",0,0,0,0,0,0,0,0,0,0,0,0,0,0
"DE27A","","","DE","Lindau (Bodensee)",0,0,0,0,0,0,0,0,0,0,0,0,0,0
"DE27B","","","DE","Ostallg├ñu",0,0,0,0,0,0,0,0,0,0,0,0,0,0
"DE27C","","","DE","Unterallg├ñu",0,0,0,0,0,0,0,0,0,0,0,0,0,0
"DE27D","","","DE","Donau-Ries",0,0,0,0,0,0,0,0,0,0,0,0,0,0
"DE27E","","","DE","Oberallg├ñu",0,0,0,0,0,0,0,0,0,0,0,0,0,0
"DE300","","","DE","Berlin",0,0,0,0,0,0,0,0,0,0,0,0,0,0
"DE401","","","DE","Brandenburg an der Havel, Kreisfreie Stadt",0,0,0,0,0,0,0,0,0,0,0,0,0,0
"DE402","","","DE","Cottbus, Kreisfreie Stadt",0,0,0,0,0,0,0,0,0,0,0,0,0,0
"DE403","","","DE","Frankfurt (Oder), Kreisfreie Stadt",6.41930361771035e-06,3.4855947245486e-07,7.75321390652796e-07,4.04418362271343e-07,2.23435559265936e-06,2.41757275125742e-06,1.26017655425988e-06,1.94835807679896e-06,1.70481331719908e-06,2.23435559265935e-06,1.74173257602781e-06,2.23435559265935e-06,1.70956096330899e-06,2.14888292852807e-06
"DE404","","","DE","Potsdam, Kreisfreie Stadt",0,0,0,0,0,0,0,0,0,0,0,0,0,0
"DE405","","","DE","Barnim",0,0,0,0,0,0,0,0,0,0,0,0,0,0
"DE406","","","DE","Dahme-Spreewald",0,0,0,0,0,0,0,0,0,0,0,0,0,0
"DE407","","","DE","Elbe-Elster",0,0,0,0,0,0,0,0,0,0,0,0,0,0
"DE408","","","DE","Havelland",0,0,0,0,0,0,0,0,0,0,0,0,0,0
"DE409","","","DE","M├ñrkisch-Oderland",0,0,0,0,0,0,0,0,0,0,0,0,0,0
"DE40A","","","DE","Oberhavel",0,0,0,0,0,0,0,0,0,0,0,0,0,0
"DE40B","","","DE","Oberspreewald-Lausitz",0,0,0,0,0,0,0,0,0,0,0,0,0,0
"DE40C","","","DE","Oder-Spree",0,0,0,0,0,0,0,0,0,0,0,0,0,0
"DE40D","","","DE","Ostprignitz-Ruppin",0,0,0,0,0,0,0,0,0,0,0,0,0,0
"DE40E","","","DE","Potsdam-Mittelmark",0,0,0,0,0,0,0,0,0,0,0,0,0,0
"DE40F","","","DE","Prignitz",0,0,0,0,0,0,0,0,0,0,0,0,0,0
"DE40G","","","DE","Spree-Nei├ƒe",0,0,0,0,0,0,0,0,0,0,0,0,0,0
"DE40H","","","DE","Teltow-Fl├ñming",0,0,0,0,0,0,0,0,0,0,0,0,0,0
"DE40I","","","DE","Uckermark",0,0,0,0,0,0,0,0,0,0,0,0,0,0
"DE501","","","DE","Bremen, Kreisfreie Stadt",0,0,0,0,0,0,0,0,0,0,0,0,0,0
"DE502","","","DE","Bremerhaven, Kreisfreie Stadt",0,0,0,0,0,0,0,0,0,0,0,0,0,0
"DE600","","","DE","Hamburg",0,0,0,0,0,0,0,0,0,0,0,0,0,0
"DE711","","","DE","Darmstadt, Kreisfreie Stadt",0,0,0,0,0,0,0,0,0,0,0,0,0,0
"DE712","","","DE","Frankfurt am Main, Kreisfreie Stadt",0,0,0,0,0,0,0,0,0,0,0,0,0,0
"DE713","","","DE","Offenbach am Main, Kreisfreie Stadt",0,0,0,0,0,0,0,0,0,0,0,0,0,0
"DE714","","","DE","Wiesbaden, Kreisfreie Stadt",0,0,0,0,0,0,0,0,0,0,0,0,0,0
"DE715","","","DE","Bergstra├ƒe",0,0,0,0,0,0,0,0,0,0,0,0,0,0
"DE716","","","DE","Darmstadt-Dieburg",0,0,0,0,0,0,0,0,0,0,0,0,0,0
"DE717","","","DE","Gro├ƒ-Gerau",0,0,0,0,0,0,0,0,0,0,0,0,0,0
"DE718","","","DE","Hochtaunuskreis",0,0,0,0,0,0,0,0,0,0,0,0,0,0
"DE719","","","DE","Main-Kinzig-Kreis",0,0,0,0,0,0,0,0,0,0,0,0,0,0
"DE71A","","","DE","Main-Taunus-Kreis",0,0,0,0,0,0,0,0,0,0,0,0,0,0
"DE71B","","","DE","Odenwaldkreis",0,0,0,0,0,0,0,0,0,0,0,0,0,0
"DE71C","","","DE","Offenbach, Landkreis",0,0,0,0,0,0,0,0,0,0,0,0,0,0
"DE71D","","","DE","Rheingau-Taunus-Kreis",0,0,0,0,0,0,0,0,0,0,0,0,0,0
"DE71E","","","DE","Wetteraukreis",0,0,0,0,0,0,0,0,0,0,0,0,0,0
"DE721","","","DE","Gie├ƒen, Landkreis",0,0,0,0,0,0,0,0,0,0,0,0,0,0
"DE722","","","DE","Lahn-Dill-Kreis",0,0,0,0,0,0,0,0,0,0,0,0,0,0
"DE723","","","DE","Limburg-Weilburg",0,0,0,0,0,0,0,0,0,0,0,0,0,0
"DE724","","","DE","Marburg-Biedenkopf",0,0,0,0,0,0,0,0,0,0,0,0,0,0
"DE725","","","DE","Vogelsbergkreis",0,0,0,0,0,0,0,0,0,0,0,0,0,0
"DE731","","","DE","Kassel, Kreisfreie Stadt",0,0,0,0,0,0,0,0,0,0,0,0,0,0
"DE732","","","DE","Fulda",0,0,0,0,0,0,0,0,0,0,0,0,0,0
"DE733","","","DE","Hersfeld-Rotenburg",0,0,0,0,0,0,0,0,0,0,0,0,0,0
"DE734","","","DE","Kassel, Landkreis",0,0,0,0,0,0,0,0,0,0,0,0,0,0
"DE735","","","DE","Schwalm-Eder-Kreis",0,0,0,0,0,0,0,0,0,0,0,0,0,0
"DE736","","","DE","Waldeck-Frankenberg",0,0,0,0,0,0,0,0,0,0,0,0,0,0
"DE737","","","DE","Werra-Mei├ƒner-Kreis",0,0,0,0,0,0,0,0,0,0,0,0,0,0
"DE801","","","DE","Greifswald, Kreisfreie Stadt",0,0,0,0,0,0,0,0,0,0,0,0,0,0
"DE802","","","DE","Neubrandenburg, Kreisfreie Stadt",0,0,0,0,0,0,0,0,0,0,0,0,0,0
"DE803","","","DE","Rostock, Kreisfreie Stadt",0,0,0,0,0,0,0,0,0,0,0,0,0,0
"DE804","","","DE","Schwerin, Kreisfreie Stadt",0,0,0,0,0,0,0,0,0,0,0,0,0,0
"DE805","","","DE","Stralsund, Kreisfreie Stadt",0,0,0,0,0,0,0,0,0,0,0,0,0,0
"DE806","","","DE","Wismar, Kreisfreie Stadt",0,0,0,0,0,0,0,0,0,0,0,0,0,0
"DE807","","","DE","Bad Doberan",0,0,0,0,0,0,0,0,0,0,0,0,0,0
"DE808","","","DE","Demmin",0,0,0,0,0,0,0,0,0,0,0,0,0,0
"DE809","","","DE","G├╝strow",0,0,0,0,0,0,0,0,0,0,0,0,0,0
"DE80A","","","DE","Ludwigslust",0,0,0,0,0,0,0,0,0,0,0,0,0,0
"DE80B","","","DE","Mecklenburg-Strelitz",0,0,0,0,0,0,0,0,0,0,0,0,0,0
"DE80C","","","DE","M├╝ritz",0,0,0,0,0,0,0,0,0,0,0,0,0,0
"DE80D","","","DE","Nordvorpommern",0,0,0,0,0,0,0,0,0,0,0,0,0,0
"DE80E","","","DE","Nordwestmecklenburg",0,0,0,0,0,0,0,0,0,0,0,0,0,0
"DE80F","","","DE","Ostvorpommern",0,0,0,0,0,0,0,0,0,0,0,0,0,0
"DE80G","","","DE","Parchim",0,0,0,0,0,0,0,0,0,0,0,0,0,0
"DE80H","","","DE","R├╝gen",0,0,0,0,0,0,0,0,0,0,0,0,0,0
"DE80I","","","DE","Uecker-Randow",0,0,0,0,0,0,0,0,0,0,0,0,0,0
"DE911","","","DE","Braunschweig, Kreisfreie Stadt",0,0,0,0,0,0,0,0,0,0,0,0,0,0
"DE912","","","DE","Salzgitter, Kreisfreie Stadt",0,0,0,0,0,0,0,0,0,0,0,0,0,0
"DE913","","","DE","Wolfsburg, Kreisfreie Stadt",0,0,0,0,0,0,0,0,0,0,0,0,0,0
"DE914","","","DE","Gifhorn",0,0,0,0,0,0,0,0,0,0,0,0,0,0
"DE915","","","DE","G├Âttingen",0,0,0,0,0,0,0,0,0,0,0,0,0,0
"DE916","","","DE","Goslar",0,0,0,0,0,0,0,0,0,0,0,0,0,0
"DE917","","","DE","Helmstedt",0,0,0,0,0,0,0,0,0,0,0,0,0,0
"DE918","","","DE","Northeim",0,0,0,0,0,0,0,0,0,0,0,0,0,0
"DE919","","","DE","Osterode am Harz",0,0,0,0,0,0,0,0,0,0,0,0,0,0
"DE91A","","","DE","Peine",0,0,0,0,0,0,0,0,0,0,0,0,0,0
"DE91B","","","DE","Wolfenb├╝ttel",0,0,0,0,0,0,0,0,0,0,0,0,0,0
"DE922","","","DE","Diepholz",0,0,0,0,0,0,0,0,0,0,0,0,0,0
"DE923","","","DE","Hameln-Pyrmont",0,0,0,0,0,0,0,0,0,0,0,0,0,0
"DE925","","","DE","Hildesheim",0,0,0,0,0,0,0,0,0,0,0,0,0,0
"DE926","","","DE","Holzminden",0,0,0,0,0,0,0,0,0,0,0,0,0,0
"DE927","","","DE","Nienburg (Weser)",0,0,0,0,0,0,0,0,0,0,0,0,0,0
"DE928","","","DE","Schaumburg",0,0,0,0,0,0,0,0,0,0,0,0,0,0
"DE929","","","DE","Region Hannover",0,0,0,0,0,0,0,0,0,0,0,0,0,0
"DE931","","","DE","Celle",0,0,0,0,0,0,0,0,0,0,0,0,0,0
"DE932","","","DE","Cuxhaven",0,0,0,0,0,0,0,0,0,0,0,0,0,0
"DE933","","","DE","Harburg",0,0,0,0,0,0,0,0,0,0,0,0,0,0
"DE934","","","DE","L├╝chow-Dannenberg",0,0,0,0,0,0,0,0,0,0,0,0,0,0
"DE935","","","DE","L├╝neburg, Landkreis",0,0,0,0,0,0,0,0,0,0,0,0,0,0
"DE936","","","DE","Osterholz",0,0,0,0,0,0,0,0,0,0,0,0,0,0
"DE937","","","DE","Rotenburg (W├╝mme)",0,0,0,0,0,0,0,0,0,0,0,0,0,0
"DE938","","","DE","Soltau-Fallingbostel",0,0,0,0,0,0,0,0,0,0,0,0,0,0
"DE939","","","DE","Stade",0,0,0,0,0,0,0,0,0,0,0,0,0,0
"DE93A","","","DE","Uelzen",0,0,0,0,0,0,0,0,0,0,0,0,0,0
"DE93B","","","DE","Verden",0,0,0,0,0,0,0,0,0,0,0,0,0,0
"DE941","","","DE","Delmenhorst, Kreisfreie Stadt",0,0,0,0,0,0,0,0,0,0,0,0,0,0
"DE942","","","DE","Emden, Kreisfreie Stadt",0,0,0,0,0,0,0,0,0,0,0,0,0,0
"DE943","","","DE","Oldenburg (Oldenburg), Kreisfreie Stadt",0,0,0,0,0,0,0,0,0,0,0,0,0,0
"DE944","","","DE","Osnabr├╝ck, Kreisfreie Stadt",0,0,0,0,0,0,0,0,0,0,0,0,0,0
"DE945","","","DE","Wilhelmshaven, Kreisfreie Stadt",0,0,0,0,0,0,0,0,0,0,0,0,0,0
"DE946","","","DE","Ammerland",0,0,0,0,0,0,0,0,0,0,0,0,0,0
"DE947","","","DE","Aurich",0,0,0,0,0,0,0,0,0,0,0,0,0,0
"DE948","","","DE","Cloppenburg",0,0,0,0,0,0,0,0,0,0,0,0,0,0
"DE949","","","DE","Emsland",0,0,0,0,0,0,0,0,0,0,0,0,0,0
"DE94A","","","DE","Friesland (D)",0,0,0,0,0,0,0,0,0,0,0,0,0,0
"DE94B","","","DE","Grafschaft Bentheim",0,0,0,0,0,0,0,0,0,0,0,0,0,0
"DE94C","","","DE","Leer",0,0,0,0,0,0,0,0,0,0,0,0,0,0
"DE94D","","","DE","Oldenburg, Landkreis",0,0,0,0,0,0,0,0,0,0,0,0,0,0
"DE94E","","","DE","Osnabr├╝ck, Landkreis",0,0,0,0,0,0,0,0,0,0,0,0,0,0
"DE94F","","","DE","Vechta",0,0,0,0,0,0,0,0,0,0,0,0,0,0
"DE94G","","","DE","Wesermarsch",0,0,0,0,0,0,0,0,0,0,0,0,0,0
"DE94H","","","DE","Wittmund",0,0,0,0,0,0,0,0,0,0,0,0,0,0
"DEA11","","","DE","D├╝sseldorf, Kreisfreie Stadt",0,0,0,0,0,0,0,0,0,0,0,0,0,0
"DEA12","","","DE","Duisburg, Kreisfreie Stadt",0,0,0,0,0,0,0,0,0,0,0,0,0,0
"DEA13","","","DE","Essen, Kreisfreie Stadt",0,0,0,0,0,0,0,0,0,0,0,0,0,0
"DEA14","","","DE","Krefeld, Kreisfreie Stadt",0,0,0,0,0,0,0,0,0,0,0,0,0,0
"DEA15","","","DE","M├Ânchengladbach, Kreisfreie Stadt",0,0,0,0,0,0,0,0,0,0,0,0,0,0
"DEA16","","","DE","M├╝lheim an der Ruhr,Kreisfreie Stadt",0,0,0,0,0,0,0,0,0,0,0,0,0,0
"DEA17","","","DE","Oberhausen, Kreisfreie Stadt",0,0,0,0,0,0,0,0,0,0,0,0,0,0
"DEA18","","","DE","Remscheid, Kreisfreie Stadt",0,0,0,0,0,0,0,0,0,0,0,0,0,0
"DEA19","","","DE","Solingen, Kreisfreie Stadt",0,0,0,0,0,0,0,0,0,0,0,0,0,0
"DEA1A","","","DE","Wuppertal, Kreisfreie Stadt",0,0,0,0,0,0,0,0,0,0,0,0,0,0
"DEA1B","","","DE","Kleve",0,0,0,0,0,0,0,0,0,0,0,0,0,0
"DEA1C","","","DE","Mettmann",0,0,0,0,0,0,0,0,0,0,0,0,0,0
"DEA1D","","","DE","Rhein-Kreis Neuss",0,0,0,0,0,0,0,0,0,0,0,0,0,0
"DEA1E","","","DE","Viersen",0,0,0,0,0,0,0,0,0,0,0,0,0,0
"DEA1F","","","DE","Wesel",0,0,0,0,0,0,0,0,0,0,0,0,0,0
"DEA22","","","DE","Bonn, Kreisfreie Stadt",0,0,0,0,0,0,0,0,0,0,0,0,0,0
"DEA23","","","DE","K├Âln, Kreisfreie Stadt",0,0,0,0,0,0,0,0,0,0,0,0,0,0
"DEA24","","","DE","Leverkusen, Kreisfreie Stadt",0,0,0,0,0,0,0,0,0,0,0,0,0,0
"DEA26","","","DE","D├╝ren",0,0,0,0,0,0,0,0,0,0,0,0,0,0
"DEA27","","","DE","Rhein-Erft-Kreis",0,0,0,0,0,0,0,0,0,0,0,0,0,0
"DEA28","","","DE","Euskirchen",0,0,0,0,0,0,0,0,0,0,0,0,0,0
"DEA29","","","DE","Heinsberg",0,0,0,0,0,0,0,0,0,0,0,0,0,0
"DEA2A","","","DE","Oberbergischer Kreis",0,0,0,0,0,0,0,0,0,0,0,0,0,0
"DEA2B","","","DE","Rheinisch-Bergischer Kreis",0,0,0,0,0,0,0,0,0,0,0,0,0,0
"DEA2C","","","DE","Rhein-Sieg-Kreis",0,0,0,0,0,0,0,0,0,0,0,0,0,0
"DEA2D","","","DE","St├ñdteregion Aachen",0,0,0,0,0,0,0,0,0,0,0,0,0,0
"DEA31","","","DE","Bottrop, Kreisfreie Stadt",0,0,0,0,0,0,0,0,0,0,0,0,0,0
"DEA32","","","DE","Gelsenkirchen, Kreisfreie Stadt",0,0,0,0,0,0,0,0,0,0,0,0,0,0
"DEA33","","","DE","M├╝nster, Kreisfreie Stadt",0,0,0,0,0,0,0,0,0,0,0,0,0,0
"DEA34","","","DE","Borken",0,0,0,0,0,0,0,0,0,0,0,0,0,0
"DEA35","","","DE","Coesfeld",0,0,0,0,0,0,0,0,0,0,0,0,0,0
"DEA36","","","DE","Recklinghausen",0,0,0,0,0,0,0,0,0,0,0,0,0,0
"DEA37","","","DE","Steinfurt",0,0,0,0,0,0,0,0,0,0,0,0,0,0
"DEA38","","","DE","Warendorf",0,0,0,0,0,0,0,0,0,0,0,0,0,0
"DEA41","","","DE","Bielefeld, Kreisfreie Stadt",0,0,0,0,0,0,0,0,0,0,0,0,0,0
"DEA42","","","DE","G├╝tersloh",0,0,0,0,0,0,0,0,0,0,0,0,0,0
"DEA43","","","DE","Herford",0,0,0,0,0,0,0,0,0,0,0,0,0,0
"DEA44","","","DE","H├Âxter",0,0,0,0,0,0,0,0,0,0,0,0,0,0
"DEA45","","","DE","Lippe",0,0,0,0,0,0,0,0,0,0,0,0,0,0
"DEA46","","","DE","Minden-L├╝bbecke",0,0,0,0,0,0,0,0,0,0,0,0,0,0
"DEA47","","","DE","Paderborn",0,0,0,0,0,0,0,0,0,0,0,0,0,0
"DEA51","","","DE","Bochum, Kreisfreie Stadt",0,0,0,0,0,0,0,0,0,0,0,0,0,0
"DEA52","","","DE","Dortmund, Kreisfreie Stadt",0,0,0,0,0,0,0,0,0,0,0,0,0,0
"DEA53","","","DE","Hagen, Kreisfreie Stadt",0,0,0,0,0,0,0,0,0,0,0,0,0,0
"DEA54","","","DE","Hamm, Kreisfreie Stadt",0,0,0,0,0,0,0,0,0,0,0,0,0,0
"DEA55","","","DE","Herne, Kreisfreie Stadt",0,0,0,0,0,0,0,0,0,0,0,0,0,0
"DEA56","","","DE","Ennepe-Ruhr-Kreis",0,0,0,0,0,0,0,0,0,0,0,0,0,0
"DEA57","","","DE","Hochsauerlandkreis",0,0,0,0,0,0,0,0,0,0,0,0,0,0
"DEA58","","","DE","M├ñrkischer Kreis",0,0,0,0,0,0,0,0,0,0,0,0,0,0
"DEA59","","","DE","Olpe",0,0,0,0,0,0,0,0,0,0,0,0,0,0
"DEA5A","","","DE","Siegen-Wittgenstein",0,0,0,0,0,0,0,0,0,0,0,0,0,0
"DEA5B","","","DE","Soest",0,0,0,0,0,0,0,0,0,0,0,0,0,0
"DEA5C","","","DE","Unna",0,0,0,0,0,0,0,0,0,0,0,0,0,0
"DEB11","","","DE","Koblenz, Kreisfreie Stadt",0,0,0,0,0,0,0,0,0,0,0,0,0,0
"DEB12","","","DE","Ahrweiler",0,0,0,0,0,0,0,0,0,0,0,0,0,0
"DEB13","","","DE","Altenkirchen (Westerwald)",0,0,0,0,0,0,0,0,0,0,0,0,0,0
"DEB14","","","DE","Bad Kreuznach",0,0,0,0,0,0,0,0,0,0,0,0,0,0
"DEB15","","","DE","Birkenfeld",0,0,0,0,0,0,0,0,0,0,0,0,0,0
"DEB16","","","DE","Cochem-Zell",0,0,0,0,0,0,0,0,0,0,0,0,0,0
"DEB17","","","DE","Mayen-Koblenz",0,0,0,0,0,0,0,0,0,0,0,0,0,0
"DEB18","","","DE","Neuwied",0,0,0,0,0,0,0,0,0,0,0,0,0,0
"DEB19","","","DE","Rhein-Hunsr├╝ck-Kreis",0,0,0,0,0,0,0,0,0,0,0,0,0,0
"DEB1A","","","DE","Rhein-Lahn-Kreis",0,0,0,0,0,0,0,0,0,0,0,0,0,0
"DEB1B","","","DE","Westerwaldkreis",0,0,0,0,0,0,0,0,0,0,0,0,0,0
"DEB21","","","DE","Trier, Kreisfreie Stadt",0,0,0,0,0,0,0,0,0,0,0,0,0,0
"DEB22","","","DE","Bernkastel-Wittlich",0,0,0,0,0,0,0,0,0,0,0,0,0,0
"DEB23","","","DE","Bitburg-Pr├╝m",0,0,0,0,0,0,0,0,0,0,0,0,0,0
"DEB24","","","DE","Daun",0,0,0,0,0,0,0,0,0,0,0,0,0,0
"DEB25","","","DE","Trier-Saarburg",0,0,0,0,0,0,0,0,0,0,0,0,0,0
"DEB31","","","DE","Frankenthal (Pfalz), Kreisfreie Stadt",0,0,0,0,0,0,0,0,0,0,0,0,0,0
"DEB32","","","DE","Kaiserslautern, Kreisfreie Stadt",0,0,0,0,0,0,0,0,0,0,0,0,0,0
"DEB33","","","DE","Landau in der Pfalz, Kreisfreie Stadt",0,0,0,0,0,0,0,0,0,0,0,0,0,0
"DEB34","","","DE","Ludwigshafen am Rhein, Kreisfreie Stadt",0,0,0,0,0,0,0,0,0,0,0,0,0,0
"DEB35","","","DE","Mainz, Kreisfreie Stadt",0,0,0,0,0,0,0,0,0,0,0,0,0,0
"DEB36","","","DE","Neustadt an der Weinstra├ƒe, Kreisfreie Stadt",0,0,0,0,0,0,0,0,0,0,0,0,0,0
"DEB37","","","DE","Pirmasens, Kreisfreie Stadt",0,0,0,0,0,0,0,0,0,0,0,0,0,0
"DEB38","","","DE","Speyer, Kreisfreie Stadt",0,0,0,0,0,0,0,0,0,0,0,0,0,0
"DEB39","","","DE","Worms, Kreisfreie Stadt",0,0,0,0,0,0,0,0,0,0,0,0,0,0
"DEB3A","","","DE","Zweibr├╝cken, Kreisfreie Stadt",0,0,0,0,0,0,0,0,0,0,0,0,0,0
"DEB3B","","","DE","Alzey-Worms",0,0,0,0,0,0,0,0,0,0,0,0,0,0
"DEB3C","","","DE","Bad D├╝rkheim",0,0,0,0,0,0,0,0,0,0,0,0,0,0
"DEB3D","","","DE","Donnersbergkreis",0,0,0,0,0,0,0,0,0,0,0,0,0,0
"DEB3E","","","DE","Germersheim",0,0,0,0,0,0,0,0,0,0,0,0,0,0
"DEB3F","","","DE","Kaiserslautern, Landkreis",0,0,0,0,0,0,0,0,0,0,0,0,0,0
"DEB3G","","","DE","Kusel",0,0,0,0,0,0,0,0,0,0,0,0,0,0
"DEB3H","","","DE","S├╝dliche Weinstra├ƒe",0,0,0,0,0,0,0,0,0,0,0,0,0,0
"DEB3I","","","DE","Rhein-Pfalz-Kreis",0,0,0,0,0,0,0,0,0,0,0,0,0,0
"DEB3J","","","DE","Mainz-Bingen",0,0,0,0,0,0,0,0,0,0,0,0,0,0
"DEB3K","","","DE","S├╝dwestpfalz",0,0,0,0,0,0,0,0,0,0,0,0,0,0
"DEC01","","","DE","Stadtverband Saarbr├╝cken",0,0,0,0,0,0,0,0,0,0,0,0,0,0
"DEC02","","","DE","Merzig-Wadern",0,0,0,0,0,0,0,0,0,0,0,0,0,0
"DEC03","","","DE","Neunkirchen",0,0,0,0,0,0,0,0,0,0,0,0,0,0
"DEC04","","","DE","Saarlouis",0,0,0,0,0,0,0,0,0,0,0,0,0,0
"DEC05","","","DE","Saarpfalz-Kreis",0,0,0,0,0,0,0,0,0,0,0,0,0,0
"DEC06","","","DE","St. Wendel",0,0,0,0,0,0,0,0,0,0,0,0,0,0
"DED21","","","DE","Dresden, Kreisfreie Stadt",0,0,0,0,0,0,0,0,0,0,0,0,0,0
"DED2C","","","DE","Bautzen",0,0,0,0,0,0,0,0,0,0,0,0,0,0
"DED2D","","","DE","G├Ârlitz",0,0,0,0,0,0,0,0,0,0,0,0,0,0
"DED2E","","","DE","Mei├ƒen",0,0,0,0,0,0,0,0,0,0,0,0,0,0
"DED2F","","","DE","S├ñchsische Schweiz-Osterzgebirge",0,0,0,0,0,0,0,0,0,0,0,0,0,0
"DED41","","","DE","Chemnitz, Kreisfreie Stadt",0,0,0,0,0,0,0,0,0,0,0,0,0,0
"DED42","","","DE","Erzgebirgskreis",0,0,0,0,0,0,0,0,0,0,0,0,0,0
"DED43","","","DE","Mittelsachsen",0,0,0,0,0,0,0,0,0,0,0,0,0,0
"DED44","","","DE","Vogtlandkreis",0,0,0,0,0,0,0,0,0,0,0,0,0,0
"DED45","","","DE","Zwichau",0,0,0,0,0,0,0,0,0,0,0,0,0,0
"DED51","","","DE","Leipzig, Kreisfreie Stadt",0,0,0,0,0,0,0,0,0,0,0,0,0,0
"DED52","","","DE","Leipzig",0,0,0,0,0,0,0,0,0,0,0,0,0,0
"DED53","","","DE","Nordhausen",0,0,0,0,0,0,0,0,0,0,0,0,0,0
"DEE01","","","DE","Dessau-Ro├ƒlau, Kreisfreie Stadt",0,0,0,0,0,0,0,0,0,0,0,0,0,0
"DEE02","","","DE","Halle (Saale), Kreisfreie Stadt",0,0,0,0,0,0,0,0,0,0,0,0,0,0
"DEE03","","","DE","Magdeburg, Kreisfreie Stadt",0,0,0,0,0,0,0,0,0,0,0,0,0,0
"DEE04","","","DE","Altmarkkreis Salzwedel",0,0,0,0,0,0,0,0,0,0,0,0,0,0
"DEE05","","","DE","Anhalt-Bitterfeld",0,0,0,0,0,0,0,0,0,0,0,0,0,0
"DEE06","","","DE","Jerichower Land",0,0,0,0,0,0,0,0,0,0,0,0,0,0
"DEE07","","","DE","B├Ârde",0,0,0,0,0,0,0,0,0,0,0,0,0,0
"DEE08","","","DE","Burgenland (D)",0,0,0,0,0,0,0,0,0,0,0,0,0,0
"DEE09","","","DE","Harz",0,0,0,0,0,0,0,0,0,0,0,0,0,0
"DEE0A","","","DE","Mansfeld-S├╝dharz",0,0,0,0,0,0,0,0,0,0,0,0,0,0
"DEE0B","","","DE","Saalekreis",0,0,0,0,0,0,0,0,0,0,0,0,0,0
"DEE0C","","","DE","Salzland",0,0,0,0,0,0,0,0,0,0,0,0,0,0
"DEE0D","","","DE","Stendal",0,0,0,0,0,0,0,0,0,0,0,0,0,0
"DEE0E","","","DE","Wittenberg",0,0,0,0,0,0,0,0,0,0,0,0,0,0
"DEF01","","","DE","Flensburg, Kreisfreie Stadt",0,0,0,0,0,0,0,0,0,0,0,0,0,0
"DEF02","","","DE","Kiel, Kreisfreie Stadt",0,0,0,0,0,0,0,0,0,0,0,0,0,0
"DEF03","","","DE","L├╝beck, Kreisfreie Stadt",0,0,0,0,0,0,0,0,0,0,0,0,0,0
"DEF04","","","DE","Neum├╝nster, Kreisfreie Stadt",0,0,0,0,0,0,0,0,0,0,0,0,0,0
"DEF05","","","DE","Dithmarschen",0,0,0,0,0,0,0,0,0,0,0,0,0,0
"DEF06","","","DE","Herzogtum Lauenburg",0,0,0,0,0,0,0,0,0,0,0,0,0,0
"DEF07","","","DE","Nordfriesland",0,0,0,0,0,0,0,0,0,0,0,0,0,0
"DEF08","","","DE","Ostholstein",0,0,0,0,0,0,0,0,0,0,0,0,0,0
"DEF09","","","DE","Pinneberg",0,0,0,0,0,0,0,0,0,0,0,0,0,0
"DEF0A","","","DE","Pl├Ân",0,0,0,0,0,0,0,0,0,0,0,0,0,0
"DEF0B","","","DE","Rendsburg-Eckernf├Ârde",0,0,0,0,0,0,0,0,0,0,0,0,0,0
"DEF0C","","","DE","Schleswig-Flensburg",0,0,0,0,0,0,0,0,0,0,0,0,0,0
"DEF0D","","","DE","Segeberg",0,0,0,0,0,0,0,0,0,0,0,0,0,0
"DEF0E","","","DE","Steinburg",0,0,0,0,0,0,0,0,0,0,0,0,0,0
"DEF0F","","","DE","Stormarn",0,0,0,0,0,0,0,0,0,0,0,0,0,0
"DEG01","","","DE","Erfurt, Kreisfreie Stadt",0,0,0,0,0,0,0,0,0,0,0,0,0,0
"DEG02","","","DE","Gera, Kreisfreie Stadt",0,0,0,0,0,0,0,0,0,0,0,0,0,0
"DEG03","","","DE","Jena, Kreisfreie Stadt",0,0,0,0,0,0,0,0,0,0,0,0,0,0
"DEG04","","","DE","Suhl, Kreisfreie Stadt",0,0,0,0,0,0,0,0,0,0,0,0,0,0
"DEG05","","","DE","Weimar, Kreisfreie Stadt",0,0,0,0,0,0,0,0,0,0,0,0,0,0
"DEG06","","","DE","Eichsfeld",0,0,0,0,0,0,0,0,0,0,0,0,0,0
"DEG07","","","DE","Nordhausen",0,0,0,0,0,0,0,0,0,0,0,0,0,0
"DEG09","","","DE","Unstrut-Hainich-Kreis",0,0,0,0,0,0,0,0,0,0,0,0,0,0
"DEG0A","","","DE","Kyffh├ñuserkreis",0,0,0,0,0,0,0,0,0,0,0,0,0,0
"DEG0B","","","DE","Schmalkalden-Meiningen",0,0,0,0,0,0,0,0,0,0,0,0,0,0
"DEG0C","","","DE","Gotha",0,0,0,0,0,0,0,0,0,0,0,0,0,0
"DEG0D","","","DE","S├Âmmerda",0,0,0,0,0,0,0,0,0,0,0,0,0,0
"DEG0E","","","DE","Hildburghausen",0,0,0,0,0,0,0,0,0,0,0,0,0,0
"DEG0F","","","DE","Ilm-Kreis",0,0,0,0,0,0,0,0,0,0,0,0,0,0
"DEG0G","","","DE","Weimarer Land",0,0,0,0,0,0,0,0,0,0,0,0,0,0
"DEG0H","","","DE","Sonneberg",0,0,0,0,0,0,0,0,0,0,0,0,0,0
"DEG0I","","","DE","Saalfeld-Rudolstadt",0,0,0,0,0,0,0,0,0,0,0,0,0,0
"DEG0J","","","DE","Saale-Holzland-Kreis",0,0,0,0,0,0,0,0,0,0,0,0,0,0
"DEG0K","","","DE","Saale-Orla-Kreis",0,0,0,0,0,0,0,0,0,0,0,0,0,0
"DEG0L","","","DE","Greiz",0,0,0,0,0,0,0,0,0,0,0,0,0,0
"DEG0M","","","DE","Altenburger Land",0,0,0,0,0,0,0,0,0,0,0,0,0,0
"DEG0N","","","DE","Eisenach, Kreisfreie Stadt",0,0,0,0,0,0,0,0,0,0,0,0,0,0
"DEG0P","","","DE","Wartburgkreis",0,0,0,0,0,0,0,0,0,0,0,0,0,0
"DK011","","","DK","Byen K├©benhavn",0,0,0,0,0,0,0,0,0,0,0,0,0,0
"DK012","","","DK","K├©benhavns omegn",0,0,0,0,0,0,0,0,0,0,0,0,0,0
"DK013","","","DK","Nordsj├ªlland",0,0,0,0,0,0,0,0,0,0,0,0,0,0
"DK014","","","DK","Bornholm",0,0,0,0,0,0,0,0,0,0,0,0,0,0
"DK021","","","DK","├ÿstsj├ªlland",0,0,0,0,0,0,0,0,0,0,0,0,0,0
"DK022","","","DK","Vest- og Sydsj├ªlland",0,0,0,0,0,0,0,0,0,0,0,0,0,0
"DK031","","","DK","Fyn",0,0,0,0,0,0,0,0,0,0,0,0,0,0
"DK032","","","DK","Sydjylland",0,0,0,0,0,0,0,0,0,0,0,0,0,0
"DK041","","","DK","Vestjylland",0,0,0,0,0,0,0,0,0,0,0,0,0,0
"DK042","","","DK","├ÿstjylland",0,0,0,0,0,0,0,0,0,0,0,0,0,0
"DK050","","","DK","Nordjylland",0,0,0,0,0,0,0,0,0,0,0,0,0,0
"EE001","","","EE","P├Áhja-Eesti",0,0,0,0,0,0,0,0,0,0,0,0,0,0
"EE004","","","EE","L├ñ├ñne-Eesti",0,0,0,0,0,0,0,0,0,0,0,0,0,0
"EE006","","","EE","Kesk-Eesti",0,0,0,0,0,0,0,0,0,0,0,0,0,0
"EE007","","","EE","Kirde-Eesti",0,0,0,0,0,0,0,0,0,0,0,0,0,0
"EE008","","","EE","L├Áuna-Eesti",0,0,0,0,0,0,0,0,0,0,0,0,0,0
"EL111","","","EL","Evros",0,0,0,0,0,0,0,0,0,0,0,0,0,0
"EL112","","","EL","Xanthi",0,0,0,0,0,0,0,0,0,0,0,0,0,0
"EL113","","","EL","Rodopi",0,0,0,0,0,0,0,0,0,0,0,0,0,0
"EL114","","","EL","Drama",0,0,0,0,0,0,0,0,0,0,0,0,0,0
"EL115","","","EL","Kavala",0,0,0,0,0,0,0,0,0,0,0,0,0,0
"EL121","","","EL","Imathia",0,0,0,0,0,0,0,0,0,0,0,0,0,0
"EL122","","","EL","Thessaloniki",0,0,0,0,0,0,0,0,0,0,0,0,0,0
"EL123","","","EL","Kilkis",0,0,0,0,0,0,0,0,0,0,0,0,0,0
"EL124","","","EL","Pella",0,0,0,0,0,0,0,0,0,0,0,0,0,0
"EL125","","","EL","Pieria",0,0,0,0,0,0,0,0,0,0,0,0,0,0
"EL126","","","EL","Serres",0,0,0,0,0,0,0,0,0,0,0,0,0,0
"EL127","","","EL","Chalkidiki",0,0,0,0,0,0,0,0,0,0,0,0,0,0
"EL131","","","EL","Grevena",0,0,0,0,0,0,0,0,0,0,0,0,0,0
"EL132","","","EL","Kastoria",0,0,0,0,0,0,0,0,0,0,0,0,0,0
"EL133","","","EL","Kozani",0,0,0,0,0,0,0,0,0,0,0,0,0,0
"EL134","","","EL","Florina",0,0,0,0,0,0,0,0,0,0,0,0,0,0
"EL141","","","EL","Karditsa",0,0,0,0,0,0,0,0,0,0,0,0,0,0
"EL142","","","EL","Larisa",0,0,0,0,0,0,0,0,0,0,0,0,0,0
"EL143","","","EL","Magnisia",0,0,0,0,0,0,0,0,0,0,0,0,0,0
"EL144","","","EL","Trikala",0,0,0,0,0,0,0,0,0,0,0,0,0,0
"EL211","","","EL","Arta",0,0,0,0,0,0,0,0,0,0,0,0,0,0
"EL212","","","EL","Thesprotia",0,0,0,0,0,0,0,0,0,0,0,0,0,0
"EL213","","","EL","Ioannina",0,0,0,0,0,0,0,0,0,0,0,0,0,0
"EL214","","","EL","Preveza",0,0,0,0,0,0,0,0,0,0,0,0,0,0
"EL221","","","EL","Zakynthos",0,0,0,0,0,0,0,0,0,0,0,0,0,0
"EL222","","","EL","Kerkyra",0,0,0,0,0,0,0,0,0,0,0,0,0,0
"EL223","","","EL","Kefallinia",0,0,0,0,0,0,0,0,0,0,0,0,0,0
"EL224","","","EL","Lefkada",0,0,0,0,0,0,0,0,0,0,0,0,0,0
"EL231","","","EL","Aitoloakarnania",0,0,0,0,0,0,0,0,0,0,0,0,0,0
"EL232","","","EL","Achaia",0,0,0,0,0,0,0,0,0,0,0,0,0,0
"EL233","","","EL","Ileia",0,0,0,0,0,0,0,0,0,0,0,0,0,0
"EL241","","","EL","Voiotia",0,0,0,0,0,0,0,0,0,0,0,0,0,0
"EL242","","","EL","Evvoia",0,0,0,0,0,0,0,0,0,0,0,0,0,0
"EL243","","","EL","Evrytania",0,0,0,0,0,0,0,0,0,0,0,0,0,0
"EL244","","","EL","Fthiotida",0,0,0,0,0,0,0,0,0,0,0,0,0,0
"EL245","","","EL","Fokida",0,0,0,0,0,0,0,0,0,0,0,0,0,0
"EL251","","","EL","Argolida",0,0,0,0,0,0,0,0,0,0,0,0,0,0
"EL252","","","EL","Arkadia",0,0,0,0,0,0,0,0,0,0,0,0,0,0
"EL253","","","EL","Korinthia",0,0,0,0,0,0,0,0,0,0,0,0,0,0
"EL254","","","EL","Lakonia",0,0,0,0,0,0,0,0,0,0,0,0,0,0
"EL255","","","EL","Messinia",0,0,0,0,0,0,0,0,0,0,0,0,0,0
"EL300","","","EL","Attiki",0,0,0,0,0,0,0,0,0,0,0,0,0,0
"EL411","","","EL","Lesvos",0,0,0,0,0,0,0,0,0,0,0,0,0,0
"EL412","","","EL","Samos",0,0,0,0,0,0,0,0,0,0,0,0,0,0
"EL413","","","EL","Chios",0,0,0,0,0,0,0,0,0,0,0,0,0,0
"EL421","","","EL","Dodekanisos",0,0,0,0,0,0,0,0,0,0,0,0,0,0
"EL422","","","EL","Kyklades",0,0,0,0,0,0,0,0,0,0,0,0,0,0
"EL431","","","EL","Irakleio",0,0,0,0,0,0,0,0,0,0,0,0,0,0
"EL432","","","EL","Lasithi",0,0,0,0,0,0,0,0,0,0,0,0,0,0
"EL433","","","EL","Rethymni",0,0,0,0,0,0,0,0,0,0,0,0,0,0
"EL434","","","EL","Chania",0,0,0,0,0,0,0,0,0,0,0,0,0,0
"ES111","","","ES","A Coru├▒a",0,0,0,0,0,0,0,0,0,0,0,0,0,0
"ES112","","","ES","Lugo",0,0,0,0,0,0,0,0,0,0,0,0,0,0
"ES113","","","ES","Ourense",0,0,0,0,0,0,0,0,0,0,0,0,0,0
"ES114","","","ES","Pontevedra",0,0,0,0,0,0,0,0,0,0,0,0,0,0
"ES120","","","ES","Asturias",0,0,0,0,0,0,0,0,0,0,0,0,0,0
"ES130","","","ES","Cantabria",0,0,0,0,0,0,0,0,0,0,0,0,0,0
"ES211","","","ES","├ülava",0,0,0,0,0,0,0,0,0,0,0,0,0,0
"ES212","","","ES","Guip├║zcoa",0,0,0,0,0,0,0,0,0,0,0,0,0,0
"ES213","","","ES","Vizcaya",0,0,0,0,0,0,0,0,0,0,0,0,0,0
"ES220","","","ES","Navarra",0,0,0,0,0,0,0,0,0,0,0,0,0,0
"ES230","","","ES","La Rioja",0,0,0,0,0,0,0,0,0,0,0,0,0,0
"ES241","","","ES","Huesca",0,0,0,0,0,0,0,0,0,0,0,0,0,0
"ES242","","","ES","Teruel",0,0,0,0,0,0,0,0,0,0,0,0,0,0
"ES243","","","ES","Zaragoza",0,0,0,0,0,0,0,0,0,0,0,0,0,0
"ES300","","","ES","Madrid",0,0,0,0,0,0,0,0,0,0,0,0,0,0
"ES411","","","ES","├üvila",0,0,0,0,0,0,0,0,0,0,0,0,0,0
"ES412","","","ES","Burgos",0,0,0,0,0,0,0,0,0,0,0,0,0,0
"ES413","","","ES","Le├│n",0,0,0,0,0,0,0,0,0,0,0,0,0,0
"ES414","","","ES","Palencia",0,0,0,0,0,0,0,0,0,0,0,0,0,0
"ES415","","","ES","Salamanca",0,0,0,0,0,0,0,0,0,0,0,0,0,0
"ES416","","","ES","Segovia",0,0,0,0,0,0,0,0,0,0,0,0,0,0
"ES417","","","ES","Soria",0,0,0,0,0,0,0,0,0,0,0,0,0,0
"ES418","","","ES","Valladolid",0,0,0,0,0,0,0,0,0,0,0,0,0,0
"ES419","","","ES","Zamora",0,0,0,0,0,0,0,0,0,0,0,0,0,0
"ES421","","","ES","Albacete",0,0,0,0,0,0,0,0,0,0,0,0,0,0
"ES422","","","ES","Ciudad Real",0,0,0,0,0,0,0,0,0,0,0,0,0,0
"ES423","","","ES","Cuenca",0,0,0,0,0,0,0,0,0,0,0,0,0,0
"ES424","","","ES","Guadalajara",0,0,0,0,0,0,0,0,0,0,0,0,0,0
"ES425","","","ES","Toledo",0,0,0,0,0,0,0,0,0,0,0,0,0,0
"ES431","","","ES","Badajoz",0,0,0,0,0,0,0,0,0,0,0,0,0,0
"ES432","","","ES","C├íceres",0,0,0,0,0,0,0,0,0,0,0,0,0,0
"ES511","","","ES","Barcelona",0,0,0,0,0,0,0,0,0,0,0,0,0,0
"ES512","","","ES","Girona",0,0,0,0,0,0,0,0,0,0,0,0,0,0
"ES513","","","ES","Lleida",0,0,0,0,0,0,0,0,0,0,0,0,0,0
"ES514","","","ES","Tarragona",0,0,0,0,0,0,0,0,0,0,0,0,0,0
"ES521","","","ES","Alicante / Alacant",0,0,0,0,0,0,0,0,0,0,0,0,0,0
"ES522","","","ES","Castell├│n / Castell├│",0,0,0,0,0,0,0,0,0,0,0,0,0,0
"ES523","","","ES","Valencia / Val├¿ncia",0,0,0,0,0,0,0,0,0,0,0,0,0,0
"ES531","","","ES","Eivissa y Formentera",0,0,0,0,0,0,0,0,0,0,0,0,0,0
"ES532","","","ES","Mallorca",0,0,0,0,0,0,0,0,0,0,0,0,0,0
"ES533","","","ES","Menorca",0,0,0,0,0,0,0,0,0,0,0,0,0,0
"ES611","","","ES","Almer├¡a",0,0,0,0,0,0,0,0,0,0,0,0,0,0
"ES612","","","ES","C├ídiz",0,0,0,0,0,0,0,0,0,0,0,0,0,0
"ES613","","","ES","C├│rdoba",0,0,0,0,0,0,0,0,0,0,0,0,0,0
"ES614","","","ES","Granada",0,0,0,0,0,0,0,0,0,0,0,0,0,0
"ES615","","","ES","Huelva",0,0,0,0,0,0,0,0,0,0,0,0,0,0
"ES616","","","ES","Ja├®n",0,0,0,0,0,0,0,0,0,0,0,0,0,0
"ES617","","","ES","M├ílaga",0,0,0,0,0,0,0,0,0,0,0,0,0,0
"ES618","","","ES","Sevilla",0,0,0,0,0,0,0,0,0,0,0,0,0,0
"ES620","","","ES","Murcia",0,0,0,0,0,0,0,0,0,0,0,0,0,0
"ES630","","","ES","Ceuta",0,0,0,0,0,0,0,0,0,0,0,0,0,0
"ES640","","","ES","Melilla",0,0,0,0,0,0,0,0,0,0,0,0,0,0
"ES703","","","ES","El Hierro",0,0,0,0,0,0,0,0,0,0,0,0,0,0
"ES704","","","ES","Fuerteventura",0,0,0,0,0,0,0,0,0,0,0,0,0,0
"ES705","","","ES","Gran Canaria",0,0,0,0,0,0,0,0,0,0,0,0,0,0
"ES706","","","ES","La Gomera",0,0,0,0,0,0,0,0,0,0,0,0,0,0
"ES707","","","ES","La Palma",0,0,0,0,0,0,0,0,0,0,0,0,0,0
"ES708","","","ES","Lanzarote",0,0,0,0,0,0,0,0,0,0,0,0,0,0
"ES709","","","ES","Tenerife",0,0,0,0,0,0,0,0,0,0,0,0,0,0
"FI193","","","FI","Keski-Suomi",0,0,0,0,0,0,0,0,0,0,0,0,0,0
"FI194","","","FI","Etel├ñ-Pohjanmaa",0,0,0,0,0,0,0,0,0,0,0,0,0,0
"FI195","","","FI","Pohjanmaa",0,0,0,0,0,0,0,0,0,0,0,0,0,0
"FI196","","","FI","Satakunta",0,0,0,0,0,0,0,0,0,0,0,0,0,0
"FI197","","","FI","Pirkanmaa",0,0,0,0,0,0,0,0,0,0,0,0,0,0
"FI1B1","","","FI","Helsinki-Uusimaa",0,0,0,0,0,0,0,0,0,0,0,0,0,0
"FI1C1","","","FI","Varsinais-Suomi",0,0,0,0,0,0,0,0,0,0,0,0,0,0
"FI1C2","","","FI","Kanta-H├ñme",0,0,0,0,0,0,0,0,0,0,0,0,0,0
"FI1C3","","","FI","P├ñij├ñt-H├ñme",0,0,0,0,0,0,0,0,0,0,0,0,0,0
"FI1C4","","","FI","Kymenlaakso",0,0,0,0,0,0,0,0,0,0,0,0,0,0
"FI1C5","","","FI","Etel├ñ-Karjala",0,0,0,0,0,0,0,0,0,0,0,0,0,0
"FI1D1","","","FI","Etel├ñ-Savo",0,0,0,0,0,0,0,0,0,0,0,0,0,0
"FI1D2","","","FI","Pohjois-Savo",0,0,0,0,0,0,0,0,0,0,0,0,0,0
"FI1D3","","","FI","Pohjois-Karjala",0,0,0,0,0,0,0,0,0,0,0,0,0,0
"FI1D4","","","FI","Kainuu",0,0,0,0,0,0,0,0,0,0,0,0,0,0
"FI1D5","","","FI","Keski-Pohjanmaa",0,0,0,0,0,0,0,0,0,0,0,0,0,0
"FI1D6","","","FI","Pohjois-Pohjanmaa",0,0,0,0,0,0,0,0,0,0,0,0,0,0
"FI1D7","","","FI","Lappi",0,0,0,0,0,0,0,0,0,0,0,0,0,0
"FI200","","","FI","├àland",0,0,0,0,0,0,0,0,0,0,0,0,0,0
"FR101","","","FR","Paris",0,0,0,0,0,0,0,0,0,0,0,0,0,0
"FR102","","","FR","Seine-et-Marne",0,0,0,0,0,0,0,0,0,0,0,0,0,0
"FR103","","","FR","Yvelines",0,0,0,0,0,0,0,0,0,0,0,0,0,0
"FR104","","","FR","Essonne",0,0,0,0,0,0,0,0,0,0,0,0,0,0
"FR105","","","FR","Hauts-de-Seine",0,0,0,0,0,0,0,0,0,0,0,0,0,0
"FR106","","","FR","Seine-Saint-Denis",0,0,0,0,0,0,0,0,0,0,0,0,0,0
"FR107","","","FR","Val-de-Marne",0,0,0,0,0,0,0,0,0,0,0,0,0,0
"FR108","","","FR","Val-d'Oise",0,0,0,0,0,0,0,0,0,0,0,0,0,0
"FR211","","","FR","Ardennes",0,0,0,0,0,0,0,0,0,0,0,0,0,0
"FR212","","","FR","Aube",0,0,0,0,0,0,0,0,0,0,0,0,0,0
"FR213","","","FR","Marne",0,0,0,0,0,0,0,0,0,0,0,0,0,0
"FR214","","","FR","Haute-Marne",0,0,0,0,0,0,0,0,0,0,0,0,0,0
"FR221","","","FR","Aisne",0,0,0,0,0,0,0,0,0,0,0,0,0,0
"FR222","","","FR","Oise",0,0,0,0,0,0,0,0,0,0,0,0,0,0
"FR223","","","FR","Somme",0,0,0,0,0,0,0,0,0,0,0,0,0,0
"FR231","","","FR","Eure",0,0,0,0,0,0,0,0,0,0,0,0,0,0
"FR232","","","FR","Seine-Maritime",0,0,0,0,0,0,0,0,0,0,0,0,0,0
"FR241","","","FR","Cher",0,0,0,0,0,0,0,0,0,0,0,0,0,0
"FR242","","","FR","Eure-et-Loir",0,0,0,0,0,0,0,0,0,0,0,0,0,0
"FR243","","","FR","Indre",0,0,0,0,0,0,0,0,0,0,0,0,0,0
"FR244","","","FR","Indre-et-Loire",0,0,0,0,0,0,0,0,0,0,0,0,0,0
"FR245","","","FR","Loir-et-Cher",0,0,0,0,0,0,0,0,0,0,0,0,0,0
"FR246","","","FR","Loiret",0,0,0,0,0,0,0,0,0,0,0,0,0,0
"FR251","","","FR","Calvados",0,0,0,0,0,0,0,0,0,0,0,0,0,0
"FR252","","","FR","Manche",0,0,0,0,0,0,0,0,0,0,0,0,0,0
"FR253","","","FR","Orne",0,0,0,0,0,0,0,0,0,0,0,0,0,0
"FR261","","","FR","C├┤te-d'Or",0,0,0,0,0,0,0,0,0,0,0,0,0,0
"FR262","","","FR","Ni├¿vre",0,0,0,0,0,0,0,0,0,0,0,0,0,0
"FR263","","","FR","Sa├┤ne-et-Loire",0,0,0,0,0,0,0,0,0,0,0,0,0,0
"FR264","","","FR","Yonne",0,0,0,0,0,0,0,0,0,0,0,0,0,0
"FR301","","","FR","Nord",0,0,0,0,0,0,0,0,0,0,0,0,0,0
"FR302","","","FR","Pas-de-Calais",0,0,0,0,0,0,0,0,0,0,0,0,0,0
"FR411","","","FR","Meurthe-et-Moselle",0,0,0,0,0,0,0,0,0,0,0,0,0,0
"FR412","","","FR","Meuse",0,0,0,0,0,0,0,0,0,0,0,0,0,0
"FR413","","","FR","Moselle",0,0,0,0,0,0,0,0,0,0,0,0,0,0
"FR414","","","FR","Vosges",0,0,0,0,0,0,0,0,0,0,0,0,0,0
"FR421","","","FR","Bas-Rhin",0,0,0,0,0,0,0,0,0,0,0,0,0,0
"FR422","","","FR","Haut-Rhin",0,0,0,0,0,0,0,0,0,0,0,0,0,0
"FR431","","","FR","Doubs",0,0,0,0,0,0,0,0,0,0,0,0,0,0
"FR432","","","FR","Jura",0,0,0,0,0,0,0,0,0,0,0,0,0,0
"FR433","","","FR","Haute-Sa├┤ne",0,0,0,0,0,0,0,0,0,0,0,0,0,0
"FR434","","","FR","Territoire de Belfort",0,0,0,0,0,0,0,0,0,0,0,0,0,0
"FR511","","","FR","Loire-Atlantique",0,0,0,0,0,0,0,0,0,0,0,0,0,0
"FR512","","","FR","Maine-et-Loire",0,0,0,0,0,0,0,0,0,0,0,0,0,0
"FR513","","","FR","Mayenne",0,0,0,0,0,0,0,0,0,0,0,0,0,0
"FR514","","","FR","Sarthe",0,0,0,0,0,0,0,0,0,0,0,0,0,0
"FR515","","","FR","Vend├®e",0,0,0,0,0,0,0,0,0,0,0,0,0,0
"FR521","","","FR","C├┤tes-d'Armor",0,0,0,0,0,0,0,0,0,0,0,0,0,0
"FR522","","","FR","Finist├¿re",0,0,0,0,0,0,0,0,0,0,0,0,0,0
"FR523","","","FR","Ille-et-Vilaine",0,0,0,0,0,0,0,0,0,0,0,0,0,0
"FR524","","","FR","Morbihan",0,0,0,0,0,0,0,0,0,0,0,0,0,0
"FR531","","","FR","Charente",0,0,0,0,0,0,0,0,0,0,0,0,0,0
"FR532","","","FR","Charente-Maritime",0,0,0,0,0,0,0,0,0,0,0,0,0,0
"FR533","","","FR","Deux-S├¿vres",0,0,0,0,0,0,0,0,0,0,0,0,0,0
"FR534","","","FR","Vienne",0,0,0,0,0,0,0,0,0,0,0,0,0,0
"FR611","","","FR","Dordogne",0,0,0,0,0,0,0,0,0,0,0,0,0,0
"FR612","","","FR","Gironde",0,0,0,0,0,0,0,0,0,0,0,0,0,0
"FR613","","","FR","Landes",0,0,0,0,0,0,0,0,0,0,0,0,0,0
"FR614","","","FR","Lot-et-Garonne",0,0,0,0,0,0,0,0,0,0,0,0,0,0
"FR615","","","FR","Pyr├®n├®es-Atlantiques",0,0,0,0,0,0,0,0,0,0,0,0,0,0
"FR621","","","FR","Ari├¿ge",0,0,0,0,0,0,0,0,0,0,0,0,0,0
"FR622","","","FR","Aveyron",0,0,0,0,0,0,0,0,0,0,0,0,0,0
"FR623","","","FR","Haute-Garonne",0,0,0,0,0,0,0,0,0,0,0,0,0,0
"FR624","","","FR","Gers",0,0,0,0,0,0,0,0,0,0,0,0,0,0
"FR625","","","FR","Lot",0,0,0,0,0,0,0,0,0,0,0,0,0,0
"FR626","","","FR","Hautes-Pyr├®n├®es",0,0,0,0,0,0,0,0,0,0,0,0,0,0
"FR627","","","FR","Tarn",0,0,0,0,0,0,0,0,0,0,0,0,0,0
"FR628","","","FR","Tarn-et-Garonne",0,0,0,0,0,0,0,0,0,0,0,0,0,0
"FR631","","","FR","Corr├¿ze",0,0,0,0,0,0,0,0,0,0,0,0,0,0
"FR632","","","FR","Creuse",0,0,0,0,0,0,0,0,0,0,0,0,0,0
"FR633","","","FR","Haute-Vienne",0,0,0,0,0,0,0,0,0,0,0,0,0,0
"FR711","","","FR","Ain",0,0,0,0,0,0,0,0,0,0,0,0,0,0
"FR712","","","FR","Ard├¿che",0,0,0,0,0,0,0,0,0,0,0,0,0,0
"FR713","","","FR","Dr├┤me",0,0,0,0,0,0,0,0,0,0,0,0,0,0
"FR714","","","FR","Is├¿re",0,0,0,0,0,0,0,0,0,0,0,0,0,0
"FR715","","","FR","Loire",0,0,0,0,0,0,0,0,0,0,0,0,0,0
"FR716","","","FR","Rh├┤ne",0,0,0,0,0,0,0,0,0,0,0,0,0,0
"FR717","","","FR","Savoie",0,0,0,0,0,0,0,0,0,0,0,0,0,0
"FR718","","","FR","Haute-Savoie",0,0,0,0,0,0,0,0,0,0,0,0,0,0
"FR721","","","FR","Allier",0,0,0,0,0,0,0,0,0,0,0,0,0,0
"FR722","","","FR","Cantal",0,0,0,0,0,0,0,0,0,0,0,0,0,0
"FR723","","","FR","Haute-Loire",0,0,0,0,0,0,0,0,0,0,0,0,0,0
"FR724","","","FR","Puy-de-D├┤me",0,0,0,0,0,0,0,0,0,0,0,0,0,0
"FR811","","","FR","Aude",0,0,0,0,0,0,0,0,0,0,0,0,0,0
"FR812","","","FR","Gard",0,0,0,0,0,0,0,0,0,0,0,0,0,0
"FR813","","","FR","H├®rault",0,0,0,0,0,0,0,0,0,0,0,0,0,0
"FR814","","","FR","Loz├¿re",0,0,0,0,0,0,0,0,0,0,0,0,0,0
"FR815","","","FR","Pyr├®n├®es-Orientales",0,0,0,0,0,0,0,0,0,0,0,0,0,0
"FR821","","","FR","Alpes-de-Haute-Provence",0,0,0,0,0,0,0,0,0,0,0,0,0,0
"FR822","","","FR","Hautes-Alpes",0,0,0,0,0,0,0,0,0,0,0,0,0,0
"FR823","","","FR","Alpes-Maritimes",0,0,0,0,0,0,0,0,0,0,0,0,0,0
"FR824","","","FR","Bouches-du-Rh├┤ne",0,0,0,0,0,0,0,0,0,0,0,0,0,0
"FR825","","","FR","Var",0,0,0,0,0,0,0,0,0,0,0,0,0,0
"FR826","","","FR","Vaucluse",0,0,0,0,0,0,0,0,0,0,0,0,0,0
"FR831","","","FR","Corse-du-Sud",0,0,0,0,0,0,0,0,0,0,0,0,0,0
"FR832","","","FR","Haute-Corse",0,0,0,0,0,0,0,0,0,0,0,0,0,0
"HR041","","","HR","Grad Zagreb",0,0,0,0,0,0,0,0,0,0,0,0,0,0
"HR042","","","HR","Zagreba─ìka ┼¥upanija",0.000903809919960919,4.90756517625839e-05,0.000109161866420619,5.69403395450492e-05,0.000314587511298613,0.000340383687225101,0.000177427356372418,0.000274320309852391,0.000240030271120842,0.000314587511298614,0.000241663059339782,0.000314587511298614,0.000249686070495037,0.00030288510138341
"HR043","","","HR","Krapinsko-zagorska ┼¥upanija",0,0,0,0,0,0,0,0,0,0,0,0,0,0
"HR044","","","HR","Vara┼¥dinska ┼¥upanija",0,0,0,0,0,0,0,0,0,0,0,0,0,0
"HR045","","","HR","Koprivni─ìko-kri┼¥eva─ìka ┼¥upanija",0.0046546215479837,0.000252739631564725,0.000562183667647178,0.000293242777648816,0.00162012584336362,0.00175297616251944,0.000913750975657081,0.00141274973541308,0.00123615601848644,0.00162012584336362,0.00124456487864533,0.00162012584336362,0.0012858833901799,0.0015598584263419
"HR046","","","HR","Me─æimurska ┼¥upanija",0.000343004519686704,1.8624679801993e-05,4.14279736621254e-05,2.16094041292355e-05,0.000119388973089699,0.000129178868883054,6.733538082259e-05,0.000104107184534217,9.10937864674401e-05,0.000119388973089698,9.17134452324285e-05,0.000119388973089698,9.47582547957802e-05,0.000114947796462299
"HR047","","","HR","Bjelovarsko-bilogorska ┼¥upanija",0.000718808077164255,3.90303028324482e-05,8.68174043773048e-05,4.52851590555971e-05,0.00025019424892595,0.000270710177337879,0.000141109556394236,0.000218169385063429,0.0001908982119305,0.00025019424892595,0.000192196782939904,0.00025019424892595,0.000198577555151195,0.0002408872181183
"HR048","","","HR","Viroviti─ìko-podravska ┼¥upanija",0.000839901281598427,4.56054994533084e-05,0.00010144300198909,5.29140730836461e-05,0.000292342945213515,0.000316315066721023,0.000164881421100422,0.000254923048226185,0.000223057667197912,0.000292342945213514,0.000224575000530262,0.000292342945213515,0.000232030702445847,0.000281468015796944
"HR049","","","HR","Po┼¥e┼íko-slavonska ┼¥upanija",0.000556969151275807,3.02426688475552e-05,6.72705518596259e-05,3.50892503936376e-05,0.000193863261843302,0.000209760049314453,0.000109338879679623,0.000169048764327359,0.00014791766878644,0.000193863261843303,0.000148923867820585,0.000193863261843302,0.000153868015494923,0.000186651699794242
"HR04A","","","HR","Brodsko-posavska ┼¥upanija",0.00109288211421391,5.93420152514341e-05,0.000131997944181075,6.88519535930105e-05,0.000380397533663039,0.000411590131423408,0.000214544208985954,0.000331706649354172,0.000290243318184899,0.000380397533663038,0.00029221767695367,0.00038039753366304,0.00030191905906961,0.00036624704227423
"HR04B","","","HR","Osje─ìko-baranjska ┼¥upanija",0.0116201335109459,0.00063095747570747,0.00140347592352879,0.000732072455788794,0.00404459920325302,0.00437625633791975,0.00228115395063469,0.00352689050523663,0.00308602919208205,0.004044599203253,0.00310702167809059,0.00404459920325301,0.00321017219538953,0.00389414326931017
"HR04C","","","HR","Vukovarsko-srijemska ┼¥upanija",0.00771745772681298,0.000419047478378986,0.000932112019214792,0.000486202522991003,0.00268620178448068,0.0029064703308081,0.0015150178064471,0.00234236795606715,0.00204957196155875,0.00268620178448068,0.00206351402368732,0.00268620178448068,0.00213202096089277,0.00258627717441849
"HR04D","","","HR","Karlova─ìka ┼¥upanija",0,0,0,0,0,0,0,0,0,0,0,0,0,0
"HR04E","","","HR","Sisa─ìko-moslava─ìka ┼¥upanija",0.00130919586557602,7.10875583118202e-05,0.000158124248296164,8.24797952207659e-05,0.000455689476357822,0.000493056013419162,0.000257008864665812,0.00039736122338402,0.000347691070461018,0.000455689476357821,0.000350056213328324,0.000455689476357822,0.000361677786406858,0.00043873818345884
"HR031","","","HR","Primorsko-goranska ┼¥upanija",0,0,0,0,0,0,0,0,0,0,0,0,0,0
"HR032","","","HR","Li─ìko-senjska ┼¥upanija",0,0,0,0,0,0,0,0,0,0,0,0,0,0
"HR033","","","HR","Zadarska ┼¥upanija",0,0,0,0,0,0,0,0,0,0,0,0,0,0
"HR034","","","HR","┼áibensko-kninska ┼¥upanija",0,0,0,0,0,0,0,0,0,0,0,0,0,0
"HR035","","","HR","Splitsko-dalmatinska ┼¥upanija",0,0,0,0,0,0,0,0,0,0,0,0,0,0
"HR036","","","HR","Istarska ┼¥upanija",0,0,0,0,0,0,0,0,0,0,0,0,0,0
"HR037","","","HR","Dubrova─ìko-neretvanska ┼¥upanija",0,0,0,0,0,0,0,0,0,0,0,0,0,0
"HU101","","","HU","Budapest",0.00313879731391755,0.00017043243333489,0.000379102912610298,0.000197745323292403,0.00109251559830057,0.00118210187736122,0.000616178797441525,0.0009526736017181,0.000833589401503337,0.00109251559830058,0.000853719225278174,0.00109251559830057,0.000868098814494496,0.0010653279968291
"HU102","","","HU","Pest",0.00471159437540371,0.000255833178754952,0.000569064827102364,0.000296832085606708,0.00163995627407021,0.00177443268854397,0.000924935338575598,0.00143004187098922,0.00125128663711557,0.00163995627407021,0.00128150316752193,0.00163995627407021,0.00130308812025902,0.00159914543559851
"HU211","","","HU","Fej├®r",0.00100932339975699,5.48048904845422e-05,0.000121905749988052,6.35877254980908e-05,0.000351313400541938,0.000380121099386377,0.000198140757905653,0.00030634528527257,0.000268052124613499,0.000351313400541939,0.000274525146008935,0.000351313400541937,0.000279149100480469,0.000342570853762398
"HU212","","","HU","Kom├írom-Esztergom",0.00623830353164432,0.000338731413482948,0.000753460259478099,0.000393015293848805,0.00217135521463428,0.00234940634223429,0.00122464434105374,0.00189342174716109,0.00165674402876596,0.00217135521463428,0.00169675169354544,0.00217135521463429,0.00172533086996885,0.00211732034289396
"HU213","","","HU","Veszpr├®m",0.000402137368517362,2.18355132226622e-05,4.85700197965626e-05,2.53347941878324e-05,0.000139971238606809,0.000151448880172568,7.89437785742403e-05,0.000122054920065138,0.000106798055056995,0.000139971238606808,0.000109377053810957,0.000139971238606808,0.000111219342302211,0.000136488009389185
"HU221","","","HU","Gy┼ær-Moson-Sopron",0.00551951763363923,0.000299702314948736,0.000666645533892384,0.000347731532087957,0.00192116868556882,0.00207870451778547,0.00108353913866081,0.00167525909381601,0.00146585170708901,0.00192116868556883,0.00150124963380273,0.00192116868556882,0.00152653587827989,0.00187335978593941
"HU222","","","HU","Vas",0.00208718261750586,0.000113331182850996,0.000252089233649332,0.00013149323138481,0.000726481941352543,0.000786053460543451,0.000409735814922834,0.000633492252859417,0.000554305721251989,0.00072648194135254,0.000567691299890661,0.000726481941352542,0.000577253187982669,0.000708403204967967
"HU223","","","HU","Zala",7.02182085243996e-05,3.81275340403979e-06,8.48093225129363e-06,4.42377157776413e-06,2.44407269489731e-05,2.64448665587888e-05,1.37845699992208e-05,2.13123138995045e-05,1.86482746620664e-05,2.4440726948973e-05,1.9098600064447e-05,2.44407269489731e-05,1.94202866510927e-05,2.38325116109081e-05
"HU231","","","HU","Baranya",0.00174261433010897,9.46215925851024e-05,0.000210472388634811,0.000109785309345535,0.000606548670417322,0.000656285661391543,0.000342093450115372,0.000528910440603906,0.000462796635528417,0.000606548670417324,0.000473972419073619,0.000606548670417323,0.00048195575655079,0.000591454511990653
"HU232","","","HU","Somogy",0.000192605793752414,1.04582331449275e-05,2.3262864751858e-05,1.21342320463582e-05,6.70399560572275e-05,7.25372324539202e-05,3.78105352162763e-05,5.84588416819026e-05,5.11514864716646e-05,6.70399560572273e-05,5.23867113997148e-05,6.70399560572274e-05,5.32690850982531e-05,6.5371645224152e-05
"HU233","","","HU","Tolna",0.00146372015752991,7.9478017603434e-05,0.000176787641720459,9.22148793988564e-05,0.000509474471816884,0.000551251378505868,0.000287343602104723,0.000444261739424323,0.000388729021996282,0.000509474471816885,0.000398116193540015,0.000509474471816884,0.000404821849397309,0.000496796035993002
"HU311","","","HU","Borsod-Aba├║j-Zempl├®n",0.00873375893472343,0.000474231254374123,0.0010548605465886,0.000550229852831515,0.00303994393829567,0.0032892193412359,0.00171452838119875,0.00265083111419382,0.00231947722491959,0.00303994393829566,0.00237548881492203,0.00303994393829567,0.0024155002757573,0.0029642939572624
"HU312","","","HU","Heves",0.00188569630273153,0.000102390749469585,0.000227753782474014,0.000118799523423045,0.00065635095813837,0.000710171736705716,0.00037018194039004,0.000572338035496657,0.000500795781059576,0.00065635095813837,0.000512889181961423,0.000656350958138369,0.000521528012541461,0.000640017453790201
"HU313","","","HU","N├│gr├íd",0.00020763224680384,1.12741491477199e-05,2.50777548349923e-05,1.30809038188288e-05,7.22701868443581e-05,7.81963421655951e-05,4.07603853802178e-05,6.30196029282802e-05,5.51421525622449e-05,7.22701868443579e-05,5.6473745564317e-05,7.22701868443581e-05,5.74249590765316e-05,7.0471720038713e-05
"HU321","","","HU","Hajd├║-Bihar",0.0009226726687405,5.00998734157736e-05,0.000111440103046625,5.81286992836862e-05,0.000321153034716497,0.000347487583563253,0.000181130311580105,0.000280045446272787,0.000245039765488688,0.000321153034716498,0.000250957075963388,0.0003211530347165,0.000255184062490612,0.000313161038325044
"HU322","","","HU","J├ísz-Nagykun-Szolnok",0.0124474228784466,0.000675878165345518,0.00150339566265957,0.000784191973894478,0.00433255234195844,0.00468782163399904,0.00244355952086456,0.00377798564218777,0.00330573743691429,0.00433255234195844,0.00338556560163297,0.00433255234195844,0.00344259025467454,0.00422473538574228
"HU323","","","HU","Szabolcs-Szatm├ír-Bereg",0.00356141030043537,0.00019337974482002,0.00043014597084966,0.000224370088541177,0.00123961374884628,0.00134126207625167,0.000699142154349303,0.00108094318899396,0.000945825290369712,0.00123961374884628,0.000968665427711417,0.00123961374884628,0.000984981109174492,0.00120876556266512
"HU331","","","HU","B├ícs-Kiskun",0.00220809361583101,0.000119896485927475,0.000266692824466883,0.00013911066636457,0.000768567217483819,0.00083158972931749,0.000433471910660873,0.000670190613645888,0.000586416786940152,0.000768567217483813,0.000600577795415573,0.000768567217483816,0.000610693606017949,0.000749441175489091
"HU332","","","HU","B├®k├®s",0.000944829302319049,5.13029485422107e-05,0.000114116174000943,5.95245749111548e-05,0.000328865054757761,0.000355831989247897,0.000185479890883377,0.000286770327748767,0.000250924036780173,0.000328865054757761,0.000256983442804463,0.000328865054757761,0.00026131193422589,0.000320681142271243
"HU333","","","HU","Csongr├íd",0.0225505615620805,0.00122446488119895,0.00272364944728227,0.00142069322754492,0.00784913385383937,0.0084927628298542,0.00442691149356542,0.00684444472054793,0.00598888913047944,0.00784913385383936,0.00613351103016549,0.00784913385383938,0.00623682060368345,0.00765380563752251
"IE011","","","IE","Border",0,0,0,0,0,0,0,0,0,0,0,0,0,0
"IE012","","","IE","Midland",0,0,0,0,0,0,0,0,0,0,0,0,0,0
"IE013","","","IE","West",0,0,0,0,0,0,0,0,0,0,0,0,0,0
"IE021","","","IE","Dublin",0,0,0,0,0,0,0,0,0,0,0,0,0,0
"IE022","","","IE","Mid-East",0,0,0,0,0,0,0,0,0,0,0,0,0,0
"IE023","","","IE","Mid-West",0,0,0,0,0,0,0,0,0,0,0,0,0,0
"IE024","","","IE","South-East (IE)",0,0,0,0,0,0,0,0,0,0,0,0,0,0
"IE025","","","IE","South-West (IE)",0,0,0,0,0,0,0,0,0,0,0,0,0,0
"IS001","","","IS","H├Âfu├░borgarsv├ª├░i",0,0,0,0,0,0,0,0,0,0,0,0,0,0
"IS002","","","IS","Landsbygg├░",0,0,0,0,0,0,0,0,0,0,0,0,0,0
"ITC11","","","IT","Torino",0,0,0,0,0,0,0,0,0,0,0,0,0,0
"ITC12","","","IT","Vercelli",0,0,0,0,0,0,0,0,0,0,0,0,0,0
"ITC13","","","IT","Biella",0,0,0,0,0,0,0,0,0,0,0,0,0,0
"ITC14","","","IT","Verbano-Cusio-Ossola",0,0,0,0,0,0,0,0,0,0,0,0,0,0
"ITC15","","","IT","Novara",0,0,0,0,0,0,0,0,0,0,0,0,0,0
"ITC16","","","IT","Cuneo",0,0,0,0,0,0,0,0,0,0,0,0,0,0
"ITC17","","","IT","Asti",0,0,0,0,0,0,0,0,0,0,0,0,0,0
"ITC18","","","IT","Alessandria",0,0,0,0,0,0,0,0,0,0,0,0,0,0
"ITC20","","","IT","Valle d'Aosta/Vall├®e d'Aoste",0,0,0,0,0,0,0,0,0,0,0,0,0,0
"ITC31","","","IT","Imperia",0,0,0,0,0,0,0,0,0,0,0,0,0,0
"ITC32","","","IT","Savona",0,0,0,0,0,0,0,0,0,0,0,0,0,0
"ITC33","","","IT","Genova",0,0,0,0,0,0,0,0,0,0,0,0,0,0
"ITC34","","","IT","La Spezia",0,0,0,0,0,0,0,0,0,0,0,0,0,0
"ITC41","","","IT","Varese",0,0,0,0,0,0,0,0,0,0,0,0,0,0
"ITC42","","","IT","Como",0,0,0,0,0,0,0,0,0,0,0,0,0,0
"ITC43","","","IT","Lecco",0,0,0,0,0,0,0,0,0,0,0,0,0,0
"ITC44","","","IT","Sondrio",0,0,0,0,0,0,0,0,0,0,0,0,0,0
"ITC46","","","IT","Bergamo",0,0,0,0,0,0,0,0,0,0,0,0,0,0
"ITC47","","","IT","Brescia",0,0,0,0,0,0,0,0,0,0,0,0,0,0
"ITC48","","","IT","Pavia",0,0,0,0,0,0,0,0,0,0,0,0,0,0
"ITC49","","","IT","Lodi",0,0,0,0,0,0,0,0,0,0,0,0,0,0
"ITC4A","","","IT","Cremona",0,0,0,0,0,0,0,0,0,0,0,0,0,0
"ITC4B","","","IT","Mantova",0,0,0,0,0,0,0,0,0,0,0,0,0,0
"ITC4C","","","IT","Milano",0,0,0,0,0,0,0,0,0,0,0,0,0,0
"ITC4D","","","IT","Monza e della Brianza",0,0,0,0,0,0,0,0,0,0,0,0,0,0
"ITF11","","","IT","L'Aquila",0,0,0,0,0,0,0,0,0,0,0,0,0,0
"ITF12","","","IT","Teramo",0,0,0,0,0,0,0,0,0,0,0,0,0,0
"ITF13","","","IT","Pescara",0,0,0,0,0,0,0,0,0,0,0,0,0,0
"ITF14","","","IT","Chieti",0,0,0,0,0,0,0,0,0,0,0,0,0,0
"ITF21","","","IT","Isernia",0,0,0,0,0,0,0,0,0,0,0,0,0,0
"ITF22","","","IT","Campobasso",0,0,0,0,0,0,0,0,0,0,0,0,0,0
"ITF31","","","IT","Caserta",0,0,0,0,0,0,0,0,0,0,0,0,0,0
"ITF32","","","IT","Benevento",0,0,0,0,0,0,0,0,0,0,0,0,0,0
"ITF33","","","IT","Napoli",0,0,0,0,0,0,0,0,0,0,0,0,0,0
"ITF34","","","IT","Avellino",0,0,0,0,0,0,0,0,0,0,0,0,0,0
"ITF35","","","IT","Salerno",0,0,0,0,0,0,0,0,0,0,0,0,0,0
"ITF43","","","IT","Taranto",0,0,0,0,0,0,0,0,0,0,0,0,0,0
"ITF44","","","IT","Brindisi",0,0,0,0,0,0,0,0,0,0,0,0,0,0
"ITF45","","","IT","Lecce",0,0,0,0,0,0,0,0,0,0,0,0,0,0
"ITF46","","","IT","Foggia",0,0,0,0,0,0,0,0,0,0,0,0,0,0
"ITF47","","","IT","Bari",0,0,0,0,0,0,0,0,0,0,0,0,0,0
"ITF48","","","IT","Barletta-Andria-Trani",0,0,0,0,0,0,0,0,0,0,0,0,0,0
"ITF51","","","IT","Potenza",0,0,0,0,0,0,0,0,0,0,0,0,0,0
"ITF52","","","IT","Matera",0,0,0,0,0,0,0,0,0,0,0,0,0,0
"ITF61","","","IT","Cosenza",0,0,0,0,0,0,0,0,0,0,0,0,0,0
"ITF62","","","IT","Crotone",0,0,0,0,0,0,0,0,0,0,0,0,0,0
"ITF63","","","IT","Catanzaro",0,0,0,0,0,0,0,0,0,0,0,0,0,0
"ITF64","","","IT","Vibo Valentia",0,0,0,0,0,0,0,0,0,0,0,0,0,0
"ITF65","","","IT","Reggio di Calabria",0,0,0,0,0,0,0,0,0,0,0,0,0,0
"ITG11","","","IT","Trapani",0,0,0,0,0,0,0,0,0,0,0,0,0,0
"ITG12","","","IT","Palermo",0,0,0,0,0,0,0,0,0,0,0,0,0,0
"ITG13","","","IT","Messina",0,0,0,0,0,0,0,0,0,0,0,0,0,0
"ITG14","","","IT","Agrigento",0,0,0,0,0,0,0,0,0,0,0,0,0,0
"ITG15","","","IT","Caltanissetta",0,0,0,0,0,0,0,0,0,0,0,0,0,0
"ITG16","","","IT","Enna",0,0,0,0,0,0,0,0,0,0,0,0,0,0
"ITG17","","","IT","Catania",0,0,0,0,0,0,0,0,0,0,0,0,0,0
"ITG18","","","IT","Ragusa",0,0,0,0,0,0,0,0,0,0,0,0,0,0
"ITG19","","","IT","Siracusa",0,0,0,0,0,0,0,0,0,0,0,0,0,0
"ITG25","","","IT","Sassari",0,0,0,0,0,0,0,0,0,0,0,0,0,0
"ITG26","","","IT","Nuoro",0,0,0,0,0,0,0,0,0,0,0,0,0,0
"ITG27","","","IT","Cagliari",0,0,0,0,0,0,0,0,0,0,0,0,0,0
"ITG28","","","IT","Oristano",0,0,0,0,0,0,0,0,0,0,0,0,0,0
"ITG29","","","IT","Olbia-Tempio",0,0,0,0,0,0,0,0,0,0,0,0,0,0
"ITG2A","","","IT","Ogliastra",0,0,0,0,0,0,0,0,0,0,0,0,0,0
"ITG2B","","","IT","Medio Campidano",0,0,0,0,0,0,0,0,0,0,0,0,0,0
"ITG2C","","","IT","Carbonia-Iglesias",0,0,0,0,0,0,0,0,0,0,0,0,0,0
"ITH10","","","IT","Bolzano-Bozen",0,0,0,0,0,0,0,0,0,0,0,0,0,0
"ITH20","","","IT","Trento",0,0,0,0,0,0,0,0,0,0,0,0,0,0
"ITH31","","","IT","Verona",0,0,0,0,0,0,0,0,0,0,0,0,0,0
"ITH32","","","IT","Vicenza",0,0,0,0,0,0,0,0,0,0,0,0,0,0
"ITH33","","","IT","Belluno",0,0,0,0,0,0,0,0,0,0,0,0,0,0
"ITH34","","","IT","Treviso",0,0,0,0,0,0,0,0,0,0,0,0,0,0
"ITH35","","","IT","Venezia",0,0,0,0,0,0,0,0,0,0,0,0,0,0
"ITH36","","","IT","Padova",0,0,0,0,0,0,0,0,0,0,0,0,0,0
"ITH37","","","IT","Rovigo",0,0,0,0,0,0,0,0,0,0,0,0,0,0
"ITH41","","","IT","Pordenone",0,0,0,0,0,0,0,0,0,0,0,0,0,0
"ITH42","","","IT","Udine",0,0,0,0,0,0,0,0,0,0,0,0,0,0
"ITH43","","","IT","Gorizia",0,0,0,0,0,0,0,0,0,0,0,0,0,0
"ITH44","","","IT","Trieste",0,0,0,0,0,0,0,0,0,0,0,0,0,0
"ITH51","","","IT","Piacenza",0,0,0,0,0,0,0,0,0,0,0,0,0,0
"ITH52","","","IT","Parma",0,0,0,0,0,0,0,0,0,0,0,0,0,0
"ITH53","","","IT","Reggio nell'Emilia",0,0,0,0,0,0,0,0,0,0,0,0,0,0
"ITH54","","","IT","Modena",0,0,0,0,0,0,0,0,0,0,0,0,0,0
"ITH55","","","IT","Bologna",0,0,0,0,0,0,0,0,0,0,0,0,0,0
"ITH56","","","IT","Ferrara",0,0,0,0,0,0,0,0,0,0,0,0,0,0
"ITH57","","","IT","Ravenna",0,0,0,0,0,0,0,0,0,0,0,0,0,0
"ITH58","","","IT","Forl├¼-Cesena",0,0,0,0,0,0,0,0,0,0,0,0,0,0
"ITH59","","","IT","Rimini",0,0,0,0,0,0,0,0,0,0,0,0,0,0
"ITI11","","","IT","Massa-Carrara",0,0,0,0,0,0,0,0,0,0,0,0,0,0
"ITI12","","","IT","Lucca",0,0,0,0,0,0,0,0,0,0,0,0,0,0
"ITI13","","","IT","Pistoia",0,0,0,0,0,0,0,0,0,0,0,0,0,0
"ITI14","","","IT","Firenze",0,0,0,0,0,0,0,0,0,0,0,0,0,0
"ITI15","","","IT","Prato",0,0,0,0,0,0,0,0,0,0,0,0,0,0
"ITI16","","","IT","Livorno",0,0,0,0,0,0,0,0,0,0,0,0,0,0
"ITI17","","","IT","Pisa",0,0,0,0,0,0,0,0,0,0,0,0,0,0
"ITI18","","","IT","Arezzo",0,0,0,0,0,0,0,0,0,0,0,0,0,0
"ITI19","","","IT","Siena",0,0,0,0,0,0,0,0,0,0,0,0,0,0
"ITI1A","","","IT","Grosseto",0,0,0,0,0,0,0,0,0,0,0,0,0,0
"ITI21","","","IT","Perugia",0,0,0,0,0,0,0,0,0,0,0,0,0,0
"ITI22","","","IT","Terni",0,0,0,0,0,0,0,0,0,0,0,0,0,0
"ITI31","","","IT","Pesaro e Urbino",0,0,0,0,0,0,0,0,0,0,0,0,0,0
"ITI32","","","IT","Ancona",0,0,0,0,0,0,0,0,0,0,0,0,0,0
"ITI33","","","IT","Macerata",0,0,0,0,0,0,0,0,0,0,0,0,0,0
"ITI34","","","IT","Ascoli Piceno",0,0,0,0,0,0,0,0,0,0,0,0,0,0
"ITI35","","","IT","Fermo",0,0,0,0,0,0,0,0,0,0,0,0,0,0
"ITI41","","","IT","Viterbo",0,0,0,0,0,0,0,0,0,0,0,0,0,0
"ITI42","","","IT","Rieti",0,0,0,0,0,0,0,0,0,0,0,0,0,0
"ITI43","","","IT","Roma",0,0,0,0,0,0,0,0,0,0,0,0,0,0
"ITI44","","","IT","Latina",0,0,0,0,0,0,0,0,0,0,0,0,0,0
"ITI45","","","IT","Frosinone",0,0,0,0,0,0,0,0,0,0,0,0,0,0
"LI000","","","LI","Liechtenstein",0,0,0,0,0,0,0,0,0,0,0,0,0,0
"LT001","","","LT","Alytaus apskritis",0,0,0,0,0,0,0,0,0,0,0,0,0,0
"LT002","","","LT","Kauno apskritis",0,0,0,0,0,0,0,0,0,0,0,0,0,0
"LT003","","","LT","Klaip─ùdos apskritis",0,0,0,0,0,0,0,0,0,0,0,0,0,0
"LT004","","","LT","Marijampol─ùs apskritis",0,0,0,0,0,0,0,0,0,0,0,0,0,0
"LT005","","","LT","Panev─ù┼¥io apskritis",0,0,0,0,0,0,0,0,0,0,0,0,0,0
"LT006","","","LT","┼áiauli┼│ apskritis",0,0,0,0,0,0,0,0,0,0,0,0,0,0
"LT007","","","LT","Taurag─ùs apskritis",0,0,0,0,0,0,0,0,0,0,0,0,0,0
"LT008","","","LT","Tel┼íi┼│ apskritis",0,0,0,0,0,0,0,0,0,0,0,0,0,0
"LT009","","","LT","Utenos apskritis",0,0,0,0,0,0,0,0,0,0,0,0,0,0
"LT00A","","","LT","Vilniaus apskritis",0,0,0,0,0,0,0,0,0,0,0,0,0,0
"LU000","","","LU","Luxembourg",0,0,0,0,0,0,0,0,0,0,0,0,0,0
"LV003","","","LV","Kurzeme",0,0,0,0,0,0,0,0,0,0,0,0,0,0
"LV005","","","LV","Latgale",0,0,0,0,0,0,0,0,0,0,0,0,0,0
"LV006","","","LV","R─½ga",0,0,0,0,0,0,0,0,0,0,0,0,0,0
"LV007","","","LV","Pier─½ga",0,0,0,0,0,0,0,0,0,0,0,0,0,0
"LV008","","","LV","Vidzeme",0,0,0,0,0,0,0,0,0,0,0,0,0,0
"LV009","","","LV","Zemgale",0,0,0,0,0,0,0,0,0,0,0,0,0,0
"ME000","","","ME","Crna Gora",0,0,0,0,0,0,0,0,0,0,0,0,0,0
"MK001","","","MK","Vardarski",0,0,0,0,0,0,0,0,0,0,0,0,0,0
"MK002","","","MK","Isto─ìen",0,0,0,0,0,0,0,0,0,0,0,0,0,0
"MK003","","","MK","Jugozapaden",0,0,0,0,0,0,0,0,0,0,0,0,0,0
"MK004","","","MK","Jugoisto─ìen",0,0,0,0,0,0,0,0,0,0,0,0,0,0
"MK005","","","MK","Pelagoniski",0,0,0,0,0,0,0,0,0,0,0,0,0,0
"MK006","","","MK","Polo┼íki",0,0,0,0,0,0,0,0,0,0,0,0,0,0
"MK007","","","MK","Severoisto─ìen",0,0,0,0,0,0,0,0,0,0,0,0,0,0
"MK008","","","MK","Skopski",0,0,0,0,0,0,0,0,0,0,0,0,0,0
"MT001","","","MT","Malta",0,0,0,0,0,0,0,0,0,0,0,0,0,0
"MT002","","","MT","Gozo and Comino / G─ºawdex u Kemmuna",0,0,0,0,0,0,0,0,0,0,0,0,0,0
"NL111","","","NL","Oost-Groningen",0,0,0,0,0,0,0,0,0,0,0,0,0,0
"NL112","","","NL","Delfzijl en omgeving",0,0,0,0,0,0,0,0,0,0,0,0,0,0
"NL113","","","NL","Overig Groningen",0,0,0,0,0,0,0,0,0,0,0,0,0,0
"NL121","","","NL","Noord-Friesland",0,0,0,0,0,0,0,0,0,0,0,0,0,0
"NL122","","","NL","Zuidwest-Friesland",0,0,0,0,0,0,0,0,0,0,0,0,0,0
"NL123","","","NL","Zuidoost-Friesland",0,0,0,0,0,0,0,0,0,0,0,0,0,0
"NL131","","","NL","Noord-Drenthe",0,0,0,0,0,0,0,0,0,0,0,0,0,0
"NL132","","","NL","Zuidoost-Drenthe",0,0,0,0,0,0,0,0,0,0,0,0,0,0
"NL133","","","NL","Zuidwest-Drenthe",0,0,0,0,0,0,0,0,0,0,0,0,0,0
"NL211","","","NL","Noord-Overijssel",0,0,0,0,0,0,0,0,0,0,0,0,0,0
"NL212","","","NL","Zuidwest-Overijssel",0,0,0,0,0,0,0,0,0,0,0,0,0,0
"NL213","","","NL","Twente",0,0,0,0,0,0,0,0,0,0,0,0,0,0
"NL221","","","NL","Veluwe",0,0,0,0,0,0,0,0,0,0,0,0,0,0
"NL224","","","NL","Zuidwest-Gelderland",0,0,0,0,0,0,0,0,0,0,0,0,0,0
"NL225","","","NL","Achterhoek",0,0,0,0,0,0,0,0,0,0,0,0,0,0
"NL226","","","NL","Arnhem/Nijmegen",0,0,0,0,0,0,0,0,0,0,0,0,0,0
"NL230","","","NL","Flevoland",0,0,0,0,0,0,0,0,0,0,0,0,0,0
"NL310","","","NL","Utrecht",0,0,0,0,0,0,0,0,0,0,0,0,0,0
"NL321","","","NL","Kop van Noord-Holland",0,0,0,0,0,0,0,0,0,0,0,0,0,0
"NL322","","","NL","Alkmaar en omgeving",0,0,0,0,0,0,0,0,0,0,0,0,0,0
"NL323","","","NL","IJmond",0,0,0,0,0,0,0,0,0,0,0,0,0,0
"NL324","","","NL","Agglomeratie Haarlem",0,0,0,0,0,0,0,0,0,0,0,0,0,0
"NL325","","","NL","Zaanstreek",0,0,0,0,0,0,0,0,0,0,0,0,0,0
"NL326","","","NL","Groot-Amsterdam",0,0,0,0,0,0,0,0,0,0,0,0,0,0
"NL327","","","NL","Het Gooi en Vechtstreek",0,0,0,0,0,0,0,0,0,0,0,0,0,0
"NL332","","","NL","Agglomeratie 's-Gravenhage",0,0,0,0,0,0,0,0,0,0,0,0,0,0
"NL333","","","NL","Delft en Westland",0,0,0,0,0,0,0,0,0,0,0,0,0,0
"NL337","","","NL","Agglomeratie Leiden en Bollenstreek",0,0,0,0,0,0,0,0,0,0,0,0,0,0
"NL338","","","NL","Oost-Zuid-Holland",0,0,0,0,0,0,0,0,0,0,0,0,0,0
"NL339","","","NL","Groot-Rijnmond",0,0,0,0,0,0,0,0,0,0,0,0,0,0
"NL33A","","","NL","Zuidoost-Zuid-Holland",0,0,0,0,0,0,0,0,0,0,0,0,0,0
"NL341","","","NL","Zeeuwsch-Vlaanderen",0,0,0,0,0,0,0,0,0,0,0,0,0,0
"NL342","","","NL","Overig Zeeland",0,0,0,0,0,0,0,0,0,0,0,0,0,0
"NL411","","","NL","West-Noord-Brabant",0,0,0,0,0,0,0,0,0,0,0,0,0,0
"NL412","","","NL","Midden-Noord-Brabant",0,0,0,0,0,0,0,0,0,0,0,0,0,0
"NL413","","","NL","Noordoost-Noord-Brabant",0,0,0,0,0,0,0,0,0,0,0,0,0,0
"NL414","","","NL","Zuidoost-Noord-Brabant",0,0,0,0,0,0,0,0,0,0,0,0,0,0
"NL421","","","NL","Noord-Limburg",0,0,0,0,0,0,0,0,0,0,0,0,0,0
"NL422","","","NL","Midden-Limburg",0,0,0,0,0,0,0,0,0,0,0,0,0,0
"NL423","","","NL","Zuid-Limburg",0,0,0,0,0,0,0,0,0,0,0,0,0,0
"NO011","","","NO","Oslo",0,0,0,0,0,0,0,0,0,0,0,0,0,0
"NO012","","","NO","Akershus",0,0,0,0,0,0,0,0,0,0,0,0,0,0
"NO021","","","NO","Hedmark",0,0,0,0,0,0,0,0,0,0,0,0,0,0
"NO022","","","NO","Oppland",0,0,0,0,0,0,0,0,0,0,0,0,0,0
"NO031","","","NO","├ÿstfold",0,0,0,0,0,0,0,0,0,0,0,0,0,0
"NO032","","","NO","Buskerud",0,0,0,0,0,0,0,0,0,0,0,0,0,0
"NO033","","","NO","Vestfold",0,0,0,0,0,0,0,0,0,0,0,0,0,0
"NO034","","","NO","Telemark",0,0,0,0,0,0,0,0,0,0,0,0,0,0
"NO041","","","NO","Aust-Agder",0,0,0,0,0,0,0,0,0,0,0,0,0,0
"NO042","","","NO","Vest-Agder",0,0,0,0,0,0,0,0,0,0,0,0,0,0
"NO043","","","NO","Rogaland",0,0,0,0,0,0,0,0,0,0,0,0,0,0
"NO051","","","NO","Hordaland",0,0,0,0,0,0,0,0,0,0,0,0,0,0
"NO052","","","NO","Sogn og Fjordane",0,0,0,0,0,0,0,0,0,0,0,0,0,0
"NO053","","","NO","M├©re og Romsdal",0,0,0,0,0,0,0,0,0,0,0,0,0,0
"NO061","","","NO","S├©r-Tr├©ndelag",0,0,0,0,0,0,0,0,0,0,0,0,0,0
"NO062","","","NO","Nord-Tr├©ndelag",0,0,0,0,0,0,0,0,0,0,0,0,0,0
"NO071","","","NO","Nordland",0,0,0,0,0,0,0,0,0,0,0,0,0,0
"NO072","","","NO","Troms",0,0,0,0,0,0,0,0,0,0,0,0,0,0
"NO073","","","NO","Finnmark",0,0,0,0,0,0,0,0,0,0,0,0,0,0
"PL113","","","PL","Miasto ┼ü├│d┼║",2.381698253523e-06,1.29322982091746e-07,2.87660735806641e-07,1.50047818965424e-07,8.28993474947093e-07,8.96970939892756e-07,4.67552319870161e-07,7.22882310153863e-07,6.32522021384632e-07,8.28993474947093e-07,6.4441598371364e-07,8.28993474947097e-07,6.517805068181e-07,7.90575417825608e-07
"PL114","","","PL","┼ü├│dzki",0.000115244929965163,6.25764325602696e-06,1.39192449348805e-05,7.26047070090313e-06,4.01130977950448e-05,4.34023718142385e-05,2.26237871564052e-05,3.4978621277279e-05,3.06062936176192e-05,4.01130977950447e-05,3.11818152453431e-05,4.01130977950448e-05,3.15381676708213e-05,3.82541358985014e-05
"PL115","","","PL","Piotrkowski",0.000202599222550641,1.10008627629308e-05,2.44698678124165e-05,1.27638215390414e-05,7.05183510444278e-05,7.63008558300706e-05,3.97723499890573e-05,6.14920021107411e-05,5.38055018468984e-05,7.0518351044428e-05,5.48172620551194e-05,7.05183510444278e-05,5.54437254004288e-05,6.72503180376412e-05
"PL116","","","PL","Sieradzki",0.00049847809383151,2.70666838279554e-05,6.02060210788492e-05,3.14042934157687e-05,0.000173504383512534,0.000187731742960562,9.78564723010689e-05,0.00015129582242293,0.000132383844620064,0.000173504383512534,0.000134873194251612,0.000173504383512534,0.000136414553839737,0.000165463667248708
"PL117","","","PL","Skierniewicki",0.000117121841945235,6.35955702870053e-06,1.41459377497377e-05,7.37871680894102e-06,4.07663912096188e-05,4.41092352888076e-05,2.2992244642225e-05,3.55482931347875e-05,3.11047564929391e-05,4.07663912096189e-05,3.16896512309439e-05,4.07663912096188e-05,3.20518073142205e-05,3.88771537265037e-05
"PL121","","","PL","Ciechanowsko-p┼éocki",0.000164825494833638,8.94980062445096e-06,1.9907569337721e-05,1.03840635450361e-05,5.73705168234036e-05,6.20748992029228e-05,3.23569714883995e-05,5.00270906700078e-05,4.3773704336257e-05,5.73705168234034e-05,4.45968263348189e-05,5.73705168234035e-05,4.51064883640499e-05,5.47117940963622e-05
"PL122","","","PL","Ostro┼é─Öcko-siedlecki",0.000404821431857221,2.19812542184916e-05,4.88942000885679e-05,2.55038911124806e-05,0.000140905475759562,0.000152459724771845,7.94706883283927e-05,0.000122869574862338,0.000107510878004545,0.000140905475759562,0.00010953251565464,0.000140905475759562,0.000110784276570903,0.000134375491169747
"PL127","","","PL","Miasto Warszawa",0.00300116396220586,0.000162959129169549,0.00036247960142201,0.000189074374228772,0.0010446098023689,0.00113026780616315,0.000589159928536062,0.000910899747665686,0.000797037279207474,0.0010446098023689,0.000812024791188414,0.0010446098023689,0.000821304783440682,0.000996199434531414
"PL128","","","PL","Radomski",0.000192849999763105,1.04714931998066e-05,2.32923598739288e-05,1.2149617110032e-05,6.71249564090167e-05,7.26292028345565e-05,3.78584754146855e-05,5.85329619886627e-05,5.12163417400797e-05,6.71249564090168e-05,5.21794153069934e-05,6.71249564090168e-05,5.27757327778773e-05,6.40141835410356e-05
"PL129","","","PL","Warszawski-wschodni",0.000885650319172758,4.80896100908282e-05,0.000106968555778958,5.57962783746149e-05,0.000308266731351465,0.000333544603322283,0.000173862436482225,0.000268808589738477,0.000235207516021167,0.000308266731351464,0.000239630364934682,0.000308266731351464,0.000242368911779721,0.000293980721567768
"PL12A","","","PL","Warszawski-zachodni",0.000896753601572309,4.86925032527951e-05,0.000108309606594358,5.64957890304866e-05,0.000312131431107661,0.000337726208458489,0.000176042127144721,0.00027217860792588,0.000238156281935145,0.000312131431107661,0.000242634579527936,0.000312131431107661,0.000245407459177159,0.000297666319484834
"PL213","","","PL","Miasto Krak├│w",0.0033210135022158,0.000180326525007192,0.000401110924214718,0.000209225006578858,0.00115593926286662,0.00125072628242168,0.000651949744256774,0.00100797903721969,0.000881981657567234,0.00115593926286662,0.000898566466088229,0.00115593926286662,0.000908835475032214,0.00110236955216098
"PL214","","","PL","Krakowski",0.00103814748067774,5.63699989508277e-05,0.000125387113050879,6.54036526288447e-05,0.00036134614712069,0.000390976531184587,0.000203799226976069,0.000315093840289242,0.000275707110253086,0.00036134614712069,0.000280891514704352,0.000361346147120689,0.00028410160275643,0.000344600277170873
"PL215","","","PL","Nowos─àdecki",0.000981734280031798,5.33068387347584e-05,0.000118573545134366,6.18496013525082e-05,0.000341710504709989,0.000369730766096209,0.000192724724656434,0.00029797156010711,0.000260725115093722,0.000341710504709989,0.000265627797676003,0.00034171050470999,0.000268663448719134,0.000325874609632771
"PL216","","","PL","O┼øwi─Öcimski",0.000661707685509203,3.59298290774228e-05,7.99208377555494e-05,4.1687814506497e-05,0.000230319417162966,0.000249205609370329,0.000129900151279913,0.000200838531766107,0.000175733715295343,0.000230319417162966,0.000179038217145072,0.000230319417162966,0.000181084304020738,0.000219645720937168
"PL217","","","PL","Tarnowski",0.00106793603944881,5.79874772551391e-05,0.000128984965432905,6.72803421998732e-05,0.000371714597789353,0.00040219519480808,0.000209647033153195,0.000324135129272315,0.000283618238113276,0.000371714597789352,0.000288951403640943,0.000371714597789354,0.000292253601820319,0.000354488222573708
"PL224","","","PL","Cz─Östochowski",0.000486159277012977,2.63977887970848e-05,5.87181584140284e-05,3.06282036684124e-05,0.000169216594853108,0.000183092355631062,9.54381594971527e-05,0.00014755687071191,0.000129112261872921,0.000169216594853108,0.000131540092568156,0.000169216594853108,0.000133043360760386,0.000161374587643841
"PL225","","","PL","Bielski",0.000441428675974852,2.39689778809875e-05,5.33156110557863e-05,2.78101602337098e-05,0.000153647294108893,0.000166246372225824,8.66570738774162e-05,0.000133980440462956,0.000117232885405086,0.000153647294108894,0.000119437335962676,0.000153647294108894,0.000120802291274869,0.000146526815239004
"PL227","","","PL","Rybnicki",0.00032146866673677,1.74553122210011e-05,3.88268803890217e-05,2.02526378974436e-05,0.000111893027057699,0.000121068255276431,6.31076672605424e-05,9.75707195943138e-05,8.53743796450246e-05,0.000111893027057699,8.69797619416561e-05,0.000111893027057699,8.79737851853815e-05,0.00010670756681596
"PL228","","","PL","Bytomski",0.000115005746099391,6.2446558967995e-06,1.38903563858297e-05,7.24540203410706e-06,4.00298454923044e-05,4.33122928226734e-05,2.25768328576598e-05,3.49060252692894e-05,3.05427721106282e-05,4.00298454923044e-05,3.11170992781031e-05,4.00298454923045e-05,3.14727121157251e-05,3.81747417584835e-05
"PL229","","","PL","Gliwicki",0.000809434732019071,4.39512071684563e-05,9.77632620990663e-05,5.09946698557091e-05,0.000281738507490104,0.000304841065104293,0.000158900518224419,0.000245675978531372,0.000214966481214949,0.000281738507490105,0.000219008717126315,0.000281738507490105,0.000221511595388365,0.000268681895585207
"PL22A","","","PL","Katowicki",5.76359222210634e-05,3.12955233779532e-06,6.96124782830113e-06,3.63108316115994e-06,2.00612329345853e-05,2.17062540352213e-05,1.13145353751061e-05,1.74933951189584e-05,1.53067207290886e-05,2.00612329345853e-05,1.55945487470506e-05,2.00612329345853e-05,1.57727665713346e-05,1.91315349139133e-05
"PL22B","","","PL","Sosnowiecki",0.000933924807880109,5.07108492966578e-05,0.000112799132730386,5.88375879659939e-05,0.000325069546773447,0.000351725249608869,0.000183339224380223,0.000283460644786445,0.000248028064188139,0.000325069546773446,0.000252691991059069,0.000325069546773446,0.000255579808949219,0.000310004843861045
"PL22C","","","PL","Tyski",5.86459702363001e-05,3.18439657391673e-06,7.08324109710967e-06,3.69471653768544e-06,2.04127985507484e-05,2.20866480319097e-05,1.15128183826221e-05,1.77999603362525e-05,1.5574965294221e-05,2.04127985507483e-05,1.58678373907206e-05,2.04127985507483e-05,1.60491784158273e-05,1.94668079194203e-05
"PL311","","","PL","Bialski",0.000113673921516511,6.1723396298558e-06,1.37294990484613e-05,7.16149662181989e-06,3.95662796785629e-05,4.2810714612205e-05,2.23153817387095e-05,3.45017958797068e-05,3.01890713947435e-05,3.95662796785628e-05,3.07567475637579e-05,3.9566279678563e-05,3.11082422252435e-05,3.77326589822448e-05
"PL312","","","PL","Che┼émsko-zamojski",0.000157824657493541,8.56966466028274e-06,1.90620104943469e-05,9.94300835584084e-06,5.49337478223252e-05,5.94383151437559e-05,3.09826337717915e-05,4.79022281010675e-05,4.19144495884342e-05,5.49337478223252e-05,4.27026101071064e-05,5.49337478223253e-05,4.31906246298719e-05,5.23879523178793e-05
"PL314","","","PL","Lubelski",0.000119774983789426,6.50361902929013e-06,1.44663833536132e-05,7.5458656685994e-06,4.16898655723724e-05,4.51084345493068e-05,2.35130841828182e-05,3.63535627791087e-05,3.18093674317202e-05,4.16898655723724e-05,3.24075116941354e-05,4.16898655723724e-05,3.27778716396695e-05,3.97578315029262e-05
"PL315","","","PL","Pu┼éawski",0.0019813013684148,0.000107581974755555,0.00023930093102678,0.000124822675838176,0.000689628043304839,0.000746177542855834,0.000388950216423929,0.00060135565376182,0.000526186197041592,0.000689628043304837,0.00053608061746344,0.000689628043304839,0.000542207060929992,0.000657668600485395
"PL323","","","PL","Kro┼ønie┼äski",0.00149694900396693,8.1282298857933e-05,0.000180801010921171,9.43083082902938e-05,0.000521040377294441,0.000563765688232587,0.000293866772794065,0.000454347209000751,0.000397553807875659,0.000521040377294439,0.000405029421142493,0.000521040377294441,0.000409658183627247,0.000496893795225415
"PL324","","","PL","Przemyski",0.00151317147293122,8.21631569012428e-05,0.000182760355414944,9.53303294815697e-05,0.000526686903213094,0.000569875229276569,0.000297051413412186,0.000459270979601817,0.000401862107151592,0.000526686903213096,0.000409418733802239,0.000526686903213095,0.00041409765828687,0.000502278644108196
"PL325","","","PL","Rzeszowski",0.0015319299729323,8.31817179872744e-05,0.000185026000907592,9.65121215108759e-05,0.000533216140944067,0.000576939864501481,0.000300733903492454,0.000464964474903226,0.000406843915540323,0.000533216140944066,0.000414494220259565,0.000533216140944066,0.000419231148484367,0.000508505297276455
"PL326","","","PL","Tarnobrzeski",0.00118387706947465,6.42829177995284e-05,0.000142988285105362,7.45846674468885e-05,0.000412069985894412,0.000445859724737756,0.000232407472044449,0.000359325027699928,0.000314409399237438,0.000412069985894414,0.000320321562646753,0.000412069985894413,0.000323982265684214,0.000392973420318729
"PL331","","","PL","Kielecki",0.000355162497560452,1.92848414964951e-05,4.28964102518191e-05,2.23753609670873e-05,0.000123620778823686,0.000133757682687229,6.97221192565591e-05,0.000107797319134255,9.43226542424727e-05,0.000123620778823687,9.60963001526599e-05,0.000123620778823686,9.71945091366284e-05,0.00011789181920485
"PL332","","","PL","Sandomiersko-j─Ödrzejowski",0.00096051425199735,5.21546200179555e-05,0.000116010597091222,6.05127322003204e-05,0.000334324487294587,0.000361739095252742,0.000188559010834147,0.000291530952920879,0.00025508958380577,0.000334324487294588,0.00025988629569521,0.000334324487294588,0.000262856331630927,0.00031883088253393
"PL343","","","PL","Bia┼éostocki",8.92318521342059e-05,4.84516844167632e-06,1.07773939055236e-05,5.62163774322703e-06,3.10587720620278e-05,3.36055913711141e-05,1.75171474429837e-05,2.70832492380882e-05,2.36978430833271e-05,3.10587720620279e-05,2.41434580079979e-05,3.10587720620278e-05,2.44193745879944e-05,2.96194149195868e-05
"PL344","","","PL","┼üom┼╝y┼äski",7.80972783209204e-05,4.24057619842101e-06,9.43256372341085e-06,4.92015571739875e-06,2.71831807591092e-05,2.9412201581356e-05,1.53313139481375e-05,2.37037336219431e-05,2.07407669192003e-05,2.71831807591091e-05,2.11307768984127e-05,2.71831807591091e-05,2.13722639170723e-05,2.59234302029136e-05
"PL345","","","PL","Suwalski",4.89417530626912e-06,2.65747075453527e-07,5.91116892194704e-07,3.08334747801848e-07,1.70350689393286e-06,1.84319445923537e-06,9.60777888178135e-07,1.48545801150946e-06,1.29977576007078e-06,1.70350689393287e-06,1.32421678094243e-06,1.70350689393287e-06,1.33935021233618e-06,1.62456124823628e-06
"PL411","","","PL","Pilski",0,0,0,0,0,0,0,0,0,0,0,0,0,0
"PL414","","","PL","Koni┼äski",0.000291219835476066,1.58128417453068e-05,3.51734364462914e-05,1.83469509993624e-05,0.000101364370162223,0.000109676248515525,5.71695047714938e-05,8.83897307814585e-05,7.73410144337761e-05,0.000101364370162223,7.8795337099332e-05,0.000101364370162223,7.96958269929056e-05,9.66668396259011e-05
"PL415","","","PL","Miasto Pozna┼ä",0.00182575434415058,9.91359824878147e-05,0.000220514012328664,0.000115023159168554,0.000635487067229581,0.000687597006742406,0.000358414705917484,0.000554144722624192,0.000484876632296169,0.000635487067229583,0.000493994266471376,0.000635487067229581,0.000499639738155575,0.000606036680481544
"PL416","","","PL","Kaliski",0.000326949505630695,1.77529143328884e-05,3.94888543173866e-05,2.05979326554667e-05,0.000113800732903131,0.000123132393001188,6.41836133573659e-05,9.92342390915303e-05,8.6829959205089e-05,0.000113800732903131,8.84627122617399e-05,0.000113800732903131,8.94736829775505e-05,0.000108526863820605
"PL417","","","PL","Leszczy┼äski",0.000312919375407174,1.69910973071769e-05,3.77942997794255e-05,1.97140295679424e-05,0.00010891729043062,0.000117848508245932,6.14293518028702e-05,9.49758772555015e-05,8.31038925985637e-05,0.000108917290430621,8.46665805913038e-05,0.000108917290430621,8.56341683059145e-05,0.000103869734796304
"PL418","","","PL","Pozna┼äski",0.00300948193184722,0.000163410783629714,0.000363484243073785,0.000189598409211398,0.00104750502326739,0.00113340043517532,0.000590792833122811,0.000913424380289167,0.000799246332753022,0.00104750502326739,0.000814275383840529,0.0010475050232674,0.00082358109634494,0.000998960482164107
"PL422","","","PL","Koszali┼äski",0,0,0,0,0,0,0,0,0,0,0,0,0,0
"PL423","","","PL","Stargardzki",5.20081297278126e-08,2.8239708449491e-09,6.28152489229062e-09,3.27653027522941e-09,1.81023772112121e-08,1.95867721425315e-08,1.02097407471236e-08,1.5785272928177e-08,1.38121138121549e-08,1.81023772112121e-08,1.40718371985535e-08,1.81023772112121e-08,1.42326531509663e-08,1.72634584708935e-08
"PL424","","","PL","Miasto Szczecin",0.00184693165359771,0.000100285881643315,0.000223071800834808,0.000116357337034871,0.00064285821566227,0.000695572589346578,0.000362572033633522,0.000560572364057501,0.000490500818550313,0.000642858215662271,0.000499724210086018,0.000642858215662272,0.000505435164786161,0.000613066227671167
"PL425","","","PL","Szczeci┼äski",0.000207718297596578,1.12788215889545e-05,2.50881480215847e-05,1.30863250487228e-05,7.23001383907339e-05,7.82287497387738e-05,4.07772780523738e-05,6.30457206767201e-05,5.516500559213e-05,7.2300138390734e-05,5.62023299479779e-05,7.23001383907338e-05,5.68446221441477e-05,6.89495319860652e-05
"PL431","","","PL","Gorzowski",0.000599375053104604,3.25452517522861e-05,7.23923228079702e-05,3.77608369689988e-05,0.000208623408668502,0.000225730528179319,0.000117663602489035,0.000181919612358933,0.000159179660814067,0.000208623408668501,0.00016217287974599,0.000208623408668501,0.000164026225954014,0.000198955170891821
"PL432","","","PL","Zielonog├│rski",0.00110089862932831,5.9777301139999e-05,0.000132966176253715,6.93569968355116e-05,0.000383187827820504,0.000414609229701788,0.000216117934890764,0.00033413978585948,0.000292372312627045,0.000383187827820506,0.000297870090024297,0.000383187827820506,0.00030127421285109,0.000365429748532358
"PL514","","","PL","Miasto Wroc┼éaw",0.00298507156867661,0.000162085334045789,0.000360535967396723,0.000188060547835179,0.00103900855157557,0.00112420725280477,0.000586000823088624,0.000906015456973901,0.000792763524852166,0.00103900855157557,0.000807670673032969,0.00103900855157557,0.00081690090549565,0.000990857762588135
"PL515","","","PL","Jeleniog├│rski",2.09621586624475e-05,1.1382167599519e-06,2.5318026647648e-06,1.32062329199547e-06,7.29626128174293e-06,7.89455470684584e-06,4.11509136290302e-06,6.36233983767983e-06,5.56704735796986e-06,7.29626128174291e-06,5.671730277016e-06,7.29626128174293e-06,5.73654801854163e-06,6.95813053504053e-06
"PL516","","","PL","Legnicko-G┼éogowski",0.000189904062381543,1.03115327989978e-05,2.29365505208478e-05,1.19640220296065e-05,6.6099569224345e-05,7.15197339007415e-05,3.72801570425307e-05,5.7638824363629e-05,5.04339713181753e-05,6.60995692243452e-05,5.13823331691154e-05,6.60995692243451e-05,5.19695414155718e-05,6.30363158901394e-05
"PL517","","","PL","Wa┼ébrzyski",0.00105207633615023,5.71263168950351e-05,0.000127069435657546,6.62811753718036e-05,0.000366194339070739,0.000396222274874539,0.000206533607235896,0.000319321463669684,0.000279406280710974,0.000366194339070738,0.000284660244470196,0.000366194339070738,0.00028791340236867,0.000349223789288206
"PL518","","","PL","Wroc┼éawski",0.000570264187058998,3.09645712430223e-05,6.88763219315948e-05,3.59268422755581e-05,0.000198490841301425,0.000214767090288143,0.000111948834494004,0.000173084013614843,0.000151448511912987,0.000198490841301426,0.000154296354098046,0.000198490841301425,0.000156059685693486,0.000189292177247167
"PL521","","","PL","Nyski",0.000372923705261485,2.02492509644244e-05,4.50416031067647e-05,2.34943232343643e-05,0.000129802890797593,0.000140446727842995,7.32088304098422e-05,0.000113188120775501,9.90396056785632e-05,0.000129802890797593,0.000100901949279569,0.000129802890797593,0.000102055078245229,0.000123787433470243
"PL522","","","PL","Opolski",0.000764016522150749,4.14850600262848e-05,9.2277665571288e-05,4.81333068253691e-05,0.000265929871963366,0.000287736121464361,0.000149984447787338,0.000231890848352055,0.000202904492308048,0.000265929871963365,0.000206719914232198,0.000265929871963365,0.000209082353437603,0.000253605879893283
"PL613","","","PL","Bydgosko-Toru┼äski",0.000493134646407874,2.67765418864004e-05,5.95606412473136e-05,3.10676543681953e-05,0.000171644499271797,0.000185719348212085,9.68074975892933e-05,0.000149674003365008,0.000130964752944382,0.000171644499271797,0.000133427417935141,0.000171644499271797,0.000134952254883612,0.000163689975651411
"PL614","","","PL","Grudzi─àdzki",0.000601148396414816,3.26415418867773e-05,7.26065066327673e-05,3.78725582147864e-05,0.000209240653120367,0.000226398386676238,0.000118011728359887,0.00018245784952096,0.00015965061833084,0.000209240653120367,0.000162652693161489,0.000209240653120367,0.000164511522779413,0.000199543810374737
"PL615","","","PL","W┼éoc┼éawski",0.000129504746871016,7.03193195679726e-06,1.56415409551837e-05,8.15884412936094e-06,4.50764869025464e-05,4.87727588285553e-05,2.54231386130363e-05,3.93066965790207e-05,3.4393359506643e-05,4.50764869025465e-05,3.5040093230545e-05,4.50764869025465e-05,3.54405388785435e-05,4.2987506589682e-05
"PL621","","","PL","Elbl─àski",2.51127333112904e-06,1.36358732911984e-07,3.0331077128499e-07,1.58211093955571e-07,8.74094441743487e-07,9.45770185966447e-07,4.92989265143326e-07,7.62210353200322e-07,6.66934059050279e-07,8.74094441743487e-07,6.79475106327833e-07,8.74094441743487e-07,6.87240292552138e-07,8.33586269837047e-07
"PL622","","","PL","Olszty┼äski",1.61626808365407e-05,8.7761162913343e-07,1.95212330326474e-06,1.01825451841764e-06,5.62571557136816e-06,6.08702424822033e-06,3.17290358225164e-06,4.90562397823301e-06,4.29242098095389e-06,5.62571557136813e-06,4.37313578885253e-06,5.62571557136813e-06,4.42311291600312e-06,5.36500294973519e-06
"PL623","","","PL","E┼écki",0,0,0,0,0,0,0,0,0,0,0,0,0,0
"PL631","","","PL","S┼éupski",0,0,0,0,0,0,0,0,0,0,0,0,0,0
"PL633","","","PL","Tr├│jmiejski",1.3917552453922e-05,7.55704205642823e-07,1.68095743178243e-06,8.76810648854813e-07,4.84425772847962e-06,5.24148686221496e-06,2.73216135886251e-06,4.22419273923423e-06,3.69616864682997e-06,4.84425772847963e-06,3.76567150864467e-06,4.84425772847963e-06,3.80870640462817e-06,4.61976021945423e-06
"PL634","","","PL","Gda┼äski",0.000303601024459725,1.64851235000755e-05,3.66688324008092e-05,1.91269702148313e-05,0.000105673868590228,0.000114339125814627,5.96000618848887e-05,9.21476134106788e-05,8.0629161734344e-05,0.000105673868590228,8.21453148165537e-05,0.000105673868590228,8.30840889689319e-05,0.000100776622903214
"PL635","","","PL","Starogardzki",0.000343024672922541,1.86257740953417e-05,4.1430407763356e-05,2.16106737901079e-05,0.000119395987790652,0.000129186458789484,6.73393371139275e-05,0.000104113301353448,9.1099138684267e-05,0.000119395987790652,9.28121695149471e-05,0.000119395987790652,9.38728467545598e-05,0.000113862817726424
"PT111","","","PT","Minho-Lima",0,0,0,0,0,0,0,0,0,0,0,0,0,0
"PT112","","","PT","C├ívado",0,0,0,0,0,0,0,0,0,0,0,0,0,0
"PT113","","","PT","Ave",0,0,0,0,0,0,0,0,0,0,0,0,0,0
"PT114","","","PT","Grande Porto",0,0,0,0,0,0,0,0,0,0,0,0,0,0
"PT115","","","PT","T├ómega",0,0,0,0,0,0,0,0,0,0,0,0,0,0
"PT116","","","PT","Entre Douro e Vouga",0,0,0,0,0,0,0,0,0,0,0,0,0,0
"PT117","","","PT","Douro",0,0,0,0,0,0,0,0,0,0,0,0,0,0
"PT118","","","PT","Alto Tr├ís-os-Montes",0,0,0,0,0,0,0,0,0,0,0,0,0,0
"PT150","","","PT","Algarve",0,0,0,0,0,0,0,0,0,0,0,0,0,0
"PT161","","","PT","Baixo Vouga",0,0,0,0,0,0,0,0,0,0,0,0,0,0
"PT162","","","PT","Baixo Mondego",0,0,0,0,0,0,0,0,0,0,0,0,0,0
"PT163","","","PT","Pinhal Litoral",0,0,0,0,0,0,0,0,0,0,0,0,0,0
"PT164","","","PT","Pinhal Interior Norte",0,0,0,0,0,0,0,0,0,0,0,0,0,0
"PT165","","","PT","D├úo-Laf├Áes",0,0,0,0,0,0,0,0,0,0,0,0,0,0
"PT166","","","PT","Pinhal Interior Sul",0,0,0,0,0,0,0,0,0,0,0,0,0,0
"PT167","","","PT","Serra da Estrela",0,0,0,0,0,0,0,0,0,0,0,0,0,0
"PT168","","","PT","Beira Interior Norte",0,0,0,0,0,0,0,0,0,0,0,0,0,0
"PT169","","","PT","Beira Interior Sul",0,0,0,0,0,0,0,0,0,0,0,0,0,0
"PT16A","","","PT","Cova da Beira",0,0,0,0,0,0,0,0,0,0,0,0,0,0
"PT16B","","","PT","Oeste",0,0,0,0,0,0,0,0,0,0,0,0,0,0
"PT16C","","","PT","M├®dio Tejo",0,0,0,0,0,0,0,0,0,0,0,0,0,0
"PT171","","","PT","Grande Lisboa",0,0,0,0,0,0,0,0,0,0,0,0,0,0
"PT172","","","PT","Pen├¡nsula de Set├║bal",0,0,0,0,0,0,0,0,0,0,0,0,0,0
"PT181","","","PT","Alentejo Litoral",0,0,0,0,0,0,0,0,0,0,0,0,0,0
"PT182","","","PT","Alto Alentejo",0,0,0,0,0,0,0,0,0,0,0,0,0,0
"PT183","","","PT","Alentejo Central",0,0,0,0,0,0,0,0,0,0,0,0,0,0
"PT184","","","PT","Baixo Alentejo",0,0,0,0,0,0,0,0,0,0,0,0,0,0
"PT185","","","PT","Lez├¡ria do Tejo",0,0,0,0,0,0,0,0,0,0,0,0,0,0
"PT200","","","PT","Regi├úo Aut├│noma dos A├ºores",0,0,0,0,0,0,0,0,0,0,0,0,0,0
"PT300","","","PT","Regi├úo Aut├│noma da Madeira",0,0,0,0,0,0,0,0,0,0,0,0,0,0
"RO111","","","RO","Bihor",1.10332332710826e-05,5.99089589380052e-07,1.33259030458255e-06,6.95097536396085e-07,3.84031788064135e-06,4.15522394685393e-06,2.16593928468172e-06,3.34875719191926e-06,2.93016254292935e-06,3.84031788064134e-06,3.01718099720767e-06,3.84031788064134e-06,3.05365112873443e-06,3.67476594064226e-06
"RO112","","","RO","Bistri┼úa-N─âs─âud",0,0,0,0,0,0,0,0,0,0,0,0,0,0
"RO113","","","RO","Cluj",0,0,0,0,0,0,0,0,0,0,0,0,0,0
"RO114","","","RO","Maramure┼ƒ",0,0,0,0,0,0,0,0,0,0,0,0,0,0
"RO115","","","RO","Satu Mare",5.54864990686018e-09,3.0128415783856e-10,6.70164120320389e-10,3.49566875440893e-10,1.93130870409333e-09,2.089676017829e-09,1.08925810910864e-09,1.68410118996939e-09,1.47358854122322e-09,1.93130870409334e-09,1.51735041286713e-09,1.93130870409334e-09,1.53569136396707e-09,1.8480520798666e-09
"RO116","","","RO","S─âlaj",0,0,0,0,0,0,0,0,0,0,0,0,0,0
"RO121","","","RO","Alba",0,0,0,0,0,0,0,0,0,0,0,0,0,0
"RO122","","","RO","Bra┼ƒov",0,0,0,0,0,0,0,0,0,0,0,0,0,0
"RO123","","","RO","Covasna",0,0,0,0,0,0,0,0,0,0,0,0,0,0
"RO124","","","RO","Harghita",0,0,0,0,0,0,0,0,0,0,0,0,0,0
"RO125","","","RO","Mure┼ƒ",0,0,0,0,0,0,0,0,0,0,0,0,0,0
"RO126","","","RO","Sibiu",0,0,0,0,0,0,0,0,0,0,0,0,0,0
"RO211","","","RO","Bac─âu",0,0,0,0,0,0,0,0,0,0,0,0,0,0
"RO212","","","RO","Boto┼ƒani",0,0,0,0,0,0,0,0,0,0,0,0,0,0
"RO213","","","RO","Ia┼ƒi",0,0,0,0,0,0,0,0,0,0,0,0,0,0
"RO214","","","RO","Neam┼ú",0,0,0,0,0,0,0,0,0,0,0,0,0,0
"RO215","","","RO","Suceava",0,0,0,0,0,0,0,0,0,0,0,0,0,0
"RO216","","","RO","Vaslui",0,0,0,0,0,0,0,0,0,0,0,0,0,0
"RO221","","","RO","Br─âila",4.60282042347768e-05,2.49926900822317e-06,5.55927144777847e-06,2.89979288774611e-06,1.60209551809177e-05,1.7334673505753e-05,9.03581872203761e-06,1.39702729177603e-05,1.22239888030402e-05,1.60209551809178e-05,1.25870105109393e-05,1.60209551809178e-05,1.27391558178624e-05,1.53303091736668e-05
"RO222","","","RO","Buz─âu",3.61396592755671e-05,1.96233444030229e-06,4.3649362229801e-06,2.27681111342765e-06,1.25790669250147e-05,1.36105504128659e-05,7.09459374570831e-06,1.09689463586128e-05,9.59782806378623e-06,1.25790669250147e-05,9.88285940600817e-06,1.25790669250147e-05,1.00023183256856e-05,1.20367969886347e-05
"RO223","","","RO","Constan┼úa",0.00190599080197694,0.000103492713229517,0.000230204945452836,0.000120078083939376,0.000663414828394343,0.000717814844322677,0.000374165963214409,0.000578497730359865,0.000506185514064881,0.00066341482839434,0.000521217950104406,0.000663414828394339,0.000527518164513827,0.000634815734444725
"RO224","","","RO","Gala┼úi",3.82749254186279e-05,2.07827649331916e-06,4.62283296911376e-06,2.41133362365875e-06,1.33222852135844e-05,1.44147126010982e-05,7.51376886046152e-06,1.16170327062455e-05,1.01649036179648e-05,1.33222852135843e-05,1.04667756771985e-05,1.33222852135843e-05,1.05932926763317e-05,1.27479759426128e-05
"RO225","","","RO","Tulcea",2.29845161373252e-05,1.24802802555612e-06,2.77606233889727e-06,1.44803251683114e-06,8.00017965100078e-06,8.65619438238284e-06,4.51210132316443e-06,6.97615665567267e-06,6.10413707371357e-06,8.00017965100072e-06,6.28541458479886e-06,8.00017965100076e-06,6.36138944239607e-06,7.65530058037988e-06
"RO226","","","RO","Vrancea",2.12004281800273e-05,1.1511544713137e-06,2.56058077914008e-06,1.33563435453704e-06,7.37919532893395e-06,7.98428934590657e-06,4.16186616551876e-06,6.43465832683039e-06,5.63032603597661e-06,7.37919532893397e-06,5.79753255150452e-06,7.37919532893397e-06,5.8676101421031e-06,7.06108621913985e-06
"RO311","","","RO","Arge┼ƒ",1.71350195618938e-07,9.30408302003282e-09,2.06956205637909e-08,1.07951219655509e-08,5.96415578207234e-08,6.45321655620223e-08,3.36378386108879e-08,5.20074384196706e-08,4.55065086172117e-08,5.96415578207231e-08,4.68579374138932e-08,5.96415578207231e-08,4.74243320525113e-08,5.70704749289758e-08
"RO312","","","RO","C─âl─âra┼ƒi",0.000207076783284985,1.12439882326689e-05,2.50106661329238e-05,1.30459094238017e-05,7.20768476453134e-05,7.79871491522291e-05,4.06513420719568e-05,6.28510111467133e-05,5.49946347533742e-05,7.20768476453133e-05,5.66278370210731e-05,7.20768476453136e-05,5.7312325179439e-05,6.89696928920961e-05
"RO313","","","RO","D├ómbovi┼úa",3.91312302881593e-05,2.12477268532992e-06,4.72625719108642e-06,2.46528112849176e-06,1.36203377264738e-05,1.47372054200447e-05,7.68187047773123e-06,1.18769344974851e-05,1.03923176852995e-05,1.36203377264738e-05,1.07009433700849e-05,1.36203377264738e-05,1.08302908678083e-05,1.30331797348328e-05
"RO314","","","RO","Giurgiu",0.000239274012150672,1.29922540534301e-05,2.88994369008991e-05,1.50743460491722e-05,8.32836798296805e-05,9.01129415757143e-05,4.69719954239397e-05,7.26233688114815e-05,6.35454477100462e-05,8.32836798296808e-05,6.5432587605918e-05,8.3283679829681e-05,6.62235030592284e-05,7.96934106919171e-05
"RO315","","","RO","Ialomi┼úa",0.0010071732673674,5.46881412145198e-05,0.000121646057701528,6.34522664091543e-05,0.000350565007785384,0.000379311338423785,0.000197718664390956,0.000305692686788854,0.000267481100940247,0.000350565007785384,0.000275424616568296,0.000350565007785384,0.000278753807624864,0.000335452530397189
"RO316","","","RO","Prahova",3.39708786369582e-05,1.84457259567193e-06,4.10299160703949e-06,2.14017717831167e-06,1.18241833055893e-05,1.27937663366477e-05,6.66883938435236e-06,1.03106878424739e-05,9.02185186216466e-06,1.18241833055893e-05,9.28977816054283e-06,1.18241833055893e-05,9.40206821927084e-06,1.13144555835659e-05
"RO317","","","RO","Teleorman",3.98566368504526e-06,2.16416127694765e-07,4.81387155833871e-07,2.51098199440722e-07,1.38728286983825e-06,1.50104006516498e-06,7.82427538588771e-07,1.20971066249895e-06,1.05849682968658e-06,1.38728286983825e-06,1.08993152200428e-06,1.38728286983825e-06,1.10310605346243e-06,1.32747860947038e-06
"RO321","","","RO","Bucure┼ƒti",2.21851720185152e-05,1.20462472498725e-06,2.67951781776009e-06,1.39767355911982e-06,7.72195336530287e-06,8.35515354125771e-06,4.35518169803082e-06,6.73354333454411e-06,5.89185041772611e-06,7.72195336530288e-06,6.06682354931116e-06,7.72195336530288e-06,6.14015619093849e-06,7.38906832819366e-06
"RO322","","","RO","Ilfov",0.000180910410889222,9.82318973154149e-06,2.18503002361852e-05,1.13974188551859e-05,6.29691649457787e-05,6.81326364713325e-05,3.55146090294192e-05,5.49091118327189e-05,4.80454728536293e-05,6.29691649457786e-05,4.94723024992684e-05,6.29691649457787e-05,5.0070298237923e-05,6.02546325188027e-05
"RO411","","","RO","Dolj",0.000139589341176263,7.57951173807763e-06,1.68595549558523e-05,8.7941770807183e-06,4.85866137056258e-05,5.25707160294871e-05,2.7402850129973e-05,4.23675271513057e-05,3.70715862573926e-05,4.85866137056258e-05,3.81725190850092e-05,4.85866137056259e-05,3.86339288555952e-05,4.64920974684417e-05
"RO412","","","RO","Gorj",5.48126907253982e-05,2.97625470002162e-06,6.62025885197115e-06,3.45321859425586e-06,1.90785557693694e-05,2.06429973424576e-05,1.07603054539243e-05,1.66365006308901e-05,1.45569380520288e-05,1.90785557693694e-05,1.498924248216e-05,1.90785557693694e-05,1.51704247331807e-05,1.82560999159304e-05
"RO413","","","RO","Mehedin┼úi",0.000170122656988183,9.23742933872488e-06,2.05473588495996e-05,1.07177866045462e-05,5.92142906328519e-05,6.40698624647457e-05,3.33968599169284e-05,5.16348614318469e-05,4.51805037528658e-05,5.92142906328517e-05,4.65222510254114e-05,5.92142906328515e-05,4.7084588059679e-05,5.66616267663123e-05
"RO414","","","RO","Olt",0.000913973507317719,4.96275207593332e-05,0.000110389421176209,5.75806490861494e-05,0.000318125133072649,0.000344211393984607,0.000179422575052974,0.000277405116039349,0.000242729476534431,0.000318125133072648,0.000249937931200804,0.000318125133072649,0.000252959052317787,0.000304411103510636
"RO415","","","RO","V├ólcea",0,0,0,0,0,0,0,0,0,0,0,0,0,0
"RO421","","","RO","Arad",0,0,0,0,0,0,0,0,0,0,0,0,0,0
"RO422","","","RO","Cara┼ƒ-Severin",0.00101308778780882,5.5009291645728e-05,0.000122360411545305,6.38248832556201e-05,0.000352623664395692,0.000381538804876137,0.00019887974671917,0.000307487835353044,0.000269051855933913,0.000352623664395691,0.000277042019032739,0.000352623664395691,0.000280390760418131,0.000337422440553111
"RO423","","","RO","Hunedoara",0,0,0,0,0,0,0,0,0,0,0,0,0,0
"RO424","","","RO","Timi┼ƒ",0,0,0,0,0,0,0,0,0,0,0,0,0,0
"SE110","","","SE","Stockholms l├ñn",0,0,0,0,0,0,0,0,0,0,0,0,0,0
"SE121","","","SE","Uppsala l├ñn",0,0,0,0,0,0,0,0,0,0,0,0,0,0
"SE122","","","SE","S├Âdermanlands l├ñn",0,0,0,0,0,0,0,0,0,0,0,0,0,0
"SE123","","","SE","├ûsterg├Âtlands l├ñn",0,0,0,0,0,0,0,0,0,0,0,0,0,0
"SE124","","","SE","├ûrebro l├ñn",0,0,0,0,0,0,0,0,0,0,0,0,0,0
"SE125","","","SE","V├ñstmanlands l├ñn",0,0,0,0,0,0,0,0,0,0,0,0,0,0
"SE211","","","SE","J├Ânk├Âpings l├ñn",0,0,0,0,0,0,0,0,0,0,0,0,0,0
"SE212","","","SE","Kronobergs l├ñn",0,0,0,0,0,0,0,0,0,0,0,0,0,0
"SE213","","","SE","Kalmar l├ñn",0,0,0,0,0,0,0,0,0,0,0,0,0,0
"SE214","","","SE","Gotlands l├ñn",0,0,0,0,0,0,0,0,0,0,0,0,0,0
"SE221","","","SE","Blekinge l├ñn",0,0,0,0,0,0,0,0,0,0,0,0,0,0
"SE224","","","SE","Sk├Ñne l├ñn",0,0,0,0,0,0,0,0,0,0,0,0,0,0
"SE231","","","SE","Hallands l├ñn",0,0,0,0,0,0,0,0,0,0,0,0,0,0
"SE232","","","SE","V├ñstra G├Âtalands l├ñn",0,0,0,0,0,0,0,0,0,0,0,0,0,0
"SE311","","","SE","V├ñrmlands l├ñn",0,0,0,0,0,0,0,0,0,0,0,0,0,0
"SE312","","","SE","Dalarnas l├ñn",0,0,0,0,0,0,0,0,0,0,0,0,0,0
"SE313","","","SE","G├ñvleborgs l├ñn",0,0,0,0,0,0,0,0,0,0,0,0,0,0
"SE321","","","SE","V├ñsternorrlands l├ñn",0,0,0,0,0,0,0,0,0,0,0,0,0,0
"SE322","","","SE","J├ñmtlands l├ñn",0,0,0,0,0,0,0,0,0,0,0,0,0,0
"SE331","","","SE","V├ñsterbottens l├ñn",0,0,0,0,0,0,0,0,0,0,0,0,0,0
"SE332","","","SE","Norrbottens l├ñn",0,0,0,0,0,0,0,0,0,0,0,0,0,0
"SI011","","","SI","Pomurska",0,0,0,0,0,0,0,0,0,0,0,0,0,0
"SI012","","","SI","Podravska",0,0,0,0,0,0,0,0,0,0,0,0,0,0
"SI013","","","SI","Koro┼íka",0,0,0,0,0,0,0,0,0,0,0,0,0,0
"SI014","","","SI","Savinjska",0,0,0,0,0,0,0,0,0,0,0,0,0,0
"SI015","","","SI","Zasavska",0,0,0,0,0,0,0,0,0,0,0,0,0,0
"SI016","","","SI","Spodnjeposavska",0,0,0,0,0,0,0,0,0,0,0,0,0,0
"SI017","","","SI","Jugovzhodna Slovenija",0,0,0,0,0,0,0,0,0,0,0,0,0,0
"SI018","","","SI","Notranjsko-kra┼íka",0,0,0,0,0,0,0,0,0,0,0,0,0,0
"SI021","","","SI","Osrednjeslovenska",0,0,0,0,0,0,0,0,0,0,0,0,0,0
"SI022","","","SI","Gorenjska",0,0,0,0,0,0,0,0,0,0,0,0,0,0
"SI023","","","SI","Gori┼íka",0,0,0,0,0,0,0,0,0,0,0,0,0,0
"SI024","","","SI","Obalno-kra┼íka",0,0,0,0,0,0,0,0,0,0,0,0,0,0
"SK010","","","SK","Bratislavsk├¢ kraj",0.000729836364347641,3.96291238559804e-05,8.81493972950337e-05,4.59799449867467e-05,0.000254032845230644,0.000274863538539558,0.000143274524710084,0.000221516641041122,0.000193827060910982,0.000254032845230645,0.000197692446204826,0.000254032845230645,0.000201409265105323,0.000243604397406968
"SK021","","","SK","Trnavsk├¢ kraj",0.00480104570128798,0.00026069026432333,0.000579868728975609,0.000302467550272581,0.00167109143797006,0.00180812093588361,0.000942495571015113,0.00145719173390989,0.00127504276717116,0.00167109143797006,0.00130047023606058,0.00167109143797006,0.00132492039814679,0.00160249050625338
"SK022","","","SK","Tren─ìiansky kraj",0.00592526062823903,0.000321733608773159,0.000715651040027479,0.000373293481973988,0.00206239492803308,0.00223151131213179,0.00116319073941065,0.00179840837724484,0.00157360733008924,0.00206239492803307,0.00160498890603339,0.00206239492803307,0.0016351643285928,0.00197773037263166
"SK023","","","SK","Nitriansky kraj",0.00542587174739731,0.000294617470446913,0.000655335014391532,0.000341831808659559,0.00188857352850585,0.00204343655784333,0.0010651554700773,0.0016468361168571,0.00144098160224996,0.00188857352850585,0.00146971829705335,0.00188857352850585,0.00149735049469046,0.00181104461493045
"SK031","","","SK","┼¢ilinsk├¢ kraj",0.00666448617732816,0.000361872552615104,0.0008049344599836,0.000419864948867525,0.00231969585009682,0.00250991090980475,0.00130830845945461,0.00202277478128442,0.00176992793362388,0.00231969585009682,0.00180522462219582,0.00231969585009682,0.00183916467971562,0.00222446868717791
"SK032","","","SK","Banskobystrick├¢ kraj",0.00479009125614865,0.00026009545282255,0.000578545654675801,0.000301777416415909,0.00166727854373429,0.00180399538432051,0.000940345098666141,0.00145386689013631,0.00127213352886927,0.00166727854373429,0.00129750298043699,0.00166727854373429,0.00132189735510189,0.00159883413732267
"SK041","","","SK","Pre┼íovsk├¢ kraj",0.00236696374767111,0.000128522918425581,0.000285881107010747,0.000149119539968142,0.000823864861702446,0.000891421780362042,0.000464659782000177,0.00071841015940453,0.000628608889478962,0.000823864861702442,0.000641144887009704,0.000823864861702443,0.00065319906247135,0.00079004391340647
"SK042","","","SK","Ko┼íick├¢ kraj",0.00583219960991777,0.000316680521805491,0.000704411160682725,0.000367430605428166,0.00203000334490699,0.00219646361918937,0.00114492188652754,0.0017701629167589,0.00154889255216404,0.00203000334490699,0.00157978125503525,0.00203000334490699,0.00160948274813771,0.00194666851493636
"TR100","","","TR","─░stanbul",0,0,0,0,0,0,0,0,0,0,0,0,0,0
"TR211","","","TR","Tekirda─ƒ",0,0,0,0,0,0,0,0,0,0,0,0,0,0
"TR212","","","TR","Edirne",0,0,0,0,0,0,0,0,0,0,0,0,0,0
"TR213","","","TR","K─▒rklareli",0,0,0,0,0,0,0,0,0,0,0,0,0,0
"TR221","","","TR","Bal─▒kesir",0,0,0,0,0,0,0,0,0,0,0,0,0,0
"TR222","","","TR","├çanakkale",0,0,0,0,0,0,0,0,0,0,0,0,0,0
"TR310","","","TR","─░zmir",0,0,0,0,0,0,0,0,0,0,0,0,0,0
"TR321","","","TR","Ayd─▒n",0,0,0,0,0,0,0,0,0,0,0,0,0,0
"TR322","","","TR","Denizli",0,0,0,0,0,0,0,0,0,0,0,0,0,0
"TR323","","","TR","Mu─ƒla",0,0,0,0,0,0,0,0,0,0,0,0,0,0
"TR331","","","TR","Manisa",0,0,0,0,0,0,0,0,0,0,0,0,0,0
"TR332","","","TR","Afyon",0,0,0,0,0,0,0,0,0,0,0,0,0,0
"TR333","","","TR","K├╝tahya",0,0,0,0,0,0,0,0,0,0,0,0,0,0
"TR334","","","TR","U┼ƒak",0,0,0,0,0,0,0,0,0,0,0,0,0,0
"TR411","","","TR","Bursa",0,0,0,0,0,0,0,0,0,0,0,0,0,0
"TR412","","","TR","Eski┼ƒehir",0,0,0,0,0,0,0,0,0,0,0,0,0,0
"TR413","","","TR","Bilecik",0,0,0,0,0,0,0,0,0,0,0,0,0,0
"TR421","","","TR","Kocaeli",0,0,0,0,0,0,0,0,0,0,0,0,0,0
"TR422","","","TR","Sakarya",0,0,0,0,0,0,0,0,0,0,0,0,0,0
"TR423","","","TR","D├╝zce",0,0,0,0,0,0,0,0,0,0,0,0,0,0
"TR424","","","TR","Bolu",0,0,0,0,0,0,0,0,0,0,0,0,0,0
"TR425","","","TR","Yalova",0,0,0,0,0,0,0,0,0,0,0,0,0,0
"TR510","","","TR","Ankara",0,0,0,0,0,0,0,0,0,0,0,0,0,0
"TR521","","","TR","Konya",0,0,0,0,0,0,0,0,0,0,0,0,0,0
"TR522","","","TR","Karaman",0,0,0,0,0,0,0,0,0,0,0,0,0,0
"TR611","","","TR","Antalya",0,0,0,0,0,0,0,0,0,0,0,0,0,0
"TR612","","","TR","Isparta",0,0,0,0,0,0,0,0,0,0,0,0,0,0
"TR613","","","TR","Burdur",0,0,0,0,0,0,0,0,0,0,0,0,0,0
"TR621","","","TR","Adana",0,0,0,0,0,0,0,0,0,0,0,0,0,0
"TR622","","","TR","─░├ºel",0,0,0,0,0,0,0,0,0,0,0,0,0,0
"TR631","","","TR","Hatay",0,0,0,0,0,0,0,0,0,0,0,0,0,0
"TR632","","","TR","Kahramanmara┼ƒ",0,0,0,0,0,0,0,0,0,0,0,0,0,0
"TR633","","","TR","Osmaniye",0,0,0,0,0,0,0,0,0,0,0,0,0,0
"TR711","","","TR","K─▒r─▒kkale",0,0,0,0,0,0,0,0,0,0,0,0,0,0
"TR712","","","TR","Aksaray",0,0,0,0,0,0,0,0,0,0,0,0,0,0
"TR713","","","TR","Ni─ƒde",0,0,0,0,0,0,0,0,0,0,0,0,0,0
"TR714","","","TR","Nev┼ƒehir",0,0,0,0,0,0,0,0,0,0,0,0,0,0
"TR715","","","TR","K─▒r┼ƒehir",0,0,0,0,0,0,0,0,0,0,0,0,0,0
"TR721","","","TR","Kayseri",0,0,0,0,0,0,0,0,0,0,0,0,0,0
"TR722","","","TR","Sivas",0,0,0,0,0,0,0,0,0,0,0,0,0,0
"TR723","","","TR","Yozgat",0,0,0,0,0,0,0,0,0,0,0,0,0,0
"TR811","","","TR","Zonguldak",0,0,0,0,0,0,0,0,0,0,0,0,0,0
"TR812","","","TR","Karab├╝k",0,0,0,0,0,0,0,0,0,0,0,0,0,0
"TR813","","","TR","Bart─▒n",0,0,0,0,0,0,0,0,0,0,0,0,0,0
"TR821","","","TR","Kastamonu",0,0,0,0,0,0,0,0,0,0,0,0,0,0
"TR822","","","TR","├çank─▒r─▒",0,0,0,0,0,0,0,0,0,0,0,0,0,0
"TR823","","","TR","Sinop",0,0,0,0,0,0,0,0,0,0,0,0,0,0
"TR831","","","TR","Samsun",0,0,0,0,0,0,0,0,0,0,0,0,0,0
"TR832","","","TR","Tokat",0,0,0,0,0,0,0,0,0,0,0,0,0,0
"TR833","","","TR","├çorum",0,0,0,0,0,0,0,0,0,0,0,0,0,0
"TR834","","","TR","Amasya",0,0,0,0,0,0,0,0,0,0,0,0,0,0
"TR901","","","TR","Trabzon",0,0,0,0,0,0,0,0,0,0,0,0,0,0
"TR902","","","TR","Ordu",0,0,0,0,0,0,0,0,0,0,0,0,0,0
"TR903","","","TR","Giresun",0,0,0,0,0,0,0,0,0,0,0,0,0,0
"TR904","","","TR","Rize",0,0,0,0,0,0,0,0,0,0,0,0,0,0
"TR905","","","TR","Artvin",0,0,0,0,0,0,0,0,0,0,0,0,0,0
"TR906","","","TR","G├╝m├╝┼ƒhane",0,0,0,0,0,0,0,0,0,0,0,0,0,0
"TRA11","","","TR","Erzurum",0,0,0,0,0,0,0,0,0,0,0,0,0,0
"TRA12","","","TR","Erzincan",0,0,0,0,0,0,0,0,0,0,0,0,0,0
"TRA13","","","TR","Bayburt",0,0,0,0,0,0,0,0,0,0,0,0,0,0
"TRA21","","","TR","A─ƒr─▒",0,0,0,0,0,0,0,0,0,0,0,0,0,0
"TRA22","","","TR","Kars",0,0,0,0,0,0,0,0,0,0,0,0,0,0
"TRA23","","","TR","I─ƒd─▒r",0,0,0,0,0,0,0,0,0,0,0,0,0,0
"TRA24","","","TR","Ardahan",0,0,0,0,0,0,0,0,0,0,0,0,0,0
"TRB11","","","TR","Malatya",0,0,0,0,0,0,0,0,0,0,0,0,0,0
"TRB12","","","TR","Elaz─▒─ƒ",0,0,0,0,0,0,0,0,0,0,0,0,0,0
"TRB13","","","TR","Bing├Âl",0,0,0,0,0,0,0,0,0,0,0,0,0,0
"TRB14","","","TR","Tunceli",0,0,0,0,0,0,0,0,0,0,0,0,0,0
"TRB21","","","TR","Van",0,0,0,0,0,0,0,0,0,0,0,0,0,0
"TRB22","","","TR","Mu┼ƒ",0,0,0,0,0,0,0,0,0,0,0,0,0,0
"TRB23","","","TR","Bitlis",0,0,0,0,0,0,0,0,0,0,0,0,0,0
"TRB24","","","TR","Hakkari",0,0,0,0,0,0,0,0,0,0,0,0,0,0
"TRC11","","","TR","Gaziantep",0,0,0,0,0,0,0,0,0,0,0,0,0,0
"TRC12","","","TR","Ad─▒yaman",0,0,0,0,0,0,0,0,0,0,0,0,0,0
"TRC13","","","TR","Kilis",0,0,0,0,0,0,0,0,0,0,0,0,0,0
"TRC21","","","TR","┼×anl─▒urfa",0,0,0,0,0,0,0,0,0,0,0,0,0,0
"TRC22","","","TR","Diyarbak─▒r",0,0,0,0,0,0,0,0,0,0,0,0,0,0
"TRC31","","","TR","Mardin",0,0,0,0,0,0,0,0,0,0,0,0,0,0
"TRC32","","","TR","Batman",0,0,0,0,0,0,0,0,0,0,0,0,0,0
"TRC33","","","TR","┼×─▒rnak",0,0,0,0,0,0,0,0,0,0,0,0,0,0
"TRC34","","","TR","Siirt",0,0,0,0,0,0,0,0,0,0,0,0,0,0
"UKC11","","","UK","Hartlepool and Stockton-on-Tees",0,0,0,0,0,0,0,0,0,0,0,0,0,0
"UKC12","","","UK","South Teesside",0,0,0,0,0,0,0,0,0,0,0,0,0,0
"UKC13","","","UK","Darlington",0,0,0,0,0,0,0,0,0,0,0,0,0,0
"UKC14","","","UK","Durham CC",0,0,0,0,0,0,0,0,0,0,0,0,0,0
"UKC21","","","UK","Northumberland",0,0,0,0,0,0,0,0,0,0,0,0,0,0
"UKC22","","","UK","Tyneside",0,0,0,0,0,0,0,0,0,0,0,0,0,0
"UKC23","","","UK","Sunderland",0,0,0,0,0,0,0,0,0,0,0,0,0,0
"UKD11","","","UK","West Cumbria",0,0,0,0,0,0,0,0,0,0,0,0,0,0
"UKD12","","","UK","East Cumbria",0,0,0,0,0,0,0,0,0,0,0,0,0,0
"UKD31","","","UK","Greater Manchester South",0,0,0,0,0,0,0,0,0,0,0,0,0,0
"UKD32","","","UK","Greater Manchester North",0,0,0,0,0,0,0,0,0,0,0,0,0,0
"UKD41","","","UK","Blackburn with Darwen",0,0,0,0,0,0,0,0,0,0,0,0,0,0
"UKD42","","","UK","Blackpool",0,0,0,0,0,0,0,0,0,0,0,0,0,0
"UKD43","","","UK","Lancashire CC",0,0,0,0,0,0,0,0,0,0,0,0,0,0
"UKD61","","","UK","Warrington",0,0,0,0,0,0,0,0,0,0,0,0,0,0
"UKD62","","","UK","Cheshire East",0,0,0,0,0,0,0,0,0,0,0,0,0,0
"UKD63","","","UK","Cheshire West and Chester",0,0,0,0,0,0,0,0,0,0,0,0,0,0
"UKD71","","","UK","East Merseyside",0,0,0,0,0,0,0,0,0,0,0,0,0,0
"UKD72","","","UK","Liverpool",0,0,0,0,0,0,0,0,0,0,0,0,0,0
"UKD73","","","UK","Sefton",0,0,0,0,0,0,0,0,0,0,0,0,0,0
"UKD74","","","UK","Wirral",0,0,0,0,0,0,0,0,0,0,0,0,0,0
"UKE11","","","UK","Kingston upon Hull, City of",0,0,0,0,0,0,0,0,0,0,0,0,0,0
"UKE12","","","UK","East Riding of Yorkshire",0,0,0,0,0,0,0,0,0,0,0,0,0,0
"UKE13","","","UK","North and North East Lincolnshire",0,0,0,0,0,0,0,0,0,0,0,0,0,0
"UKE21","","","UK","York",0,0,0,0,0,0,0,0,0,0,0,0,0,0
"UKE22","","","UK","North Yorkshire CC",0,0,0,0,0,0,0,0,0,0,0,0,0,0
"UKE31","","","UK","Barnsley, Doncaster and Rotherham",0,0,0,0,0,0,0,0,0,0,0,0,0,0
"UKE32","","","UK","Sheffield",0,0,0,0,0,0,0,0,0,0,0,0,0,0
"UKE41","","","UK","Bradford",0,0,0,0,0,0,0,0,0,0,0,0,0,0
"UKE42","","","UK","Leeds",0,0,0,0,0,0,0,0,0,0,0,0,0,0
"UKE44","","","UK","Calderdale and Kirklees",0,0,0,0,0,0,0,0,0,0,0,0,0,0
"UKE45","","","UK","Wakefield",0,0,0,0,0,0,0,0,0,0,0,0,0,0
"UKF11","","","UK","Derby",0,0,0,0,0,0,0,0,0,0,0,0,0,0
"UKF12","","","UK","East Derbyshire",0,0,0,0,0,0,0,0,0,0,0,0,0,0
"UKF13","","","UK","South and West Derbyshire",0,0,0,0,0,0,0,0,0,0,0,0,0,0
"UKF14","","","UK","Nottingham",0,0,0,0,0,0,0,0,0,0,0,0,0,0
"UKF15","","","UK","North Nottinghamshire",0,0,0,0,0,0,0,0,0,0,0,0,0,0
"UKF16","","","UK","South Nottinghamshire",0,0,0,0,0,0,0,0,0,0,0,0,0,0
"UKF21","","","UK","Leicester",0,0,0,0,0,0,0,0,0,0,0,0,0,0
"UKF22","","","UK","Leicestershire CC and Rutland",0,0,0,0,0,0,0,0,0,0,0,0,0,0
"UKF24","","","UK","West Northamptonshire",0,0,0,0,0,0,0,0,0,0,0,0,0,0
"UKF25","","","UK","North Northamptonshire",0,0,0,0,0,0,0,0,0,0,0,0,0,0
"UKF30","","","UK","Lincolnshire",0,0,0,0,0,0,0,0,0,0,0,0,0,0
"UKG11","","","UK","Herefordshire, County of",0,0,0,0,0,0,0,0,0,0,0,0,0,0
"UKG12","","","UK","Worcestershire",0,0,0,0,0,0,0,0,0,0,0,0,0,0
"UKG13","","","UK","Warwickshire",0,0,0,0,0,0,0,0,0,0,0,0,0,0
"UKG21","","","UK","Telford and Wrekin",0,0,0,0,0,0,0,0,0,0,0,0,0,0
"UKG22","","","UK","Shropshire CC",0,0,0,0,0,0,0,0,0,0,0,0,0,0
"UKG23","","","UK","Stoke-on-Trent",0,0,0,0,0,0,0,0,0,0,0,0,0,0
"UKG24","","","UK","Staffordshire CC",0,0,0,0,0,0,0,0,0,0,0,0,0,0
"UKG31","","","UK","Birmingham",0,0,0,0,0,0,0,0,0,0,0,0,0,0
"UKG32","","","UK","Solihull",0,0,0,0,0,0,0,0,0,0,0,0,0,0
"UKG33","","","UK","Coventry",0,0,0,0,0,0,0,0,0,0,0,0,0,0
"UKG36","","","UK","Dudley",0,0,0,0,0,0,0,0,0,0,0,0,0,0
"UKG37","","","UK","Sandwell",0,0,0,0,0,0,0,0,0,0,0,0,0,0
"UKG38","","","UK","Walsall",0,0,0,0,0,0,0,0,0,0,0,0,0,0
"UKG39","","","UK","Wolverhampton",0,0,0,0,0,0,0,0,0,0,0,0,0,0
"UKH11","","","UK","Peterborough",0,0,0,0,0,0,0,0,0,0,0,0,0,0
"UKH12","","","UK","Cambridgeshire CC",0,0,0,0,0,0,0,0,0,0,0,0,0,0
"UKH13","","","UK","Norfolk",0,0,0,0,0,0,0,0,0,0,0,0,0,0
"UKH14","","","UK","Suffolk",0,0,0,0,0,0,0,0,0,0,0,0,0,0
"UKH21","","","UK","Luton",0,0,0,0,0,0,0,0,0,0,0,0,0,0
"UKH23","","","UK","Hertfordshire",0,0,0,0,0,0,0,0,0,0,0,0,0,0
"UKH24","","","UK","Bedford",0,0,0,0,0,0,0,0,0,0,0,0,0,0
"UKH25","","","UK","Central Bedfordshire",0,0,0,0,0,0,0,0,0,0,0,0,0,0
"UKH31","","","UK","Southend-on-Sea",0,0,0,0,0,0,0,0,0,0,0,0,0,0
"UKH32","","","UK","Thurrock",0,0,0,0,0,0,0,0,0,0,0,0,0,0
"UKH33","","","UK","Essex CC",0,0,0,0,0,0,0,0,0,0,0,0,0,0
"UKI11","","","UK","Inner London - West",0,0,0,0,0,0,0,0,0,0,0,0,0,0
"UKI12","","","UK","Inner London - East",0,0,0,0,0,0,0,0,0,0,0,0,0,0
"UKI21","","","UK","Outer London - East and North East",0,0,0,0,0,0,0,0,0,0,0,0,0,0
"UKI22","","","UK","Outer London - South",0,0,0,0,0,0,0,0,0,0,0,0,0,0
"UKI23","","","UK","Outer London - West and North West",0,0,0,0,0,0,0,0,0,0,0,0,0,0
"UKJ11","","","UK","Berkshire",0,0,0,0,0,0,0,0,0,0,0,0,0,0
"UKJ12","","","UK","Milton Keynes",0,0,0,0,0,0,0,0,0,0,0,0,0,0
"UKJ13","","","UK","Buckinghamshire CC",0,0,0,0,0,0,0,0,0,0,0,0,0,0
"UKJ14","","","UK","Oxfordshire",0,0,0,0,0,0,0,0,0,0,0,0,0,0
"UKJ21","","","UK","Brighton and Hove",0,0,0,0,0,0,0,0,0,0,0,0,0,0
"UKJ22","","","UK","East Sussex CC",0,0,0,0,0,0,0,0,0,0,0,0,0,0
"UKJ23","","","UK","Surrey",0,0,0,0,0,0,0,0,0,0,0,0,0,0
"UKJ24","","","UK","West Sussex",0,0,0,0,0,0,0,0,0,0,0,0,0,0
"UKJ31","","","UK","Portsmouth",0,0,0,0,0,0,0,0,0,0,0,0,0,0
"UKJ32","","","UK","Southampton",0,0,0,0,0,0,0,0,0,0,0,0,0,0
"UKJ33","","","UK","Hampshire CC",0,0,0,0,0,0,0,0,0,0,0,0,0,0
"UKJ34","","","UK","Isle of Wight",0,0,0,0,0,0,0,0,0,0,0,0,0,0
"UKJ41","","","UK","Medway",0,0,0,0,0,0,0,0,0,0,0,0,0,0
"UKJ42","","","UK","Kent CC",0,0,0,0,0,0,0,0,0,0,0,0,0,0
"UKK11","","","UK","Bristol, City of",0,0,0,0,0,0,0,0,0,0,0,0,0,0
"UKK12","","","UK","Bath and North East Somerset, North Somerset and South Gloucestershire",0,0,0,0,0,0,0,0,0,0,0,0,0,0
"UKK13","","","UK","Gloucestershire",0,0,0,0,0,0,0,0,0,0,0,0,0,0
"UKK14","","","UK","Swindon",0,0,0,0,0,0,0,0,0,0,0,0,0,0
"UKK15","","","UK","Wiltshire CC",0,0,0,0,0,0,0,0,0,0,0,0,0,0
"UKK21","","","UK","Bournemouth and Poole",0,0,0,0,0,0,0,0,0,0,0,0,0,0
"UKK22","","","UK","Dorset CC",0,0,0,0,0,0,0,0,0,0,0,0,0,0
"UKK23","","","UK","Somerset",0,0,0,0,0,0,0,0,0,0,0,0,0,0
"UKK30","","","UK","Cornwall and Isles of Scilly",0,0,0,0,0,0,0,0,0,0,0,0,0,0
"UKK41","","","UK","Plymouth",0,0,0,0,0,0,0,0,0,0,0,0,0,0
"UKK42","","","UK","Torbay",0,0,0,0,0,0,0,0,0,0,0,0,0,0
"UKK43","","","UK","Devon CC",0,0,0,0,0,0,0,0,0,0,0,0,0,0
"UKL11","","","UK","Isle of Anglesey",0,0,0,0,0,0,0,0,0,0,0,0,0,0
"UKL12","","","UK","Gwynedd",0,0,0,0,0,0,0,0,0,0,0,0,0,0
"UKL13","","","UK","Conwy and Denbighshire",0,0,0,0,0,0,0,0,0,0,0,0,0,0
"UKL14","","","UK","South West Wales",0,0,0,0,0,0,0,0,0,0,0,0,0,0
"UKL15","","","UK","Central Valleys",0,0,0,0,0,0,0,0,0,0,0,0,0,0
"UKL16","","","UK","Gwent Valleys",0,0,0,0,0,0,0,0,0,0,0,0,0,0
"UKL17","","","UK","Bridgend and Neath Port Talbot",0,0,0,0,0,0,0,0,0,0,0,0,0,0
"UKL18","","","UK","Swansea",0,0,0,0,0,0,0,0,0,0,0,0,0,0
"UKL21","","","UK","Monmouthshire and Newport",0,0,0,0,0,0,0,0,0,0,0,0,0,0
"UKL22","","","UK","Cardiff and Vale of Glamorgan",0,0,0,0,0,0,0,0,0,0,0,0,0,0
"UKL23","","","UK","Flintshire and Wrexham",0,0,0,0,0,0,0,0,0,0,0,0,0,0
"UKL24","","","UK","Powys",0,0,0,0,0,0,0,0,0,0,0,0,0,0
"UKM21","","","UK","Angus and Dundee City",0,0,0,0,0,0,0,0,0,0,0,0,0,0
"UKM22","","","UK","Clackmannanshire and Fife",0,0,0,0,0,0,0,0,0,0,0,0,0,0
"UKM23","","","UK","East Lothian and Midlothian",0,0,0,0,0,0,0,0,0,0,0,0,0,0
"UKM24","","","UK","Scottish Borders",0,0,0,0,0,0,0,0,0,0,0,0,0,0
"UKM25","","","UK","Edinburgh, City of",0,0,0,0,0,0,0,0,0,0,0,0,0,0
"UKM26","","","UK","Falkirk",0,0,0,0,0,0,0,0,0,0,0,0,0,0
"UKM27","","","UK","Perth & Kinross and Stirling",0,0,0,0,0,0,0,0,0,0,0,0,0,0
"UKM28","","","UK","West Lothian",0,0,0,0,0,0,0,0,0,0,0,0,0,0
"UKM31","","","UK","East Dunbartonshire, West Dunbartonshire and Helensburgh & Lomond",0,0,0,0,0,0,0,0,0,0,0,0,0,0
"UKM32","","","UK","Dumfries & Galloway",0,0,0,0,0,0,0,0,0,0,0,0,0,0
"UKM34","","","UK","Glasgow City",0,0,0,0,0,0,0,0,0,0,0,0,0,0
"UKM35","","","UK","Inverclyde, East Renfrewshire and Renfrewshire",0,0,0,0,0,0,0,0,0,0,0,0,0,0
"UKM36","","","UK","North Lanarkshire",0,0,0,0,0,0,0,0,0,0,0,0,0,0
"UKM37","","","UK","South Ayrshire",0,0,0,0,0,0,0,0,0,0,0,0,0,0
"UKM38","","","UK","South Lanarkshire",0,0,0,0,0,0,0,0,0,0,0,0,0,0
"UKM50","","","UK","Aberdeen City and Aberdeenshire",0,0,0,0,0,0,0,0,0,0,0,0,0,0
"UKM61","","","UK","Caithness & Sutherland and Ross & Cromarty",0,0,0,0,0,0,0,0,0,0,0,0,0,0
"UKM62","","","UK","Inverness & Nairn and Moray, Badenoch & Strathspey",0,0,0,0,0,0,0,0,0,0,0,0,0,0
"UKM63","","","UK","Lochaber, Skye & Lochalsh, Arran & Cumbrae and Argyll & Bute",0,0,0,0,0,0,0,0,0,0,0,0,0,0
"UKM64","","","UK","Eilean Siar (Western Isles)",0,0,0,0,0,0,0,0,0,0,0,0,0,0
"UKM65","","","UK","Orkney Islands",0,0,0,0,0,0,0,0,0,0,0,0,0,0
"UKM66","","","UK","Shetland Islands",0,0,0,0,0,0,0,0,0,0,0,0,0,0
"UKN01","","","UK","Belfast",0,0,0,0,0,0,0,0,0,0,0,0,0,0
"UKN02","","","UK","Outer Belfast",0,0,0,0,0,0,0,0,0,0,0,0,0,0
"UKN03","","","UK","East of Northern Ireland",0,0,0,0,0,0,0,0,0,0,0,0,0,0
"UKN04","","","UK","North of Northern Ireland",0,0,0,0,0,0,0,0,0,0,0,0,0,0
"UKN05","","","UK","West and South of Northern Ireland",0,0,0,0,0,0,0,0,0,0,0,0,0,0
"UKM33","","","UK","East Ayrshire and North Ayrshire mainland",0,0,0,0,0,0,0,0,0,0,0,0,0,0
